{"type": "FeatureCollection", "features": [{"type": "Feature", "properties": {"hosp_name": "三軍總醫院附設民眾診療服務處", "hosp_address": "臺北市內湖區成功路2段325號", "hosp_tel": "02-87923311", "city": "臺北市", "district": "內湖區"}, "geometry": {"type": "Point", "coordinates": [121.591982, 25.0718]}}, {"type": "Feature", "properties": {"hosp_name": "台灣基督長老教會馬偕醫療財團法人馬偕紀念醫院", "hosp_address": "臺北市中山區中山北路2段92號", "hosp_tel": "02-25433535", "city": "臺北市", "district": "中山區"}, "geometry": {"type": "Point", "coordinates": [121.522558, 25.058883]}}, {"type": "Feature", "properties": {"hosp_name": "長庚醫療財團法人台北長庚紀念醫院", "hosp_address": "臺北市松山區敦化北路199號", "hosp_tel": "02-27135211", "city": "臺北市", "district": "松山區"}, "geometry": {"type": "Point", "coordinates": [121.549618, 25.055508]}}, {"type": "Feature", "properties": {"hosp_name": "國立臺灣大學醫學院附設醫院", "hosp_address": "臺北市中正區中山南路7號", "hosp_tel": "02-23123456", "city": "臺北市", "district": "中正區"}, "geometry": {"type": "Point", "coordinates": [121.5206943, 25.0405703]}}, {"type": "Feature", "properties": {"hosp_name": "國泰醫療財團法人國泰綜合醫院", "hosp_address": "臺北市大安區仁愛路4段280號", "hosp_tel": "02-27082121", "city": "臺北市", "district": "大安區"}, "geometry": {"type": "Point", "coordinates": [121.5542619, 25.036923]}}, {"type": "Feature", "properties": {"hosp_name": "新光醫療財團法人新光吳火獅紀念醫院", "hosp_address": "臺北市士林區文昌路95號", "hosp_tel": "02-28332211", "city": "臺北市", "district": "士林區"}, "geometry": {"type": "Point", "coordinates": [121.520289, 25.09624]}}, {"type": "Feature", "properties": {"hosp_name": "臺北市立萬芳醫院-委託臺北醫學大學辦理", "hosp_address": "臺北市文山區興隆路3段111號", "hosp_tel": "02-29307930", "city": "臺北市", "district": "文山區"}, "geometry": {"type": "Point", "coordinates": [121.55833, 25.000305]}}, {"type": "Feature", "properties": {"hosp_name": "臺北榮民總醫院", "hosp_address": "臺北市北投區石牌路2段201號", "hosp_tel": "02-28712121", "city": "臺北市", "district": "北投區"}, "geometry": {"type": "Point", "coordinates": [121.519166, 25.119181]}}, {"type": "Feature", "properties": {"hosp_name": "三軍總醫院北投分院附設民眾診療服務處", "hosp_address": "臺北市北投區新民路60號", "hosp_tel": "02-28959808", "city": "臺北市", "district": "北投區"}, "geometry": {"type": "Point", "coordinates": [121.509701, 25.139804]}}, {"type": "Feature", "properties": {"hosp_name": "振興醫療財團法人振興醫院", "hosp_address": "臺北市北投區振興街45號", "hosp_tel": "02-28264400", "city": "臺北市", "district": "北投區"}, "geometry": {"type": "Point", "coordinates": [121.5224, 25.117543]}}, {"type": "Feature", "properties": {"hosp_name": "基督復臨安息日會醫療財團法人臺安醫院", "hosp_address": "臺北市松山區八德路2段424號", "hosp_tel": "02-27718151", "city": "臺北市", "district": "松山區"}, "geometry": {"type": "Point", "coordinates": [121.547276, 25.048052]}}, {"type": "Feature", "properties": {"hosp_name": "臺北市立聯合醫院中興院區", "hosp_address": "臺北市大同區鄭州路145號", "hosp_tel": "02-25523234", "city": "臺北市", "district": "大同區"}, "geometry": {"type": "Point", "coordinates": [121.545302, 25.03754]}}, {"type": "Feature", "properties": {"hosp_name": "臺北市立聯合醫院仁愛院區", "hosp_address": "臺北市大安區仁愛路4段10號", "hosp_tel": "02-27093600", "city": "臺北市", "district": "大安區"}, "geometry": {"type": "Point", "coordinates": [121.545302, 25.03754]}}, {"type": "Feature", "properties": {"hosp_name": "臺北市立聯合醫院和平婦幼院區", "hosp_address": "臺北市中正區福州街12號", "hosp_tel": "02-23916470", "city": "臺北市", "district": "中正區"}, "geometry": {"type": "Point", "coordinates": [121.545302, 25.03754]}}, {"type": "Feature", "properties": {"hosp_name": "臺北市立聯合醫院忠孝院區", "hosp_address": "臺北市南港區同德路87號", "hosp_tel": "02-27861288", "city": "臺北市", "district": "南港區"}, "geometry": {"type": "Point", "coordinates": [121.545302, 25.03754]}}, {"type": "Feature", "properties": {"hosp_name": "臺北市立聯合醫院陽明院區", "hosp_address": "臺北市士林區雨聲街105號", "hosp_tel": "02-28353456", "city": "臺北市", "district": "士林區"}, "geometry": {"type": "Point", "coordinates": [121.545302, 25.03754]}}, {"type": "Feature", "properties": {"hosp_name": "臺北醫學大學附設醫院", "hosp_address": "臺北市信義區吳興街252號", "hosp_tel": "02-27372181", "city": "臺北市", "district": "信義區"}, "geometry": {"type": "Point", "coordinates": [121.563012, 25.0269555]}}, {"type": "Feature", "properties": {"hosp_name": "醫療財團法人辜公亮基金會和信治癌中心醫院", "hosp_address": "臺北市北投區立德路125號", "hosp_tel": "02-28970011", "city": "臺北市", "district": "北投區"}, "geometry": {"type": "Point", "coordinates": [121.4718668, 25.1286458]}}, {"type": "Feature", "properties": {"hosp_name": "中山醫療社團法人中山醫院", "hosp_address": "臺北市大安區仁愛路4段112巷11號", "hosp_tel": "02-27081166", "city": "臺北市", "district": "大安區"}, "geometry": {"type": "Point", "coordinates": [121.5499289, 25.036515]}}, {"type": "Feature", "properties": {"hosp_name": "中國醫藥大學附設醫院臺北分院", "hosp_address": "臺北市內湖區內湖路2段360號", "hosp_tel": "02-27919696", "city": "臺北市", "district": "內湖區"}, "geometry": {"type": "Point", "coordinates": [121.5907604, 25.0821222]}}, {"type": "Feature", "properties": {"hosp_name": "同仁院醫療財團法人萬華醫院", "hosp_address": "臺北市萬華區中華路2段606巷6號", "hosp_tel": "02-23059292", "city": "臺北市", "district": "萬華區"}, "geometry": {"type": "Point", "coordinates": [121.509826, 25.024049]}}, {"type": "Feature", "properties": {"hosp_name": "西園醫療社團法人西園醫院", "hosp_address": "臺北市萬華區西園路2段270號", "hosp_tel": "02-23076968", "city": "臺北市", "district": "萬華區"}, "geometry": {"type": "Point", "coordinates": [121.494428, 25.027702]}}, {"type": "Feature", "properties": {"hosp_name": "宏恩醫療財團法人宏恩綜合醫院", "hosp_address": "臺北市大安區仁愛路4段71巷1號", "hosp_tel": "02-27713161", "city": "臺北市", "district": "大安區"}, "geometry": {"type": "Point", "coordinates": [121.546674, 25.038198]}}, {"type": "Feature", "properties": {"hosp_name": "郵政醫院（委託中英醫療社團法人經營）", "hosp_address": "臺北市中正區福州街14號", "hosp_tel": "02-23956755", "city": "臺北市", "district": "中正區"}, "geometry": {"type": "Point", "coordinates": [121.518698, 25.028749]}}, {"type": "Feature", "properties": {"hosp_name": "臺北市立關渡醫院─委託臺北榮民總醫院經營", "hosp_address": "臺北市北投區知行路225巷12號", "hosp_tel": "02-28587000", "city": "臺北市", "district": "北投區"}, "geometry": {"type": "Point", "coordinates": [121.466358, 25.120187]}}, {"type": "Feature", "properties": {"hosp_name": "心田民生診所", "hosp_address": "臺北市松山區民生東路5段105號1樓", "hosp_tel": "02-27653039", "city": "臺北市", "district": "松山區"}, "geometry": {"type": "Point", "coordinates": [121.5556082, 25.0584343]}}, {"type": "Feature", "properties": {"hosp_name": "弘宇診所", "hosp_address": "臺北市松山區民權東路3段160巷2之6號1樓", "hosp_tel": "02-27128875", "city": "臺北市", "district": "松山區"}, "geometry": {"type": "Point", "coordinates": [121.548001, 25.061043]}}, {"type": "Feature", "properties": {"hosp_name": "車參薇小兒科診所", "hosp_address": "臺北市松山區八德路3段222號１樓", "hosp_tel": "02-25770101", "city": "臺北市", "district": "松山區"}, "geometry": {"type": "Point", "coordinates": [121.55619, 25.048162]}}, {"type": "Feature", "properties": {"hosp_name": "宥全診所", "hosp_address": "臺北市松山區民生東路5段216號1樓", "hosp_tel": "02-27678225", "city": "臺北市", "district": "松山區"}, "geometry": {"type": "Point", "coordinates": [121.5556082, 25.0584343]}}, {"type": "Feature", "properties": {"hosp_name": "畇力診所", "hosp_address": "臺北市松山區富錦街512號", "hosp_tel": "02-27659022", "city": "臺北市", "district": "松山區"}, "geometry": {"type": "Point", "coordinates": [121.564603, 25.060923]}}, {"type": "Feature", "properties": {"hosp_name": "榮恩蔡醫師診所", "hosp_address": "臺北市松山區南京東路5段258號", "hosp_tel": "02-27688749", "city": "臺北市", "district": "松山區"}, "geometry": {"type": "Point", "coordinates": [121.5574266, 25.0518277]}}, {"type": "Feature", "properties": {"hosp_name": "澄東耳鼻喉科診所", "hosp_address": "臺北市松山區三民路37號", "hosp_tel": "02-27420552", "city": "臺北市", "district": "松山區"}, "geometry": {"type": "Point", "coordinates": [121.5635295, 25.0557787]}}, {"type": "Feature", "properties": {"hosp_name": "親親家庭診所", "hosp_address": "臺北市松山區南京東路5段347號", "hosp_tel": "02-25283232", "city": "臺北市", "district": "松山區"}, "geometry": {"type": "Point", "coordinates": [121.567756, 25.051546]}}, {"type": "Feature", "properties": {"hosp_name": "王寬仁診所", "hosp_address": "臺北市信義區虎林街121巷11號1樓", "hosp_tel": "02-27204952", "city": "臺北市", "district": "信義區"}, "geometry": {"type": "Point", "coordinates": [121.5772672, 25.0403625]}}, {"type": "Feature", "properties": {"hosp_name": "信義邱婦產科診所", "hosp_address": "臺北市信義區虎林街198號", "hosp_tel": "02-27278275", "city": "臺北市", "district": "信義區"}, "geometry": {"type": "Point", "coordinates": [121.576883, 25.03844]}}, {"type": "Feature", "properties": {"hosp_name": "張育驍診所", "hosp_address": "臺北市信義區吳興街467巷2弄6號", "hosp_tel": "02-27296611", "city": "臺北市", "district": "信義區"}, "geometry": {"type": "Point", "coordinates": [121.569346, 25.023899]}}, {"type": "Feature", "properties": {"hosp_name": "理恩診所", "hosp_address": "臺北市信義區忠孝東路5段410之2號", "hosp_tel": "02-87899728", "city": "臺北市", "district": "信義區"}, "geometry": {"type": "Point", "coordinates": [121.574895, 25.040416]}}, {"type": "Feature", "properties": {"hosp_name": "陳世卿診所", "hosp_address": "臺北市信義區莊敬路435號", "hosp_tel": "02-87803565", "city": "臺北市", "district": "信義區"}, "geometry": {"type": "Point", "coordinates": [121.56695, 25.027184]}}, {"type": "Feature", "properties": {"hosp_name": "登瑞安診所", "hosp_address": "臺北市信義區林口街232號", "hosp_tel": "02-27261468", "city": "臺北市", "district": "信義區"}, "geometry": {"type": "Point", "coordinates": [121.58135, 25.042498]}}, {"type": "Feature", "properties": {"hosp_name": "臺北產業醫診所", "hosp_address": "臺北市信義區信義路5段7號35樓", "hosp_tel": "02-81016355", "city": "臺北市", "district": "信義區"}, "geometry": {"type": "Point", "coordinates": [121.5645389, 25.033976]}}, {"type": "Feature", "properties": {"hosp_name": "德佑診所", "hosp_address": "臺北市信義區福德街215號", "hosp_tel": "02-27596037", "city": "臺北市", "district": "信義區"}, "geometry": {"type": "Point", "coordinates": [121.584719, 25.038402]}}, {"type": "Feature", "properties": {"hosp_name": "尹書田醫療財團法人書田泌尿科眼科診所", "hosp_address": "臺北市大安區建國南路2段276號", "hosp_tel": "02-23690211", "city": "臺北市", "district": "大安區"}, "geometry": {"type": "Point", "coordinates": [121.537266, 25.025172]}}, {"type": "Feature", "properties": {"hosp_name": "安民家庭醫學科診所", "hosp_address": "臺北市大安區大安路1段65號2樓之1", "hosp_tel": "02-27218556", "city": "臺北市", "district": "大安區"}, "geometry": {"type": "Point", "coordinates": [121.546277, 25.042535]}}, {"type": "Feature", "properties": {"hosp_name": "李細祥內科診所", "hosp_address": "臺北市大安區四維路198巷30弄5號", "hosp_tel": "02-27018159", "city": "臺北市", "district": "大安區"}, "geometry": {"type": "Point", "coordinates": [121.5460934, 25.0264337]}}, {"type": "Feature", "properties": {"hosp_name": "東風診所", "hosp_address": "臺北市大安區忠孝東路4段132號4樓", "hosp_tel": "02-27775868", "city": "臺北市", "district": "大安區"}, "geometry": {"type": "Point", "coordinates": [121.5335165, 25.0419925]}}, {"type": "Feature", "properties": {"hosp_name": "松德診所", "hosp_address": "臺北市大安區四維路170巷16號", "hosp_tel": "02-27073326", "city": "臺北市", "district": "大安區"}, "geometry": {"type": "Point", "coordinates": [121.5473509, 25.0281223]}}, {"type": "Feature", "properties": {"hosp_name": "健華診所", "hosp_address": "臺北市大安區和平東路2段299號", "hosp_tel": "02-27072990", "city": "臺北市", "district": "大安區"}, "geometry": {"type": "Point", "coordinates": [121.54373, 25.025002]}}, {"type": "Feature", "properties": {"hosp_name": "華林診所", "hosp_address": "臺北市大安區敦化南路2段39號11樓", "hosp_tel": "02-27006128", "city": "臺北市", "district": "大安區"}, "geometry": {"type": "Point", "coordinates": [121.5492338, 25.0317557]}}, {"type": "Feature", "properties": {"hosp_name": "瑞森診所", "hosp_address": "臺北市大安區信義路3段134巷100號", "hosp_tel": "02-27076002", "city": "臺北市", "district": "大安區"}, "geometry": {"type": "Point", "coordinates": [121.5389713, 25.0289387]}}, {"type": "Feature", "properties": {"hosp_name": "臺北市立聯合醫院附設大安門診部", "hosp_address": "臺北市大安區辛亥路3段15號", "hosp_tel": "02-27390997", "city": "臺北市", "district": "大安區"}, "geometry": {"type": "Point", "coordinates": [121.544274, 25.021577]}}, {"type": "Feature", "properties": {"hosp_name": "上直診所", "hosp_address": "臺北市中山區北安路458巷41弄49號", "hosp_tel": "02-85091776", "city": "臺北市", "district": "中山區"}, "geometry": {"type": "Point", "coordinates": [121.5464641, 25.0793717]}}, {"type": "Feature", "properties": {"hosp_name": "大直診所", "hosp_address": "臺北市中山區北安路595巷2弄2號", "hosp_tel": "02-25332339", "city": "臺北市", "district": "中山區"}, "geometry": {"type": "Point", "coordinates": [121.548329, 25.082041]}}, {"type": "Feature", "properties": {"hosp_name": "永育樂群診所", "hosp_address": "臺北市中山區樂群二路210之2號", "hosp_tel": "02-85012268", "city": "臺北市", "district": "中山區"}, "geometry": {"type": "Point", "coordinates": [121.559291, 25.079518]}}, {"type": "Feature", "properties": {"hosp_name": "固亷診所", "hosp_address": "臺北市中山區北安路595巷1號B1", "hosp_tel": "02-25323036", "city": "臺北市", "district": "中山區"}, "geometry": {"type": "Point", "coordinates": [121.5485929, 25.0823032]}}, {"type": "Feature", "properties": {"hosp_name": "高固亷診所", "hosp_address": "臺北市中山區北安路595巷1號B1", "hosp_tel": "02-25323036", "city": "臺北市", "district": "中山區"}, "geometry": {"type": "Point", "coordinates": [121.5485929, 25.0823032]}}, {"type": "Feature", "properties": {"hosp_name": "啟新診所", "hosp_address": "臺北市中山區建國北路3段42號5樓", "hosp_tel": "02-25070723", "city": "臺北市", "district": "中山區"}, "geometry": {"type": "Point", "coordinates": [121.5365733, 25.0643259]}}, {"type": "Feature", "properties": {"hosp_name": "國防部醫務組診所", "hosp_address": "臺北市中山區北安路409號", "hosp_tel": "02-85099756", "city": "臺北市", "district": "中山區"}, "geometry": {"type": "Point", "coordinates": [121.5419957, 25.082685]}}, {"type": "Feature", "properties": {"hosp_name": "惟亷診所", "hosp_address": "臺北市中山區北安路595巷1號B1", "hosp_tel": "02-25323036", "city": "臺北市", "district": "中山區"}, "geometry": {"type": "Point", "coordinates": [121.5485929, 25.0823032]}}, {"type": "Feature", "properties": {"hosp_name": "晨昕診所", "hosp_address": "臺北市中山區復興北路350號3樓", "hosp_tel": "02-25181268", "city": "臺北市", "district": "中山區"}, "geometry": {"type": "Point", "coordinates": [121.5439355, 25.0600123]}}, {"type": "Feature", "properties": {"hosp_name": "莊宇龍診所", "hosp_address": "臺北市中山區北安路637號", "hosp_tel": "02-25331255", "city": "臺北市", "district": "中山區"}, "geometry": {"type": "Point", "coordinates": [121.549022, 25.08373]}}, {"type": "Feature", "properties": {"hosp_name": "德美診所", "hosp_address": "臺北市中山區北安路596號1樓", "hosp_tel": "02-25326618", "city": "臺北市", "district": "中山區"}, "geometry": {"type": "Point", "coordinates": [121.5488519, 25.0815673]}}, {"type": "Feature", "properties": {"hosp_name": "龍江小兒科診所", "hosp_address": "臺北市中山區龍江路181-1號1樓", "hosp_tel": "02-25152433", "city": "臺北市", "district": "中山區"}, "geometry": {"type": "Point", "coordinates": [121.5407533, 25.0552012]}}, {"type": "Feature", "properties": {"hosp_name": "力安妥診所", "hosp_address": "臺北市中正區衡陽路30號1樓、2樓", "hosp_tel": "02-23882833", "city": "臺北市", "district": "中正區"}, "geometry": {"type": "Point", "coordinates": [121.512708, 25.042184]}}, {"type": "Feature", "properties": {"hosp_name": "元泰診所", "hosp_address": "臺北市中正區羅斯福路3段2號2樓", "hosp_tel": "02-23680599", "city": "臺北市", "district": "中正區"}, "geometry": {"type": "Point", "coordinates": [121.5247132, 25.0233624]}}, {"type": "Feature", "properties": {"hosp_name": "日明耀診所", "hosp_address": "臺北市中正區重慶南路1段66之1號2樓之1", "hosp_tel": "02-23611190", "city": "臺北市", "district": "中正區"}, "geometry": {"type": "Point", "coordinates": [121.5134147, 25.0468814]}}, {"type": "Feature", "properties": {"hosp_name": "怡和診所", "hosp_address": "臺北市中正區汀州路2段212號", "hosp_tel": "02-23625100", "city": "臺北市", "district": "中正區"}, "geometry": {"type": "Point", "coordinates": [121.523719, 25.022361]}}, {"type": "Feature", "properties": {"hosp_name": "家禾診所", "hosp_address": "臺北市中正區三元街217號1樓、2樓", "hosp_tel": "02-23331368", "city": "臺北市", "district": "中正區"}, "geometry": {"type": "Point", "coordinates": [121.513391, 25.0276724]}}, {"type": "Feature", "properties": {"hosp_name": "健康101診所", "hosp_address": "臺北市中正區牯嶺街97號1樓", "hosp_tel": "02-23645143", "city": "臺北市", "district": "中正區"}, "geometry": {"type": "Point", "coordinates": [121.5190675, 25.0258949]}}, {"type": "Feature", "properties": {"hosp_name": "銘人診所", "hosp_address": "臺北市中正區博愛路9號3樓", "hosp_tel": "02-77557566", "city": "臺北市", "district": "中正區"}, "geometry": {"type": "Point", "coordinates": [121.511443, 25.0459389]}}, {"type": "Feature", "properties": {"hosp_name": "劉瑞聰診所", "hosp_address": "臺北市中正區汀州路1段194號", "hosp_tel": "02-23038125", "city": "臺北市", "district": "中正區"}, "geometry": {"type": "Point", "coordinates": [121.511146, 25.0269395]}}, {"type": "Feature", "properties": {"hosp_name": "建順診所", "hosp_address": "臺北市大同區甘州街51號", "hosp_tel": "02-25573250", "city": "臺北市", "district": "大同區"}, "geometry": {"type": "Point", "coordinates": [121.5128815, 25.0596329]}}, {"type": "Feature", "properties": {"hosp_name": "悅昇診所", "hosp_address": "臺北市大同區錦西街50之1號", "hosp_tel": "02-25502664", "city": "臺北市", "district": "大同區"}, "geometry": {"type": "Point", "coordinates": [121.5199715, 25.060238]}}, {"type": "Feature", "properties": {"hosp_name": "鈞生診所", "hosp_address": "臺北市大同區甘州街28號", "hosp_tel": "02-25570048", "city": "臺北市", "district": "大同區"}, "geometry": {"type": "Point", "coordinates": [121.5126782, 25.0588267]}}, {"type": "Feature", "properties": {"hosp_name": "澤康診所", "hosp_address": "臺北市大同區重慶北路三段71號", "hosp_tel": "02-25960922", "city": "臺北市", "district": "大同區"}, "geometry": {"type": "Point", "coordinates": [121.5139452, 25.0663565]}}, {"type": "Feature", "properties": {"hosp_name": "羅源彰診所", "hosp_address": "臺北市大同區長安西路137號", "hosp_tel": "02-25552500", "city": "臺北市", "district": "大同區"}, "geometry": {"type": "Point", "coordinates": [121.515074, 25.051407]}}, {"type": "Feature", "properties": {"hosp_name": "永康診所", "hosp_address": "臺北市萬華區桂林路47號", "hosp_tel": "02-23123455", "city": "臺北市", "district": "萬華區"}, "geometry": {"type": "Point", "coordinates": [121.504274, 25.038052]}}, {"type": "Feature", "properties": {"hosp_name": "名家耳鼻喉科診所", "hosp_address": "臺北市萬華區西藏路107-2號1樓", "hosp_tel": "02-23036513", "city": "臺北市", "district": "萬華區"}, "geometry": {"type": "Point", "coordinates": [121.5034524, 25.0294985]}}, {"type": "Feature", "properties": {"hosp_name": "快樂兒童診所", "hosp_address": "臺北市萬華區寶興街121號", "hosp_tel": "02-23328610", "city": "臺北市", "district": "萬華區"}, "geometry": {"type": "Point", "coordinates": [121.494803, 25.025229]}}, {"type": "Feature", "properties": {"hosp_name": "青年診所", "hosp_address": "臺北市萬華區中華路2段424號", "hosp_tel": "02-23032450", "city": "臺北市", "district": "萬華區"}, "geometry": {"type": "Point", "coordinates": [121.506144, 25.027526]}}, {"type": "Feature", "properties": {"hosp_name": "瑞生診所", "hosp_address": "臺北市萬華區西園路2段250號", "hosp_tel": "02-23012788", "city": "臺北市", "district": "萬華區"}, "geometry": {"type": "Point", "coordinates": [121.494795, 25.028026]}}, {"type": "Feature", "properties": {"hosp_name": "漢宗小兒科診所", "hosp_address": "臺北市萬華區中華路2段434號1樓", "hosp_tel": "02-23039022", "city": "臺北市", "district": "萬華區"}, "geometry": {"type": "Point", "coordinates": [121.506505, 25.027153]}}, {"type": "Feature", "properties": {"hosp_name": "盧漢隆耳鼻喉科診所", "hosp_address": "臺北市萬華區環河南路2段197號", "hosp_tel": "02-23361363", "city": "臺北市", "district": "萬華區"}, "geometry": {"type": "Point", "coordinates": [121.491752, 25.032268]}}, {"type": "Feature", "properties": {"hosp_name": "定安診所", "hosp_address": "臺北市文山區景興路165號", "hosp_tel": "02-29323755", "city": "臺北市", "district": "文山區"}, "geometry": {"type": "Point", "coordinates": [121.544663, 24.993463]}}, {"type": "Feature", "properties": {"hosp_name": "林正豐診所", "hosp_address": "臺北市文山區保儀路25號", "hosp_tel": "02-29363665", "city": "臺北市", "district": "文山區"}, "geometry": {"type": "Point", "coordinates": [121.56871, 24.988126]}}, {"type": "Feature", "properties": {"hosp_name": "欣民診所", "hosp_address": "臺北市文山區保儀路37號", "hosp_tel": "02-29375115", "city": "臺北市", "district": "文山區"}, "geometry": {"type": "Point", "coordinates": [121.568697, 24.987908]}}, {"type": "Feature", "properties": {"hosp_name": "洪佑承小兒專科診所", "hosp_address": "臺北市文山區興隆路4段64之2號1樓", "hosp_tel": "02-29364708", "city": "臺北市", "district": "文山區"}, "geometry": {"type": "Point", "coordinates": [121.561366, 24.985025]}}, {"type": "Feature", "properties": {"hosp_name": "葉洪小兒科診所", "hosp_address": "臺北市文山區興隆路3段202號", "hosp_tel": "02-22300055", "city": "臺北市", "district": "文山區"}, "geometry": {"type": "Point", "coordinates": [121.559057, 24.997752]}}, {"type": "Feature", "properties": {"hosp_name": "臺北市立聯合醫院附設政大門診部", "hosp_address": "臺北市文山區指南路2段117號", "hosp_tel": "02-82377441", "city": "臺北市", "district": "文山區"}, "geometry": {"type": "Point", "coordinates": [121.576481, 24.9876981]}}, {"type": "Feature", "properties": {"hosp_name": "德安小兒科診所", "hosp_address": "臺北市文山區興隆路4段6-10號1樓", "hosp_tel": "02-29395299", "city": "臺北市", "district": "文山區"}, "geometry": {"type": "Point", "coordinates": [121.5595706, 24.9895679]}}, {"type": "Feature", "properties": {"hosp_name": "日新診所", "hosp_address": "臺北市內湖區成功路5段446號", "hosp_tel": "02-26342743", "city": "臺北市", "district": "內湖區"}, "geometry": {"type": "Point", "coordinates": [121.607118, 25.074805]}}, {"type": "Feature", "properties": {"hosp_name": "永育醫療大湖診所", "hosp_address": "臺北市內湖區成功路4段366號", "hosp_tel": "02-27906002", "city": "臺北市", "district": "內湖區"}, "geometry": {"type": "Point", "coordinates": [121.6004361, 25.0848303]}}, {"type": "Feature", "properties": {"hosp_name": "永育醫療康樂診所", "hosp_address": "臺北市內湖區康樂街82號", "hosp_tel": "02-26308800", "city": "臺北市", "district": "內湖區"}, "geometry": {"type": "Point", "coordinates": [121.618846, 25.070294]}}, {"type": "Feature", "properties": {"hosp_name": "高峰診所", "hosp_address": "臺北市內湖區內湖路2段39號1樓", "hosp_tel": "02-26591888", "city": "臺北市", "district": "內湖區"}, "geometry": {"type": "Point", "coordinates": [121.5799405, 25.0790083]}}, {"type": "Feature", "properties": {"hosp_name": "國泰醫療財團法人內湖國泰診所", "hosp_address": "臺北市內湖區瑞光路337號C棟", "hosp_tel": "02-87972121", "city": "臺北市", "district": "內湖區"}, "geometry": {"type": "Point", "coordinates": [121.567826, 25.079388]}}, {"type": "Feature", "properties": {"hosp_name": "康育診所", "hosp_address": "臺北市內湖區成功路3段189號2樓", "hosp_tel": "02-27909134", "city": "臺北市", "district": "內湖區"}, "geometry": {"type": "Point", "coordinates": [121.5910013, 25.0805298]}}, {"type": "Feature", "properties": {"hosp_name": "湖欣診所", "hosp_address": "臺北市內湖區成功路4段327號", "hosp_tel": "02-27918350", "city": "臺北市", "district": "內湖區"}, "geometry": {"type": "Point", "coordinates": [121.598994, 25.0845096]}}, {"type": "Feature", "properties": {"hosp_name": "新明診所", "hosp_address": "臺北市內湖區新明路386號", "hosp_tel": "02-87921282", "city": "臺北市", "district": "內湖區"}, "geometry": {"type": "Point", "coordinates": [121.580235, 25.054814]}}, {"type": "Feature", "properties": {"hosp_name": "葫洲診所", "hosp_address": "臺北市內湖區康寧路3段35、37號", "hosp_tel": "02-26306606", "city": "臺北市", "district": "內湖區"}, "geometry": {"type": "Point", "coordinates": [121.611232, 25.066286]}}, {"type": "Feature", "properties": {"hosp_name": "德威診所", "hosp_address": "臺北市內湖區內湖路1段667巷1號1樓", "hosp_tel": "02-27978033", "city": "臺北市", "district": "內湖區"}, "geometry": {"type": "Point", "coordinates": [121.575196, 25.0800142]}}, {"type": "Feature", "properties": {"hosp_name": "永育醫療福德診所", "hosp_address": "臺北市南港區福德街320號", "hosp_tel": "02-27850700", "city": "臺北市", "district": "南港區"}, "geometry": {"type": "Point", "coordinates": [121.5878487, 25.039477]}}, {"type": "Feature", "properties": {"hosp_name": "李文珍小兒科診所", "hosp_address": "臺北市南港區研究院路2段74號", "hosp_tel": "02-26511871", "city": "臺北市", "district": "南港區"}, "geometry": {"type": "Point", "coordinates": [121.615108, 25.04557]}}, {"type": "Feature", "properties": {"hosp_name": "臺北市立聯合醫院附設南港門診部", "hosp_address": "臺北市南港區南港路1段360號1樓", "hosp_tel": "02-27868756", "city": "臺北市", "district": "南港區"}, "geometry": {"type": "Point", "coordinates": [121.606758, 25.054528]}}, {"type": "Feature", "properties": {"hosp_name": "存德小兒科診所", "hosp_address": "臺北市士林區文林路460號", "hosp_tel": "02-28342567", "city": "臺北市", "district": "士林區"}, "geometry": {"type": "Point", "coordinates": [121.524559, 25.095638]}}, {"type": "Feature", "properties": {"hosp_name": "何小兒科診所", "hosp_address": "臺北市士林區福港街176號", "hosp_tel": "02-28827401", "city": "臺北市", "district": "士林區"}, "geometry": {"type": "Point", "coordinates": [121.5176786, 25.0866141]}}, {"type": "Feature", "properties": {"hosp_name": "佩佩婦幼診所", "hosp_address": "臺北市士林區中山北路6段182號", "hosp_tel": "02-28386262", "city": "臺北市", "district": "士林區"}, "geometry": {"type": "Point", "coordinates": [121.5252705, 25.1075469]}}, {"type": "Feature", "properties": {"hosp_name": "科安診所", "hosp_address": "臺北市士林區社中街116號", "hosp_tel": "02-28110699", "city": "臺北市", "district": "士林區"}, "geometry": {"type": "Point", "coordinates": [121.5104206, 25.0898456]}}, {"type": "Feature", "properties": {"hosp_name": "高醫師家庭醫學科診所", "hosp_address": "臺北市士林區中山北路7段17號2樓", "hosp_tel": "02-28744545", "city": "臺北市", "district": "士林區"}, "geometry": {"type": "Point", "coordinates": [121.53049, 25.119121]}}, {"type": "Feature", "properties": {"hosp_name": "張虔熙小兒科診所", "hosp_address": "臺北市士林區中山北路6段282號", "hosp_tel": "02-28361368", "city": "臺北市", "district": "士林區"}, "geometry": {"type": "Point", "coordinates": [121.5256499, 25.1101049]}}, {"type": "Feature", "properties": {"hosp_name": "臺北市立聯合醫院附設士林門診部", "hosp_address": "臺北市士林區中正路439號1樓", "hosp_tel": "02-28836268", "city": "臺北市", "district": "士林區"}, "geometry": {"type": "Point", "coordinates": [121.519827, 25.0928395]}}, {"type": "Feature", "properties": {"hosp_name": "德泰耳鼻喉科診所", "hosp_address": "臺北市士林區通河街42-1號", "hosp_tel": "02-28851570", "city": "臺北市", "district": "士林區"}, "geometry": {"type": "Point", "coordinates": [121.52143, 25.080459]}}, {"type": "Feature", "properties": {"hosp_name": "樹爸爸親子診所", "hosp_address": "臺北市士林區德行東路286號", "hosp_tel": "02-28381838", "city": "臺北市", "district": "士林區"}, "geometry": {"type": "Point", "coordinates": [121.5360119, 25.1099779]}}, {"type": "Feature", "properties": {"hosp_name": "蕭雨青小兒科診所", "hosp_address": "臺北市士林區延平北路5段292號", "hosp_tel": "02-28126415", "city": "臺北市", "district": "士林區"}, "geometry": {"type": "Point", "coordinates": [121.5097429, 25.0856717]}}, {"type": "Feature", "properties": {"hosp_name": "蘇慧卿診所", "hosp_address": "臺北市士林區大南路274號", "hosp_tel": "02-28829955", "city": "臺北市", "district": "士林區"}, "geometry": {"type": "Point", "coordinates": [121.519682, 25.088747]}}, {"type": "Feature", "properties": {"hosp_name": "台北欣安耳鼻喉科診所", "hosp_address": "臺北市北投區石牌路1段152號", "hosp_tel": "02-28210501", "city": "臺北市", "district": "北投區"}, "geometry": {"type": "Point", "coordinates": [121.51316, 25.114276]}}, {"type": "Feature", "properties": {"hosp_name": "何叔芳小兒科診所", "hosp_address": "臺北市北投區石牌路2段90巷12號", "hosp_tel": "02-28206886", "city": "臺北市", "district": "北投區"}, "geometry": {"type": "Point", "coordinates": [121.515848, 25.115445]}}, {"type": "Feature", "properties": {"hosp_name": "長宏診所", "hosp_address": "臺北市北投區中央北路2段121號", "hosp_tel": "02-28967372", "city": "臺北市", "district": "北投區"}, "geometry": {"type": "Point", "coordinates": [121.4944886, 25.1371223]}}, {"type": "Feature", "properties": {"hosp_name": "昱德聯合診所", "hosp_address": "臺北市北投區光明路102號", "hosp_tel": "02-28975050", "city": "臺北市", "district": "北投區"}, "geometry": {"type": "Point", "coordinates": [121.501217, 25.133095]}}, {"type": "Feature", "properties": {"hosp_name": "洪耳鼻喉科診所", "hosp_address": "臺北市北投區中央南路1段43號", "hosp_tel": "02-28928769", "city": "臺北市", "district": "北投區"}, "geometry": {"type": "Point", "coordinates": [121.501448, 25.132204]}}, {"type": "Feature", "properties": {"hosp_name": "祐民聯合診所", "hosp_address": "臺北市北投區中央南路1段207號", "hosp_tel": "02-28951301", "city": "臺北市", "district": "北投區"}, "geometry": {"type": "Point", "coordinates": [121.501341, 25.128337]}}, {"type": "Feature", "properties": {"hosp_name": "張參雄診所", "hosp_address": "臺北市北投區光明路166號2樓、166-1號、166-2號2、3樓", "hosp_tel": "02-28926555", "city": "臺北市", "district": "北投區"}, "geometry": {"type": "Point", "coordinates": [121.502641, 25.135]}}, {"type": "Feature", "properties": {"hosp_name": "陳献明小兒科診所", "hosp_address": "臺北市北投區中央南路1段69號1樓", "hosp_tel": "02-28928950", "city": "臺北市", "district": "北投區"}, "geometry": {"type": "Point", "coordinates": [121.515018, 25.1151759]}}, {"type": "Feature", "properties": {"hosp_name": "萬泰診所", "hosp_address": "臺北市北投區中央北路2段52號1樓", "hosp_tel": "02-28930728", "city": "臺北市", "district": "北投區"}, "geometry": {"type": "Point", "coordinates": [121.495088, 25.137172]}}, {"type": "Feature", "properties": {"hosp_name": "弘安診所", "hosp_address": "新北市八里區舊城里中山路二段215號1樓", "hosp_tel": "86303263", "city": "新北市", "district": "八里區"}, "geometry": {"type": "Point", "coordinates": [121.403673, 25.149373]}}, {"type": "Feature", "properties": {"hosp_name": "施世明診所", "hosp_address": "新北市八里區訊塘里華峰一街18號", "hosp_tel": "86302193", "city": "新北市", "district": "八里區"}, "geometry": {"type": "Point", "coordinates": [121.399292, 25.146811]}}, {"type": "Feature", "properties": {"hosp_name": "文心診所", "hosp_address": "新北市八里區訊塘里中山路二段392號", "hosp_tel": "26191537", "city": "新北市", "district": "八里區"}, "geometry": {"type": "Point", "coordinates": [121.400675, 25.147884]}}, {"type": "Feature", "properties": {"hosp_name": "八里區衛生所", "hosp_address": "新北市八里區舊城里舊城路16號", "hosp_tel": "26101902", "city": "新北市", "district": "八里區"}, "geometry": {"type": "Point", "coordinates": [121.40006, 25.147095]}}, {"type": "Feature", "properties": {"hosp_name": "台加診所", "hosp_address": "新北市八里區頂罟里中山路二段310號1樓", "hosp_tel": "86302275", "city": "新北市", "district": "八里區"}, "geometry": {"type": "Point", "coordinates": [121.404435, 25.150055]}}, {"type": "Feature", "properties": {"hosp_name": "誠泰診所", "hosp_address": "新北市八里區埤頭里中山路一段231號", "hosp_tel": "26108205", "city": "新北市", "district": "八里區"}, "geometry": {"type": "Point", "coordinates": [121.411033, 25.157539]}}, {"type": "Feature", "properties": {"hosp_name": "三芝彭小兒科診所", "hosp_address": "新北市三芝區埔頭里中山路一段59號1樓", "hosp_tel": "26369622", "city": "新北市", "district": "三芝區"}, "geometry": {"type": "Point", "coordinates": [121.500763, 25.257218]}}, {"type": "Feature", "properties": {"hosp_name": "曾明診所", "hosp_address": "新北市三芝區埔坪里中正路一段6號", "hosp_tel": "26369942", "city": "新北市", "district": "三芝區"}, "geometry": {"type": "Point", "coordinates": [121.502802, 25.259073]}}, {"type": "Feature", "properties": {"hosp_name": "三芝區衛生所", "hosp_address": "新北市三芝區埔頭里中山路一段12號", "hosp_tel": "26362007", "city": "新北市", "district": "三芝區"}, "geometry": {"type": "Point", "coordinates": [121.500753, 25.258407]}}, {"type": "Feature", "properties": {"hosp_name": "華貞診所", "hosp_address": "新北市三重區三安里三和路三段80號", "hosp_tel": "29716626", "city": "新北市", "district": "三重區"}, "geometry": {"type": "Point", "coordinates": [121.494617, 25.071697]}}, {"type": "Feature", "properties": {"hosp_name": "惠心婦幼診所(重陽院區)", "hosp_address": "新北市三重區光田里重陽路1段138-144號 1-4樓", "hosp_tel": "29810568", "city": "新北市", "district": "三重區"}, "geometry": {"type": "Point", "coordinates": [121.486583, 25.060732]}}, {"type": "Feature", "properties": {"hosp_name": "惠心婦幼診所(成功院區)", "hosp_address": "新北市三重區福德里成功路173號", "hosp_tel": "29781998", "city": "新北市", "district": "三重區"}, "geometry": {"type": "Point", "coordinates": [121.486048, 25.052755]}}, {"type": "Feature", "properties": {"hosp_name": "京辰耳鼻喉科診所", "hosp_address": "新北市三重區慈祐里五華街92號1樓", "hosp_tel": "29876226", "city": "新北市", "district": "三重區"}, "geometry": {"type": "Point", "coordinates": [121.493291, 25.081921]}}, {"type": "Feature", "properties": {"hosp_name": "健福診所", "hosp_address": "新北市三重區慈祐里溪尾街171號", "hosp_tel": "89851660", "city": "新北市", "district": "三重區"}, "geometry": {"type": "Point", "coordinates": [121.488916, 25.080276]}}, {"type": "Feature", "properties": {"hosp_name": "集美診所", "hosp_address": "新北市三重區光明里集美街174之1號", "hosp_tel": "29775177", "city": "新北市", "district": "三重區"}, "geometry": {"type": "Point", "coordinates": [121.490427, 25.05325]}}, {"type": "Feature", "properties": {"hosp_name": "重新診所", "hosp_address": "新北市三重區仁德里重新路二段150號", "hosp_tel": "29765868", "city": "新北市", "district": "三重區"}, "geometry": {"type": "Point", "coordinates": [121.495617, 25.061495]}}, {"type": "Feature", "properties": {"hosp_name": "龍華診所", "hosp_address": "新北市三重區慈祐里五華街100號", "hosp_tel": "29883500", "city": "新北市", "district": "三重區"}, "geometry": {"type": "Point", "coordinates": [121.492635, 25.082488]}}, {"type": "Feature", "properties": {"hosp_name": "三重祥安診所", "hosp_address": "新北市三重區永清里三和路四段374號", "hosp_tel": "22808558", "city": "新北市", "district": "三重區"}, "geometry": {"type": "Point", "coordinates": [121.48266, 25.078745]}}, {"type": "Feature", "properties": {"hosp_name": "益安診所", "hosp_address": "新北市三重區正義里正義北路152號", "hosp_tel": "89828775", "city": "新北市", "district": "三重區"}, "geometry": {"type": "Point", "coordinates": [121.496547, 25.06624]}}, {"type": "Feature", "properties": {"hosp_name": "正興診所", "hosp_address": "新北市三重區中央里正義北路113號", "hosp_tel": "29861235", "city": "新北市", "district": "三重區"}, "geometry": {"type": "Point", "coordinates": [121.496981, 25.065788]}}, {"type": "Feature", "properties": {"hosp_name": "保順聯合診所", "hosp_address": "新北市三重區文化里正義北路5號", "hosp_tel": "29855630", "city": "新北市", "district": "三重區"}, "geometry": {"type": "Point", "coordinates": [121.497894, 25.062591]}}, {"type": "Feature", "properties": {"hosp_name": "采新婦幼診所", "hosp_address": "新北市三重區正義里正義北路86號", "hosp_tel": "89853888", "city": "新北市", "district": "三重區"}, "geometry": {"type": "Point", "coordinates": [121.497078, 25.064558]}}, {"type": "Feature", "properties": {"hosp_name": "禾順診所", "hosp_address": "新北市三重區錦通里文化北路3號1樓", "hosp_tel": "29780089", "city": "新北市", "district": "三重區"}, "geometry": {"type": "Point", "coordinates": [121.499874, 25.0633]}}, {"type": "Feature", "properties": {"hosp_name": "新北市立聯合醫院 (三重院區)", "hosp_address": "新北市三重區中山里新北大道一段3號", "hosp_tel": "29829111", "city": "新北市", "district": "三重區"}, "geometry": {"type": "Point", "coordinates": [121.49084, 25.060869]}}, {"type": "Feature", "properties": {"hosp_name": "三重中興醫院", "hosp_address": "新北市三重區中興里中興北街21號", "hosp_tel": "29959680", "city": "新北市", "district": "三重區"}, "geometry": {"type": "Point", "coordinates": [121.469661, 25.046534]}}, {"type": "Feature", "properties": {"hosp_name": "三重區衛生所", "hosp_address": "新北市三重區中山里新北大道一段1號", "hosp_tel": "29825233", "city": "新北市", "district": "三重區"}, "geometry": {"type": "Point", "coordinates": [121.491392, 25.061191]}}, {"type": "Feature", "properties": {"hosp_name": "明安耳鼻喉科診所", "hosp_address": "新北市三重區正德里正義北路54號", "hosp_tel": "29862228", "city": "新北市", "district": "三重區"}, "geometry": {"type": "Point", "coordinates": [121.497265, 25.06388]}}, {"type": "Feature", "properties": {"hosp_name": "聰明耳鼻喉科診所", "hosp_address": "新北市三重區光榮里重新路二段14號1樓", "hosp_tel": "89727370", "city": "新北市", "district": "三重區"}, "geometry": {"type": "Point", "coordinates": [121.499495, 25.062685]}}, {"type": "Feature", "properties": {"hosp_name": "宏仁醫院", "hosp_address": "新北市三重區福祉里水漾路一段158號", "hosp_tel": "29788877", "city": "新北市", "district": "三重區"}, "geometry": {"type": "Point", "coordinates": [121.48378, 25.053965]}}, {"type": "Feature", "properties": {"hosp_name": "德河聯合診所", "hosp_address": "新北市三重區幸福里重陽路三段117號", "hosp_tel": "89851515", "city": "新北市", "district": "三重區"}, "geometry": {"type": "Point", "coordinates": [121.490817, 25.068605]}}, {"type": "Feature", "properties": {"hosp_name": "德心診所", "hosp_address": "新北市三重區永福里力行路二段206號", "hosp_tel": "82878007", "city": "新北市", "district": "三重區"}, "geometry": {"type": "Point", "coordinates": [121.483481, 25.077725]}}, {"type": "Feature", "properties": {"hosp_name": "德慈聯合診所", "hosp_address": "新北市三重區中山里重新路三段14號", "hosp_tel": "29736693", "city": "新北市", "district": "三重區"}, "geometry": {"type": "Point", "coordinates": [121.49517, 25.061385]}}, {"type": "Feature", "properties": {"hosp_name": "鄭俊堂診所", "hosp_address": "新北市三重區福隆里自強路四段49號", "hosp_tel": "22863333", "city": "新北市", "district": "三重區"}, "geometry": {"type": "Point", "coordinates": [121.489926, 25.07784]}}, {"type": "Feature", "properties": {"hosp_name": "吉田診所", "hosp_address": "新北市三重區六福里中正北路174-7號", "hosp_tel": "29845093", "city": "新北市", "district": "三重區"}, "geometry": {"type": "Point", "coordinates": [121.4833669, 25.0667006]}}, {"type": "Feature", "properties": {"hosp_name": "張必正診所", "hosp_address": "新北市三重區大同里重新路三段66號", "hosp_tel": "89726657", "city": "新北市", "district": "三重區"}, "geometry": {"type": "Point", "coordinates": [121.4935826, 25.0610723]}}, {"type": "Feature", "properties": {"hosp_name": "金港齡小兒科診所", "hosp_address": "新北市三重區溪美里仁愛街302號", "hosp_tel": "29802412", "city": "新北市", "district": "三重區"}, "geometry": {"type": "Point", "coordinates": [121.4919196, 25.0792804]}}, {"type": "Feature", "properties": {"hosp_name": "謝明宏小兒科診所", "hosp_address": "新北市三重區田安里中華路43號1樓", "hosp_tel": "29816425", "city": "新北市", "district": "三重區"}, "geometry": {"type": "Point", "coordinates": [121.4836191, 25.0618274]}}, {"type": "Feature", "properties": {"hosp_name": "簡修平診所", "hosp_address": "新北市三重區福安里正義北路300之3號", "hosp_tel": "89825506", "city": "新北市", "district": "三重區"}, "geometry": {"type": "Point", "coordinates": [121.4953021, 25.0696489]}}, {"type": "Feature", "properties": {"hosp_name": "大重仁復健科診所", "hosp_address": "新北市三重區中興里重新路五段592號2樓", "hosp_tel": "29958283", "city": "新北市", "district": "三重區"}, "geometry": {"type": "Point", "coordinates": [121.4693633, 25.0453322]}}, {"type": "Feature", "properties": {"hosp_name": "培力佳診所", "hosp_address": "新北市三重區永德里自強路三段67號1樓", "hosp_tel": "29834012", "city": "新北市", "district": "三重區"}, "geometry": {"type": "Point", "coordinates": [121.4870601, 25.0733391]}}, {"type": "Feature", "properties": {"hosp_name": "德恩診所", "hosp_address": "新北市三重區福民里集成路47號", "hosp_tel": "29766501", "city": "新北市", "district": "三重區"}, "geometry": {"type": "Point", "coordinates": [121.4893543, 25.0527488]}}, {"type": "Feature", "properties": {"hosp_name": "宏生診所", "hosp_address": "新北市三重區五福里五華街72號", "hosp_tel": "29819948", "city": "新北市", "district": "三重區"}, "geometry": {"type": "Point", "coordinates": [121.4931918, 25.0819142]}}, {"type": "Feature", "properties": {"hosp_name": "皇嘉耳鼻喉科診所", "hosp_address": "新北市三重區富貴里五華街247號", "hosp_tel": "28579666", "city": "新北市", "district": "三重區"}, "geometry": {"type": "Point", "coordinates": [121.4891709, 25.0862529]}}, {"type": "Feature", "properties": {"hosp_name": "郭國鐘小兒科診所", "hosp_address": "新北市三重區光華里信義街57號", "hosp_tel": "29726825", "city": "新北市", "district": "三重區"}, "geometry": {"type": "Point", "coordinates": [121.5011975, 25.0650008]}}, {"type": "Feature", "properties": {"hosp_name": "芯安診所", "hosp_address": "新北市三重區田安里中華路77號", "hosp_tel": "29836600", "city": "新北市", "district": "三重區"}, "geometry": {"type": "Point", "coordinates": [121.4836703, 25.0625762]}}, {"type": "Feature", "properties": {"hosp_name": "友孝診所", "hosp_address": "新北市三重區田安里中華路60號", "hosp_tel": "29863699", "city": "新北市", "district": "三重區"}, "geometry": {"type": "Point", "coordinates": [121.4833922, 25.0621817]}}, {"type": "Feature", "properties": {"hosp_name": "吳英芳診所", "hosp_address": "新北市三重區龍門里龍門路161號", "hosp_tel": "29755521", "city": "新北市", "district": "三重區"}, "geometry": {"type": "Point", "coordinates": [121.4988207, 25.0729374]}}, {"type": "Feature", "properties": {"hosp_name": "正和診所", "hosp_address": "新北市三重區安慶里正義北路278號1樓", "hosp_tel": "29828828", "city": "新北市", "district": "三重區"}, "geometry": {"type": "Point", "coordinates": [121.4956628, 25.0690833]}}, {"type": "Feature", "properties": {"hosp_name": "康新診所", "hosp_address": "新北市三重區雙園里正義北路185號1樓", "hosp_tel": "29865982", "city": "新北市", "district": "三重區"}, "geometry": {"type": "Point", "coordinates": [121.4964607, 25.0679198]}}, {"type": "Feature", "properties": {"hosp_name": "愷馨耳鼻喉科診所", "hosp_address": "新北市三重區仁華里仁愛街729號", "hosp_tel": "28571201", "city": "新北市", "district": "三重區"}, "geometry": {"type": "Point", "coordinates": [121.4818652, 25.0805857]}}, {"type": "Feature", "properties": {"hosp_name": "周宏法診所", "hosp_address": "新北市三重區三安里正義北路309號", "hosp_tel": "29889962", "city": "新北市", "district": "三重區"}, "geometry": {"type": "Point", "coordinates": [121.4943994, 25.0711933]}}, {"type": "Feature", "properties": {"hosp_name": "重揚診所", "hosp_address": "新北市三重區光田里重陽路一段112號", "hosp_tel": "29853880", "city": "新北市", "district": "三重區"}, "geometry": {"type": "Point", "coordinates": [121.4864305, 25.0598712]}}, {"type": "Feature", "properties": {"hosp_name": "吳孟書診所", "hosp_address": "新北市三重區重明里朝陽街25號1樓", "hosp_tel": "89827888", "city": "新北市", "district": "三重區"}, "geometry": {"type": "Point", "coordinates": [121.483698, 25.0565691]}}, {"type": "Feature", "properties": {"hosp_name": "予生診所", "hosp_address": "新北市三重區永清里三和路四段360-4號", "hosp_tel": "22806280", "city": "新北市", "district": "三重區"}, "geometry": {"type": "Point", "coordinates": [121.4830163, 25.0784907]}}, {"type": "Feature", "properties": {"hosp_name": "全民醫院", "hosp_address": "新北市三重區福隆里三和路四段103之2號", "hosp_tel": "22821575", "city": "新北市", "district": "三重區"}, "geometry": {"type": "Point", "coordinates": [121.4869018, 25.0768498]}}, {"type": "Feature", "properties": {"hosp_name": "如原診所", "hosp_address": "新北市三峽區鳶山里文化路264之1號1樓", "hosp_tel": "26713119", "city": "新北市", "district": "三峽區"}, "geometry": {"type": "Point", "coordinates": [121.366781, 24.935838]}}, {"type": "Feature", "properties": {"hosp_name": "星龍耳鼻喉科診所", "hosp_address": "新北市三峽區龍恩里國際一街5號", "hosp_tel": "26711676", "city": "新北市", "district": "三峽區"}, "geometry": {"type": "Point", "coordinates": [121.374561, 24.94309]}}, {"type": "Feature", "properties": {"hosp_name": "永澄診所", "hosp_address": "新北市三峽區安溪里光明路20號1樓", "hosp_tel": "26732674", "city": "新北市", "district": "三峽區"}, "geometry": {"type": "Point", "coordinates": [121.373344, 24.930883]}}, {"type": "Feature", "properties": {"hosp_name": "錦霖診所", "hosp_address": "新北市三峽區永舘里文化路86號", "hosp_tel": "86743684", "city": "新北市", "district": "三峽區"}, "geometry": {"type": "Point", "coordinates": [121.371851, 24.936264]}}, {"type": "Feature", "properties": {"hosp_name": "北大小兒科診所", "hosp_address": "新北市三峽區龍恩里大學路87號1樓", "hosp_tel": "26718080", "city": "新北市", "district": "三峽區"}, "geometry": {"type": "Point", "coordinates": [121.375891, 24.941707]}}, {"type": "Feature", "properties": {"hosp_name": "清福醫院", "hosp_address": "新北市三峽區介壽里介壽路一段286號2樓", "hosp_tel": "26739288", "city": "新北市", "district": "三峽區"}, "geometry": {"type": "Point", "coordinates": [121.380184, 24.929034]}}, {"type": "Feature", "properties": {"hosp_name": "行天宮醫療志業醫療財團法人恩主公醫院", "hosp_address": "新北市三峽區鳶山里復興路399號", "hosp_tel": "26723456", "city": "新北市", "district": "三峽區"}, "geometry": {"type": "Point", "coordinates": [121.363007, 24.938385]}}, {"type": "Feature", "properties": {"hosp_name": "永聖醫療社團法人文化醫院", "hosp_address": "新北市三峽區礁溪里介壽路1段199號", "hosp_tel": "26732885", "city": "新北市", "district": "三峽區"}, "geometry": {"type": "Point", "coordinates": [121.378215, 24.930745]}}, {"type": "Feature", "properties": {"hosp_name": "三峽區衛生所", "hosp_address": "新北市三峽區介壽里光明路71號3樓", "hosp_tel": "26711592", "city": "新北市", "district": "三峽區"}, "geometry": {"type": "Point", "coordinates": [121.376129, 24.928297]}}, {"type": "Feature", "properties": {"hosp_name": "彭耳鼻喉科診所", "hosp_address": "新北市三峽區永舘里文化路132號1樓", "hosp_tel": "26738275", "city": "新北市", "district": "三峽區"}, "geometry": {"type": "Point", "coordinates": [121.3708944, 24.9362959]}}, {"type": "Feature", "properties": {"hosp_name": "常順診所", "hosp_address": "新北市三峽區礁溪里中華路13號1樓", "hosp_tel": "26738968", "city": "新北市", "district": "三峽區"}, "geometry": {"type": "Point", "coordinates": [121.3736323, 24.9319744]}}, {"type": "Feature", "properties": {"hosp_name": "土城診所", "hosp_address": "新北市土城區員林里中央路二段177巷22號", "hosp_tel": "22603307", "city": "新北市", "district": "土城區"}, "geometry": {"type": "Point", "coordinates": [121.442843, 24.975984]}}, {"type": "Feature", "properties": {"hosp_name": "洪正祝小兒科診所", "hosp_address": "新北市土城區安和里延和路112號", "hosp_tel": "82611080", "city": "新北市", "district": "土城區"}, "geometry": {"type": "Point", "coordinates": [121.467237, 24.989816]}}, {"type": "Feature", "properties": {"hosp_name": "裕安診所", "hosp_address": "新北市土城區埤林里裕民路131號", "hosp_tel": "22613300", "city": "新北市", "district": "土城區"}, "geometry": {"type": "Point", "coordinates": [121.451445, 24.986507]}}, {"type": "Feature", "properties": {"hosp_name": "秀偉小兒科診所", "hosp_address": "新北市土城區清溪里金城路二段380號", "hosp_tel": "22620555", "city": "新北市", "district": "土城區"}, "geometry": {"type": "Point", "coordinates": [121.463265, 24.985468]}}, {"type": "Feature", "properties": {"hosp_name": "祐生耳鼻喉科診所", "hosp_address": "新北市土城區土城里中央路二段223之9號", "hosp_tel": "82614588", "city": "新北市", "district": "土城區"}, "geometry": {"type": "Point", "coordinates": [121.440678, 24.973188]}}, {"type": "Feature", "properties": {"hosp_name": "宏陽耳鼻喉科診所", "hosp_address": "新北市土城區廣福里學府路一段105號", "hosp_tel": "82629168", "city": "新北市", "district": "土城區"}, "geometry": {"type": "Point", "coordinates": [121.455895, 24.987642]}}, {"type": "Feature", "properties": {"hosp_name": "嘉恩耳鼻喉科診所", "hosp_address": "新北市土城區樂利里裕民路76號", "hosp_tel": "22630609", "city": "新北市", "district": "土城區"}, "geometry": {"type": "Point", "coordinates": [121.449789, 24.987273]}}, {"type": "Feature", "properties": {"hosp_name": "康城診所", "hosp_address": "新北市土城區員信里中正路152號", "hosp_tel": "82732660", "city": "新北市", "district": "土城區"}, "geometry": {"type": "Point", "coordinates": [121.446164, 24.975597]}}, {"type": "Feature", "properties": {"hosp_name": "家峰耳鼻喉科診所", "hosp_address": "新北市土城區員林里中正路15號", "hosp_tel": "22635968", "city": "新北市", "district": "土城區"}, "geometry": {"type": "Point", "coordinates": [121.443175, 24.975317]}}, {"type": "Feature", "properties": {"hosp_name": "梁診所", "hosp_address": "新北市土城區頂埔里中央路四段75號", "hosp_tel": "22674991", "city": "新北市", "district": "土城區"}, "geometry": {"type": "Point", "coordinates": [121.417218, 24.958158]}}, {"type": "Feature", "properties": {"hosp_name": "延平診所", "hosp_address": "新北市土城區員林里學士路386號1樓", "hosp_tel": "22703394", "city": "新北市", "district": "土城區"}, "geometry": {"type": "Point", "coordinates": [121.446793, 24.977461]}}, {"type": "Feature", "properties": {"hosp_name": "大昌診所", "hosp_address": "新北市土城區青雲里青雲路184號", "hosp_tel": "22742208", "city": "新北市", "district": "土城區"}, "geometry": {"type": "Point", "coordinates": [121.459082, 24.982256]}}, {"type": "Feature", "properties": {"hosp_name": "興城骨科診所", "hosp_address": "新北市土城區土城里光明街58號", "hosp_tel": "22639966", "city": "新北市", "district": "土城區"}, "geometry": {"type": "Point", "coordinates": [121.442229, 24.973191]}}, {"type": "Feature", "properties": {"hosp_name": "仁康診所", "hosp_address": "新北市土城區清水里青仁路29號1樓", "hosp_tel": "22609090", "city": "新北市", "district": "土城區"}, "geometry": {"type": "Point", "coordinates": [121.460544, 24.978684]}}, {"type": "Feature", "properties": {"hosp_name": "廣川醫院", "hosp_address": "新北市土城區學士里裕民路274號 、276號、278號", "hosp_tel": "22617000", "city": "新北市", "district": "土城區"}, "geometry": {"type": "Point", "coordinates": [121.455017, 24.982341]}}, {"type": "Feature", "properties": {"hosp_name": "新北市立土城醫院（委託長庚醫療財團法人興建經營）", "hosp_address": "新北市土城區埤塘里金城路二段6號", "hosp_tel": "22630588", "city": "新北市", "district": "土城區"}, "geometry": {"type": "Point", "coordinates": [121.44873, 24.976437]}}, {"type": "Feature", "properties": {"hosp_name": "土城區衛生所", "hosp_address": "新北市土城區埤塘里和平路26號", "hosp_tel": "22603181", "city": "新北市", "district": "土城區"}, "geometry": {"type": "Point", "coordinates": [121.443189, 24.972857]}}, {"type": "Feature", "properties": {"hosp_name": "頂埔中心診所", "hosp_address": "新北市土城區頂福里中央路四段286號", "hosp_tel": "22671382", "city": "新北市", "district": "土城區"}, "geometry": {"type": "Point", "coordinates": [121.414306, 24.956429]}}, {"type": "Feature", "properties": {"hosp_name": "土城中央診所", "hosp_address": "新北市土城區土城里中央路二段219號", "hosp_tel": "22748499", "city": "新北市", "district": "土城區"}, "geometry": {"type": "Point", "coordinates": [121.4411091, 24.973959]}}, {"type": "Feature", "properties": {"hosp_name": "同心學府診所", "hosp_address": "新北市土城區員信里學府路二段351.353號", "hosp_tel": "77179713", "city": "新北市", "district": "土城區"}, "geometry": {"type": "Point", "coordinates": [121.4454729, 24.9750746]}}, {"type": "Feature", "properties": {"hosp_name": "維安小兒科診所", "hosp_address": "新北市土城區貨饒里中央路一段67-2號", "hosp_tel": "22668575", "city": "新北市", "district": "土城區"}, "geometry": {"type": "Point", "coordinates": [121.4478258, 24.9897208]}}, {"type": "Feature", "properties": {"hosp_name": "維誠小兒科診所", "hosp_address": "新北市土城區貨饒里中央路一段67-2號", "hosp_tel": "22668575", "city": "新北市", "district": "土城區"}, "geometry": {"type": "Point", "coordinates": [121.4478258, 24.9897208]}}, {"type": "Feature", "properties": {"hosp_name": "裕民至祥診所", "hosp_address": "新北市土城區貨饒里裕民路27號", "hosp_tel": "82625959", "city": "新北市", "district": "土城區"}, "geometry": {"type": "Point", "coordinates": [121.4481429, 24.9885672]}}, {"type": "Feature", "properties": {"hosp_name": "學府實和聯合診所", "hosp_address": "新北市土城區廣福里學府路一段121號", "hosp_tel": "22650995", "city": "新北市", "district": "土城區"}, "geometry": {"type": "Point", "coordinates": [121.4553539, 24.9871935]}}, {"type": "Feature", "properties": {"hosp_name": "土城桃庚診所", "hosp_address": "新北市土城區延壽里金城路三段259號", "hosp_tel": "22738000", "city": "新北市", "district": "土城區"}, "geometry": {"type": "Point", "coordinates": [121.4721505, 24.9901797]}}, {"type": "Feature", "properties": {"hosp_name": "羅文亮小兒科", "hosp_address": "新北市土城區樂利里裕民路144號1樓", "hosp_tel": "82623060", "city": "新北市", "district": "土城區"}, "geometry": {"type": "Point", "coordinates": [121.4516927, 24.9860013]}}, {"type": "Feature", "properties": {"hosp_name": "仁安醫院", "hosp_address": "新北市土城區貨饒里中央路一段62號", "hosp_tel": "22627088", "city": "新北市", "district": "土城區"}, "geometry": {"type": "Point", "coordinates": [121.4472695, 24.9896475]}}, {"type": "Feature", "properties": {"hosp_name": "捷安診所", "hosp_address": "新北市中和區中安里中和路456號", "hosp_tel": "22331117", "city": "新北市", "district": "中和區"}, "geometry": {"type": "Point", "coordinates": [121.512179, 25.00373]}}, {"type": "Feature", "properties": {"hosp_name": "通安診所", "hosp_address": "新北市中和區漳和里南山路45號1樓", "hosp_tel": "22421190", "city": "新北市", "district": "中和區"}, "geometry": {"type": "Point", "coordinates": [121.502135, 24.998654]}}, {"type": "Feature", "properties": {"hosp_name": "尚安診所", "hosp_address": "新北市中和區德穗里莒光路154號1樓", "hosp_tel": "29571200", "city": "新北市", "district": "中和區"}, "geometry": {"type": "Point", "coordinates": [121.472511, 25.00061]}}, {"type": "Feature", "properties": {"hosp_name": "力禾耳鼻喉科診所", "hosp_address": "新北市中和區廟美里連城路15號1樓", "hosp_tel": "82457641", "city": "新北市", "district": "中和區"}, "geometry": {"type": "Point", "coordinates": [121.499013, 25.002127]}}, {"type": "Feature", "properties": {"hosp_name": "唯安診所", "hosp_address": "新北市中和區景南里景新街455號", "hosp_tel": "29479165", "city": "新北市", "district": "中和區"}, "geometry": {"type": "Point", "coordinates": [121.513292, 24.988437]}}, {"type": "Feature", "properties": {"hosp_name": "維發診所", "hosp_address": "新北市中和區正南里華新街26號", "hosp_tel": "29481089", "city": "新北市", "district": "中和區"}, "geometry": {"type": "Point", "coordinates": [121.5075702, 24.9847496]}}, {"type": "Feature", "properties": {"hosp_name": "余泰昌小兒科診所", "hosp_address": "新北市中和區安平里宜安路134之1號", "hosp_tel": "29230336", "city": "新北市", "district": "中和區"}, "geometry": {"type": "Point", "coordinates": [121.50975, 24.998477]}}, {"type": "Feature", "properties": {"hosp_name": "劉彭小兒科診所", "hosp_address": "新北市中和區枋寮里中和路271號", "hosp_tel": "22483136", "city": "新北市", "district": "中和區"}, "geometry": {"type": "Point", "coordinates": [121.505593, 24.999822]}}, {"type": "Feature", "properties": {"hosp_name": "祐嘉骨科診所", "hosp_address": "新北市中和區南山里南華路22號", "hosp_tel": "82455795", "city": "新北市", "district": "中和區"}, "geometry": {"type": "Point", "coordinates": [121.503085, 24.995771]}}, {"type": "Feature", "properties": {"hosp_name": "莊福仁內科診所", "hosp_address": "新北市中和區壽南里興南路一段142-6號", "hosp_tel": "29457550-9", "city": "新北市", "district": "中和區"}, "geometry": {"type": "Point", "coordinates": [121.508387, 24.987075]}}, {"type": "Feature", "properties": {"hosp_name": "永育醫療南勢角診所", "hosp_address": "新北市中和區東南里仁愛街128號", "hosp_tel": "29402202", "city": "新北市", "district": "中和區"}, "geometry": {"type": "Point", "coordinates": [121.511753, 24.986621]}}, {"type": "Feature", "properties": {"hosp_name": "李凱國皮膚科診所", "hosp_address": "新北市中和區壽南里興南路一段146號1-2樓", "hosp_tel": "86680185", "city": "新北市", "district": "中和區"}, "geometry": {"type": "Point", "coordinates": [121.508354, 24.987033]}}, {"type": "Feature", "properties": {"hosp_name": "王曜庭診所", "hosp_address": "新北市中和區安平里景安路29號", "hosp_tel": "89432226", "city": "新北市", "district": "中和區"}, "geometry": {"type": "Point", "coordinates": [121.507838, 24.998825]}}, {"type": "Feature", "properties": {"hosp_name": "廣祥診所", "hosp_address": "新北市中和區忠孝里興南路二段29號", "hosp_tel": "86683090", "city": "新北市", "district": "中和區"}, "geometry": {"type": "Point", "coordinates": [121.507867, 24.985821]}}, {"type": "Feature", "properties": {"hosp_name": "康萊診所", "hosp_address": "新北市中和區中山里連城路317-2號", "hosp_tel": "32341890", "city": "新北市", "district": "中和區"}, "geometry": {"type": "Point", "coordinates": [121.489161, 24.996074]}}, {"type": "Feature", "properties": {"hosp_name": "英生耳鼻喉科診所", "hosp_address": "新北市中和區景新里景新街272號", "hosp_tel": "29471565", "city": "新北市", "district": "中和區"}, "geometry": {"type": "Point", "coordinates": [121.510782, 24.992452]}}, {"type": "Feature", "properties": {"hosp_name": "德祐診所", "hosp_address": "新北市中和區福南里興南路二段34巷1號", "hosp_tel": "29401710", "city": "新北市", "district": "中和區"}, "geometry": {"type": "Point", "coordinates": [121.506758, 24.985505]}}, {"type": "Feature", "properties": {"hosp_name": "南勢角德祐診所", "hosp_address": "新北市中和區景新里興南路一段56巷1弄1號1樓", "hosp_tel": "29406035", "city": "新北市", "district": "中和區"}, "geometry": {"type": "Point", "coordinates": [121.510709, 24.990659]}}, {"type": "Feature", "properties": {"hosp_name": "衛生福利部雙和醫院(委託臺北醫學大學興建經營)", "hosp_address": "新北市中和區力行里中正路291號", "hosp_tel": "22490088", "city": "新北市", "district": "中和區"}, "geometry": {"type": "Point", "coordinates": [121.494082, 24.993746]}}, {"type": "Feature", "properties": {"hosp_name": "中和區衛生所", "hosp_address": "新北市中和區漳和里南山路4巷3號", "hosp_tel": "22491936", "city": "新北市", "district": "中和區"}, "geometry": {"type": "Point", "coordinates": [121.501638, 24.998691]}}, {"type": "Feature", "properties": {"hosp_name": "怡和醫院", "hosp_address": "新北市中和區廟美里連城路49號", "hosp_tel": "22450009", "city": "新北市", "district": "中和區"}, "geometry": {"type": "Point", "coordinates": [121.498506, 25.001881]}}, {"type": "Feature", "properties": {"hosp_name": "日欣診所", "hosp_address": "新北市中和區漳和里南山路15號", "hosp_tel": "22402885", "city": "新北市", "district": "中和區"}, "geometry": {"type": "Point", "coordinates": [121.502172, 24.999247]}}, {"type": "Feature", "properties": {"hosp_name": "朝安診所", "hosp_address": "新北市中和區漳和里南山路27-1號1樓及夾層", "hosp_tel": "22493353", "city": "新北市", "district": "中和區"}, "geometry": {"type": "Point", "coordinates": [121.502134, 24.999005]}}, {"type": "Feature", "properties": {"hosp_name": "全裕診所", "hosp_address": "新北市中和區安平里中和路294號", "hosp_tel": "82313668", "city": "新北市", "district": "中和區"}, "geometry": {"type": "Point", "coordinates": [121.508691, 24.99977]}}, {"type": "Feature", "properties": {"hosp_name": "賴俊元皮膚科", "hosp_address": "新北市中和區景南里景新街453號", "hosp_tel": "84410532", "city": "新北市", "district": "中和區"}, "geometry": {"type": "Point", "coordinates": [121.513282, 24.988468]}}, {"type": "Feature", "properties": {"hosp_name": "郭長堺診所", "hosp_address": "新北市中和區福善里中山路二段268號", "hosp_tel": "22493557", "city": "新北市", "district": "中和區"}, "geometry": {"type": "Point", "coordinates": [121.497069, 25.002573]}}, {"type": "Feature", "properties": {"hosp_name": "建良耳鼻喉科診所", "hosp_address": "新北市中和區景南里景新街465號", "hosp_tel": "89413009", "city": "新北市", "district": "中和區"}, "geometry": {"type": "Point", "coordinates": [121.513388, 24.988244]}}, {"type": "Feature", "properties": {"hosp_name": "正生婦幼聯合診所", "hosp_address": "新北市中和區正行里中正路122號", "hosp_tel": "22446969", "city": "新北市", "district": "中和區"}, "geometry": {"type": "Point", "coordinates": [121.499758, 24.993858]}}, {"type": "Feature", "properties": {"hosp_name": "禾益診所", "hosp_address": "新北市中和區景本里景新街401號", "hosp_tel": "86681070", "city": "新北市", "district": "中和區"}, "geometry": {"type": "Point", "coordinates": [121.512666, 24.989729]}}, {"type": "Feature", "properties": {"hosp_name": "安祐診所", "hosp_address": "新北市中和區景本里景新街401號", "hosp_tel": "86681070", "city": "新北市", "district": "中和區"}, "geometry": {"type": "Point", "coordinates": [121.512666, 24.989729]}}, {"type": "Feature", "properties": {"hosp_name": "健和診所", "hosp_address": "新北市中和區景本里景新街401號", "hosp_tel": "86681070", "city": "新北市", "district": "中和區"}, "geometry": {"type": "Point", "coordinates": [121.512666, 24.989729]}}, {"type": "Feature", "properties": {"hosp_name": "嘉生診所", "hosp_address": "新北市中和區漳和里中和路190號", "hosp_tel": "22462402", "city": "新北市", "district": "中和區"}, "geometry": {"type": "Point", "coordinates": [121.5050636, 24.9995603]}}, {"type": "Feature", "properties": {"hosp_name": "張榮欽診所", "hosp_address": "新北市中和區景南里景新街445號", "hosp_tel": "29465045", "city": "新北市", "district": "中和區"}, "geometry": {"type": "Point", "coordinates": [121.5131346, 24.9887617]}}, {"type": "Feature", "properties": {"hosp_name": "中祥醫院", "hosp_address": "新北市中和區碧河里中山路二段359巷2號1樓", "hosp_tel": "22405055", "city": "新北市", "district": "中和區"}, "geometry": {"type": "Point", "coordinates": [121.4884925, 25.0042666]}}, {"type": "Feature", "properties": {"hosp_name": "快樂小兒科診所", "hosp_address": "新北市中和區吉興里景安路215號", "hosp_tel": "89432999", "city": "新北市", "district": "中和區"}, "geometry": {"type": "Point", "coordinates": [121.5044519, 24.991442]}}, {"type": "Feature", "properties": {"hosp_name": "翰霖耳鼻喉科診所", "hosp_address": "新北市中和區復興里景安路202號", "hosp_tel": "22462238", "city": "新北市", "district": "中和區"}, "geometry": {"type": "Point", "coordinates": [121.5040231, 24.9912091]}}, {"type": "Feature", "properties": {"hosp_name": "西華診所", "hosp_address": "新北市中和區得行里圓通路293之2號", "hosp_tel": "22471966", "city": "新北市", "district": "中和區"}, "geometry": {"type": "Point", "coordinates": [121.4947966, 24.9924786]}}, {"type": "Feature", "properties": {"hosp_name": "新福星診所", "hosp_address": "新北市中和區平河里中正路778-1號", "hosp_tel": "22221327", "city": "新北市", "district": "中和區"}, "geometry": {"type": "Point", "coordinates": [121.4854354, 25.0006528]}}, {"type": "Feature", "properties": {"hosp_name": "蔡佳璋婦產科診所", "hosp_address": "新北市中和區瑞穗里中山路三段152-1號", "hosp_tel": "82212468", "city": "新北市", "district": "中和區"}, "geometry": {"type": "Point", "coordinates": [121.4734494, 25.0064256]}}, {"type": "Feature", "properties": {"hosp_name": "民樂耳鼻喉科診所", "hosp_address": "新北市中和區信和里民樂路28號1樓", "hosp_tel": "22256896", "city": "新北市", "district": "中和區"}, "geometry": {"type": "Point", "coordinates": [121.4826611, 25.0011259]}}, {"type": "Feature", "properties": {"hosp_name": "祐聖小兒科診所", "hosp_address": "新北市五股區五福里五福路34號1樓", "hosp_tel": "82921336", "city": "新北市", "district": "五股區"}, "geometry": {"type": "Point", "coordinates": [121.434045, 25.089189]}}, {"type": "Feature", "properties": {"hosp_name": "五股水碓診所", "hosp_address": "新北市五股區水碓里自強路36號", "hosp_tel": "22921516", "city": "新北市", "district": "五股區"}, "geometry": {"type": "Point", "coordinates": [121.43384, 25.074088]}}, {"type": "Feature", "properties": {"hosp_name": "鴻佑診所", "hosp_address": "新北市五股區五股里成泰路二段61號1樓", "hosp_tel": "82950772", "city": "新北市", "district": "五股區"}, "geometry": {"type": "Point", "coordinates": [121.43789, 25.083604]}}, {"type": "Feature", "properties": {"hosp_name": "成洲診所", "hosp_address": "新北市五股區成州里凌雲路一段73號", "hosp_tel": "22919463", "city": "新北市", "district": "五股區"}, "geometry": {"type": "Point", "coordinates": [121.450997, 25.101108]}}, {"type": "Feature", "properties": {"hosp_name": "林筱琪診所", "hosp_address": "新北市五股區成功里新城六路180號1樓", "hosp_tel": "22953202", "city": "新北市", "district": "五股區"}, "geometry": {"type": "Point", "coordinates": [121.446897, 25.091875]}}, {"type": "Feature", "properties": {"hosp_name": "德音診所", "hosp_address": "新北市五股區貿商里自強路146號", "hosp_tel": "22931155", "city": "新北市", "district": "五股區"}, "geometry": {"type": "Point", "coordinates": [121.432083, 25.070611]}}, {"type": "Feature", "properties": {"hosp_name": "翔展診所", "hosp_address": "新北市五股區五股里成泰路二段162號1樓", "hosp_tel": "22951919", "city": "新北市", "district": "五股區"}, "geometry": {"type": "Point", "coordinates": [121.438416, 25.084146]}}, {"type": "Feature", "properties": {"hosp_name": "五股區衛生所", "hosp_address": "新北市五股區成功里新城三路11號", "hosp_tel": "22911734", "city": "新北市", "district": "五股區"}, "geometry": {"type": "Point", "coordinates": [121.447639, 25.094237]}}, {"type": "Feature", "properties": {"hosp_name": "瑞安診所", "hosp_address": "新北市平溪區石底里平溪街9號1樓", "hosp_tel": "24951776", "city": "新北市", "district": "平溪區"}, "geometry": {"type": "Point", "coordinates": [121.738684, 25.024989]}}, {"type": "Feature", "properties": {"hosp_name": "平溪區衛生所", "hosp_address": "新北市平溪區石底里公園街17號", "hosp_tel": "24951015", "city": "新北市", "district": "平溪區"}, "geometry": {"type": "Point", "coordinates": [121.737185, 25.024681]}}, {"type": "Feature", "properties": {"hosp_name": "永愛診所", "hosp_address": "新北市永和區中溪里永平路282之1號1樓", "hosp_tel": "29258680", "city": "新北市", "district": "永和區"}, "geometry": {"type": "Point", "coordinates": [121.507828, 25.011949]}}, {"type": "Feature", "properties": {"hosp_name": "蔡正平耳鼻喉科", "hosp_address": "新北市永和區永元里得和路245號", "hosp_tel": "29293045", "city": "新北市", "district": "永和區"}, "geometry": {"type": "Point", "coordinates": [121.520493, 25.000143]}}, {"type": "Feature", "properties": {"hosp_name": "長欣診所", "hosp_address": "新北市永和區頂溪里文化路78號", "hosp_tel": "22311663", "city": "新北市", "district": "永和區"}, "geometry": {"type": "Point", "coordinates": [121.514084, 25.015228]}}, {"type": "Feature", "properties": {"hosp_name": "郭烽裕診所", "hosp_address": "新北市永和區保平里永貞路339號", "hosp_tel": "29279011", "city": "新北市", "district": "永和區"}, "geometry": {"type": "Point", "coordinates": [121.509482, 25.007071]}}, {"type": "Feature", "properties": {"hosp_name": "唐小兒科診所", "hosp_address": "新北市永和區得和里中正路436號", "hosp_tel": "29296170", "city": "新北市", "district": "永和區"}, "geometry": {"type": "Point", "coordinates": [121.517612, 25.002624]}}, {"type": "Feature", "properties": {"hosp_name": "德美診所", "hosp_address": "新北市永和區店街里中正路455之1號", "hosp_tel": "29273001", "city": "新北市", "district": "永和區"}, "geometry": {"type": "Point", "coordinates": [121.516994, 25.005607]}}, {"type": "Feature", "properties": {"hosp_name": "文林診所", "hosp_address": "新北市永和區後溪里仁愛路15號1樓", "hosp_tel": "22323300", "city": "新北市", "district": "永和區"}, "geometry": {"type": "Point", "coordinates": [121.514805, 25.013421]}}, {"type": "Feature", "properties": {"hosp_name": "愛兒小兒科診所", "hosp_address": "新北市永和區永貞里福和路199號", "hosp_tel": "29233317", "city": "新北市", "district": "永和區"}, "geometry": {"type": "Point", "coordinates": [121.519509, 25.007535]}}, {"type": "Feature", "properties": {"hosp_name": "洪碩壎小兒科診所", "hosp_address": "新北市永和區潭安里中正路157號", "hosp_tel": "29461171", "city": "新北市", "district": "永和區"}, "geometry": {"type": "Point", "coordinates": [121.516397, 24.998474]}}, {"type": "Feature", "properties": {"hosp_name": "洪源裕小兒科診所", "hosp_address": "新北市永和區竹林里竹林路181號", "hosp_tel": "89252926", "city": "新北市", "district": "永和區"}, "geometry": {"type": "Point", "coordinates": [121.520647, 25.009689]}}, {"type": "Feature", "properties": {"hosp_name": "天主教耕莘醫療財團法人永和耕莘醫院", "hosp_address": "新北市永和區永興里中興街80號、52巷1弄28號", "hosp_tel": "29286060", "city": "新北市", "district": "永和區"}, "geometry": {"type": "Point", "coordinates": [121.516934, 25.011279]}}, {"type": "Feature", "properties": {"hosp_name": "永和復康醫院", "hosp_address": "新北市永和區安和里中和路575號、577號、579號", "hosp_tel": "29240925", "city": "新北市", "district": "永和區"}, "geometry": {"type": "Point", "coordinates": [121.511944, 25.003844]}}, {"type": "Feature", "properties": {"hosp_name": "永和區衛生所", "hosp_address": "新北市永和區店街里秀朗路一段137號", "hosp_tel": "32332780", "city": "新北市", "district": "永和區"}, "geometry": {"type": "Point", "coordinates": [121.516232, 25.004971]}}, {"type": "Feature", "properties": {"hosp_name": "杏日診所", "hosp_address": "新北市永和區潭安里中正路111號", "hosp_tel": "29425936", "city": "新北市", "district": "永和區"}, "geometry": {"type": "Point", "coordinates": [121.515621, 24.997616]}}, {"type": "Feature", "properties": {"hosp_name": "杏福診所", "hosp_address": "新北市永和區秀元里得和路289號", "hosp_tel": "22320101", "city": "新北市", "district": "永和區"}, "geometry": {"type": "Point", "coordinates": [121.522622, 24.99979]}}, {"type": "Feature", "properties": {"hosp_name": "德上診所", "hosp_address": "新北市永和區智光里中正路106號", "hosp_tel": "29403938", "city": "新北市", "district": "永和區"}, "geometry": {"type": "Point", "coordinates": [121.514465, 24.995903]}}, {"type": "Feature", "properties": {"hosp_name": "惠恩診所", "hosp_address": "新北市永和區保安路77號1樓", "hosp_tel": "29249333", "city": "新北市", "district": "永和區"}, "geometry": {"type": "Point", "coordinates": [121.508683, 25.014866]}}, {"type": "Feature", "properties": {"hosp_name": "黃濂輝診所", "hosp_address": "新北市永和區民樂里成功路二段105號", "hosp_tel": "29266264", "city": "新北市", "district": "永和區"}, "geometry": {"type": "Point", "coordinates": [121.526801, 24.99895]}}, {"type": "Feature", "properties": {"hosp_name": "崇恩診所", "hosp_address": "新北市永和區民富里成功路二段133號", "hosp_tel": "89210079", "city": "新北市", "district": "永和區"}, "geometry": {"type": "Point", "coordinates": [121.52674, 24.998145]}}, {"type": "Feature", "properties": {"hosp_name": "平安診所", "hosp_address": "新北市永和區潭安里中正路61號1樓", "hosp_tel": "89431317", "city": "新北市", "district": "永和區"}, "geometry": {"type": "Point", "coordinates": [121.514671, 24.996531]}}, {"type": "Feature", "properties": {"hosp_name": "真愛診所", "hosp_address": "新北市永和區福和里永貞路81之1號1樓", "hosp_tel": "29226072", "city": "新北市", "district": "永和區"}, "geometry": {"type": "Point", "coordinates": [121.5186664, 25.0042887]}}, {"type": "Feature", "properties": {"hosp_name": "蓮恩診所", "hosp_address": "新北市永和區豫溪里中正路603號", "hosp_tel": "22331603", "city": "新北市", "district": "永和區"}, "geometry": {"type": "Point", "coordinates": [121.516391, 25.009497]}}, {"type": "Feature", "properties": {"hosp_name": "旭恩小兒科", "hosp_address": "新北市永和區保安里中山路一段172號", "hosp_tel": "29220217", "city": "新北市", "district": "永和區"}, "geometry": {"type": "Point", "coordinates": [121.509212, 25.00916]}}, {"type": "Feature", "properties": {"hosp_name": "逸原診所", "hosp_address": "新北市永和區協和里永和路一段69號1樓", "hosp_tel": "29253300", "city": "新北市", "district": "永和區"}, "geometry": {"type": "Point", "coordinates": [121.5131104, 25.0072256]}}, {"type": "Feature", "properties": {"hosp_name": "健新耳鼻喉科診所", "hosp_address": "新北市永和區水源里永貞路297號", "hosp_tel": "89210657", "city": "新北市", "district": "永和區"}, "geometry": {"type": "Point", "coordinates": [121.5107505, 25.0056131]}}, {"type": "Feature", "properties": {"hosp_name": "楊安診所", "hosp_address": "新北市永和區保安里仁愛路303號1樓", "hosp_tel": "29272369", "city": "新北市", "district": "永和區"}, "geometry": {"type": "Point", "coordinates": [121.5037869, 25.0079307]}}, {"type": "Feature", "properties": {"hosp_name": "仁翔診所", "hosp_address": "新北市永和區永元里得和路245號1樓", "hosp_tel": "22313118", "city": "新北市", "district": "永和區"}, "geometry": {"type": "Point", "coordinates": [121.520528, 25.0001103]}}, {"type": "Feature", "properties": {"hosp_name": "石門區衛生所", "hosp_address": "新北市石門區石門里中山路28之1號", "hosp_tel": "26381007", "city": "新北市", "district": "石門區"}, "geometry": {"type": "Point", "coordinates": [121.565974, 25.290164]}}, {"type": "Feature", "properties": {"hosp_name": "石碇區衛生所", "hosp_address": "新北市石碇區潭邊里碇坪路一段82號", "hosp_tel": "26631325", "city": "新北市", "district": "石碇區"}, "geometry": {"type": "Point", "coordinates": [121.65761, 24.991349]}}, {"type": "Feature", "properties": {"hosp_name": "德祐小兒科診所", "hosp_address": "新北市汐止區康福里福德一路117之1號1樓", "hosp_tel": "26945180", "city": "新北市", "district": "汐止區"}, "geometry": {"type": "Point", "coordinates": [121.637514, 25.067682]}}, {"type": "Feature", "properties": {"hosp_name": "楊內科小兒科診所", "hosp_address": "新北市汐止區智慧里汐萬路1段25號", "hosp_tel": "26420233", "city": "新北市", "district": "汐止區"}, "geometry": {"type": "Point", "coordinates": [121.65579, 25.067729]}}, {"type": "Feature", "properties": {"hosp_name": "黃玟珍診所", "hosp_address": "新北市汐止區忠孝里樟樹一路122號", "hosp_tel": "26476506", "city": "新北市", "district": "汐止區"}, "geometry": {"type": "Point", "coordinates": [121.642162, 25.064264]}}, {"type": "Feature", "properties": {"hosp_name": "福德診所", "hosp_address": "新北市汐止區中興里福德二路171號", "hosp_tel": "26959877", "city": "新北市", "district": "汐止區"}, "geometry": {"type": "Point", "coordinates": [121.630743, 25.065073]}}, {"type": "Feature", "properties": {"hosp_name": "育和診所", "hosp_address": "新北市汐止區信望里中正路31號", "hosp_tel": "26486803", "city": "新北市", "district": "汐止區"}, "geometry": {"type": "Point", "coordinates": [121.662328, 25.070246]}}, {"type": "Feature", "properties": {"hosp_name": "馨生婦產科小兒科診所", "hosp_address": "新北市汐止區中興里福德二路215號", "hosp_tel": "26927666", "city": "新北市", "district": "汐止區"}, "geometry": {"type": "Point", "coordinates": [121.628823, 25.064579]}}, {"type": "Feature", "properties": {"hosp_name": "馨悅婦產科診所", "hosp_address": "新北市汐止區中興里福德二路215號12樓", "hosp_tel": "26927666", "city": "新北市", "district": "汐止區"}, "geometry": {"type": "Point", "coordinates": [121.628823, 25.064579]}}, {"type": "Feature", "properties": {"hosp_name": "幸湖診所", "hosp_address": "新北市汐止區金龍里湖前街27號", "hosp_tel": "26925222", "city": "新北市", "district": "汐止區"}, "geometry": {"type": "Point", "coordinates": [121.632346, 25.069198]}}, {"type": "Feature", "properties": {"hosp_name": "合康診所", "hosp_address": "新北市汐止區信望里大同路二段512號", "hosp_tel": "86425222", "city": "新北市", "district": "汐止區"}, "geometry": {"type": "Point", "coordinates": [121.631024, 25.054991]}}, {"type": "Feature", "properties": {"hosp_name": "祥和診所", "hosp_address": "新北市汐止區城中里建成路37巷13號", "hosp_tel": "86422558", "city": "新北市", "district": "汐止區"}, "geometry": {"type": "Point", "coordinates": [121.663501, 25.072376]}}, {"type": "Feature", "properties": {"hosp_name": "國泰醫療財團法人汐止國泰綜合醫院", "hosp_address": "新北市汐止區城中里建成路59巷2號", "hosp_tel": "26482121", "city": "新北市", "district": "汐止區"}, "geometry": {"type": "Point", "coordinates": [121.661084, 25.072872]}}, {"type": "Feature", "properties": {"hosp_name": "汐止區衛生所", "hosp_address": "新北市汐止區秀峰里新台五路一段266號", "hosp_tel": "26412030", "city": "新北市", "district": "汐止區"}, "geometry": {"type": "Point", "coordinates": [121.658534, 25.063513]}}, {"type": "Feature", "properties": {"hosp_name": "佳祥診所", "hosp_address": "新北市汐止區金龍里民族三街7號", "hosp_tel": "26954806", "city": "新北市", "district": "汐止區"}, "geometry": {"type": "Point", "coordinates": [121.630785, 25.070426]}}, {"type": "Feature", "properties": {"hosp_name": "蘇怡菁家醫科診所", "hosp_address": "新北市汐止區秀峰里仁愛路43號1樓", "hosp_tel": "26423136", "city": "新北市", "district": "汐止區"}, "geometry": {"type": "Point", "coordinates": [121.6596884, 25.0633599]}}, {"type": "Feature", "properties": {"hosp_name": "羅小兒科診所", "hosp_address": "新北市汐止區新昌里忠孝東路244號1樓", "hosp_tel": "86918828", "city": "新北市", "district": "汐止區"}, "geometry": {"type": "Point", "coordinates": [121.6627518, 25.0671294]}}, {"type": "Feature", "properties": {"hosp_name": "朝芳診所", "hosp_address": "新北市汐止區仁德里中正路8號", "hosp_tel": "26427297", "city": "新北市", "district": "汐止區"}, "geometry": {"type": "Point", "coordinates": [121.6630595, 25.0702222]}}, {"type": "Feature", "properties": {"hosp_name": "鴻海診所", "hosp_address": "新北市汐止區新昌里忠孝東路317號1樓", "hosp_tel": "26431777", "city": "新北市", "district": "汐止區"}, "geometry": {"type": "Point", "coordinates": [121.6647137, 25.0694031]}}, {"type": "Feature", "properties": {"hosp_name": "坪林區衛生所", "hosp_address": "新北市坪林區坪林里坪林104號", "hosp_tel": "26656272", "city": "新北市", "district": "坪林區"}, "geometry": {"type": "Point", "coordinates": [121.711626, 24.935877]}}, {"type": "Feature", "properties": {"hosp_name": "翰生診所", "hosp_address": "新北市板橋區公舘里漢生西路73號", "hosp_tel": "22545665", "city": "新北市", "district": "板橋區"}, "geometry": {"type": "Point", "coordinates": [121.462861, 25.018791]}}, {"type": "Feature", "properties": {"hosp_name": "德一診所", "hosp_address": "新北市板橋區九如里中山路二段236號", "hosp_tel": "29535396#13", "city": "新北市", "district": "板橋區"}, "geometry": {"type": "Point", "coordinates": [121.478438, 25.018048]}}, {"type": "Feature", "properties": {"hosp_name": "陳嘉偉診所", "hosp_address": "新北市板橋區光仁里懷仁街92號1樓", "hosp_tel": "29555457", "city": "新北市", "district": "板橋區"}, "geometry": {"type": "Point", "coordinates": [121.477473, 25.018044]}}, {"type": "Feature", "properties": {"hosp_name": "柯明奇耳鼻喉科診所", "hosp_address": "新北市板橋區九如里中山路二段256號", "hosp_tel": "29622255", "city": "新北市", "district": "板橋區"}, "geometry": {"type": "Point", "coordinates": [121.478852, 25.018308]}}, {"type": "Feature", "properties": {"hosp_name": "徐小兒科診所", "hosp_address": "新北市板橋區新埔里陽明街46之2號1樓", "hosp_tel": "22500890", "city": "新北市", "district": "板橋區"}, "geometry": {"type": "Point", "coordinates": [121.465684, 25.022047]}}, {"type": "Feature", "properties": {"hosp_name": "板橋李耳鼻喉科診所", "hosp_address": "新北市板橋區流芳里縣民大道一段185號(1樓)", "hosp_tel": "29606999", "city": "新北市", "district": "板橋區"}, "geometry": {"type": "Point", "coordinates": [121.458034, 25.007268]}}, {"type": "Feature", "properties": {"hosp_name": "林子敬診所", "hosp_address": "新北市板橋區九如里中山路二段198號", "hosp_tel": "29591986", "city": "新北市", "district": "板橋區"}, "geometry": {"type": "Point", "coordinates": [121.477698, 25.017555]}}, {"type": "Feature", "properties": {"hosp_name": "王林小兒科", "hosp_address": "新北市板橋區福星里忠孝路20號", "hosp_tel": "29584966", "city": "新北市", "district": "板橋區"}, "geometry": {"type": "Point", "coordinates": [121.459975, 25.001739]}}, {"type": "Feature", "properties": {"hosp_name": "佳恩耳鼻喉科診所", "hosp_address": "新北市板橋區新埔里陽明街40號1樓", "hosp_tel": "22509566", "city": "新北市", "district": "板橋區"}, "geometry": {"type": "Point", "coordinates": [121.465913, 25.021954]}}, {"type": "Feature", "properties": {"hosp_name": "嘉恩診所", "hosp_address": "新北市板橋區新埔里陽明街40號1樓", "hosp_tel": "22509566", "city": "新北市", "district": "板橋區"}, "geometry": {"type": "Point", "coordinates": [121.465913, 25.021954]}}, {"type": "Feature", "properties": {"hosp_name": "嘉禾診所", "hosp_address": "新北市板橋區九如里中山路二段194號(1樓)", "hosp_tel": "29522688", "city": "新北市", "district": "板橋區"}, "geometry": {"type": "Point", "coordinates": [121.477622, 25.017513]}}, {"type": "Feature", "properties": {"hosp_name": "安慶診所", "hosp_address": "新北市板橋區新翠里互助街77巷1號(1樓)", "hosp_tel": "22593168", "city": "新北市", "district": "板橋區"}, "geometry": {"type": "Point", "coordinates": [121.460238, 25.026088]}}, {"type": "Feature", "properties": {"hosp_name": "鴻仁診所", "hosp_address": "新北市板橋區忠翠里雙十路二段59號", "hosp_tel": "22537500", "city": "新北市", "district": "板橋區"}, "geometry": {"type": "Point", "coordinates": [121.476342, 25.026516]}}, {"type": "Feature", "properties": {"hosp_name": "樂福診所", "hosp_address": "新北市板橋區長壽里三民路二段89號", "hosp_tel": "29560606", "city": "新北市", "district": "板橋區"}, "geometry": {"type": "Point", "coordinates": [121.479411, 25.0165]}}, {"type": "Feature", "properties": {"hosp_name": "聯德診所", "hosp_address": "新北市板橋區溪北里溪北路13號", "hosp_tel": "86871766", "city": "新北市", "district": "板橋區"}, "geometry": {"type": "Point", "coordinates": [121.426838, 24.990478]}}, {"type": "Feature", "properties": {"hosp_name": "莒光診所", "hosp_address": "新北市板橋區莒光里莒光路30號", "hosp_tel": "22527700", "city": "新北市", "district": "板橋區"}, "geometry": {"type": "Point", "coordinates": [121.470153, 25.024514]}}, {"type": "Feature", "properties": {"hosp_name": "陳榮泰小兒科診所", "hosp_address": "新北市板橋區溪福里金門街311號", "hosp_tel": "26820560", "city": "新北市", "district": "板橋區"}, "geometry": {"type": "Point", "coordinates": [121.429823, 24.986225]}}, {"type": "Feature", "properties": {"hosp_name": "興安診所", "hosp_address": "新北市板橋區龍安里龍興街51號", "hosp_tel": "29652683", "city": "新北市", "district": "板橋區"}, "geometry": {"type": "Point", "coordinates": [121.443094, 25.00093]}}, {"type": "Feature", "properties": {"hosp_name": "龍興診所", "hosp_address": "新北市板橋區龍安里龍興街45號", "hosp_tel": "29650765", "city": "新北市", "district": "板橋區"}, "geometry": {"type": "Point", "coordinates": [121.443029, 25.000722]}}, {"type": "Feature", "properties": {"hosp_name": "陳敏玲內科診所", "hosp_address": "新北市板橋區溪洲里溪崑二街97號", "hosp_tel": "26816661", "city": "新北市", "district": "板橋區"}, "geometry": {"type": "Point", "coordinates": [121.426989, 24.989155]}}, {"type": "Feature", "properties": {"hosp_name": "重慶耳鼻喉科診所", "hosp_address": "新北市板橋區福星里重慶路204號", "hosp_tel": "89517755", "city": "新北市", "district": "板橋區"}, "geometry": {"type": "Point", "coordinates": [121.463588, 24.996959]}}, {"type": "Feature", "properties": {"hosp_name": "重心診所", "hosp_address": "新北市板橋區重慶里國慶路189號", "hosp_tel": "29597755", "city": "新北市", "district": "板橋區"}, "geometry": {"type": "Point", "coordinates": [121.462928, 24.996479]}}, {"type": "Feature", "properties": {"hosp_name": "林儀文診所", "hosp_address": "新北市板橋區民安里民權路218號", "hosp_tel": "29696995", "city": "新北市", "district": "板橋區"}, "geometry": {"type": "Point", "coordinates": [121.458832, 25.014236]}}, {"type": "Feature", "properties": {"hosp_name": "新埔立安診所", "hosp_address": "新北市板橋區新埔里陽明街12號", "hosp_tel": "22558699", "city": "新北市", "district": "板橋區"}, "geometry": {"type": "Point", "coordinates": [121.466594, 25.021773]}}, {"type": "Feature", "properties": {"hosp_name": "仁佑耳鼻喉科診所", "hosp_address": "新北市板橋區華德里四川路二段39號", "hosp_tel": "89663577", "city": "新北市", "district": "板橋區"}, "geometry": {"type": "Point", "coordinates": [121.454167, 24.995328]}}, {"type": "Feature", "properties": {"hosp_name": "劉宜光診所", "hosp_address": "新北市板橋區龍安里龍興街33號", "hosp_tel": "89681111", "city": "新北市", "district": "板橋區"}, "geometry": {"type": "Point", "coordinates": [121.442894, 25.000333]}}, {"type": "Feature", "properties": {"hosp_name": "周耳鼻喉科診所", "hosp_address": "新北市板橋區聯翠里文化路二段5號", "hosp_tel": "22525158", "city": "新北市", "district": "板橋區"}, "geometry": {"type": "Point", "coordinates": [121.468466, 25.024262]}}, {"type": "Feature", "properties": {"hosp_name": "蕭中正醫院", "hosp_address": "新北市板橋區新興里南雅南路一段15之1號", "hosp_tel": "29685661#516", "city": "新北市", "district": "板橋區"}, "geometry": {"type": "Point", "coordinates": [121.456447, 25.00693]}}, {"type": "Feature", "properties": {"hosp_name": "中英醫療社團法人中英醫院", "hosp_address": "新北市板橋區百壽里文化路一段196號", "hosp_tel": "22563584#112", "city": "新北市", "district": "板橋區"}, "geometry": {"type": "Point", "coordinates": [121.466262, 25.019884]}}, {"type": "Feature", "properties": {"hosp_name": "新北市立聯合醫院 (板橋院區)", "hosp_address": "新北市板橋區德翠里英士路198號", "hosp_tel": "22575151", "city": "新北市", "district": "板橋區"}, "geometry": {"type": "Point", "coordinates": [121.457708, 25.023683]}}, {"type": "Feature", "properties": {"hosp_name": "板橋中興醫院", "hosp_address": "新北市板橋區福星里忠孝路15號", "hosp_tel": "29590707", "city": "新北市", "district": "板橋區"}, "geometry": {"type": "Point", "coordinates": [121.460292, 25.001988]}}, {"type": "Feature", "properties": {"hosp_name": "醫療財團法人徐元智先生醫藥基金會亞東紀念醫院", "hosp_address": "新北市板橋區華東里南雅南路二段21號", "hosp_tel": "89667000", "city": "新北市", "district": "板橋區"}, "geometry": {"type": "Point", "coordinates": [121.452312, 24.997312]}}, {"type": "Feature", "properties": {"hosp_name": "板橋區衛生所", "hosp_address": "新北市板橋區德翠里英士路192號", "hosp_tel": "22586606", "city": "新北市", "district": "板橋區"}, "geometry": {"type": "Point", "coordinates": [121.458327, 25.023316]}}, {"type": "Feature", "properties": {"hosp_name": "中正診所", "hosp_address": "新北市板橋區新生里金華街21巷4號", "hosp_tel": "29650920", "city": "新北市", "district": "板橋區"}, "geometry": {"type": "Point", "coordinates": [121.4562, 25.020699]}}, {"type": "Feature", "properties": {"hosp_name": "耀安小兒科診所", "hosp_address": "新北市板橋區民族里漢生東路324號", "hosp_tel": "29616781", "city": "新北市", "district": "板橋區"}, "geometry": {"type": "Point", "coordinates": [121.471675, 25.007981]}}, {"type": "Feature", "properties": {"hosp_name": "漢生診所", "hosp_address": "新北市板橋區公舘里漢生西路73.75號", "hosp_tel": "22545665", "city": "新北市", "district": "板橋區"}, "geometry": {"type": "Point", "coordinates": [121.462574, 25.020288]}}, {"type": "Feature", "properties": {"hosp_name": "正家診所", "hosp_address": "新北市板橋區福星里四川路一段223號", "hosp_tel": "89520988", "city": "新北市", "district": "板橋區"}, "geometry": {"type": "Point", "coordinates": [121.460117, 25.003214]}}, {"type": "Feature", "properties": {"hosp_name": "徐自菱皮膚科", "hosp_address": "新北市板橋區新翠里互助街31號", "hosp_tel": "22551158", "city": "新北市", "district": "板橋區"}, "geometry": {"type": "Point", "coordinates": [121.461522, 25.026779]}}, {"type": "Feature", "properties": {"hosp_name": "黃世鑫診所", "hosp_address": "新北市板橋區福星里四川路一段143號", "hosp_tel": "29536051", "city": "新北市", "district": "板橋區"}, "geometry": {"type": "Point", "coordinates": [121.459978, 25.004446]}}, {"type": "Feature", "properties": {"hosp_name": "常春聯合診所", "hosp_address": "新北市板橋區景星里四川路一段47號", "hosp_tel": "29642694", "city": "新北市", "district": "板橋區"}, "geometry": {"type": "Point", "coordinates": [121.459621, 25.006413]}}, {"type": "Feature", "properties": {"hosp_name": "陳志洪診所", "hosp_address": "新北市板橋區百壽里文化路一段216號", "hosp_tel": "82522832", "city": "新北市", "district": "板橋區"}, "geometry": {"type": "Point", "coordinates": [121.466571, 25.020268]}}, {"type": "Feature", "properties": {"hosp_name": "陳恩哲小兒科診所", "hosp_address": "新北市板橋區百壽里文化路一段216號", "hosp_tel": "22567200", "city": "新北市", "district": "板橋區"}, "geometry": {"type": "Point", "coordinates": [121.466571, 25.020268]}}, {"type": "Feature", "properties": {"hosp_name": "鄭仕程診所", "hosp_address": "新北市板橋區幸福里新海路113號", "hosp_tel": "22502200", "city": "新北市", "district": "板橋區"}, "geometry": {"type": "Point", "coordinates": [121.461057, 25.022774]}}, {"type": "Feature", "properties": {"hosp_name": "樂佳診所", "hosp_address": "新北市板橋區溪福里金門街306號", "hosp_tel": "26860588", "city": "新北市", "district": "板橋區"}, "geometry": {"type": "Point", "coordinates": [121.428845, 24.985429]}}, {"type": "Feature", "properties": {"hosp_name": "樂澄診所", "hosp_address": "新北市板橋區黃石里北門街13號", "hosp_tel": "22751010", "city": "新北市", "district": "板橋區"}, "geometry": {"type": "Point", "coordinates": [121.456922, 25.01096]}}, {"type": "Feature", "properties": {"hosp_name": "宏遠骨科診所", "hosp_address": "新北市板橋區仁愛里四川路一段473號", "hosp_tel": "29588579", "city": "新北市", "district": "板橋區"}, "geometry": {"type": "Point", "coordinates": [121.4572809, 24.997361]}}, {"type": "Feature", "properties": {"hosp_name": "樂欣診所", "hosp_address": "新北市板橋區明翠里四維路108號", "hosp_tel": "22526222", "city": "新北市", "district": "板橋區"}, "geometry": {"type": "Point", "coordinates": [121.4656092, 25.024689]}}, {"type": "Feature", "properties": {"hosp_name": "林弘揚耳鼻喉科診所", "hosp_address": "新北市板橋區新翠里陽明街295號", "hosp_tel": "82513878", "city": "新北市", "district": "板橋區"}, "geometry": {"type": "Point", "coordinates": [121.4616256, 25.0266313]}}, {"type": "Feature", "properties": {"hosp_name": "謙禾家醫診所", "hosp_address": "新北市板橋區海山里漢生東路287號1.2樓", "hosp_tel": "29596599", "city": "新北市", "district": "板橋區"}, "geometry": {"type": "Point", "coordinates": [121.4715317, 25.0088065]}}, {"type": "Feature", "properties": {"hosp_name": "志明診所", "hosp_address": "新北市板橋區崑崙里篤行路二段52號", "hosp_tel": "26818882", "city": "新北市", "district": "板橋區"}, "geometry": {"type": "Point", "coordinates": [121.4316329, 24.9926214]}}, {"type": "Feature", "properties": {"hosp_name": "大川診所", "hosp_address": "新北市板橋區東丘里中山路二段84之6號", "hosp_tel": "89532285", "city": "新北市", "district": "板橋區"}, "geometry": {"type": "Point", "coordinates": [121.4748949, 25.0161309]}}, {"type": "Feature", "properties": {"hosp_name": "大鈞診所", "hosp_address": "新北市板橋區東丘里中山路二段88號", "hosp_tel": "29646656", "city": "新北市", "district": "板橋區"}, "geometry": {"type": "Point", "coordinates": [121.4751868, 25.0162177]}}, {"type": "Feature", "properties": {"hosp_name": "詹婦產科診所", "hosp_address": "新北市板橋區莒光里文化路二段2號", "hosp_tel": "22529326", "city": "新北市", "district": "板橋區"}, "geometry": {"type": "Point", "coordinates": [121.4688323, 25.0239069]}}, {"type": "Feature", "properties": {"hosp_name": "連建安診所", "hosp_address": "新北市板橋區正泰里三民路二段146號1樓", "hosp_tel": "29519918", "city": "新北市", "district": "板橋區"}, "geometry": {"type": "Point", "coordinates": [121.4789534, 25.015386]}}, {"type": "Feature", "properties": {"hosp_name": "明辰診所", "hosp_address": "新北市板橋區吉翠里裕民街83號1樓", "hosp_tel": "22595667", "city": "新北市", "district": "板橋區"}, "geometry": {"type": "Point", "coordinates": [121.4606204, 25.0280856]}}, {"type": "Feature", "properties": {"hosp_name": "板聯診所", "hosp_address": "新北市板橋區嵐翠里民治街140號", "hosp_tel": "22559990", "city": "新北市", "district": "板橋區"}, "geometry": {"type": "Point", "coordinates": [121.4774424, 25.0308769]}}, {"type": "Feature", "properties": {"hosp_name": "余立俊診所", "hosp_address": "新北市板橋區民權里民權路202巷11弄2號", "hosp_tel": "29671329", "city": "新北市", "district": "板橋區"}, "geometry": {"type": "Point", "coordinates": [121.4604779, 25.015768]}}, {"type": "Feature", "properties": {"hosp_name": "熊明旺耳鼻喉科診所", "hosp_address": "新北市板橋區東丘里中山路二段84之2號", "hosp_tel": "89525545", "city": "新北市", "district": "板橋區"}, "geometry": {"type": "Point", "coordinates": [121.4748949, 25.0161309]}}, {"type": "Feature", "properties": {"hosp_name": "德威內科診所", "hosp_address": "新北市板橋區國光里國光路79號1樓", "hosp_tel": "29684580", "city": "新北市", "district": "板橋區"}, "geometry": {"type": "Point", "coordinates": [121.4597527, 25.0183749]}}, {"type": "Feature", "properties": {"hosp_name": "德清診所", "hosp_address": "新北市板橋區赤松里府中路112號", "hosp_tel": "29686607", "city": "新北市", "district": "板橋區"}, "geometry": {"type": "Point", "coordinates": [121.4556822, 25.009653]}}, {"type": "Feature", "properties": {"hosp_name": "明品診所", "hosp_address": "新北市板橋區華中里僑中一街88號", "hosp_tel": "82752688", "city": "新北市", "district": "板橋區"}, "geometry": {"type": "Point", "coordinates": [121.4471058, 25.0117911]}}, {"type": "Feature", "properties": {"hosp_name": "麗晹診所", "hosp_address": "新北市板橋區青翠里懷德街69號", "hosp_tel": "22501841", "city": "新北市", "district": "板橋區"}, "geometry": {"type": "Point", "coordinates": [121.478087, 25.031665]}}, {"type": "Feature", "properties": {"hosp_name": "振侒診所", "hosp_address": "新北市板橋區大豐里重慶路276-11號1樓", "hosp_tel": "29551986", "city": "新北市", "district": "板橋區"}, "geometry": {"type": "Point", "coordinates": [121.4630165, 24.999773]}}, {"type": "Feature", "properties": {"hosp_name": "振安診所", "hosp_address": "新北市板橋區大豐里重慶路276-11號1樓", "hosp_tel": "29551986", "city": "新北市", "district": "板橋區"}, "geometry": {"type": "Point", "coordinates": [121.4630165, 24.999773]}}, {"type": "Feature", "properties": {"hosp_name": "仲全診所", "hosp_address": "新北市林口區西林里中正路200號", "hosp_tel": "86012801", "city": "新北市", "district": "林口區"}, "geometry": {"type": "Point", "coordinates": [121.391113, 25.077658]}}, {"type": "Feature", "properties": {"hosp_name": "羊咩咩親子診所", "hosp_address": "新北市林口區西林里仁愛路二段206號", "hosp_tel": "26028885", "city": "新北市", "district": "林口區"}, "geometry": {"type": "Point", "coordinates": [121.378501, 25.07421]}}, {"type": "Feature", "properties": {"hosp_name": "侯志龍小兒科診所", "hosp_address": "新北市林口區麗林里公園路25號", "hosp_tel": "26089001", "city": "新北市", "district": "林口區"}, "geometry": {"type": "Point", "coordinates": [121.366814, 25.06786]}}, {"type": "Feature", "properties": {"hosp_name": "杏蒔診所", "hosp_address": "新北市林口區南勢里三民路96號1樓", "hosp_tel": "26081196", "city": "新北市", "district": "林口區"}, "geometry": {"type": "Point", "coordinates": [121.360316, 25.07015]}}, {"type": "Feature", "properties": {"hosp_name": "庚長優質診所", "hosp_address": "新北市林口區南勢里文化三路一段235號1樓", "hosp_tel": "26080992", "city": "新北市", "district": "林口區"}, "geometry": {"type": "Point", "coordinates": [121.363052, 25.071283]}}, {"type": "Feature", "properties": {"hosp_name": "明揚診所", "hosp_address": "新北市林口區菁湖里中山路192號", "hosp_tel": "26035801", "city": "新北市", "district": "林口區"}, "geometry": {"type": "Point", "coordinates": [121.38901, 25.079118]}}, {"type": "Feature", "properties": {"hosp_name": "林口區衛生所", "hosp_address": "新北市林口區南勢里忠孝二路55號1樓", "hosp_tel": "26068760", "city": "新北市", "district": "林口區"}, "geometry": {"type": "Point", "coordinates": [121.364058, 25.069842]}}, {"type": "Feature", "properties": {"hosp_name": "林漢邦診所", "hosp_address": "新北市林口區西林里仁愛路二段60號", "hosp_tel": "26030056", "city": "新北市", "district": "林口區"}, "geometry": {"type": "Point", "coordinates": [121.384609, 25.075683]}}, {"type": "Feature", "properties": {"hosp_name": "德林診所", "hosp_address": "新北市林口區菁湖里竹林路170號", "hosp_tel": "26022210", "city": "新北市", "district": "林口區"}, "geometry": {"type": "Point", "coordinates": [121.388807, 25.079753]}}, {"type": "Feature", "properties": {"hosp_name": "捷仁診所", "hosp_address": "新北市林口區麗園里麗園一街6巷1號1樓之4", "hosp_tel": "26009405", "city": "新北市", "district": "林口區"}, "geometry": {"type": "Point", "coordinates": [121.3766693, 25.0703335]}}, {"type": "Feature", "properties": {"hosp_name": "森冠診所", "hosp_address": "新北市林口區南勢里文化三路一段77號", "hosp_tel": "26068822", "city": "新北市", "district": "林口區"}, "geometry": {"type": "Point", "coordinates": [121.3608646, 25.0677809]}}, {"type": "Feature", "properties": {"hosp_name": "森康診所", "hosp_address": "新北市林口區南勢里文化三路一段77號", "hosp_tel": "26068822", "city": "新北市", "district": "林口區"}, "geometry": {"type": "Point", "coordinates": [121.3608646, 25.0677809]}}, {"type": "Feature", "properties": {"hosp_name": "百勝診所", "hosp_address": "新北市金山區金美里仁愛路37號-5.37-6號", "hosp_tel": "24987959", "city": "新北市", "district": "金山區"}, "geometry": {"type": "Point", "coordinates": [121.636329, 25.219453]}}, {"type": "Feature", "properties": {"hosp_name": "國立臺灣大學醫學院附設醫院金山分院", "hosp_address": "新北市金山區五湖里玉爐路7號", "hosp_tel": "24989898", "city": "新北市", "district": "金山區"}, "geometry": {"type": "Point", "coordinates": [121.628344, 25.219469]}}, {"type": "Feature", "properties": {"hosp_name": "金山區衛生所", "hosp_address": "新北市金山區大同里民生路59號", "hosp_tel": "24982778", "city": "新北市", "district": "金山區"}, "geometry": {"type": "Point", "coordinates": [121.641135, 25.220438]}}, {"type": "Feature", "properties": {"hosp_name": "泰安診所", "hosp_address": "新北市泰山區福泰里泰林路二段182號", "hosp_tel": "22961869", "city": "新北市", "district": "泰山區"}, "geometry": {"type": "Point", "coordinates": [121.433761, 25.060825]}}, {"type": "Feature", "properties": {"hosp_name": "溫法烈耳鼻喉科診所", "hosp_address": "新北市泰山區福泰里泰林路二段175號", "hosp_tel": "29098253", "city": "新北市", "district": "泰山區"}, "geometry": {"type": "Point", "coordinates": [121.433546, 25.060758]}}, {"type": "Feature", "properties": {"hosp_name": "陳獻宗診所", "hosp_address": "新北市泰山區義學里明志路二段12號", "hosp_tel": "22974050", "city": "新北市", "district": "泰山區"}, "geometry": {"type": "Point", "coordinates": [121.429903, 25.053626]}}, {"type": "Feature", "properties": {"hosp_name": "蔡興龍小兒科診所", "hosp_address": "新北市泰山區明志里明志路二段422號", "hosp_tel": "22093645", "city": "新北市", "district": "泰山區"}, "geometry": {"type": "Point", "coordinates": [121.424919, 25.04388]}}, {"type": "Feature", "properties": {"hosp_name": "王嘉興診所", "hosp_address": "新北市泰山區福興里明志路一段271號", "hosp_tel": "85314123", "city": "新北市", "district": "泰山區"}, "geometry": {"type": "Point", "coordinates": [121.432129, 25.060077]}}, {"type": "Feature", "properties": {"hosp_name": "輔仁大學學校財團法人輔仁大學附設醫院", "hosp_address": "新北市泰山區貴賢里貴子路69號", "hosp_tel": "29052526", "city": "新北市", "district": "泰山區"}, "geometry": {"type": "Point", "coordinates": [121.430798, 25.039676]}}, {"type": "Feature", "properties": {"hosp_name": "泰山區衛生所", "hosp_address": "新北市泰山區全興里全興路212號3樓", "hosp_tel": "29099921", "city": "新北市", "district": "泰山區"}, "geometry": {"type": "Point", "coordinates": [121.433653, 25.056131]}}, {"type": "Feature", "properties": {"hosp_name": "林慶國耳鼻喉科診所", "hosp_address": "新北市泰山區同興里明志路一段475號", "hosp_tel": "22962841", "city": "新北市", "district": "泰山區"}, "geometry": {"type": "Point", "coordinates": [121.4307894, 25.055659]}}, {"type": "Feature", "properties": {"hosp_name": "烏來安泰診所", "hosp_address": "新北市烏來區忠治里堰堤7號", "hosp_tel": "26617390", "city": "新北市", "district": "烏來區"}, "geometry": {"type": "Point", "coordinates": [121.54734, 24.869962]}}, {"type": "Feature", "properties": {"hosp_name": "烏來區衛生所", "hosp_address": "新北市烏來區忠治里新烏路五段109號", "hosp_tel": "26617200", "city": "新北市", "district": "烏來區"}, "geometry": {"type": "Point", "coordinates": [121.547977, 24.871966]}}, {"type": "Feature", "properties": {"hosp_name": "華成診所", "hosp_address": "新北市烏來區忠治里新烏路五段106號", "hosp_tel": "26617411", "city": "新北市", "district": "烏來區"}, "geometry": {"type": "Point", "coordinates": [121.5475194, 24.871116]}}, {"type": "Feature", "properties": {"hosp_name": "樂文診所", "hosp_address": "新北市貢寮區貢寮里貢寮街3號1樓", "hosp_tel": "24942358", "city": "新北市", "district": "貢寮區"}, "geometry": {"type": "Point", "coordinates": [121.907639, 25.018936]}}, {"type": "Feature", "properties": {"hosp_name": "貢寮區衛生所", "hosp_address": "新北市貢寮區貢寮里仁愛路128號", "hosp_tel": "24901431", "city": "新北市", "district": "貢寮區"}, "geometry": {"type": "Point", "coordinates": [121.927573, 25.054955]}}, {"type": "Feature", "properties": {"hosp_name": "黃秋陽診所", "hosp_address": "新北市淡水區長庚里中山路7號", "hosp_tel": "26229596", "city": "新北市", "district": "淡水區"}, "geometry": {"type": "Point", "coordinates": [121.444154, 25.169675]}}, {"type": "Feature", "properties": {"hosp_name": "陳正熙診所", "hosp_address": "新北市淡水區長庚里中山路30號", "hosp_tel": "26259595", "city": "新北市", "district": "淡水區"}, "geometry": {"type": "Point", "coordinates": [121.44438, 25.169781]}}, {"type": "Feature", "properties": {"hosp_name": "劉政耳鼻喉科診所", "hosp_address": "新北市淡水區清文里中山路53號", "hosp_tel": "26253428", "city": "新北市", "district": "淡水區"}, "geometry": {"type": "Point", "coordinates": [121.443282, 25.1704]}}, {"type": "Feature", "properties": {"hosp_name": "宜禾診所", "hosp_address": "新北市淡水區北投里新市一路三段105號", "hosp_tel": "26259798", "city": "新北市", "district": "淡水區"}, "geometry": {"type": "Point", "coordinates": [121.446565, 25.183138]}}, {"type": "Feature", "properties": {"hosp_name": "公祥診所", "hosp_address": "新北市淡水區長庚里中山路38號", "hosp_tel": "26226551", "city": "新北市", "district": "淡水區"}, "geometry": {"type": "Point", "coordinates": [121.444326, 25.169948]}}, {"type": "Feature", "properties": {"hosp_name": "台灣基督長老教會馬偕醫療財團法人淡水馬偕紀念醫院", "hosp_address": "新北市淡水區民生里民生路45號 新北市淡水區民生里民權路47號", "hosp_tel": "28094661", "city": "新北市", "district": "淡水區"}, "geometry": {"type": "Point", "coordinates": [121.460499, 25.139534]}}, {"type": "Feature", "properties": {"hosp_name": "淡水區衛生所", "hosp_address": "新北市淡水區協元里中山路158號", "hosp_tel": "26215620", "city": "新北市", "district": "淡水區"}, "geometry": {"type": "Point", "coordinates": [121.440844, 25.172778]}}, {"type": "Feature", "properties": {"hosp_name": "鴻恩診所", "hosp_address": "新北市淡水區民權里民族路50巷1號", "hosp_tel": "28082277", "city": "新北市", "district": "淡水區"}, "geometry": {"type": "Point", "coordinates": [121.461642, 25.135828]}}, {"type": "Feature", "properties": {"hosp_name": "水碓瑞安診所", "hosp_address": "新北市淡水區北新里北新路182巷61號", "hosp_tel": "26203669", "city": "新北市", "district": "淡水區"}, "geometry": {"type": "Point", "coordinates": [121.447857, 25.177315]}}, {"type": "Feature", "properties": {"hosp_name": "梁衛賓診所", "hosp_address": "新北市淡水區水碓里北新路43號", "hosp_tel": "86311111", "city": "新北市", "district": "淡水區"}, "geometry": {"type": "Point", "coordinates": [121.445526, 25.178073]}}, {"type": "Feature", "properties": {"hosp_name": "沐恩診所", "hosp_address": "新北市淡水區崁頂里濱海路一段143號1樓", "hosp_tel": "26299777", "city": "新北市", "district": "淡水區"}, "geometry": {"type": "Point", "coordinates": [121.43908, 25.189233]}}, {"type": "Feature", "properties": {"hosp_name": "恩友診所", "hosp_address": "新北市淡水區新義里大義街5號1樓", "hosp_tel": "26268476", "city": "新北市", "district": "淡水區"}, "geometry": {"type": "Point", "coordinates": [121.4436272, 25.1780726]}}, {"type": "Feature", "properties": {"hosp_name": "幼恩診所", "hosp_address": "新北市深坑區萬順里北深路三段173號", "hosp_tel": "26625951", "city": "新北市", "district": "深坑區"}, "geometry": {"type": "Point", "coordinates": [121.601715, 25.003495]}}, {"type": "Feature", "properties": {"hosp_name": "紹善診所", "hosp_address": "新北市深坑區萬順里北深路三段99號", "hosp_tel": "26621660", "city": "新北市", "district": "深坑區"}, "geometry": {"type": "Point", "coordinates": [121.605794, 25.001667]}}, {"type": "Feature", "properties": {"hosp_name": "瑞和診所", "hosp_address": "新北市深坑區萬順里北深路三段99號6樓", "hosp_tel": "26623302", "city": "新北市", "district": "深坑區"}, "geometry": {"type": "Point", "coordinates": [121.605794, 25.001667]}}, {"type": "Feature", "properties": {"hosp_name": "詠靜診所", "hosp_address": "新北市深坑區萬順里北深路三段101號.103號.105號2樓", "hosp_tel": "26628011", "city": "新北市", "district": "深坑區"}, "geometry": {"type": "Point", "coordinates": [121.605686, 25.001687]}}, {"type": "Feature", "properties": {"hosp_name": "深坑區衛生所", "hosp_address": "新北市深坑區深坑里深坑街165號", "hosp_tel": "26621567", "city": "新北市", "district": "深坑區"}, "geometry": {"type": "Point", "coordinates": [121.612643, 25.000938]}}, {"type": "Feature", "properties": {"hosp_name": "安立診所", "hosp_address": "新北市新店區青潭里北宜路二段28號", "hosp_tel": "22177669", "city": "新北市", "district": "新店區"}, "geometry": {"type": "Point", "coordinates": [121.548222, 24.951429]}}, {"type": "Feature", "properties": {"hosp_name": "呈恩診所", "hosp_address": "新北市新店區永平里安和路三段85號", "hosp_tel": "86662207", "city": "新北市", "district": "新店區"}, "geometry": {"type": "Point", "coordinates": [121.512373, 24.961545]}}, {"type": "Feature", "properties": {"hosp_name": "富森診所", "hosp_address": "新北市新店區百福里三民路97號", "hosp_tel": "86658711", "city": "新北市", "district": "新店區"}, "geometry": {"type": "Point", "coordinates": [121.535376, 24.971844]}}, {"type": "Feature", "properties": {"hosp_name": "碧潭診所", "hosp_address": "新北市新店區張南里北新路一段21號1樓", "hosp_tel": "29116698", "city": "新北市", "district": "新店區"}, "geometry": {"type": "Point", "coordinates": [121.537805, 24.959061]}}, {"type": "Feature", "properties": {"hosp_name": "安倍診所", "hosp_address": "新北市新店區仁愛里中正路132號", "hosp_tel": "89119181", "city": "新北市", "district": "新店區"}, "geometry": {"type": "Point", "coordinates": [121.542058, 24.971418]}}, {"type": "Feature", "properties": {"hosp_name": "同仁醫院", "hosp_address": "新北市新店區江陵里民權路89號", "hosp_tel": "29170201", "city": "新北市", "district": "新店區"}, "geometry": {"type": "Point", "coordinates": [121.537745, 24.982766]}}, {"type": "Feature", "properties": {"hosp_name": "新北仁康醫院", "hosp_address": "新北市新店區德安里安康路二段323號", "hosp_tel": "22152345", "city": "新北市", "district": "新店區"}, "geometry": {"type": "Point", "coordinates": [121.499651, 24.955542]}}, {"type": "Feature", "properties": {"hosp_name": "豐榮醫院", "hosp_address": "新北市新店區安昌里安德街26巷3號(B棟)", "hosp_tel": "22122111", "city": "新北市", "district": "新店區"}, "geometry": {"type": "Point", "coordinates": [121.511571, 24.963242]}}, {"type": "Feature", "properties": {"hosp_name": "天主教耕莘醫療財團法人耕莘醫院", "hosp_address": "新北市新店區百和里中正路362號", "hosp_tel": "22193391", "city": "新北市", "district": "新店區"}, "geometry": {"type": "Point", "coordinates": [121.535619, 24.976084]}}, {"type": "Feature", "properties": {"hosp_name": "佛教慈濟醫療財團法人台北慈濟醫院", "hosp_address": "新北市新店區復興里建國路289號", "hosp_tel": "66289779", "city": "新北市", "district": "新店區"}, "geometry": {"type": "Point", "coordinates": [121.535808, 24.98578]}}, {"type": "Feature", "properties": {"hosp_name": "新店區衛生所", "hosp_address": "新北市新店區中興里北新路一段86號12樓", "hosp_tel": "29113984", "city": "新北市", "district": "新店區"}, "geometry": {"type": "Point", "coordinates": [121.543015, 24.967275]}}, {"type": "Feature", "properties": {"hosp_name": "聖新診所", "hosp_address": "新北市新店區張北里寶橋路4號", "hosp_tel": "29131415", "city": "新北市", "district": "新店區"}, "geometry": {"type": "Point", "coordinates": [121.543295, 24.973393]}}, {"type": "Feature", "properties": {"hosp_name": "陳正宗診所", "hosp_address": "新北市新店區中正里中正路241號", "hosp_tel": "29129981", "city": "新北市", "district": "新店區"}, "geometry": {"type": "Point", "coordinates": [121.539201, 24.973209]}}, {"type": "Feature", "properties": {"hosp_name": "嘉齊診所", "hosp_address": "新北市新店區中興里北新路一段56號1樓", "hosp_tel": "89193094", "city": "新北市", "district": "新店區"}, "geometry": {"type": "Point", "coordinates": [121.54119, 24.966362]}}, {"type": "Feature", "properties": {"hosp_name": "欣和診所", "hosp_address": "新北市新店區永平里安和路三段151號", "hosp_tel": "29401103", "city": "新北市", "district": "新店區"}, "geometry": {"type": "Point", "coordinates": [121.516621, 24.985558]}}, {"type": "Feature", "properties": {"hosp_name": "吳耳鼻喉科診所", "hosp_address": "新北市新店區明德里民族路61號", "hosp_tel": "29151245", "city": "新北市", "district": "新店區"}, "geometry": {"type": "Point", "coordinates": [121.539869, 24.97837]}}, {"type": "Feature", "properties": {"hosp_name": "蘇永誠家醫科診所", "hosp_address": "新北市新店區中興里北新路一段52號1樓", "hosp_tel": "29160650", "city": "新北市", "district": "新店區"}, "geometry": {"type": "Point", "coordinates": [121.541158, 24.966272]}}, {"type": "Feature", "properties": {"hosp_name": "聖康診所", "hosp_address": "新北市新店區寶安里北新路三段104號1樓", "hosp_tel": "86655858", "city": "新北市", "district": "新店區"}, "geometry": {"type": "Point", "coordinates": [121.541887, 24.981202]}}, {"type": "Feature", "properties": {"hosp_name": "林建良耳鼻喉科診所", "hosp_address": "新北市新店區仁愛里中正路158號1樓", "hosp_tel": "29131313", "city": "新北市", "district": "新店區"}, "geometry": {"type": "Point", "coordinates": [121.541538, 24.971882]}}, {"type": "Feature", "properties": {"hosp_name": "劉建梅診所", "hosp_address": "新北市新店區張北里中正路20號、22號", "hosp_tel": "29124106", "city": "新北市", "district": "新店區"}, "geometry": {"type": "Point", "coordinates": [121.5453143, 24.9696915]}}, {"type": "Feature", "properties": {"hosp_name": "耀程耳鼻喉科", "hosp_address": "新北市新店區百忍里三民路66號1樓", "hosp_tel": "29171110", "city": "新北市", "district": "新店區"}, "geometry": {"type": "Point", "coordinates": [121.5351003, 24.9723587]}}, {"type": "Feature", "properties": {"hosp_name": "曾俊睿小兒科診所", "hosp_address": "新北市新店區張北里寶橋路54號1至2樓", "hosp_tel": "29137201", "city": "新北市", "district": "新店區"}, "geometry": {"type": "Point", "coordinates": [121.5460209, 24.9752636]}}, {"type": "Feature", "properties": {"hosp_name": "佑康聯合診所", "hosp_address": "新北市新店區雙城里安康路三段17號1樓", "hosp_tel": "22153239", "city": "新北市", "district": "新店區"}, "geometry": {"type": "Point", "coordinates": [121.4935927, 24.9532509]}}, {"type": "Feature", "properties": {"hosp_name": "幼安小兒科診所", "hosp_address": "新北市新店區公崙里安康路二段99號", "hosp_tel": "86660909", "city": "新北市", "district": "新店區"}, "geometry": {"type": "Point", "coordinates": [121.5130168, 24.96263]}}, {"type": "Feature", "properties": {"hosp_name": "安坑振榕診所", "hosp_address": "新北市新店區安昌里安康路二段178號", "hosp_tel": "22126657", "city": "新北市", "district": "新店區"}, "geometry": {"type": "Point", "coordinates": [121.5114791, 24.960326]}}, {"type": "Feature", "properties": {"hosp_name": "張振榕診所", "hosp_address": "新北市新店區寶安里中興路三段220巷1號", "hosp_tel": "29158608", "city": "新北市", "district": "新店區"}, "geometry": {"type": "Point", "coordinates": [121.5437734, 24.9828307]}}, {"type": "Feature", "properties": {"hosp_name": "弘久診所", "hosp_address": "新北市新莊區文衡里新泰路57號", "hosp_tel": "22040904", "city": "新北市", "district": "新莊區"}, "geometry": {"type": "Point", "coordinates": [121.449431, 25.03392]}}, {"type": "Feature", "properties": {"hosp_name": "宏久診所", "hosp_address": "新北市新莊區文衡里新泰路57號", "hosp_tel": "22040904", "city": "新北市", "district": "新莊區"}, "geometry": {"type": "Point", "coordinates": [121.449431, 25.03392]}}, {"type": "Feature", "properties": {"hosp_name": "祐幼小兒科診所", "hosp_address": "新北市新莊區民全里民安西路21號1樓", "hosp_tel": "22030993", "city": "新北市", "district": "新莊區"}, "geometry": {"type": "Point", "coordinates": [121.427048, 25.021359]}}, {"type": "Feature", "properties": {"hosp_name": "聯安診所", "hosp_address": "新北市新莊區忠孝里中正路330號", "hosp_tel": "29986191", "city": "新北市", "district": "新莊區"}, "geometry": {"type": "Point", "coordinates": [121.445892, 25.034839]}}, {"type": "Feature", "properties": {"hosp_name": "中心診所", "hosp_address": "新北市新莊區中和里中港路321號", "hosp_tel": "22765992", "city": "新北市", "district": "新莊區"}, "geometry": {"type": "Point", "coordinates": [121.452436, 25.044926]}}, {"type": "Feature", "properties": {"hosp_name": "聯福診所", "hosp_address": "新北市新莊區八德里民安路232號", "hosp_tel": "22014370", "city": "新北市", "district": "新莊區"}, "geometry": {"type": "Point", "coordinates": [121.42615, 25.022324]}}, {"type": "Feature", "properties": {"hosp_name": "晉安診所", "hosp_address": "新北市新莊區合鳳里中正路700之24號", "hosp_tel": "29061510", "city": "新北市", "district": "新莊區"}, "geometry": {"type": "Point", "coordinates": [121.417777, 25.026897]}}, {"type": "Feature", "properties": {"hosp_name": "寶祥診所", "hosp_address": "新北市新莊區立志里中平路53號", "hosp_tel": "29960303", "city": "新北市", "district": "新莊區"}, "geometry": {"type": "Point", "coordinates": [121.444685, 25.044412]}}, {"type": "Feature", "properties": {"hosp_name": "鉅儒診所", "hosp_address": "新北市新莊區民有里西盛街180號", "hosp_tel": "22057193", "city": "新北市", "district": "新莊區"}, "geometry": {"type": "Point", "coordinates": [121.428079, 25.018767]}}, {"type": "Feature", "properties": {"hosp_name": "自立診所", "hosp_address": "新北市新莊區中泰里中港一街52號", "hosp_tel": "89925770", "city": "新北市", "district": "新莊區"}, "geometry": {"type": "Point", "coordinates": [121.458057, 25.045545]}}, {"type": "Feature", "properties": {"hosp_name": "林復森耳鼻喉科診所", "hosp_address": "新北市新莊區八德里民安路220號", "hosp_tel": "22011378", "city": "新北市", "district": "新莊區"}, "geometry": {"type": "Point", "coordinates": [121.42598, 25.022592]}}, {"type": "Feature", "properties": {"hosp_name": "安庚內科診所", "hosp_address": "新北市新莊區中華里中安街1號1樓", "hosp_tel": "22779000", "city": "新北市", "district": "新莊區"}, "geometry": {"type": "Point", "coordinates": [121.452793, 25.045262]}}, {"type": "Feature", "properties": {"hosp_name": "建嘉小兒科診所", "hosp_address": "新北市新莊區中誠里中誠街40號1樓", "hosp_tel": "22925105", "city": "新北市", "district": "新莊區"}, "geometry": {"type": "Point", "coordinates": [121.451346, 25.04812]}}, {"type": "Feature", "properties": {"hosp_name": "馨平耳鼻喉科診所", "hosp_address": "新北市新莊區立基里中平路82巷12號", "hosp_tel": "89921881", "city": "新北市", "district": "新莊區"}, "geometry": {"type": "Point", "coordinates": [121.445417, 25.044781]}}, {"type": "Feature", "properties": {"hosp_name": "新和耳鼻喉科診所", "hosp_address": "新北市新莊區仁愛里幸福路69號1樓", "hosp_tel": "29938636", "city": "新北市", "district": "新莊區"}, "geometry": {"type": "Point", "coordinates": [121.457171, 25.049347]}}, {"type": "Feature", "properties": {"hosp_name": "隆安診所", "hosp_address": "新北市新莊區民安里龍安路465號", "hosp_tel": "22056955", "city": "新北市", "district": "新莊區"}, "geometry": {"type": "Point", "coordinates": [121.424933, 25.018564]}}, {"type": "Feature", "properties": {"hosp_name": "家貞診所", "hosp_address": "新北市新莊區仁愛里福壽街67號", "hosp_tel": "29942300", "city": "新北市", "district": "新莊區"}, "geometry": {"type": "Point", "coordinates": [121.458185, 25.049427]}}, {"type": "Feature", "properties": {"hosp_name": "家慈診所", "hosp_address": "新北市新莊區仁愛里福壽街67號", "hosp_tel": "29942300", "city": "新北市", "district": "新莊區"}, "geometry": {"type": "Point", "coordinates": [121.458185, 25.049427]}}, {"type": "Feature", "properties": {"hosp_name": "家福診所", "hosp_address": "新北市新莊區仁愛里福壽街67號", "hosp_tel": "29942300", "city": "新北市", "district": "新莊區"}, "geometry": {"type": "Point", "coordinates": [121.458185, 25.049427]}}, {"type": "Feature", "properties": {"hosp_name": "思賢診所", "hosp_address": "新北市新莊區自立里自立街200號1樓", "hosp_tel": "29923806", "city": "新北市", "district": "新莊區"}, "geometry": {"type": "Point", "coordinates": [121.45672, 25.045396]}}, {"type": "Feature", "properties": {"hosp_name": "幸福小兒科診所", "hosp_address": "新北市新莊區中港里幸福路729號", "hosp_tel": "29919474", "city": "新北市", "district": "新莊區"}, "geometry": {"type": "Point", "coordinates": [121.449206, 25.049073]}}, {"type": "Feature", "properties": {"hosp_name": "吳政德耳鼻喉科診所", "hosp_address": "新北市新莊區民安里民安西路60號", "hosp_tel": "22066608", "city": "新北市", "district": "新莊區"}, "geometry": {"type": "Point", "coordinates": [121.427266, 25.020372]}}, {"type": "Feature", "properties": {"hosp_name": "新泰綜合醫院", "hosp_address": "新北市新莊區西盛里新樹路176號", "hosp_tel": "29962121", "city": "新北市", "district": "新莊區"}, "geometry": {"type": "Point", "coordinates": [121.447753, 25.036936]}}, {"type": "Feature", "properties": {"hosp_name": "衛生福利部樂生療養院", "hosp_address": "新北市新莊區雙鳳里中正路794號", "hosp_tel": "82006600", "city": "新北市", "district": "新莊區"}, "geometry": {"type": "Point", "coordinates": [121.409851, 25.021622]}}, {"type": "Feature", "properties": {"hosp_name": "衛生福利部臺北醫院", "hosp_address": "新北市新莊區思源里思源路127號", "hosp_tel": "22765566", "city": "新北市", "district": "新莊區"}, "geometry": {"type": "Point", "coordinates": [121.459622, 25.04324]}}, {"type": "Feature", "properties": {"hosp_name": "新莊區衛生所", "hosp_address": "新北市新莊區榮和里中華路一段2號", "hosp_tel": "29967123", "city": "新北市", "district": "新莊區"}, "geometry": {"type": "Point", "coordinates": [121.452248, 25.036408]}}, {"type": "Feature", "properties": {"hosp_name": "王榮文小兒科診所", "hosp_address": "新北市新莊區中平里中和街149號", "hosp_tel": "89915595", "city": "新北市", "district": "新莊區"}, "geometry": {"type": "Point", "coordinates": [121.447278, 25.049406]}}, {"type": "Feature", "properties": {"hosp_name": "新仁醫療社團法人新仁醫院", "hosp_address": "新北市新莊區海山里中正路395號", "hosp_tel": "22017212-4", "city": "新北市", "district": "新莊區"}, "geometry": {"type": "Point", "coordinates": [121.445514, 25.034523]}}, {"type": "Feature", "properties": {"hosp_name": "宏太診所", "hosp_address": "新北市新莊區自強里自信街28號", "hosp_tel": "29944523", "city": "新北市", "district": "新莊區"}, "geometry": {"type": "Point", "coordinates": [121.454296, 25.048199]}}, {"type": "Feature", "properties": {"hosp_name": "邱欽斌小兒科診所", "hosp_address": "新北市新莊區後港里民安路141號1樓", "hosp_tel": "22050717", "city": "新北市", "district": "新莊區"}, "geometry": {"type": "Point", "coordinates": [121.425247, 25.024046]}}, {"type": "Feature", "properties": {"hosp_name": "王中煌診所", "hosp_address": "新北市新莊區全泰里新泰路194號", "hosp_tel": "22767366", "city": "新北市", "district": "新莊區"}, "geometry": {"type": "Point", "coordinates": [121.447207, 25.038242]}}, {"type": "Feature", "properties": {"hosp_name": "果仁小兒科診所", "hosp_address": "新北市新莊區昌平里中原路146號", "hosp_tel": "85225828", "city": "新北市", "district": "新莊區"}, "geometry": {"type": "Point", "coordinates": [121.455225, 25.054542]}}, {"type": "Feature", "properties": {"hosp_name": "張昱錦診所", "hosp_address": "新北市新莊區建福里後港一路135號", "hosp_tel": "22070341", "city": "新北市", "district": "新莊區"}, "geometry": {"type": "Point", "coordinates": [121.4294711, 25.0274961]}}, {"type": "Feature", "properties": {"hosp_name": "至祥診所", "hosp_address": "新北市新莊區龍鳳里龍安路78號", "hosp_tel": "29047700", "city": "新北市", "district": "新莊區"}, "geometry": {"type": "Point", "coordinates": [121.4174633, 25.0206053]}}, {"type": "Feature", "properties": {"hosp_name": "陳一隆內科小兒科診所", "hosp_address": "新北市新莊區和平里福壽街126號", "hosp_tel": "29913751", "city": "新北市", "district": "新莊區"}, "geometry": {"type": "Point", "coordinates": [121.4578815, 25.051346]}}, {"type": "Feature", "properties": {"hosp_name": "福華診所", "hosp_address": "新北市新莊區自立里復興路二段111號", "hosp_tel": "29930909", "city": "新北市", "district": "新莊區"}, "geometry": {"type": "Point", "coordinates": [121.4563667, 25.044494]}}, {"type": "Feature", "properties": {"hosp_name": "吉信耳鼻喉科診所", "hosp_address": "新北市新莊區中華里中港路286號1樓", "hosp_tel": "29923695", "city": "新北市", "district": "新莊區"}, "geometry": {"type": "Point", "coordinates": [121.4531192, 25.0443088]}}, {"type": "Feature", "properties": {"hosp_name": "鄭骨科耳鼻喉科診所", "hosp_address": "新北市新莊區中美里中港路263號", "hosp_tel": "29929191", "city": "新北市", "district": "新莊區"}, "geometry": {"type": "Point", "coordinates": [121.4536297, 25.0433782]}}, {"type": "Feature", "properties": {"hosp_name": "新庚診所", "hosp_address": "新北市新莊區光華里民安西路370號", "hosp_tel": "22073228", "city": "新北市", "district": "新莊區"}, "geometry": {"type": "Point", "coordinates": [121.427693, 25.0108137]}}, {"type": "Feature", "properties": {"hosp_name": "新莊徐耳鼻喉科診所", "hosp_address": "新北市新莊區立廷里中平路373號", "hosp_tel": "29907505", "city": "新北市", "district": "新莊區"}, "geometry": {"type": "Point", "coordinates": [121.4445749, 25.0523307]}}, {"type": "Feature", "properties": {"hosp_name": "丹鳳至祥診所", "hosp_address": "新北市新莊區富國里富國路53號1樓.2樓", "hosp_tel": "29038866", "city": "新北市", "district": "新莊區"}, "geometry": {"type": "Point", "coordinates": [121.419399, 25.0262865]}}, {"type": "Feature", "properties": {"hosp_name": "富國至祥診所", "hosp_address": "新北市新莊區富國里富國路53號1樓.2樓", "hosp_tel": "29038866", "city": "新北市", "district": "新莊區"}, "geometry": {"type": "Point", "coordinates": [121.419399, 25.0262865]}}, {"type": "Feature", "properties": {"hosp_name": "家康陳診所", "hosp_address": "新北市瑞芳區龍興里明燈路三段36號", "hosp_tel": "24971563", "city": "新北市", "district": "瑞芳區"}, "geometry": {"type": "Point", "coordinates": [121.80771, 25.107876]}}, {"type": "Feature", "properties": {"hosp_name": "詠安診所", "hosp_address": "新北市瑞芳區龍潭里明燈路三段79號1樓", "hosp_tel": "24960683", "city": "新北市", "district": "瑞芳區"}, "geometry": {"type": "Point", "coordinates": [121.805246, 25.108235]}}, {"type": "Feature", "properties": {"hosp_name": "簡診所", "hosp_address": "新北市瑞芳區龍潭里明燈路三段39之3號", "hosp_tel": "24972350", "city": "新北市", "district": "瑞芳區"}, "geometry": {"type": "Point", "coordinates": [121.806679, 25.1077]}}, {"type": "Feature", "properties": {"hosp_name": "康橋診所", "hosp_address": "新北市瑞芳區龍潭里明燈路三段39-7號", "hosp_tel": "24974128", "city": "新北市", "district": "瑞芳區"}, "geometry": {"type": "Point", "coordinates": [121.806528, 25.107678]}}, {"type": "Feature", "properties": {"hosp_name": "福康診所", "hosp_address": "新北市瑞芳區龍潭里中正路82號1樓", "hosp_tel": "24960189", "city": "新北市", "district": "瑞芳區"}, "geometry": {"type": "Point", "coordinates": [121.805533, 25.107717]}}, {"type": "Feature", "properties": {"hosp_name": "瑞芳礦工醫院", "hosp_address": "新北市瑞芳區龍川里一坑路71之2號", "hosp_tel": "24974101", "city": "新北市", "district": "瑞芳區"}, "geometry": {"type": "Point", "coordinates": [121.80217, 25.108602]}}, {"type": "Feature", "properties": {"hosp_name": "瑞芳區衛生所", "hosp_address": "新北市瑞芳區龍興里明燈路三段1號", "hosp_tel": "24972132", "city": "新北市", "district": "瑞芳區"}, "geometry": {"type": "Point", "coordinates": [121.809044, 25.107371]}}, {"type": "Feature", "properties": {"hosp_name": "享悅診所", "hosp_address": "新北市萬里區萬里里瑪鋉路34號1樓", "hosp_tel": "24928190", "city": "新北市", "district": "萬里區"}, "geometry": {"type": "Point", "coordinates": [121.689323, 25.177399]}}, {"type": "Feature", "properties": {"hosp_name": "萬里區衛生所", "hosp_address": "新北市萬里區萬里里瑪鋉路157號", "hosp_tel": "24921117", "city": "新北市", "district": "萬里區"}, "geometry": {"type": "Point", "coordinates": [121.689713, 25.178332]}}, {"type": "Feature", "properties": {"hosp_name": "萬里診所", "hosp_address": "新北市萬里區萬里里瑪鋉路98-1號", "hosp_tel": "24922022", "city": "新北市", "district": "萬里區"}, "geometry": {"type": "Point", "coordinates": [121.690665, 25.178557]}}, {"type": "Feature", "properties": {"hosp_name": "念生耳鼻喉科診所", "hosp_address": "新北市樹林區樹人里文化街45號1樓", "hosp_tel": "26751099", "city": "新北市", "district": "樹林區"}, "geometry": {"type": "Point", "coordinates": [121.418076, 24.988346]}}, {"type": "Feature", "properties": {"hosp_name": "莊豐如診所", "hosp_address": "新北市樹林區樹德里復興路18號", "hosp_tel": "26830108", "city": "新北市", "district": "樹林區"}, "geometry": {"type": "Point", "coordinates": [121.422588, 24.994675]}}, {"type": "Feature", "properties": {"hosp_name": "大樹診所", "hosp_address": "新北市樹林區樹北里鎮前街19號", "hosp_tel": "26818919", "city": "新北市", "district": "樹林區"}, "geometry": {"type": "Point", "coordinates": [121.425904, 24.992585]}}, {"type": "Feature", "properties": {"hosp_name": "樹林泰新診所", "hosp_address": "新北市樹林區樹福里中山路一段30號", "hosp_tel": "26874410", "city": "新北市", "district": "樹林區"}, "geometry": {"type": "Point", "coordinates": [121.423913, 24.992526]}}, {"type": "Feature", "properties": {"hosp_name": "承恩診所", "hosp_address": "新北市樹林區南園里學勤路597號1樓", "hosp_tel": "89705297", "city": "新北市", "district": "樹林區"}, "geometry": {"type": "Point", "coordinates": [121.384227, 24.949052]}}, {"type": "Feature", "properties": {"hosp_name": "樹林立康診所", "hosp_address": "新北市樹林區樹福里日新街39號", "hosp_tel": "26863898", "city": "新北市", "district": "樹林區"}, "geometry": {"type": "Point", "coordinates": [121.4228, 24.992111]}}, {"type": "Feature", "properties": {"hosp_name": "立康診所", "hosp_address": "新北市樹林區樹福里日新街39號", "hosp_tel": "26863898", "city": "新北市", "district": "樹林區"}, "geometry": {"type": "Point", "coordinates": [121.4228, 24.992111]}}, {"type": "Feature", "properties": {"hosp_name": "樹林金鶯診所", "hosp_address": "新北市樹林區大同里中華路124號", "hosp_tel": "86850096", "city": "新北市", "district": "樹林區"}, "geometry": {"type": "Point", "coordinates": [121.417585, 24.980502]}}, {"type": "Feature", "properties": {"hosp_name": "仁愛醫院", "hosp_address": "新北市樹林區樹南里文化街9號", "hosp_tel": "26834567", "city": "新北市", "district": "樹林區"}, "geometry": {"type": "Point", "coordinates": [121.420039, 24.987188]}}, {"type": "Feature", "properties": {"hosp_name": "樹林區衛生所", "hosp_address": "新北市樹林區保安里樹新路40-7號", "hosp_tel": "26812134", "city": "新北市", "district": "樹林區"}, "geometry": {"type": "Point", "coordinates": [121.414835, 24.983889]}}, {"type": "Feature", "properties": {"hosp_name": "三福診所", "hosp_address": "新北市樹林區三福里三福街56巷7號1樓", "hosp_tel": "86887839", "city": "新北市", "district": "樹林區"}, "geometry": {"type": "Point", "coordinates": [121.4052522, 25.0167033]}}, {"type": "Feature", "properties": {"hosp_name": "何廷裕小兒科診所", "hosp_address": "新北市樹林區樹福里日新街34號", "hosp_tel": "26756789", "city": "新北市", "district": "樹林區"}, "geometry": {"type": "Point", "coordinates": [121.4227255, 24.9925988]}}, {"type": "Feature", "properties": {"hosp_name": "朱水松耳鼻喉科", "hosp_address": "新北市樹林區育英里中山路一段151-2號", "hosp_tel": "26812928", "city": "新北市", "district": "樹林區"}, "geometry": {"type": "Point", "coordinates": [121.422156, 24.988961]}}, {"type": "Feature", "properties": {"hosp_name": "柯盈賢小兒科診所", "hosp_address": "新北市樹林區保安里樹新路41號", "hosp_tel": "26869185", "city": "新北市", "district": "樹林區"}, "geometry": {"type": "Point", "coordinates": [121.4270694, 24.9947429]}}, {"type": "Feature", "properties": {"hosp_name": "信和耳鼻喉科診所", "hosp_address": "新北市樹林區博愛街178號", "hosp_tel": "26822100", "city": "新北市", "district": "樹林區"}, "geometry": {"type": "Point", "coordinates": [121.4256706, 24.9906725]}}, {"type": "Feature", "properties": {"hosp_name": "信和診所", "hosp_address": "新北市樹林區博愛街178號", "hosp_tel": "26822100", "city": "新北市", "district": "樹林區"}, "geometry": {"type": "Point", "coordinates": [121.4256706, 24.9906725]}}, {"type": "Feature", "properties": {"hosp_name": "欣悅內科診所", "hosp_address": "新北市樹林區柑園里學府路298號", "hosp_tel": "26686321", "city": "新北市", "district": "樹林區"}, "geometry": {"type": "Point", "coordinates": [121.3790282, 24.9502123]}}, {"type": "Feature", "properties": {"hosp_name": "保惠診所", "hosp_address": "新北市雙溪區中湖里中華路53號", "hosp_tel": "24934095", "city": "新北市", "district": "雙溪區"}, "geometry": {"type": "Point", "coordinates": [121.865745, 25.037767]}}, {"type": "Feature", "properties": {"hosp_name": "冠麒診所", "hosp_address": "新北市雙溪區中湖里中華路45號", "hosp_tel": "24931233", "city": "新北市", "district": "雙溪區"}, "geometry": {"type": "Point", "coordinates": [121.86581, 25.037564]}}, {"type": "Feature", "properties": {"hosp_name": "雙溪區衛生所", "hosp_address": "新北市雙溪區新基里新基南街18號", "hosp_tel": "24931210", "city": "新北市", "district": "雙溪區"}, "geometry": {"type": "Point", "coordinates": [121.86645, 25.037917]}}, {"type": "Feature", "properties": {"hosp_name": "建安診所", "hosp_address": "新北市蘆洲區永德里長安街265號1樓", "hosp_tel": "22826588", "city": "新北市", "district": "蘆洲區"}, "geometry": {"type": "Point", "coordinates": [121.458646, 25.083767]}}, {"type": "Feature", "properties": {"hosp_name": "健侒診所", "hosp_address": "新北市蘆洲區永德里長安街265號1樓", "hosp_tel": "22826588", "city": "新北市", "district": "蘆洲區"}, "geometry": {"type": "Point", "coordinates": [121.458646, 25.083767]}}, {"type": "Feature", "properties": {"hosp_name": "健安診所", "hosp_address": "新北市蘆洲區永德里長安街265號1樓", "hosp_tel": "22826588", "city": "新北市", "district": "蘆洲區"}, "geometry": {"type": "Point", "coordinates": [121.458646, 25.083767]}}, {"type": "Feature", "properties": {"hosp_name": "詠贊聯合診所", "hosp_address": "新北市蘆洲區光華里中正路85號", "hosp_tel": "82831555", "city": "新北市", "district": "蘆洲區"}, "geometry": {"type": "Point", "coordinates": [121.469949, 25.083708]}}, {"type": "Feature", "properties": {"hosp_name": "鴻文耳鼻喉科", "hosp_address": "新北市蘆洲區樓厝里集賢路224巷14號", "hosp_tel": "82863223", "city": "新北市", "district": "蘆洲區"}, "geometry": {"type": "Point", "coordinates": [121.481942, 25.087038]}}, {"type": "Feature", "properties": {"hosp_name": "丁良文內科診所", "hosp_address": "新北市蘆洲區九芎里長安街30號", "hosp_tel": "82822809", "city": "新北市", "district": "蘆洲區"}, "geometry": {"type": "Point", "coordinates": [121.463894, 25.079357]}}, {"type": "Feature", "properties": {"hosp_name": "本一診所", "hosp_address": "新北市蘆洲區忠義里長榮路43-1號", "hosp_tel": "22836622", "city": "新北市", "district": "蘆洲區"}, "geometry": {"type": "Point", "coordinates": [121.462967, 25.082716]}}, {"type": "Feature", "properties": {"hosp_name": "永全診所", "hosp_address": "新北市蘆洲區樹德里中山一路241號", "hosp_tel": "22890332", "city": "新北市", "district": "蘆洲區"}, "geometry": {"type": "Point", "coordinates": [121.473373, 25.080469]}}, {"type": "Feature", "properties": {"hosp_name": "蘆洲現代耳鼻喉科診所", "hosp_address": "新北市蘆洲區仁義里集賢路306號", "hosp_tel": "82811112", "city": "新北市", "district": "蘆洲區"}, "geometry": {"type": "Point", "coordinates": [121.481358, 25.085131]}}, {"type": "Feature", "properties": {"hosp_name": "李明哲診所", "hosp_address": "新北市蘆洲區信義里信義路246號1樓", "hosp_tel": "22885110", "city": "新北市", "district": "蘆洲區"}, "geometry": {"type": "Point", "coordinates": [121.478573, 25.086238]}}, {"type": "Feature", "properties": {"hosp_name": "蘆洲集賢耳鼻喉科診所", "hosp_address": "新北市蘆洲區仁義里集賢路306號", "hosp_tel": "82811112", "city": "新北市", "district": "蘆洲區"}, "geometry": {"type": "Point", "coordinates": [121.481358, 25.085131]}}, {"type": "Feature", "properties": {"hosp_name": "民族診所", "hosp_address": "新北市蘆洲區鷺江里民族路53號", "hosp_tel": "82857866", "city": "新北市", "district": "蘆洲區"}, "geometry": {"type": "Point", "coordinates": [121.478593, 25.085532]}}, {"type": "Feature", "properties": {"hosp_name": "華安診所", "hosp_address": "新北市蘆洲區長安里長安街205號1樓", "hosp_tel": "28481500", "city": "新北市", "district": "蘆洲區"}, "geometry": {"type": "Point", "coordinates": [121.46001, 25.082128]}}, {"type": "Feature", "properties": {"hosp_name": "德興診所", "hosp_address": "新北市蘆洲區福安里復興路67號", "hosp_tel": "22855598", "city": "新北市", "district": "蘆洲區"}, "geometry": {"type": "Point", "coordinates": [121.476005, 25.087308]}}, {"type": "Feature", "properties": {"hosp_name": "愛麗生婦產科診所", "hosp_address": "新北市蘆洲區正義里長榮路323號", "hosp_tel": "22890666", "city": "新北市", "district": "蘆洲區"}, "geometry": {"type": "Point", "coordinates": [121.459768, 25.086807]}}, {"type": "Feature", "properties": {"hosp_name": "蘆洲成功耳鼻喉科診所", "hosp_address": "新北市蘆洲區永德里長安街253號", "hosp_tel": "82833588", "city": "新北市", "district": "蘆洲區"}, "geometry": {"type": "Point", "coordinates": [121.45889, 25.083385]}}, {"type": "Feature", "properties": {"hosp_name": "六福診所", "hosp_address": "新北市蘆洲區得勝里中正路45號1樓", "hosp_tel": "82852066", "city": "新北市", "district": "蘆洲區"}, "geometry": {"type": "Point", "coordinates": [121.470939, 25.082488]}}, {"type": "Feature", "properties": {"hosp_name": "健群診所", "hosp_address": "新北市蘆洲區九芎里中華街71號1樓", "hosp_tel": "28487669", "city": "新北市", "district": "蘆洲區"}, "geometry": {"type": "Point", "coordinates": [121.462256, 25.080629]}}, {"type": "Feature", "properties": {"hosp_name": "建群診所", "hosp_address": "新北市蘆洲區九芎里中華街71號1樓", "hosp_tel": "28487669", "city": "新北市", "district": "蘆洲區"}, "geometry": {"type": "Point", "coordinates": [121.462256, 25.080629]}}, {"type": "Feature", "properties": {"hosp_name": "健群耳鼻喉科診所", "hosp_address": "新北市蘆洲區九芎里中華街71號1樓", "hosp_tel": "28487669", "city": "新北市", "district": "蘆洲區"}, "geometry": {"type": "Point", "coordinates": [121.462256, 25.080629]}}, {"type": "Feature", "properties": {"hosp_name": "俊亨婦產科診所", "hosp_address": "新北市蘆洲區得勝里中山二路135號", "hosp_tel": "22838078", "city": "新北市", "district": "蘆洲區"}, "geometry": {"type": "Point", "coordinates": [121.471954, 25.081534]}}, {"type": "Feature", "properties": {"hosp_name": "許修平診所", "hosp_address": "新北市蘆洲區成功里長安街290號", "hosp_tel": "22881202", "city": "新北市", "district": "蘆洲區"}, "geometry": {"type": "Point", "coordinates": [121.457409, 25.087994]}}, {"type": "Feature", "properties": {"hosp_name": "蘆洲區衛生所", "hosp_address": "新北市蘆洲區保和里中央路58號", "hosp_tel": "22812011", "city": "新北市", "district": "蘆洲區"}, "geometry": {"type": "Point", "coordinates": [121.473284, 25.083963]}}, {"type": "Feature", "properties": {"hosp_name": "林錦榮小兒科診所", "hosp_address": "新北市蘆洲區長安里中華街66號", "hosp_tel": "22887097", "city": "新北市", "district": "蘆洲區"}, "geometry": {"type": "Point", "coordinates": [121.4614472, 25.0800487]}}, {"type": "Feature", "properties": {"hosp_name": "宥宥小兒科診所", "hosp_address": "新北市蘆洲區正義里長榮路175號", "hosp_tel": "22898555", "city": "新北市", "district": "蘆洲區"}, "geometry": {"type": "Point", "coordinates": [121.4612621, 25.0843268]}}, {"type": "Feature", "properties": {"hosp_name": "蘆洲上禾耳鼻喉科診所", "hosp_address": "新北市蘆洲區忠義里長榮路47之1號", "hosp_tel": "82858522", "city": "新北市", "district": "蘆洲區"}, "geometry": {"type": "Point", "coordinates": [121.4627238, 25.0829339]}}, {"type": "Feature", "properties": {"hosp_name": "怡兒診所", "hosp_address": "新北市鶯歌區南鶯里建國路173號1-3樓", "hosp_tel": "26707200", "city": "新北市", "district": "鶯歌區"}, "geometry": {"type": "Point", "coordinates": [121.349971, 24.953389]}}, {"type": "Feature", "properties": {"hosp_name": "金鶯診所", "hosp_address": "新北市鶯歌區南鶯里國慶街167號1樓", "hosp_tel": "26702559", "city": "新北市", "district": "鶯歌區"}, "geometry": {"type": "Point", "coordinates": [121.35123, 24.953075]}}, {"type": "Feature", "properties": {"hosp_name": "慈德聯合診所", "hosp_address": "新北市鶯歌區南鶯里國慶街151號1樓", "hosp_tel": "26772600", "city": "新北市", "district": "鶯歌區"}, "geometry": {"type": "Point", "coordinates": [121.351048, 24.953382]}}, {"type": "Feature", "properties": {"hosp_name": "崇文診所", "hosp_address": "新北市鶯歌區南鶯里國慶街141號", "hosp_tel": "26783366", "city": "新北市", "district": "鶯歌區"}, "geometry": {"type": "Point", "coordinates": [121.350964, 24.953551]}}, {"type": "Feature", "properties": {"hosp_name": "鶯歌區衛生所", "hosp_address": "新北市鶯歌區南靖里文化路389號", "hosp_tel": "26702304", "city": "新北市", "district": "鶯歌區"}, "geometry": {"type": "Point", "coordinates": [121.352529, 24.95047]}}, {"type": "Feature", "properties": {"hosp_name": "康健家庭醫學科診所", "hosp_address": "新北市鶯歌區南鶯里建國路231號", "hosp_tel": "26788558", "city": "新北市", "district": "鶯歌區"}, "geometry": {"type": "Point", "coordinates": [121.348516, 24.953413]}}]}