{"type": "FeatureCollection", "features": [{"type": "Feature", "properties": {"name": "南昌大藥局", "address": "臺北市中正區南昌路一段８６號一樓", "phone": "(02)23510322", "district": "中正區"}, "geometry": {"type": "Point", "coordinates": [121.5173744, 25.0308592]}}, {"type": "Feature", "properties": {"name": "仁杏藥局", "address": "臺北市中正區汀州路一段３８４號", "phone": "(02)23013621", "district": "中正區"}, "geometry": {"type": "Point", "coordinates": [121.5135504, 25.02623632]}}, {"type": "Feature", "properties": {"name": "永興藥局", "address": "臺北市中正區汀州路一段９２巷２８號", "phone": "(02)23050986", "district": "中正區"}, "geometry": {"type": "Point", "coordinates": [121.5067622, 25.02999357]}}, {"type": "Feature", "properties": {"name": "華大藥局", "address": "臺北市中正區金門街８號", "phone": "(02)23682425", "district": "中正區"}, "geometry": {"type": "Point", "coordinates": [121.5243315, 25.02275147]}}, {"type": "Feature", "properties": {"name": "怡誠藥局", "address": "臺北市中正區汀州路二段二一二號", "phone": "(02)23625100", "district": "中正區"}, "geometry": {"type": "Point", "coordinates": [121.5237191, 25.02236086]}}, {"type": "Feature", "properties": {"name": "建祥武昌藥局", "address": "臺北市中正區武昌街1段29號1樓", "phone": "(02)23314038", "district": "中正區"}, "geometry": {"type": "Point", "coordinates": [121.512123, 25.04415718]}}, {"type": "Feature", "properties": {"name": "日生大藥局", "address": "臺北市中正區汀州路一段５３號１樓", "phone": "(02)23031393", "district": "中正區"}, "geometry": {"type": "Point", "coordinates": [121.5076476, 25.03025745]}}, {"type": "Feature", "properties": {"name": "三元藥局", "address": "臺北市中正區三元街１５８號", "phone": "(02)23052839", "district": "中正區"}, "geometry": {"type": "Point", "coordinates": [121.5108721, 25.02800107]}}, {"type": "Feature", "properties": {"name": "大安藥局", "address": "臺北市中正區新生南路1段56巷2號(1樓)", "phone": "(02)23213186", "district": "中正區"}, "geometry": {"type": "Point", "coordinates": [121.5325212, 25.0411213]}}, {"type": "Feature", "properties": {"name": "上海聯合藥局", "address": "臺北市中正區衡陽路３２號１樓", "phone": "(02)23714797", "district": "中正區"}, "geometry": {"type": "Point", "coordinates": [121.5126292, 25.04220631]}}, {"type": "Feature", "properties": {"name": "中心藥局", "address": "臺北市中正區汀州路三段１２１號", "phone": "(02)23689889", "district": "中正區"}, "geometry": {"type": "Point", "coordinates": [121.5302985, 25.01654511]}}, {"type": "Feature", "properties": {"name": "楊藥局", "address": "臺北市中正區臨沂街２９巷１８號", "phone": "(02)23414449", "district": "中正區"}, "geometry": {"type": "Point", "coordinates": [121.530796, 25.03984849]}}, {"type": "Feature", "properties": {"name": "和康大藥局", "address": "臺北市中正區忠孝東路一段７８號１樓", "phone": "(02)23958181", "district": "中正區"}, "geometry": {"type": "Point", "coordinates": [121.5239625, 25.04446127]}}, {"type": "Feature", "properties": {"name": "古亭藥局", "address": "臺北市中正區汀州路三段１１７號", "phone": "", "district": "中正區"}, "geometry": {"type": "Point", "coordinates": [121.5301226, 25.01666815]}}, {"type": "Feature", "properties": {"name": "新獻安藥局", "address": "臺北市中正區羅斯福路一段１５號", "phone": "(02)23519891", "district": "中正區"}, "geometry": {"type": "Point", "coordinates": [121.5182188, 25.03316149]}}, {"type": "Feature", "properties": {"name": "國杏藥師示範藥局", "address": "臺北市中正區延平南路１７１巷３號", "phone": "(02)23811322", "district": "中正區"}, "geometry": {"type": "Point", "coordinates": [121.5078466, 25.0348694]}}, {"type": "Feature", "properties": {"name": "東華藥局", "address": "臺北市中正區汀州路三段一一三號", "phone": "(02)23640852", "district": "中正區"}, "geometry": {"type": "Point", "coordinates": [121.5300303, 25.01673271]}}, {"type": "Feature", "properties": {"name": "連雲藥局", "address": "臺北市中正區連雲街79號", "phone": "(02)23410504", "district": "中正區"}, "geometry": {"type": "Point", "coordinates": [121.5301606, 25.03436039]}}, {"type": "Feature", "properties": {"name": "合泰大藥局", "address": "臺北市中正區衡陽路26號", "phone": "(02)23899977", "district": "中正區"}, "geometry": {"type": "Point", "coordinates": [121.512863, 25.04220736]}}, {"type": "Feature", "properties": {"name": "吉星藥局", "address": "臺北市中正區襄陽路１９號１樓", "phone": "(02)23117779", "district": "中正區"}, "geometry": {"type": "Point", "coordinates": [121.5153922, 25.04349251]}}, {"type": "Feature", "properties": {"name": "丞良藥局", "address": "臺北市中正區南昌路一段７８號地下一樓", "phone": "(02)33938868", "district": "中正區"}, "geometry": {"type": "Point", "coordinates": [121.517267, 25.030983]}}, {"type": "Feature", "properties": {"name": "慶安藥局", "address": "臺北市中正區徐州路26號", "phone": "(02)23582385", "district": "中正區"}, "geometry": {"type": "Point", "coordinates": [121.5234096, 25.04061204]}}, {"type": "Feature", "properties": {"name": "達昌藥局", "address": "臺北市中正區汀州路一段207號", "phone": "(02)23390109", "district": "中正區"}, "geometry": {"type": "Point", "coordinates": [121.5116217, 25.0269163]}}, {"type": "Feature", "properties": {"name": "大愛生活藥局", "address": "臺北市中正區汀州路二段232號", "phone": "(02)23661155", "district": "中正區"}, "geometry": {"type": "Point", "coordinates": [121.5242627, 25.02189463]}}, {"type": "Feature", "properties": {"name": "台醫藥局", "address": "臺北市中正區公園路30巷4號", "phone": "(02)23141202", "district": "中正區"}, "geometry": {"type": "Point", "coordinates": [121.5165555, 25.04416104]}}, {"type": "Feature", "properties": {"name": "佑康大藥局", "address": "臺北市中正區汀州路2段115號1樓", "phone": "(02)23683602", "district": "中正區"}, "geometry": {"type": "Point", "coordinates": [121.5189322, 25.02520581]}}, {"type": "Feature", "properties": {"name": "佳和藥局", "address": "臺北市中正區黎明里公園路30號", "phone": "", "district": "中正區"}, "geometry": {"type": "Point", "coordinates": [121.5168566, 25.0444824]}}, {"type": "Feature", "properties": {"name": "正康藥局", "address": "臺北市中正區漢口街1段22號", "phone": "(02)23712831", "district": "中正區"}, "geometry": {"type": "Point", "coordinates": [121.5142319, 25.04507378]}}, {"type": "Feature", "properties": {"name": "進達健保藥局", "address": "臺北市中正區中華路二段453號", "phone": "(02)23039829", "district": "中正區"}, "geometry": {"type": "Point", "coordinates": [121.5096102, 25.02490113]}}, {"type": "Feature", "properties": {"name": "活力健康藥妝藥局", "address": "臺北市中正區中華路二段315巷1號", "phone": "(02)23392625", "district": "中正區"}, "geometry": {"type": "Point", "coordinates": [121.5061962, 25.02794934]}}, {"type": "Feature", "properties": {"name": "信康藥局", "address": "臺北市中正區南昌路一段143號", "phone": "(02)23961979", "district": "中正區"}, "geometry": {"type": "Point", "coordinates": [121.5185922, 25.0295324]}}, {"type": "Feature", "properties": {"name": "保德中華藥局", "address": "臺北市中正區中華路二段159號", "phone": "(02)23027720", "district": "中正區"}, "geometry": {"type": "Point", "coordinates": [121.5042504, 25.03101283]}}, {"type": "Feature", "properties": {"name": "71恩典藥局", "address": "臺北市中正區信義路二段71號", "phone": "(02)23223371", "district": "中正區"}, "geometry": {"type": "Point", "coordinates": [121.5263958, 25.034666]}}, {"type": "Feature", "properties": {"name": "豐仁藥局", "address": "臺北市中正區寧波西街161號", "phone": "(02)23033908", "district": "中正區"}, "geometry": {"type": "Point", "coordinates": [121.5109466, 25.02735594]}}, {"type": "Feature", "properties": {"name": "立赫健保藥局", "address": "臺北市中正區新生南路一段16之2號", "phone": "(02)33223231", "district": "中正區"}, "geometry": {"type": "Point", "coordinates": [121.5326126, 25.04322641]}}, {"type": "Feature", "properties": {"name": "宏越藥局", "address": "臺北市中正區中華路2段319號1樓", "phone": "(02)23050880", "district": "中正區"}, "geometry": {"type": "Point", "coordinates": [121.506273, 25.02782978]}}, {"type": "Feature", "properties": {"name": "大盛藥局", "address": "臺北市中正區中華路一段21巷16號", "phone": "(02)23316807", "district": "中正區"}, "geometry": {"type": "Point", "coordinates": [121.5105356, 25.04645058]}}, {"type": "Feature", "properties": {"name": "北車維康藥局", "address": "臺北市中正區青島西路11號", "phone": "(02)23613509", "district": "中正區"}, "geometry": {"type": "Point", "coordinates": [121.5177666, 25.04498758]}}, {"type": "Feature", "properties": {"name": "和眾藥局", "address": "臺北市中正區忠孝西路一段6號", "phone": "(02)23911393", "district": "中正區"}, "geometry": {"type": "Point", "coordinates": [121.5180284, 25.04582575]}}, {"type": "Feature", "properties": {"name": "躍獅南門藥局", "address": "臺北市中正區中華路二段39巷10號", "phone": "(02)23141111", "district": "中正區"}, "geometry": {"type": "Point", "coordinates": [121.5073633, 25.03483495]}}, {"type": "Feature", "properties": {"name": "桐心藥局", "address": "臺北市中正區金華街18之6號1樓", "phone": "(02)23581663", "district": "中正區"}, "geometry": {"type": "Point", "coordinates": [121.5202152, 25.03175306]}}, {"type": "Feature", "properties": {"name": "珍忻藥局", "address": "臺北市中正區南昌路一段65號", "phone": "(02)23965115", "district": "中正區"}, "geometry": {"type": "Point", "coordinates": [121.517452, 25.03106799]}}, {"type": "Feature", "properties": {"name": "博昱連雲藥局", "address": "臺北市中正區連雲街72號、72之1號", "phone": "(02)23581898", "district": "中正區"}, "geometry": {"type": "Point", "coordinates": [121.5299712, 25.03454651]}}, {"type": "Feature", "properties": {"name": "鈞安藥局", "address": "臺北市中正區中華路2段425號1樓", "phone": "(02)23098282", "district": "中正區"}, "geometry": {"type": "Point", "coordinates": [121.5088598, 25.02539709]}}, {"type": "Feature", "properties": {"name": "躍獅東門藥局", "address": "臺北市中正區金山南路1段108之1號(1樓)", "phone": "(02)23920339", "district": "中正區"}, "geometry": {"type": "Point", "coordinates": [121.5198716, 25.0421407]}}, {"type": "Feature", "properties": {"name": "康呈安藥局", "address": "臺北市中正區汀州路2段187號1樓", "phone": "(02)23672215", "district": "中正區"}, "geometry": {"type": "Point", "coordinates": [121.5219845, 25.02403149]}}, {"type": "Feature", "properties": {"name": "汀州藥局", "address": "臺北市中正區汀州路1段187、189、191號(1樓)", "phone": "(02)23090705", "district": "中正區"}, "geometry": {"type": "Point", "coordinates": [121.511146, 25.0269395]}}, {"type": "Feature", "properties": {"name": "中英大藥局", "address": "臺北市中正區永綏街6號1樓", "phone": "(02)23615654", "district": "中正區"}, "geometry": {"type": "Point", "coordinates": [121.5111801, 25.04299801]}}, {"type": "Feature", "properties": {"name": "子榕藥局", "address": "臺北市中正區博愛路9號3樓", "phone": "(02)23116993", "district": "中正區"}, "geometry": {"type": "Point", "coordinates": [121.5115032, 25.04591542]}}, {"type": "Feature", "properties": {"name": "愛國藥局", "address": "臺北市中正區延平南路210號(1樓)", "phone": "(02)23826211", "district": "中正區"}, "geometry": {"type": "Point", "coordinates": [121.5074698, 25.0347608]}}, {"type": "Feature", "properties": {"name": "中力藥局", "address": "臺北市中正區襄陽路13之5號1樓、15號(1樓)", "phone": "(02)23313768", "district": "中正區"}, "geometry": {"type": "Point", "coordinates": [121.5155382, 25.04349556]}}, {"type": "Feature", "properties": {"name": "專品公園藥局", "address": "臺北市中正區公園路32號1樓", "phone": "(02)23142338", "district": "中正區"}, "geometry": {"type": "Point", "coordinates": [121.516754, 25.04410123]}}, {"type": "Feature", "properties": {"name": "日上藥局", "address": "臺北市中正區汀州路1段366號1樓、368號1樓", "phone": "(02)23378096", "district": "中正區"}, "geometry": {"type": "Point", "coordinates": [121.5131885, 25.02632858]}}, {"type": "Feature", "properties": {"name": "博醫和平藥局", "address": "臺北市中正區中華路2段75巷1弄39號1樓", "phone": "(02)23120053", "district": "中正區"}, "geometry": {"type": "Point", "coordinates": [121.506759, 25.03496529]}}, {"type": "Feature", "properties": {"name": "臨沂中西藥局", "address": "臺北市中正區忠孝東路2段134巷26號(1樓)", "phone": "", "district": "中正區"}, "geometry": {"type": "Point", "coordinates": [121.5268527, 25.043762]}}, {"type": "Feature", "properties": {"name": "躍獅南寧藥局", "address": "臺北市中正區南昌路1段81號1樓", "phone": "(02)23967072", "district": "中正區"}, "geometry": {"type": "Point", "coordinates": [121.5178122, 25.03057386]}}, {"type": "Feature", "properties": {"name": "專品南昌藥局", "address": "臺北市中正區南昌路1段66號1樓", "phone": "(02)23560069", "district": "中正區"}, "geometry": {"type": "Point", "coordinates": [121.5171172, 25.03120561]}}, {"type": "Feature", "properties": {"name": "利保肝博愛藥局", "address": "臺北市中正區博愛路9號1樓", "phone": "(02)23123119", "district": "中正區"}, "geometry": {"type": "Point", "coordinates": [121.5115032, 25.04591542]}}, {"type": "Feature", "properties": {"name": "南昌春天藥局", "address": "臺北市中正區南昌路1段157號1樓", "phone": "(02)23972886", "district": "中正區"}, "geometry": {"type": "Point", "coordinates": [121.5187816, 25.0292682]}}, {"type": "Feature", "properties": {"name": "健歆藥局", "address": "臺北市中正區金山南路1段139號1樓", "phone": "(02)23912858", "district": "中正區"}, "geometry": {"type": "Point", "coordinates": [121.5275891, 25.0351731]}}, {"type": "Feature", "properties": {"name": "和平藥局", "address": "臺北市中正區中華路2段43號1樓", "phone": "(02)23755303", "district": "中正區"}, "geometry": {"type": "Point", "coordinates": [121.5063729, 25.03508199]}}, {"type": "Feature", "properties": {"name": "立赫景福藥局", "address": "臺北市中正區公園路28號1樓", "phone": "(02)23616162", "district": "中正區"}, "geometry": {"type": "Point", "coordinates": [121.516969, 25.04485133]}}, {"type": "Feature", "properties": {"name": "十二願禮藥局", "address": "臺北市中正區許昌街4號(1樓)", "phone": "(02)23143004", "district": "中正區"}, "geometry": {"type": "Point", "coordinates": [121.5170434, 25.0454278]}}, {"type": "Feature", "properties": {"name": "森詠藥局", "address": "臺北市中正區南昌路1段130號1樓", "phone": "(02)23962120", "district": "中正區"}, "geometry": {"type": "Point", "coordinates": [121.5183291, 25.0295693]}}, {"type": "Feature", "properties": {"name": "華山原美學藥局", "address": "臺北市中正區金山南路1段58號6樓", "phone": "(02)23940150", "district": "中正區"}, "geometry": {"type": "Point", "coordinates": [121.5289806, 25.04071163]}}, {"type": "Feature", "properties": {"name": "崇信藥局", "address": "臺北市中正區齊東街８８號", "phone": "(02)23417557", "district": "中正區"}, "geometry": {"type": "Point", "coordinates": [121.5271509, 25.04162388]}}, {"type": "Feature", "properties": {"name": "民生藥局", "address": "臺北市中正區濟南路二段45之1號", "phone": "(02)23416470", "district": "中正區"}, "geometry": {"type": "Point", "coordinates": [121.5305404, 25.040599]}}, {"type": "Feature", "properties": {"name": "新德星中西藥局", "address": "臺北市中正區信陽街３號１樓", "phone": "(02)23614598", "district": "中正區"}, "geometry": {"type": "Point", "coordinates": [121.5168723, 25.04469998]}}, {"type": "Feature", "properties": {"name": "東鴻藥局", "address": "臺北市中正區臨沂街７１巷３號", "phone": "(02)23218648", "district": "中正區"}, "geometry": {"type": "Point", "coordinates": [121.5283109, 25.0353619]}}, {"type": "Feature", "properties": {"name": "祥全藥局", "address": "臺北市中正區信義路二段７９巷１５號之８一樓", "phone": "(02)23939339", "district": "中正區"}, "geometry": {"type": "Point", "coordinates": [121.5269142, 25.035225]}}, {"type": "Feature", "properties": {"name": "新介春藥局", "address": "臺北市大同區酒泉街１６６號", "phone": "(02)25862265", "district": "大同區"}, "geometry": {"type": "Point", "coordinates": [121.5117089, 25.07201415]}}, {"type": "Feature", "properties": {"name": "惠眾藥局", "address": "臺北市大同區重慶北路三段三三五巷四十三號", "phone": "(02)25981269", "district": "大同區"}, "geometry": {"type": "Point", "coordinates": [121.5136876, 25.070191]}}, {"type": "Feature", "properties": {"name": "柯藥局", "address": "臺北市大同區重慶北路三段３３５巷６號", "phone": "(02)25948515", "district": "大同區"}, "geometry": {"type": "Point", "coordinates": [121.5143673, 25.0745193]}}, {"type": "Feature", "properties": {"name": "時春藥局", "address": "臺北市大同區赤峰街４號", "phone": "(02)25597918", "district": "大同區"}, "geometry": {"type": "Point", "coordinates": [121.5191148, 25.05355692]}}, {"type": "Feature", "properties": {"name": "裕仁藥局", "address": "臺北市大同區迪化街二段270之1號", "phone": "(02)25910064", "district": "大同區"}, "geometry": {"type": "Point", "coordinates": [121.5114585, 25.07068401]}}, {"type": "Feature", "properties": {"name": "健康藥局", "address": "臺北市大同區寧夏路２３號之４", "phone": "(02)25551219", "district": "大同區"}, "geometry": {"type": "Point", "coordinates": [121.5151234, 25.05512088]}}, {"type": "Feature", "properties": {"name": "泰元藥局", "address": "臺北市大同區哈密街九十一號", "phone": "(02)25914592", "district": "大同區"}, "geometry": {"type": "Point", "coordinates": [121.5146192, 25.0730297]}}, {"type": "Feature", "properties": {"name": "正中藥局", "address": "臺北市大同區民族西路二一三號", "phone": "(02)25976937", "district": "大同區"}, "geometry": {"type": "Point", "coordinates": [121.5142206, 25.0687427]}}, {"type": "Feature", "properties": {"name": "保慶藥局", "address": "臺北市大同區保安街21號", "phone": "(02)25538988", "district": "大同區"}, "geometry": {"type": "Point", "coordinates": [121.5129438, 25.05925826]}}, {"type": "Feature", "properties": {"name": "快安藥局", "address": "臺北市大同區南京西路282、284號", "phone": "(02)25561925", "district": "大同區"}, "geometry": {"type": "Point", "coordinates": [121.514593, 25.0534849]}}, {"type": "Feature", "properties": {"name": "得意藥師藥局", "address": "臺北市大同區延平北路二段229號", "phone": "(02)25534294", "district": "大同區"}, "geometry": {"type": "Point", "coordinates": [121.5114674, 25.0602889]}}, {"type": "Feature", "properties": {"name": "健康美藥局", "address": "臺北市大同區民族西路165號", "phone": "(02)25976707", "district": "大同區"}, "geometry": {"type": "Point", "coordinates": [121.515522, 25.06872156]}}, {"type": "Feature", "properties": {"name": "宏泰藥師藥局", "address": "臺北市大同區酒泉街123號1樓", "phone": "(02)25957025", "district": "大同區"}, "geometry": {"type": "Point", "coordinates": [121.5146752, 25.07212952]}}, {"type": "Feature", "properties": {"name": "儷安藥局", "address": "臺北市大同區錦西街53巷16號", "phone": "(02)25578033", "district": "大同區"}, "geometry": {"type": "Point", "coordinates": [121.5158324, 25.06065271]}}, {"type": "Feature", "properties": {"name": "富康藥局", "address": "臺北市大同區延平北路二段126號", "phone": "(02)25537782", "district": "大同區"}, "geometry": {"type": "Point", "coordinates": [121.5114593, 25.05733357]}}, {"type": "Feature", "properties": {"name": "佳禾藥局", "address": "臺北市大同區大龍街262號", "phone": "(02)25953806", "district": "大同區"}, "geometry": {"type": "Point", "coordinates": [121.5158326, 25.07060943]}}, {"type": "Feature", "properties": {"name": "躍獅雙蓮藥局", "address": "臺北市大同區涼州街4號", "phone": "(02)25537551", "district": "大同區"}, "geometry": {"type": "Point", "coordinates": [121.5146778, 25.0607761]}}, {"type": "Feature", "properties": {"name": "延平新聖安藥局", "address": "臺北市大同區延平北路三段35號", "phone": "(02)25923399", "district": "大同區"}, "geometry": {"type": "Point", "coordinates": [121.5112006, 25.06474679]}}, {"type": "Feature", "properties": {"name": "旭豐藥局", "address": "臺北市大同區昌吉街96號", "phone": "(02)25853880", "district": "大同區"}, "geometry": {"type": "Point", "coordinates": [121.5151208, 25.06582371]}}, {"type": "Feature", "properties": {"name": "中興聯合藥局", "address": "臺北市大同區鄭州路127號(實際營業地址：1樓)", "phone": "(02)25502952", "district": "大同區"}, "geometry": {"type": "Point", "coordinates": [121.5108035, 25.050385]}}, {"type": "Feature", "properties": {"name": "躍獅文昌藥局", "address": "臺北市大同區民生西路108號(實際營業:一層)", "phone": "(02)25586189", "district": "大同區"}, "geometry": {"type": "Point", "coordinates": [121.519676, 25.05740036]}}, {"type": "Feature", "properties": {"name": "新聖安藥局", "address": "臺北市大同區昌吉街130號", "phone": "(02)25977877", "district": "大同區"}, "geometry": {"type": "Point", "coordinates": [121.5142818, 25.06583938]}}, {"type": "Feature", "properties": {"name": "大同民生藥局", "address": "臺北市大同區民生西路128號(1樓、2樓)及130號(1樓、2樓)", "phone": "(02)25558886", "district": "大同區"}, "geometry": {"type": "Point", "coordinates": [121.5191196, 25.0573343]}}, {"type": "Feature", "properties": {"name": "123宅藥局", "address": "臺北市大同區鄭州路123號(1樓)", "phone": "", "district": "大同區"}, "geometry": {"type": "Point", "coordinates": [121.510881, 25.050355]}}, {"type": "Feature", "properties": {"name": "慶福藥局", "address": "臺北市大同區南京西路 233巷2號(1樓)", "phone": "(02)25503628", "district": "大同區"}, "geometry": {"type": "Point", "coordinates": [121.5104049, 25.0539876]}}, {"type": "Feature", "properties": {"name": "延平藥局", "address": "臺北市大同區延平北路3段4號1樓", "phone": "(02)25986800", "district": "大同區"}, "geometry": {"type": "Point", "coordinates": [121.5110505, 25.06343661]}}, {"type": "Feature", "properties": {"name": "立赫大龍藥局", "address": "臺北市大同區大龍街263號(1樓)", "phone": "(02)25953233", "district": "大同區"}, "geometry": {"type": "Point", "coordinates": [121.5159775, 25.0716743]}}, {"type": "Feature", "properties": {"name": "春鄰藥局", "address": "臺北市大同區華亭街1號(1樓)", "phone": "(02)25526289", "district": "大同區"}, "geometry": {"type": "Point", "coordinates": [121.5133706, 25.0522164]}}, {"type": "Feature", "properties": {"name": "德芳藥局", "address": "臺北市大同區民生西路91號1樓", "phone": "(02)25576869", "district": "大同區"}, "geometry": {"type": "Point", "coordinates": [121.5193694, 25.05761803]}}, {"type": "Feature", "properties": {"name": "光年藥局", "address": "臺北市大同區民族西路258號1樓", "phone": "", "district": "大同區"}, "geometry": {"type": "Point", "coordinates": [121.5121469, 25.06853408]}}, {"type": "Feature", "properties": {"name": "圓保藥局", "address": "臺北市大同區酒泉街131號(1樓)", "phone": "(02)25850045", "district": "大同區"}, "geometry": {"type": "Point", "coordinates": [121.5144821, 25.0721497]}}, {"type": "Feature", "properties": {"name": "慈仁藥局", "address": "臺北市大同區歸綏街２６１號１樓", "phone": "(02)25572733", "district": "大同區"}, "geometry": {"type": "Point", "coordinates": [121.5101298, 25.05832209]}}, {"type": "Feature", "properties": {"name": "三省大藥局", "address": "臺北市大同區民族西路３０３巷１９號１樓", "phone": "(02)25353540", "district": "大同區"}, "geometry": {"type": "Point", "coordinates": [121.510236, 25.06926528]}}, {"type": "Feature", "properties": {"name": "三銘大藥局", "address": "臺北市大同區迪化街一段80號", "phone": "(02)25583392", "district": "大同區"}, "geometry": {"type": "Point", "coordinates": [121.509909, 25.05580837]}}, {"type": "Feature", "properties": {"name": "弘仁全民藥局", "address": "臺北市大同區重慶北路2段119號1樓", "phone": "(02)225579235", "district": "大同區"}, "geometry": {"type": "Point", "coordinates": [121.5138797, 25.05756886]}}, {"type": "Feature", "properties": {"name": "建祥藥局", "address": "臺北市大同區寧夏路17號、17-1號", "phone": "(02)25564339", "district": "大同區"}, "geometry": {"type": "Point", "coordinates": [121.5150437, 25.05485023]}}, {"type": "Feature", "properties": {"name": "華南藥局", "address": "臺北市大同區迪化街二段二一五號之一", "phone": "(02)25921093", "district": "大同區"}, "geometry": {"type": "Point", "coordinates": [121.5116909, 25.07036682]}}, {"type": "Feature", "properties": {"name": "德葳藥局", "address": "臺北市大同區延平北路二段二一一號一樓", "phone": "(02)25573474", "district": "大同區"}, "geometry": {"type": "Point", "coordinates": [121.5115042, 25.05973935]}}, {"type": "Feature", "properties": {"name": "酒泉春天藥局", "address": "臺北市大同區酒泉街94號1樓、2樓", "phone": "(02)25977932", "district": "大同區"}, "geometry": {"type": "Point", "coordinates": [121.514555, 25.07193436]}}, {"type": "Feature", "properties": {"name": "弘元中西藥局", "address": "臺北市中山區長安東路2段64號1樓", "phone": "(02)25185688", "district": "中山區"}, "geometry": {"type": "Point", "coordinates": [121.5335125, 25.048345]}}, {"type": "Feature", "properties": {"name": "錦西春天生活藥局", "address": "臺北市中山區錦西街10號1樓", "phone": "(02)25312658", "district": "中山區"}, "geometry": {"type": "Point", "coordinates": [121.5215743, 25.06024008]}}, {"type": "Feature", "properties": {"name": "喜康中西藥局", "address": "臺北市中山區錦州街185號1樓", "phone": "(02)25222488", "district": "中山區"}, "geometry": {"type": "Point", "coordinates": [121.5311529, 25.06041838]}}, {"type": "Feature", "properties": {"name": "沛久藥局", "address": "臺北市中山區林森北路291號(1樓)", "phone": "", "district": "中山區"}, "geometry": {"type": "Point", "coordinates": [121.5256357, 25.0556793]}}, {"type": "Feature", "properties": {"name": "艾禾藥局", "address": "臺北市中山區大直街63號1樓", "phone": "", "district": "中山區"}, "geometry": {"type": "Point", "coordinates": [121.546436, 25.08352992]}}, {"type": "Feature", "properties": {"name": "中崙藥局", "address": "臺北市中山區八德路2段307號(1樓)", "phone": "(02)27114971", "district": "中山區"}, "geometry": {"type": "Point", "coordinates": [121.542655, 25.047402]}}, {"type": "Feature", "properties": {"name": "錦州藥局", "address": "臺北市中山區錦州街244號1樓", "phone": "(02)25026650", "district": "中山區"}, "geometry": {"type": "Point", "coordinates": [121.5338696, 25.06026262]}}, {"type": "Feature", "properties": {"name": "農安藥局", "address": "臺北市中山區農安街18之1號1樓", "phone": "(02)25959293", "district": "中山區"}, "geometry": {"type": "Point", "coordinates": [121.5247732, 25.06483218]}}, {"type": "Feature", "properties": {"name": "吉林藥局", "address": "臺北市中山區吉林路371號(1樓)", "phone": "(02)25865990", "district": "中山區"}, "geometry": {"type": "Point", "coordinates": [121.5304933, 25.0650386]}}, {"type": "Feature", "properties": {"name": "滿順藥局", "address": "臺北市中山區伊通街54號(1樓)", "phone": "(02)25075283", "district": "中山區"}, "geometry": {"type": "Point", "coordinates": [121.5346392, 25.0514481]}}, {"type": "Feature", "properties": {"name": "躍獅冠冠藥局", "address": "臺北市中山區中原街17號1樓", "phone": "(02)25433431", "district": "中山區"}, "geometry": {"type": "Point", "coordinates": [121.5289329, 25.05585818]}}, {"type": "Feature", "properties": {"name": "永直藥局", "address": "臺北市中山區北安路595巷2弄6號1樓", "phone": "(02)85098059", "district": "中山區"}, "geometry": {"type": "Point", "coordinates": [121.5482952, 25.08192618]}}, {"type": "Feature", "properties": {"name": "中山伊通藥局", "address": "臺北市中山區伊通街97之2號", "phone": "", "district": "中山區"}, "geometry": {"type": "Point", "coordinates": [121.5348936, 25.05317459]}}, {"type": "Feature", "properties": {"name": "杏一龍錦藥局", "address": "臺北市中山區龍江路279號1樓", "phone": "(02)25174618", "district": "中山區"}, "geometry": {"type": "Point", "coordinates": [121.5408299, 25.05973159]}}, {"type": "Feature", "properties": {"name": "十二願湛藥局", "address": "臺北市中山區樂群二路178號1樓", "phone": "(02)85022178", "district": "中山區"}, "geometry": {"type": "Point", "coordinates": [121.5579856, 25.07958071]}}, {"type": "Feature", "properties": {"name": "明水藥局", "address": "臺北市中山區明水路651號1樓", "phone": "(02)25331121", "district": "中山區"}, "geometry": {"type": "Point", "coordinates": [121.5508491, 25.08301872]}}, {"type": "Feature", "properties": {"name": "起點藥局", "address": "臺北市中山區雙城街3巷18號1樓", "phone": "", "district": "中山區"}, "geometry": {"type": "Point", "coordinates": [121.5252291, 25.06326224]}}, {"type": "Feature", "properties": {"name": "吉林台安藥局", "address": "臺北市中山區吉林路399號1樓", "phone": "(02)25969580", "district": "中山區"}, "geometry": {"type": "Point", "coordinates": [121.5305078, 25.06587178]}}, {"type": "Feature", "properties": {"name": "農安台安藥局", "address": "臺北市中山區農安街267號1樓", "phone": "(02)25038205", "district": "中山區"}, "geometry": {"type": "Point", "coordinates": [121.5358091, 25.06476458]}}, {"type": "Feature", "properties": {"name": "美康正康藥局", "address": "臺北市中山區北安路616之1號(1樓) 、618號2樓之1", "phone": "(02)25323077", "district": "中山區"}, "geometry": {"type": "Point", "coordinates": [121.5490517, 25.0824259]}}, {"type": "Feature", "properties": {"name": "易康藥局", "address": "臺北市中山區堤頂大道2段302號(1樓)、304號(1樓)", "phone": "(02)85029138", "district": "中山區"}, "geometry": {"type": "Point", "coordinates": [121.5643243, 25.0783725]}}, {"type": "Feature", "properties": {"name": "星安藥局", "address": "臺北市中山區龍江路278號1樓", "phone": "(02)25168112", "district": "中山區"}, "geometry": {"type": "Point", "coordinates": [121.5406644, 25.06084117]}}, {"type": "Feature", "properties": {"name": "躍健康藥局", "address": "臺北市中山區八德路2段298號(1樓)", "phone": "(02)27772715", "district": "中山區"}, "geometry": {"type": "Point", "coordinates": [121.5421421, 25.0469978]}}, {"type": "Feature", "properties": {"name": "大信藥局", "address": "臺北市中山區林森北路159巷6號", "phone": "(02)25719080", "district": "中山區"}, "geometry": {"type": "Point", "coordinates": [121.5255415, 25.05169934]}}, {"type": "Feature", "properties": {"name": "承恩藥局", "address": "臺北市中山區林森北路119巷55號1樓", "phone": "(02)25625117", "district": "中山區"}, "geometry": {"type": "Point", "coordinates": [121.5269316, 25.05036026]}}, {"type": "Feature", "properties": {"name": "明美藥局", "address": "臺北市中山區長春路６９號１樓", "phone": "(02)25365419", "district": "中山區"}, "geometry": {"type": "Point", "coordinates": [121.5265867, 25.0550218]}}, {"type": "Feature", "properties": {"name": "長生藥局", "address": "臺北市中山區松江路３６２巷５５號１樓", "phone": "(02)25816210", "district": "中山區"}, "geometry": {"type": "Point", "coordinates": [121.5313135, 25.06206744]}}, {"type": "Feature", "properties": {"name": "能康藥局", "address": "臺北市中山區長春路４６號", "phone": "(02)25429426", "district": "中山區"}, "geometry": {"type": "Point", "coordinates": [121.5256293, 25.05481774]}}, {"type": "Feature", "properties": {"name": "貢玄藥局", "address": "臺北市中山區錦州街２0７號", "phone": "(02)25637847", "district": "中山區"}, "geometry": {"type": "Point", "coordinates": [121.5319628, 25.06039407]}}, {"type": "Feature", "properties": {"name": "建元藥局", "address": "臺北市中山區德惠街79巷8號", "phone": "(02)25986171", "district": "中山區"}, "geometry": {"type": "Point", "coordinates": [121.5284529, 25.0670582]}}, {"type": "Feature", "properties": {"name": "榮昌藥局", "address": "臺北市中山區雙城街十七之三號", "phone": "", "district": "中山區"}, "geometry": {"type": "Point", "coordinates": [121.5244152, 25.06463068]}}, {"type": "Feature", "properties": {"name": "華友藥局", "address": "臺北市中山區龍江路３５６巷２７號１樓", "phone": "(02)25007159", "district": "中山區"}, "geometry": {"type": "Point", "coordinates": [121.5398617, 25.06607623]}}, {"type": "Feature", "properties": {"name": "惠友藥局", "address": "臺北市中山區一江街６０號一樓", "phone": "(02)25712813", "district": "中山區"}, "geometry": {"type": "Point", "coordinates": [121.5314085, 25.05444439]}}, {"type": "Feature", "properties": {"name": "康仁藥局", "address": "臺北市中山區北安路578巷8弄3號", "phone": "(02)25323739", "district": "中山區"}, "geometry": {"type": "Point", "coordinates": [121.548865, 25.08063238]}}, {"type": "Feature", "properties": {"name": "名章藥局", "address": "臺北市中山區興安街５１－５號１樓", "phone": "(02)25034331", "district": "中山區"}, "geometry": {"type": "Point", "coordinates": [121.5412817, 25.05620776]}}, {"type": "Feature", "properties": {"name": "大直藥局", "address": "臺北市中山區北安路617號1樓", "phone": "(02)25320522", "district": "中山區"}, "geometry": {"type": "Point", "coordinates": [121.5488379, 25.08272832]}}, {"type": "Feature", "properties": {"name": "慈海藥局", "address": "臺北市中山區中原街一四三號", "phone": "(02)25940989", "district": "中山區"}, "geometry": {"type": "Point", "coordinates": [121.5291312, 25.06427377]}}, {"type": "Feature", "properties": {"name": "蓁榛健康生活藥局", "address": "臺北市中山區合江街100之2號1樓", "phone": "(02)25097780", "district": "中山區"}, "geometry": {"type": "Point", "coordinates": [121.53911, 25.05845421]}}, {"type": "Feature", "properties": {"name": "中興藥局", "address": "臺北市中山區長安東路2段226號", "phone": "(02)27774628", "district": "中山區"}, "geometry": {"type": "Point", "coordinates": [121.5427089, 25.04818087]}}, {"type": "Feature", "properties": {"name": "王中興藥局", "address": "臺北市中山區龍江路273號", "phone": "(02)25034281", "district": "中山區"}, "geometry": {"type": "Point", "coordinates": [121.5408259, 25.05955642]}}, {"type": "Feature", "properties": {"name": "興耀生活藥局", "address": "臺北市中山區林森北路405號(1樓)", "phone": "(02)25818210", "district": "中山區"}, "geometry": {"type": "Point", "coordinates": [121.5256883, 25.0593503]}}, {"type": "Feature", "properties": {"name": "視美藥局", "address": "臺北市中山區民權東路三段６０巷８號１樓", "phone": "(02)25019597", "district": "中山區"}, "geometry": {"type": "Point", "coordinates": [121.5423043, 25.06160802]}}, {"type": "Feature", "properties": {"name": "百源堂大藥局", "address": "臺北市中山區長安東路二段四十七之五號一樓", "phone": "(02)25630711", "district": "中山區"}, "geometry": {"type": "Point", "coordinates": [121.5322474, 25.04857182]}}, {"type": "Feature", "properties": {"name": "名祥藥局", "address": "臺北市中山區龍江路１６６號", "phone": "(02)25036265", "district": "中山區"}, "geometry": {"type": "Point", "coordinates": [121.5404011, 25.05505954]}}, {"type": "Feature", "properties": {"name": "順泰藥局", "address": "臺北市中山區錦州街266號1樓", "phone": "(02)25038916", "district": "中山區"}, "geometry": {"type": "Point", "coordinates": [121.5347502, 25.06025322]}}, {"type": "Feature", "properties": {"name": "優豐藥局", "address": "臺北市中山區民生東路一段三十二號", "phone": "(02)25602565", "district": "中山區"}, "geometry": {"type": "Point", "coordinates": [121.524223, 25.05793492]}}, {"type": "Feature", "properties": {"name": "泰興藥局", "address": "臺北市中山區新生北路二段６２巷３２號", "phone": "(02)25371586", "district": "中山區"}, "geometry": {"type": "Point", "coordinates": [121.5263361, 25.05613101]}}, {"type": "Feature", "properties": {"name": "阿里藥局", "address": "臺北市中山區錦州街251號1樓", "phone": "(02)25020638", "district": "中山區"}, "geometry": {"type": "Point", "coordinates": [121.5341938, 25.06039343]}}, {"type": "Feature", "properties": {"name": "良佑藥局", "address": "臺北市中山區撫順街６之２號１樓", "phone": "(02)25916402", "district": "中山區"}, "geometry": {"type": "Point", "coordinates": [121.5214126, 25.06365813]}}, {"type": "Feature", "properties": {"name": "第一藥局", "address": "臺北市中山區合江街１７巷６號", "phone": "(02)25030124", "district": "中山區"}, "geometry": {"type": "Point", "coordinates": [121.5394128, 25.05510083]}}, {"type": "Feature", "properties": {"name": "立大藥局", "address": "臺北市中山區吉林路144巷14號", "phone": "(02)25313844", "district": "中山區"}, "geometry": {"type": "Point", "coordinates": [121.5295776, 25.05598437]}}, {"type": "Feature", "properties": {"name": "長青藥局", "address": "臺北市中山區興安街５５號１樓", "phone": "(02)25053160", "district": "中山區"}, "geometry": {"type": "Point", "coordinates": [121.5418871, 25.05620708]}}, {"type": "Feature", "properties": {"name": "晏晟藥局", "address": "臺北市中山區林森北路６２５號", "phone": "(02)25851445", "district": "中山區"}, "geometry": {"type": "Point", "coordinates": [121.5258586, 25.0670343]}}, {"type": "Feature", "properties": {"name": "美日藥局", "address": "臺北市中山區天津街六十六號一樓", "phone": "(02)25631662", "district": "中山區"}, "geometry": {"type": "Point", "coordinates": [121.5232742, 25.05136434]}}, {"type": "Feature", "properties": {"name": "人人藥局", "address": "臺北市中山區吉林路二六七號一樓", "phone": "(02)25630798", "district": "中山區"}, "geometry": {"type": "Point", "coordinates": [121.5303983, 25.06208985]}}, {"type": "Feature", "properties": {"name": "文德藥局", "address": "臺北市中山區龍江路356巷22號1樓", "phone": "(02)25181178", "district": "中山區"}, "geometry": {"type": "Point", "coordinates": [121.5399659, 25.065915]}}, {"type": "Feature", "properties": {"name": "展佑藥局", "address": "臺北市中山區長春路一四六之一號", "phone": "(02)25232803", "district": "中山區"}, "geometry": {"type": "Point", "coordinates": [121.5317112, 25.05472764]}}, {"type": "Feature", "properties": {"name": "祥泰藥局", "address": "臺北市中山區林森北路136號", "phone": "(02)25614200", "district": "中山區"}, "geometry": {"type": "Point", "coordinates": [121.5250871, 25.05141934]}}, {"type": "Feature", "properties": {"name": "嘉恩藥局", "address": "臺北市中山區錦州街321號", "phone": "(02)25181418", "district": "中山區"}, "geometry": {"type": "Point", "coordinates": [121.538508, 25.06032598]}}, {"type": "Feature", "properties": {"name": "樂活苑藥局", "address": "臺北市中山區北安路546號1樓", "phone": "(02)25323296", "district": "中山區"}, "geometry": {"type": "Point", "coordinates": [121.547952, 25.08014025]}}, {"type": "Feature", "properties": {"name": "麗亞藥局", "address": "臺北市中山區雙城街32號", "phone": "(02)25981065", "district": "中山區"}, "geometry": {"type": "Point", "coordinates": [121.5242361, 25.06634085]}}, {"type": "Feature", "properties": {"name": "大愛藥師藥局", "address": "臺北市中山區吉林路255號", "phone": "(02)25424723", "district": "中山區"}, "geometry": {"type": "Point", "coordinates": [121.5303915, 25.06164733]}}, {"type": "Feature", "properties": {"name": "久大藥局", "address": "臺北市中山區林森北路480號", "phone": "(02)25111594", "district": "中山區"}, "geometry": {"type": "Point", "coordinates": [121.5254776, 25.06126938]}}, {"type": "Feature", "properties": {"name": "專心藥局", "address": "臺北市中山區伊通街112之2號", "phone": "(02)25155847", "district": "中山區"}, "geometry": {"type": "Point", "coordinates": [121.5347251, 25.0542576]}}, {"type": "Feature", "properties": {"name": "康林藥局", "address": "臺北市中山區興安街105號", "phone": "(02)25171867", "district": "中山區"}, "geometry": {"type": "Point", "coordinates": [121.5437701, 25.05616582]}}, {"type": "Feature", "properties": {"name": "民生興安藥局", "address": "臺北市中山區民生東路3段90之1號", "phone": "(02)25018310", "district": "中山區"}, "geometry": {"type": "Point", "coordinates": [121.543538, 25.05745882]}}, {"type": "Feature", "properties": {"name": "啟美藥師藥局", "address": "臺北市中山區錦州街282號", "phone": "(02)25178032", "district": "中山區"}, "geometry": {"type": "Point", "coordinates": [121.5352375, 25.06023864]}}, {"type": "Feature", "properties": {"name": "龍江藥局", "address": "臺北市中山區龍江路356巷14號", "phone": "(02)25023724", "district": "中山區"}, "geometry": {"type": "Point", "coordinates": [121.5402935, 25.06591256]}}, {"type": "Feature", "properties": {"name": "躍獅晴光藥局", "address": "臺北市中山區農安街23之2號", "phone": "(02)25951393", "district": "中山區"}, "geometry": {"type": "Point", "coordinates": [121.5245403, 25.06500749]}}, {"type": "Feature", "properties": {"name": "德惠藥局", "address": "臺北市中山區德惠街122號", "phone": "(02)25971131", "district": "中山區"}, "geometry": {"type": "Point", "coordinates": [121.5300424, 25.06652212]}}, {"type": "Feature", "properties": {"name": "金生藥局", "address": "臺北市中山區長安東路2段167之1號", "phone": "(02)87729808", "district": "中山區"}, "geometry": {"type": "Point", "coordinates": [121.5406803, 25.04842621]}}, {"type": "Feature", "properties": {"name": "興康源藥局", "address": "臺北市中山區中山北路1段140巷8號", "phone": "(02)25311248", "district": "中山區"}, "geometry": {"type": "Point", "coordinates": [121.5214016, 25.05143389]}}, {"type": "Feature", "properties": {"name": "富宥康藥局", "address": "臺北市中山區北安路608巷5弄22號", "phone": "(02)25324769", "district": "中山區"}, "geometry": {"type": "Point", "coordinates": [121.5496274, 25.08262868]}}, {"type": "Feature", "properties": {"name": "淮濟藥師藥局", "address": "臺北市中山區北安路570號(實際營業地址:1樓及地下1樓)", "phone": "(02)85098636", "district": "中山區"}, "geometry": {"type": "Point", "coordinates": [121.548559, 25.080761]}}, {"type": "Feature", "properties": {"name": "逸帆藥局", "address": "臺北市中山區錦州街189號", "phone": "", "district": "中山區"}, "geometry": {"type": "Point", "coordinates": [121.5312441, 25.0604171]}}, {"type": "Feature", "properties": {"name": "正傑健保藥局", "address": "臺北市中山區長安東路二段181號", "phone": "(02)27310181", "district": "中山區"}, "geometry": {"type": "Point", "coordinates": [121.5425691, 25.04838455]}}, {"type": "Feature", "properties": {"name": "中山藥局", "address": "臺北市中山區林森北路128號", "phone": "(02)25236979", "district": "中山區"}, "geometry": {"type": "Point", "coordinates": [121.5250397, 25.05124953]}}, {"type": "Feature", "properties": {"name": "保德明水藥局", "address": "臺北市中山區北安路608巷4弄1號", "phone": "(02)85097769", "district": "中山區"}, "geometry": {"type": "Point", "coordinates": [121.5492907, 25.08191229]}}, {"type": "Feature", "properties": {"name": "廣福中西藥局", "address": "臺北市中山區錦州街406號", "phone": "(02)25189489", "district": "中山區"}, "geometry": {"type": "Point", "coordinates": [121.5416596, 25.06011408]}}, {"type": "Feature", "properties": {"name": "大直健康藥局", "address": "臺北市中山區北安路591號", "phone": "(02)25323310", "district": "中山區"}, "geometry": {"type": "Point", "coordinates": [121.5486435, 25.08194407]}}, {"type": "Feature", "properties": {"name": "娸淇藥局", "address": "臺北市中山區伊通街95號", "phone": "(02)25082762", "district": "中山區"}, "geometry": {"type": "Point", "coordinates": [121.5348918, 25.0530723]}}, {"type": "Feature", "properties": {"name": "OK藥師藥局", "address": "臺北市中山區興安街95號", "phone": "(02)25170068", "district": "中山區"}, "geometry": {"type": "Point", "coordinates": [121.5434646, 25.05615461]}}, {"type": "Feature", "properties": {"name": "昶青林森藥局", "address": "臺北市中山區林森北路119巷18號(1樓)", "phone": "(02)25639939", "district": "中山區"}, "geometry": {"type": "Point", "coordinates": [121.5258714, 25.0504071]}}, {"type": "Feature", "properties": {"name": "麗恩藥局", "address": "臺北市中山區林森北路575之5號", "phone": "(02)25981982", "district": "中山區"}, "geometry": {"type": "Point", "coordinates": [121.5257983, 25.06529877]}}, {"type": "Feature", "properties": {"name": "建誠中西藥局", "address": "臺北市中山區龍江路385之1號", "phone": "(02)25158608", "district": "中山區"}, "geometry": {"type": "Point", "coordinates": [121.5410461, 25.06510644]}}, {"type": "Feature", "properties": {"name": "誠意中西藥局", "address": "臺北市中山區林森北路613號", "phone": "(02)25950951", "district": "中山區"}, "geometry": {"type": "Point", "coordinates": [121.5258246, 25.06647284]}}, {"type": "Feature", "properties": {"name": "長安藥局", "address": "臺北市中山區長安東路2段171之2號(1樓)", "phone": "(02)27772740", "district": "中山區"}, "geometry": {"type": "Point", "coordinates": [121.521914, 25.049564]}}, {"type": "Feature", "properties": {"name": "仁一藥局", "address": "臺北市中山區林森北路520號", "phone": "(02)25711742", "district": "中山區"}, "geometry": {"type": "Point", "coordinates": [121.5255056, 25.06232638]}}, {"type": "Feature", "properties": {"name": "大直小太陽藥局", "address": "臺北市中山區北安路607-1號", "phone": "(02)85093208", "district": "中山區"}, "geometry": {"type": "Point", "coordinates": [121.5487621, 25.08240974]}}, {"type": "Feature", "properties": {"name": "大直永安藥局", "address": "臺北市中山區北安路567之2號", "phone": "(02)25332125", "district": "中山區"}, "geometry": {"type": "Point", "coordinates": [121.5481721, 25.08072835]}}, {"type": "Feature", "properties": {"name": "元宏藥局", "address": "臺北市中山區北安路458巷41弄49號", "phone": "(02)25339728", "district": "中山區"}, "geometry": {"type": "Point", "coordinates": [121.5464584, 25.07940104]}}, {"type": "Feature", "properties": {"name": "聖晨藥局", "address": "臺北市中山區農安街140號", "phone": "", "district": "中山區"}, "geometry": {"type": "Point", "coordinates": [121.5321651, 25.06471241]}}, {"type": "Feature", "properties": {"name": "錦州春天生活藥局", "address": "臺北市中山區錦州街213號、213號2樓", "phone": "(02)25213586", "district": "中山區"}, "geometry": {"type": "Point", "coordinates": [121.532133, 25.0604103]}}, {"type": "Feature", "properties": {"name": "佳頤中西藥局", "address": "臺北市中山區長春路147之1號", "phone": "(02)25641479", "district": "中山區"}, "geometry": {"type": "Point", "coordinates": [121.5323456, 25.05495168]}}, {"type": "Feature", "properties": {"name": "康銓藥局", "address": "臺北市中山區農安街174號", "phone": "(02)25039393", "district": "中山區"}, "geometry": {"type": "Point", "coordinates": [121.5346414, 25.06456845]}}, {"type": "Feature", "properties": {"name": "禾全藥局", "address": "臺北市中山區龍江路332號", "phone": "(02)25165721", "district": "中山區"}, "geometry": {"type": "Point", "coordinates": [121.5408713, 25.06532285]}}, {"type": "Feature", "properties": {"name": "十二願藥局", "address": "臺北市中山區林森北路309號", "phone": "", "district": "中山區"}, "geometry": {"type": "Point", "coordinates": [121.5255679, 25.05588048]}}, {"type": "Feature", "properties": {"name": "禾康藥局", "address": "臺北市中山區植福路296號(實際營業地址:1層)", "phone": "", "district": "中山區"}, "geometry": {"type": "Point", "coordinates": [121.561177, 25.0812457]}}, {"type": "Feature", "properties": {"name": "大樹龍江藥局", "address": "臺北市中山區龍江路242號", "phone": "(02)25035666", "district": "中山區"}, "geometry": {"type": "Point", "coordinates": [121.5406119, 25.05888538]}}, {"type": "Feature", "properties": {"name": "安悅藥局", "address": "臺北市中山區吉林路189號", "phone": "(02)25419879", "district": "中山區"}, "geometry": {"type": "Point", "coordinates": [121.5303558, 25.05970358]}}, {"type": "Feature", "properties": {"name": "東東藥局", "address": "臺北市中山區長春路257之2號1樓", "phone": "(02)25031730", "district": "中山區"}, "geometry": {"type": "Point", "coordinates": [121.5407535, 25.05476915]}}, {"type": "Feature", "properties": {"name": "誠果中西藥局", "address": "臺北市中山區吉林路101號1樓", "phone": "(02)25238563", "district": "中山區"}, "geometry": {"type": "Point", "coordinates": [121.5302839, 25.05618779]}}, {"type": "Feature", "properties": {"name": "永育康暉藥局", "address": "臺北市中山區樂群二路210之2號1樓", "phone": "(02)85012268", "district": "中山區"}, "geometry": {"type": "Point", "coordinates": [121.5593333, 25.07951739]}}, {"type": "Feature", "properties": {"name": "可康藥局", "address": "臺北市中山區林森北路373號(1樓)", "phone": "(02)25361078", "district": "中山區"}, "geometry": {"type": "Point", "coordinates": [121.5257301, 25.0582221]}}, {"type": "Feature", "properties": {"name": "專品龍江藥局", "address": "臺北市中山區龍江路311號1樓", "phone": "(02)25178870", "district": "中山區"}, "geometry": {"type": "Point", "coordinates": [121.5408634, 25.06127156]}}, {"type": "Feature", "properties": {"name": "立赫民生藥局", "address": "臺北市松山區民生東路4段72號1樓", "phone": "(02)27139200", "district": "松山區"}, "geometry": {"type": "Point", "coordinates": [121.5524163, 25.0578685]}}, {"type": "Feature", "properties": {"name": "康是美建華藥局", "address": "臺北市松山區南京東路5段1號1樓", "phone": "(02)27607595", "district": "松山區"}, "geometry": {"type": "Point", "coordinates": [121.557434, 25.0517706]}}, {"type": "Feature", "properties": {"name": "富景藥局", "address": "臺北市松山區三民路145號1樓", "phone": "(02)27455666", "district": "松山區"}, "geometry": {"type": "Point", "coordinates": [121.5630972, 25.06078504]}}, {"type": "Feature", "properties": {"name": "富凱延壽藥局", "address": "臺北市松山區延壽街95號1樓", "phone": "(02)27455988", "district": "松山區"}, "geometry": {"type": "Point", "coordinates": [121.5664805, 25.05720671]}}, {"type": "Feature", "properties": {"name": "躍獅敦北藥局", "address": "臺北市松山區民生東路4段80巷5號(1樓)", "phone": "(02)27155691", "district": "松山區"}, "geometry": {"type": "Point", "coordinates": [121.555653, 25.0580788]}}, {"type": "Feature", "properties": {"name": "興宸藥局", "address": "臺北市松山區富錦街512號1樓", "phone": "(02)27658970", "district": "松山區"}, "geometry": {"type": "Point", "coordinates": [121.5645186, 25.06091416]}}, {"type": "Feature", "properties": {"name": "躍獅京華藥局", "address": "臺北市松山區南京東路5段71號1樓", "phone": "(02)27666508", "district": "松山區"}, "geometry": {"type": "Point", "coordinates": [121.5595616, 25.05171475]}}, {"type": "Feature", "properties": {"name": "榮星藥局", "address": "臺北市松山區南京東路四段１３３巷５弄１號", "phone": "(02)27124696", "district": "松山區"}, "geometry": {"type": "Point", "coordinates": [121.5552348, 25.05213652]}}, {"type": "Feature", "properties": {"name": "東北藥局", "address": "臺北市松山區新東街３巷２號", "phone": "(02)27612625", "district": "松山區"}, "geometry": {"type": "Point", "coordinates": [121.5659226, 25.05754042]}}, {"type": "Feature", "properties": {"name": "新光藥局", "address": "臺北市松山區八德路三段99巷4號", "phone": "(02)25775672", "district": "松山區"}, "geometry": {"type": "Point", "coordinates": [121.5535281, 25.04871727]}}, {"type": "Feature", "properties": {"name": "健全藥局", "address": "臺北市松山區民權東路三段１０３巷２０號", "phone": "(02)27128293", "district": "松山區"}, "geometry": {"type": "Point", "coordinates": [121.5449109, 25.06326943]}}, {"type": "Feature", "properties": {"name": "李得安藥局", "address": "臺北市松山區民生東路五段３６巷８弄１１號一樓", "phone": "(02)87871655", "district": "松山區"}, "geometry": {"type": "Point", "coordinates": [121.5598565, 25.05733299]}}, {"type": "Feature", "properties": {"name": "瑞昌大藥局", "address": "臺北市松山區民權東路三段103巷10號", "phone": "(02)27120030", "district": "松山區"}, "geometry": {"type": "Point", "coordinates": [121.5449185, 25.06298433]}}, {"type": "Feature", "properties": {"name": "德川中西藥局", "address": "臺北市松山區八德路4段96號", "phone": "(02)27683399", "district": "松山區"}, "geometry": {"type": "Point", "coordinates": [121.5606599, 25.0483598]}}, {"type": "Feature", "properties": {"name": "德安藥局", "address": "臺北市松山區八德路3段195號2樓", "phone": "(02)25782670", "district": "松山區"}, "geometry": {"type": "Point", "coordinates": [121.55619, 25.04816251]}}, {"type": "Feature", "properties": {"name": "禾宜藥局", "address": "臺北市松山區八德路3段12巷51弄16號1樓", "phone": "(02)25780236", "district": "松山區"}, "geometry": {"type": "Point", "coordinates": [121.5511815, 25.04608639]}}, {"type": "Feature", "properties": {"name": "安世藥局", "address": "臺北市松山區南京東路四段１３３巷５弄９號", "phone": "(02)27133405", "district": "松山區"}, "geometry": {"type": "Point", "coordinates": [121.5555618, 25.05213981]}}, {"type": "Feature", "properties": {"name": "明一藥局", "address": "臺北市松山區南京東路五段５９巷２８弄２５號１樓", "phone": "(02)27691654", "district": "松山區"}, "geometry": {"type": "Point", "coordinates": [121.5581679, 25.05270413]}}, {"type": "Feature", "properties": {"name": "傑安藥局", "address": "臺北市松山區八德路二段４３７巷７弄８號１樓", "phone": "(02)27524155", "district": "松山區"}, "geometry": {"type": "Point", "coordinates": [121.547337, 25.04913916]}}, {"type": "Feature", "properties": {"name": "仁弘藥局", "address": "臺北市松山區民生東路三段１１３巷２５弄６號１樓", "phone": "(02)27136764", "district": "松山區"}, "geometry": {"type": "Point", "coordinates": [121.5465855, 25.05948486]}}, {"type": "Feature", "properties": {"name": "益華藥局", "address": "臺北市松山區民生東路五段１３８巷６號", "phone": "(02)27624898", "district": "松山區"}, "geometry": {"type": "Point", "coordinates": [121.5615282, 25.05842827]}}, {"type": "Feature", "properties": {"name": "德靈藥局", "address": "臺北市松山區富錦街５４８號", "phone": "(02)27646998", "district": "松山區"}, "geometry": {"type": "Point", "coordinates": [121.5666733, 25.06177521]}}, {"type": "Feature", "properties": {"name": "合生藥局", "address": "臺北市松山區南京東路五段１２３巷４５號１樓", "phone": "(02)27602932", "district": "松山區"}, "geometry": {"type": "Point", "coordinates": [121.5607477, 25.05363801]}}, {"type": "Feature", "properties": {"name": "中崙五代全民藥局", "address": "臺北市松山區延吉街７之２號１樓", "phone": "(02)25700079", "district": "松山區"}, "geometry": {"type": "Point", "coordinates": [121.5534991, 25.04742353]}}, {"type": "Feature", "properties": {"name": "上允藥局", "address": "臺北市松山區民生東路五段78號", "phone": "(02)27696905", "district": "松山區"}, "geometry": {"type": "Point", "coordinates": [121.5590485, 25.05836364]}}, {"type": "Feature", "properties": {"name": "建東大藥局", "address": "臺北市松山區三民路９７號一樓", "phone": "(02)27676237", "district": "松山區"}, "geometry": {"type": "Point", "coordinates": [121.5633976, 25.05723452]}}, {"type": "Feature", "properties": {"name": "延壽藥局", "address": "臺北市松山區延壽街３２７號", "phone": "(02)27685159", "district": "松山區"}, "geometry": {"type": "Point", "coordinates": [121.5603628, 25.05678588]}}, {"type": "Feature", "properties": {"name": "萬泰藥局", "address": "臺北市松山區敦化北路222巷38號", "phone": "(02)27135891", "district": "松山區"}, "geometry": {"type": "Point", "coordinates": [121.5471033, 25.05994298]}}, {"type": "Feature", "properties": {"name": "博荃藥局", "address": "臺北市松山區敦化北路4巷51號", "phone": "(02)27316736", "district": "松山區"}, "geometry": {"type": "Point", "coordinates": [121.5447425, 25.05006338]}}, {"type": "Feature", "properties": {"name": "家音藥局", "address": "臺北市松山區民生東路五段73號", "phone": "(02)37652080", "district": "松山區"}, "geometry": {"type": "Point", "coordinates": [121.5584887, 25.05870895]}}, {"type": "Feature", "properties": {"name": "中美藥局", "address": "臺北市松山區富錦街531號", "phone": "(02)27627468", "district": "松山區"}, "geometry": {"type": "Point", "coordinates": [121.5654809, 25.06128454]}}, {"type": "Feature", "properties": {"name": "惠登藥局", "address": "臺北市松山區民生東路3段130巷34號", "phone": "(02)25472432", "district": "松山區"}, "geometry": {"type": "Point", "coordinates": [121.546113, 25.05619819]}}, {"type": "Feature", "properties": {"name": "松田藥局", "address": "臺北市松山區延吉街9-6號", "phone": "(02)25798005", "district": "松山區"}, "geometry": {"type": "Point", "coordinates": [121.55355, 25.04700689]}}, {"type": "Feature", "properties": {"name": "予志藥局", "address": "臺北市松山區富錦街521號", "phone": "(02)27623522", "district": "松山區"}, "geometry": {"type": "Point", "coordinates": [121.5649443, 25.06118636]}}, {"type": "Feature", "properties": {"name": "婕登藥局", "address": "臺北市松山區八德路4段699號", "phone": "(02)27482893", "district": "松山區"}, "geometry": {"type": "Point", "coordinates": [121.5766443, 25.05020698]}}, {"type": "Feature", "properties": {"name": "晨安藥局", "address": "臺北市松山區八德路三段155巷20弄2號", "phone": "(02)25798460", "district": "松山區"}, "geometry": {"type": "Point", "coordinates": [121.5553264, 25.0491374]}}, {"type": "Feature", "properties": {"name": "銘德藥局", "address": "臺北市松山區八德路2段366巷28號", "phone": "(02)27511833", "district": "松山區"}, "geometry": {"type": "Point", "coordinates": [121.545925, 25.04724223]}}, {"type": "Feature", "properties": {"name": "立康大藥局", "address": "臺北市松山區八德路四段2之1號", "phone": "(02)27471749", "district": "松山區"}, "geometry": {"type": "Point", "coordinates": [121.5581109, 25.04811673]}}, {"type": "Feature", "properties": {"name": "躍獅松和藥局", "address": "臺北市松山區八德路四段666之1號", "phone": "(02)27492569", "district": "松山區"}, "geometry": {"type": "Point", "coordinates": [121.5760924, 25.04979019]}}, {"type": "Feature", "properties": {"name": "京東藥局", "address": "臺北市松山區南京東路五段272號", "phone": "(02)27679503", "district": "松山區"}, "geometry": {"type": "Point", "coordinates": [121.5669451, 25.05113968]}}, {"type": "Feature", "properties": {"name": "晨新藥局", "address": "臺北市松山區八德路四段91巷1之1號", "phone": "", "district": "松山區"}, "geometry": {"type": "Point", "coordinates": [121.5607609, 25.04894395]}}, {"type": "Feature", "properties": {"name": "綠之家藥局", "address": "臺北市松山區延壽街428號", "phone": "", "district": "松山區"}, "geometry": {"type": "Point", "coordinates": [121.5562168, 25.05619701]}}, {"type": "Feature", "properties": {"name": "康采藥局", "address": "臺北市松山區南京東路五段291巷17之2號", "phone": "(02)22578649", "district": "松山區"}, "geometry": {"type": "Point", "coordinates": [121.5662534, 25.0523635]}}, {"type": "Feature", "properties": {"name": "唯康藥局", "address": "臺北市松山區八德路3段211號", "phone": "(02)25775000", "district": "松山區"}, "geometry": {"type": "Point", "coordinates": [121.5566366, 25.04819629]}}, {"type": "Feature", "properties": {"name": "台北長庚維康藥局", "address": "臺北市松山區敦化北路199巷2弄5號1樓", "phone": "(02)27199386", "district": "松山區"}, "geometry": {"type": "Point", "coordinates": [121.5500336, 25.05563366]}}, {"type": "Feature", "properties": {"name": "芝欣藥局", "address": "臺北市松山區八德路3段148號", "phone": "(02)25706677", "district": "松山區"}, "geometry": {"type": "Point", "coordinates": [121.5548153, 25.0479919]}}, {"type": "Feature", "properties": {"name": "立赫敦北藥局", "address": "臺北市松山區敦化北路222巷20號", "phone": "(02)27199277", "district": "松山區"}, "geometry": {"type": "Point", "coordinates": [121.547743, 25.05944652]}}, {"type": "Feature", "properties": {"name": "健康活力藥師藥局", "address": "臺北市松山區民生東路五段219號", "phone": "(02)27455556", "district": "松山區"}, "geometry": {"type": "Point", "coordinates": [121.5669297, 25.05931013]}}, {"type": "Feature", "properties": {"name": "啄木鳥藥局", "address": "臺北市松山區八德路四段209號(一、二層)、211號(一、二層)", "phone": "(02)27422413", "district": "松山區"}, "geometry": {"type": "Point", "coordinates": [121.5639568, 25.04893714]}}, {"type": "Feature", "properties": {"name": "玖田藥局", "address": "臺北市松山區八德路四段655號", "phone": "(02)27666578", "district": "松山區"}, "geometry": {"type": "Point", "coordinates": [121.5755287, 25.05017841]}}, {"type": "Feature", "properties": {"name": "澄馨藥局", "address": "臺北市松山區三民路37號", "phone": "(02)27589614", "district": "松山區"}, "geometry": {"type": "Point", "coordinates": [121.5635238, 25.05580069]}}, {"type": "Feature", "properties": {"name": "一安正昇藥局", "address": "臺北市松山區南京東路五段309號", "phone": "(02)27680993", "district": "松山區"}, "geometry": {"type": "Point", "coordinates": [121.5666661, 25.05155363]}}, {"type": "Feature", "properties": {"name": "杏一延吉藥局", "address": "臺北市松山區八德路3段74巷45弄1號1樓", "phone": "(02)25798450", "district": "松山區"}, "geometry": {"type": "Point", "coordinates": [121.5527172, 25.04624327]}}, {"type": "Feature", "properties": {"name": "新德大藥局", "address": "臺北市松山區饒河街204號", "phone": "(02)27474473", "district": "松山區"}, "geometry": {"type": "Point", "coordinates": [121.5770352, 25.05074271]}}, {"type": "Feature", "properties": {"name": "光點延新藥局", "address": "臺北市松山區延壽街101號", "phone": "(02)27667795", "district": "松山區"}, "geometry": {"type": "Point", "coordinates": [121.5659705, 25.05716171]}}, {"type": "Feature", "properties": {"name": "杏一台北長庚藥局", "address": "臺北市松山區敦化北路199巷2弄3號", "phone": "(02)25149463", "district": "松山區"}, "geometry": {"type": "Point", "coordinates": [121.5500378, 25.05568488]}}, {"type": "Feature", "properties": {"name": "安禾大藥局", "address": "臺北市松山區撫遠街382號", "phone": "(02)27602952", "district": "松山區"}, "geometry": {"type": "Point", "coordinates": [121.5656249, 25.06442948]}}, {"type": "Feature", "properties": {"name": "巧心藥局", "address": "臺北市松山區八德路3段12巷57弄39之3號1樓", "phone": "(02)25703728", "district": "松山區"}, "geometry": {"type": "Point", "coordinates": [121.5521399, 25.04567413]}}, {"type": "Feature", "properties": {"name": "慶昌藥局", "address": "臺北市松山區延吉街29號1樓", "phone": "(02)25770820", "district": "松山區"}, "geometry": {"type": "Point", "coordinates": [121.5537055, 25.04594889]}}, {"type": "Feature", "properties": {"name": "順儷中崙藥局", "address": "臺北市松山區八德路3段74巷48號1樓", "phone": "(02)25796900", "district": "松山區"}, "geometry": {"type": "Point", "coordinates": [121.5524496, 25.04684933]}}, {"type": "Feature", "properties": {"name": "家育藥局", "address": "臺北市松山區民生東路5段216號1樓", "phone": "(02)27678639", "district": "松山區"}, "geometry": {"type": "Point", "coordinates": [121.5650468, 25.0588484]}}, {"type": "Feature", "properties": {"name": "佑翔藥局", "address": "臺北市松山區民生東路5段95號1樓", "phone": "(02)87875070", "district": "松山區"}, "geometry": {"type": "Point", "coordinates": [121.5596903, 25.05880508]}}, {"type": "Feature", "properties": {"name": "杏一台北台安藥局", "address": "臺北市松山區八德路2段399號1樓", "phone": "(02)87728295", "district": "松山區"}, "geometry": {"type": "Point", "coordinates": [121.5465282, 25.04832767]}}, {"type": "Feature", "properties": {"name": "全欣藥局", "address": "臺北市松山區復興北路73號2樓", "phone": "(02)87729066", "district": "松山區"}, "geometry": {"type": "Point", "coordinates": [121.5442384, 25.05105069]}}, {"type": "Feature", "properties": {"name": "駿俏藥局", "address": "臺北市松山區八德路2段397號1樓", "phone": "(02)87728085", "district": "松山區"}, "geometry": {"type": "Point", "coordinates": [121.5464705, 25.04832788]}}, {"type": "Feature", "properties": {"name": "佑全松山南京東藥局", "address": "臺北市松山區南京東路5段291巷7號1樓", "phone": "(02)27687807", "district": "松山區"}, "geometry": {"type": "Point", "coordinates": [121.5662465, 25.05200522]}}, {"type": "Feature", "properties": {"name": "豐澤藥局", "address": "臺北市松山區南京東路3段269巷6之9號(1樓)", "phone": "(02)27169636", "district": "松山區"}, "geometry": {"type": "Point", "coordinates": [121.5453225, 25.0520302]}}, {"type": "Feature", "properties": {"name": "南京春天藥局", "address": "臺北市松山區南京東路4段139號(1樓)", "phone": "(02)27186155", "district": "松山區"}, "geometry": {"type": "Point", "coordinates": [121.550072, 25.051152]}}, {"type": "Feature", "properties": {"name": "美仁藥局", "address": "臺北市松山區健康路5之1號1樓", "phone": "(02)27166112", "district": "松山區"}, "geometry": {"type": "Point", "coordinates": [121.5524947, 25.0525084]}}, {"type": "Feature", "properties": {"name": "誠康中西藥局", "address": "臺北市松山區南京東路5段59巷31弄43號1樓", "phone": "(02)27619679", "district": "松山區"}, "geometry": {"type": "Point", "coordinates": [121.5607228, 25.05345802]}}, {"type": "Feature", "properties": {"name": "大樹松山藥局", "address": "臺北市松山區民生東路5段107號1樓", "phone": "(02)27562226", "district": "松山區"}, "geometry": {"type": "Point", "coordinates": [121.5601395, 25.05877584]}}, {"type": "Feature", "properties": {"name": "康麗藥局", "address": "臺北市松山區南京東路3段303巷20號(1樓)", "phone": "(02)27174117", "district": "松山區"}, "geometry": {"type": "Point", "coordinates": [121.5466693, 25.051984]}}, {"type": "Feature", "properties": {"name": "達昌健康藥局", "address": "臺北市松山區健康路100號(1樓)", "phone": "(02)27125220", "district": "松山區"}, "geometry": {"type": "Point", "coordinates": [121.5549068, 25.0533509]}}, {"type": "Feature", "properties": {"name": "立健美中西藥局", "address": "臺北市松山區民權東路3段106巷1號1樓", "phone": "(02)25473929", "district": "松山區"}, "geometry": {"type": "Point", "coordinates": [121.5449855, 25.06176721]}}, {"type": "Feature", "properties": {"name": "吉仁藥局", "address": "臺北市松山區延吉街44號1樓", "phone": "(02)25776115", "district": "松山區"}, "geometry": {"type": "Point", "coordinates": [121.5535737, 25.0455101]}}, {"type": "Feature", "properties": {"name": "專品南京藥局", "address": "臺北市松山區南京東路4段73號1樓", "phone": "(02)25147685", "district": "松山區"}, "geometry": {"type": "Point", "coordinates": [121.5531673, 25.05184566]}}, {"type": "Feature", "properties": {"name": "欣生藥局", "address": "臺北市松山區民生東路5段138巷1號(1樓)", "phone": "(02)27567611", "district": "松山區"}, "geometry": {"type": "Point", "coordinates": [121.5556082, 25.05843439]}}, {"type": "Feature", "properties": {"name": "新東藥局", "address": "臺北市松山區民生東路5段191號(1樓)", "phone": "(02)27656336", "district": "松山區"}, "geometry": {"type": "Point", "coordinates": [121.5556082, 25.05843439]}}, {"type": "Feature", "properties": {"name": "萬芯中西藥局", "address": "臺北市松山區八德路3段163號(1樓)", "phone": "(02)25770519", "district": "松山區"}, "geometry": {"type": "Point", "coordinates": [121.5553382, 25.0481861]}}, {"type": "Feature", "properties": {"name": "領悅藥局", "address": "臺北市松山區民生東路4段117之1號(1樓)", "phone": "(02)25679951", "district": "松山區"}, "geometry": {"type": "Point", "coordinates": [121.555653, 25.0580788]}}, {"type": "Feature", "properties": {"name": "奇異果大安藥局", "address": "臺北市大安區大安路1段190號", "phone": "(02)23250891", "district": "大安區"}, "geometry": {"type": "Point", "coordinates": [121.5458879, 25.03572592]}}, {"type": "Feature", "properties": {"name": "康維健保藥局", "address": "臺北市大安區敦化南路1段329巷15號", "phone": "(02)27000120", "district": "大安區"}, "geometry": {"type": "Point", "coordinates": [121.5500224, 25.03424597]}}, {"type": "Feature", "properties": {"name": "威康藥局", "address": "臺北市大安區和平東路2段297號", "phone": "(02)27061149", "district": "大安區"}, "geometry": {"type": "Point", "coordinates": [121.5447391, 25.0249461]}}, {"type": "Feature", "properties": {"name": "專品六張犁藥局", "address": "臺北市大安區基隆路2段217號1樓", "phone": "(02)87322226", "district": "大安區"}, "geometry": {"type": "Point", "coordinates": [121.5512826, 25.02298927]}}, {"type": "Feature", "properties": {"name": "早安藥局", "address": "臺北市大安區建國南路2段151巷42號1樓", "phone": "(02)27002209", "district": "大安區"}, "geometry": {"type": "Point", "coordinates": [121.5395782, 25.02864779]}}, {"type": "Feature", "properties": {"name": "躍獅敦和藥局", "address": "臺北市大安區和平東路3段10號", "phone": "(02)23785767", "district": "大安區"}, "geometry": {"type": "Point", "coordinates": [121.5469927, 25.02452694]}}, {"type": "Feature", "properties": {"name": "弘昌藥局", "address": "臺北市大安區通化街139號", "phone": "(02)27321616", "district": "大安區"}, "geometry": {"type": "Point", "coordinates": [121.5539772, 25.02901029]}}, {"type": "Feature", "properties": {"name": "博醫仁愛藥局", "address": "臺北市大安區仁愛路4段8巷2號1樓", "phone": "(02)27019107", "district": "大安區"}, "geometry": {"type": "Point", "coordinates": [121.5442928, 25.03749754]}}, {"type": "Feature", "properties": {"name": "鎮安中西安和藥局", "address": "臺北市大安區安和路1段123號1樓", "phone": "(02)27015201", "district": "大安區"}, "geometry": {"type": "Point", "coordinates": [121.5526808, 25.03488056]}}, {"type": "Feature", "properties": {"name": "十二願永藥局", "address": "臺北市大安區永康街49號1樓", "phone": "(02)33433553", "district": "大安區"}, "geometry": {"type": "Point", "coordinates": [121.52959, 25.03008262]}}, {"type": "Feature", "properties": {"name": "佳鄰藥局", "address": "臺北市大安區敦化南路1段191號地下之124至129", "phone": "(02)27211259", "district": "大安區"}, "geometry": {"type": "Point", "coordinates": [121.5492632, 25.04247291]}}, {"type": "Feature", "properties": {"name": "信義欣辰藥局", "address": "臺北市大安區信義路4段265巷15號1樓", "phone": "", "district": "大安區"}, "geometry": {"type": "Point", "coordinates": [121.554487, 25.03408233]}}, {"type": "Feature", "properties": {"name": "中力信義藥局", "address": "臺北市大安區信義路4段51號1樓", "phone": "(02)23250266", "district": "大安區"}, "geometry": {"type": "Point", "coordinates": [121.5449973, 25.03354393]}}, {"type": "Feature", "properties": {"name": "伊生藥局", "address": "臺北市大安區安和路1段21巷26號1樓", "phone": "(02)27755613", "district": "大安區"}, "geometry": {"type": "Point", "coordinates": [121.5516645, 25.03939343]}}, {"type": "Feature", "properties": {"name": "宏大藥師藥局", "address": "臺北市大安區大安路2段88號1樓", "phone": "", "district": "大安區"}, "geometry": {"type": "Point", "coordinates": [121.5459549, 25.03142561]}}, {"type": "Feature", "properties": {"name": "康祥藥局", "address": "臺北市大安區忠孝東路4段216巷21號1樓、216巷19弄2號(1樓)", "phone": "(02)27817891", "district": "大安區"}, "geometry": {"type": "Point", "coordinates": [121.5334554, 25.04200329]}}, {"type": "Feature", "properties": {"name": "百立藥局", "address": "臺北市大安區和平東路3段228巷66號1樓", "phone": "(02)27327211", "district": "大安區"}, "geometry": {"type": "Point", "coordinates": [121.5534066, 25.02099519]}}, {"type": "Feature", "properties": {"name": "吉成藥局", "address": "臺北市大安區泰順街7號（1樓）", "phone": "(02)23636475", "district": "大安區"}, "geometry": {"type": "Point", "coordinates": [121.5316651, 25.0256171]}}, {"type": "Feature", "properties": {"name": "加佳藥局", "address": "臺北市大安區忠孝東路4段181巷7弄5號1樓", "phone": "(02)27763759", "district": "大安區"}, "geometry": {"type": "Point", "coordinates": [121.5510403, 25.04219107]}}, {"type": "Feature", "properties": {"name": "昶青藥局", "address": "臺北市大安區濟南路3段22之1號(1樓)", "phone": "(02)27515678", "district": "大安區"}, "geometry": {"type": "Point", "coordinates": [121.5345834, 25.040096]}}, {"type": "Feature", "properties": {"name": "吾家藥局", "address": "臺北市大安區信義路4段265巷6之1號(1樓)", "phone": "(02)27066425", "district": "大安區"}, "geometry": {"type": "Point", "coordinates": [121.5542075, 25.0337323]}}, {"type": "Feature", "properties": {"name": "康是美巨富藥局", "address": "臺北市大安區光復南路238號1樓", "phone": "(02)27790474", "district": "大安區"}, "geometry": {"type": "Point", "coordinates": [121.5574661, 25.04081187]}}, {"type": "Feature", "properties": {"name": "安東藥局", "address": "臺北市大安區安東街50之5號1樓", "phone": "(02)27114175", "district": "大安區"}, "geometry": {"type": "Point", "coordinates": [121.5425603, 25.04276758]}}, {"type": "Feature", "properties": {"name": "頤品中西藥局", "address": "臺北市大安區浦城街24之2號(1樓)", "phone": "(02)23685656", "district": "大安區"}, "geometry": {"type": "Point", "coordinates": [121.526673, 25.0229598]}}, {"type": "Feature", "properties": {"name": "美心藥局", "address": "臺北市大安區忠孝東路3段248巷10號1樓", "phone": "(02)27219900", "district": "大安區"}, "geometry": {"type": "Point", "coordinates": [121.5412038, 25.04113613]}}, {"type": "Feature", "properties": {"name": "博昱師大藥局", "address": "臺北市大安區羅斯福路3段189號1樓", "phone": "(02)23696966", "district": "大安區"}, "geometry": {"type": "Point", "coordinates": [121.5280688, 25.02109005]}}, {"type": "Feature", "properties": {"name": "博興藥局", "address": "臺北市大安區四維路198巷28號(1樓)", "phone": "(02)23256668", "district": "大安區"}, "geometry": {"type": "Point", "coordinates": [121.5476513, 25.0266168]}}, {"type": "Feature", "properties": {"name": "國泰藥局", "address": "臺北市大安區仁愛路4段300巷17弄1號1樓", "phone": "(02)27086221", "district": "大安區"}, "geometry": {"type": "Point", "coordinates": [121.5548779, 25.03669773]}}, {"type": "Feature", "properties": {"name": "敦南春天藥局", "address": "臺北市大安區敦化南路2段81巷63號(1樓)", "phone": "(02)27553266", "district": "大安區"}, "geometry": {"type": "Point", "coordinates": [121.5513408, 25.030017]}}, {"type": "Feature", "properties": {"name": "安森藥局", "address": "臺北市大安區信義路3段134巷100號1樓", "phone": "(02)27076003", "district": "大安區"}, "geometry": {"type": "Point", "coordinates": [121.53893, 25.02898304]}}, {"type": "Feature", "properties": {"name": "康是美安居藥局", "address": "臺北市大安區安居街5號1樓、地下一層", "phone": "(02)87325064", "district": "大安區"}, "geometry": {"type": "Point", "coordinates": [121.5553014, 25.0212069]}}, {"type": "Feature", "properties": {"name": "師大藥局", "address": "臺北市大安區師大路九十九號一樓", "phone": "(02)23623479", "district": "大安區"}, "geometry": {"type": "Point", "coordinates": [121.528509, 25.02270966]}}, {"type": "Feature", "properties": {"name": "新廣生藥局", "address": "臺北市大安區仁愛路4段34號", "phone": "(02)27071221", "district": "大安區"}, "geometry": {"type": "Point", "coordinates": [121.546722, 25.03761956]}}, {"type": "Feature", "properties": {"name": "徐榮三藥局", "address": "臺北市大安區通安街八九號一樓", "phone": "(02)27383515", "district": "大安區"}, "geometry": {"type": "Point", "coordinates": [121.5532362, 25.03014203]}}, {"type": "Feature", "properties": {"name": "順天堂藥局", "address": "臺北市大安區龍泉街96號", "phone": "(02)23627149", "district": "大安區"}, "geometry": {"type": "Point", "coordinates": [121.5292026, 25.02256383]}}, {"type": "Feature", "properties": {"name": "欣榮藥局", "address": "臺北市大安區瑞安街二七０號一樓", "phone": "(02)27023710", "district": "大安區"}, "geometry": {"type": "Point", "coordinates": [121.5391987, 25.02624458]}}, {"type": "Feature", "properties": {"name": "寶康大藥局", "address": "臺北市大安區忠孝東路4段52號9樓", "phone": "(02)27217177", "district": "大安區"}, "geometry": {"type": "Point", "coordinates": [121.5450594, 25.04139165]}}, {"type": "Feature", "properties": {"name": "青康藥局", "address": "臺北市大安區延吉街二四八號一樓", "phone": "(02)27086623", "district": "大安區"}, "geometry": {"type": "Point", "coordinates": [121.5556806, 25.03531617]}}, {"type": "Feature", "properties": {"name": "太醫藥局", "address": "臺北市大安區師大路12號(1樓)", "phone": "(02)23685125", "district": "大安區"}, "geometry": {"type": "Point", "coordinates": [121.5283029, 25.025735]}}, {"type": "Feature", "properties": {"name": "宏恩藥局", "address": "臺北市大安區大安路一段一八一號一樓", "phone": "(02)27000956", "district": "大安區"}, "geometry": {"type": "Point", "coordinates": [121.5461126, 25.03618795]}}, {"type": "Feature", "properties": {"name": "靜園藥局", "address": "臺北市大安區和平東路2段118巷57之1號", "phone": "(02)27336390", "district": "大安區"}, "geometry": {"type": "Point", "coordinates": [121.5429214, 25.02254142]}}, {"type": "Feature", "properties": {"name": "延吉大藥局", "address": "臺北市大安區延吉街一五三號一樓", "phone": "(02)27819227", "district": "大安區"}, "geometry": {"type": "Point", "coordinates": [121.5547915, 25.04065739]}}, {"type": "Feature", "properties": {"name": "北陸藥局", "address": "臺北市大安區和平東路三段二七八號一樓", "phone": "(02)27323594", "district": "大安區"}, "geometry": {"type": "Point", "coordinates": [121.5558664, 25.02099834]}}, {"type": "Feature", "properties": {"name": "杏友藥局", "address": "臺北市大安區復興南路二段一五一巷二五號", "phone": "(02)27079451", "district": "大安區"}, "geometry": {"type": "Point", "coordinates": [121.5435516, 25.027216]}}, {"type": "Feature", "properties": {"name": "燕福藥局", "address": "臺北市大安區羅斯福路三段283巷14弄14號之3", "phone": "(02)23627307", "district": "大安區"}, "geometry": {"type": "Point", "coordinates": [121.5326827, 25.0182474]}}, {"type": "Feature", "properties": {"name": "龍護大藥局", "address": "臺北市大安區大安路一段二二四巷七號一樓", "phone": "(02)23250686", "district": "大安區"}, "geometry": {"type": "Point", "coordinates": [121.5460635, 25.0393976]}}, {"type": "Feature", "properties": {"name": "寶德藥局", "address": "臺北市大安區樂利路一０五號一樓", "phone": "(02)27364240", "district": "大安區"}, "geometry": {"type": "Point", "coordinates": [121.5523893, 25.02512378]}}, {"type": "Feature", "properties": {"name": "泰佑藥局", "address": "臺北市大安區安和路二段七二號一樓", "phone": "(02)27056841", "district": "大安區"}, "geometry": {"type": "Point", "coordinates": [121.5517332, 25.03010716]}}, {"type": "Feature", "properties": {"name": "杏安堂藥局", "address": "臺北市大安區忠孝東路四段七七巷三０號一樓", "phone": "(02)27517636", "district": "大安區"}, "geometry": {"type": "Point", "coordinates": [121.5539181, 25.0414821]}}, {"type": "Feature", "properties": {"name": "四維藥局", "address": "臺北市大安區復興南路二段一五一巷四三號一樓", "phone": "(02)27094222", "district": "大安區"}, "geometry": {"type": "Point", "coordinates": [121.5427975, 25.0226197]}}, {"type": "Feature", "properties": {"name": "羅斯福藥局", "address": "臺北市大安區羅斯福路3段283巷9弄3號", "phone": "(02)23699606", "district": "大安區"}, "geometry": {"type": "Point", "coordinates": [121.5312952, 25.01903094]}}, {"type": "Feature", "properties": {"name": "赫慶藥局", "address": "臺北市大安區瑞安街二０八巷一一弄五號一樓", "phone": "(02)27063497", "district": "大安區"}, "geometry": {"type": "Point", "coordinates": [121.5391776, 25.0251348]}}, {"type": "Feature", "properties": {"name": "大興藥局", "address": "臺北市大安區通化街三九巷五０弄一五號一樓", "phone": "(02)27053369", "district": "大安區"}, "geometry": {"type": "Point", "coordinates": [121.554072, 25.029318]}}, {"type": "Feature", "properties": {"name": "永誠藥局", "address": "臺北市大安區忠孝東路4段216巷25之1號", "phone": "(02)27520273", "district": "大安區"}, "geometry": {"type": "Point", "coordinates": [121.5530635, 25.0399669]}}, {"type": "Feature", "properties": {"name": "正昌藥局", "address": "臺北市大安區通化街三八巷九號一樓", "phone": "(02)27540070", "district": "大安區"}, "geometry": {"type": "Point", "coordinates": [121.554072, 25.029318]}}, {"type": "Feature", "properties": {"name": "建如藥局", "address": "臺北市大安區和平東路三段２２８巷１１號１樓", "phone": "(02)27331456", "district": "大安區"}, "geometry": {"type": "Point", "coordinates": [121.5543423, 25.02174207]}}, {"type": "Feature", "properties": {"name": "台安藥局", "address": "臺北市大安區和平東路二段三五三號一樓", "phone": "(02)27549099", "district": "大安區"}, "geometry": {"type": "Point", "coordinates": [121.546163, 25.02486892]}}, {"type": "Feature", "properties": {"name": "生光藥局", "address": "臺北市大安區忠孝東路三段二四八巷二號", "phone": "(02)27780862", "district": "大安區"}, "geometry": {"type": "Point", "coordinates": [121.5381808, 25.0417673]}}, {"type": "Feature", "properties": {"name": "千福藥局", "address": "臺北市大安區忠孝東路四段四十五號地下二樓", "phone": "(02)27403767", "district": "大安區"}, "geometry": {"type": "Point", "coordinates": [121.5540705, 25.0413474]}}, {"type": "Feature", "properties": {"name": "永康藥局", "address": "臺北市大安區麗水街6之2號", "phone": "(02)23279362", "district": "大安區"}, "geometry": {"type": "Point", "coordinates": [121.5289946, 25.03289118]}}, {"type": "Feature", "properties": {"name": "祥瑞中西大藥局", "address": "臺北市大安區復興南路1段107巷49號", "phone": "(02)27752551", "district": "大安區"}, "geometry": {"type": "Point", "coordinates": [121.5460607, 25.0436955]}}, {"type": "Feature", "properties": {"name": "世中欣藥局", "address": "臺北市大安區永康街2巷8號", "phone": "(02)23938947", "district": "大安區"}, "geometry": {"type": "Point", "coordinates": [121.5294068, 25.03315405]}}, {"type": "Feature", "properties": {"name": "加豐藥局", "address": "臺北市大安區忠孝東路三段216巷3弄1號1樓", "phone": "(02)27219678", "district": "大安區"}, "geometry": {"type": "Point", "coordinates": [121.540265, 25.04125473]}}, {"type": "Feature", "properties": {"name": "崇光藥局", "address": "臺北市大安區忠孝東路3段305號7樓之3", "phone": "(02)27217958", "district": "大安區"}, "geometry": {"type": "Point", "coordinates": [121.5435422, 25.0418867]}}, {"type": "Feature", "properties": {"name": "大愛健康藥局", "address": "臺北市大安區敦化南路2段63巷65號", "phone": "(02)27092156", "district": "大安區"}, "geometry": {"type": "Point", "coordinates": [121.5519842, 25.0310315]}}, {"type": "Feature", "properties": {"name": "千瑞藥局", "address": "臺北市大安區忠孝東路三段300號B3", "phone": "(02)77450558", "district": "大安區"}, "geometry": {"type": "Point", "coordinates": [121.5430571, 25.04121175]}}, {"type": "Feature", "properties": {"name": "麗樺藥師藥局", "address": "臺北市大安區麗水街3號", "phone": "(02)23952628", "district": "大安區"}, "geometry": {"type": "Point", "coordinates": [121.5290384, 25.03224576]}}, {"type": "Feature", "properties": {"name": "安和藥局", "address": "臺北市大安區安和路一段102巷3 號", "phone": "(02)27092349", "district": "大安區"}, "geometry": {"type": "Point", "coordinates": [121.5519413, 25.03433167]}}, {"type": "Feature", "properties": {"name": "佑安藥局", "address": "臺北市大安區延吉街233巷9號", "phone": "(02)27069339", "district": "大安區"}, "geometry": {"type": "Point", "coordinates": [121.5561296, 25.03708261]}}, {"type": "Feature", "properties": {"name": "弘昇藥局", "address": "臺北市大安區復興南路一段107巷32號", "phone": "(02)27110061", "district": "大安區"}, "geometry": {"type": "Point", "coordinates": [121.5457872, 25.04349353]}}, {"type": "Feature", "properties": {"name": "長虹藥局", "address": "臺北市大安區忠孝東路4段216巷63號", "phone": "(02)27210232", "district": "大安區"}, "geometry": {"type": "Point", "coordinates": [121.5530583, 25.0382044]}}, {"type": "Feature", "properties": {"name": "惠盈藥局", "address": "臺北市大安區辛亥路二段171巷31號", "phone": "(02)87321366", "district": "大安區"}, "geometry": {"type": "Point", "coordinates": [121.5411931, 25.02297057]}}, {"type": "Feature", "properties": {"name": "聯合仁愛藥局", "address": "臺北市大安區大安路1段157巷3號", "phone": "(02)27039269", "district": "大安區"}, "geometry": {"type": "Point", "coordinates": [121.5463195, 25.03730778]}}, {"type": "Feature", "properties": {"name": "一心藥局", "address": "臺北市大安區和平東路3段238號", "phone": "(02)27321818", "district": "大安區"}, "geometry": {"type": "Point", "coordinates": [121.5548764, 25.02190607]}}, {"type": "Feature", "properties": {"name": "信安健康藥局", "address": "臺北市大安區仁愛路4段122巷58號", "phone": "(02)27084858", "district": "大安區"}, "geometry": {"type": "Point", "coordinates": [121.5501167, 25.0339228]}}, {"type": "Feature", "properties": {"name": "新富川藥局", "address": "臺北市大安區大安路1段51巷4號", "phone": "(02)27114758", "district": "大安區"}, "geometry": {"type": "Point", "coordinates": [121.5463924, 25.04302908]}}, {"type": "Feature", "properties": {"name": "聖英藥局", "address": "臺北市大安區仁愛路4段266巷15弄18號", "phone": "(02)27055851", "district": "大安區"}, "geometry": {"type": "Point", "coordinates": [121.5539971, 25.03654169]}}, {"type": "Feature", "properties": {"name": "元氣生活健保藥局", "address": "臺北市大安區新生南路1段161巷6號", "phone": "(02)27060580", "district": "大安區"}, "geometry": {"type": "Point", "coordinates": [121.5338278, 25.03455197]}}, {"type": "Feature", "properties": {"name": "康乃馨藥局", "address": "臺北市大安區建國南路1段327號", "phone": "(02)23257097", "district": "大安區"}, "geometry": {"type": "Point", "coordinates": [121.5382105, 25.03480596]}}, {"type": "Feature", "properties": {"name": "世康藥局", "address": "臺北市大安區延吉街246號", "phone": "(02)27015758", "district": "大安區"}, "geometry": {"type": "Point", "coordinates": [121.5556048, 25.03549166]}}, {"type": "Feature", "properties": {"name": "惠良藥局", "address": "臺北市大安區和平東路3段93之1號", "phone": "(02)27387872", "district": "大安區"}, "geometry": {"type": "Point", "coordinates": [121.5507273, 25.02461534]}}, {"type": "Feature", "properties": {"name": "愛維康生活藥局", "address": "臺北市大安區四維路170巷21號", "phone": "(02)27059791", "district": "大安區"}, "geometry": {"type": "Point", "coordinates": [121.5470335, 25.02831743]}}, {"type": "Feature", "properties": {"name": "古亭健康人生藥局", "address": "臺北市大安區羅斯福路二段83號", "phone": "(02)23660895", "district": "大安區"}, "geometry": {"type": "Point", "coordinates": [121.5236912, 25.02572337]}}, {"type": "Feature", "properties": {"name": "杏一瑞安藥局", "address": "臺北市大安區瑞安街208巷11弄1號", "phone": "(02)27096710", "district": "大安區"}, "geometry": {"type": "Point", "coordinates": [121.5406467, 25.02866098]}}, {"type": "Feature", "properties": {"name": "好安心藥局", "address": "臺北市大安區和平東路二段223號1樓", "phone": "(02)23772166", "district": "大安區"}, "geometry": {"type": "Point", "coordinates": [121.5427315, 25.02516843]}}, {"type": "Feature", "properties": {"name": "中山樂方藥局", "address": "臺北市大安區仁愛路四段112巷12號", "phone": "(02)27050622", "district": "大安區"}, "geometry": {"type": "Point", "coordinates": [121.5495794, 25.03642174]}}, {"type": "Feature", "properties": {"name": "誠心藥局", "address": "臺北市大安區忠孝東路3段199之1號", "phone": "", "district": "大安區"}, "geometry": {"type": "Point", "coordinates": [121.5389314, 25.04187632]}}, {"type": "Feature", "properties": {"name": "安居藥局", "address": "臺北市大安區安居街19號", "phone": "(02)23773537", "district": "大安區"}, "geometry": {"type": "Point", "coordinates": [121.5549354, 25.02085624]}}, {"type": "Feature", "properties": {"name": "躍獅新生藥局", "address": "臺北市大安區和平東路二段20號", "phone": "(02)23623367", "district": "大安區"}, "geometry": {"type": "Point", "coordinates": [121.536221, 25.02566385]}}, {"type": "Feature", "properties": {"name": "博大藥局", "address": "臺北市大安區安和路2段65號", "phone": "(02)27027858", "district": "大安區"}, "geometry": {"type": "Point", "coordinates": [121.5525685, 25.03062665]}}, {"type": "Feature", "properties": {"name": "博昱仁愛藥局", "address": "臺北市大安區仁愛路4段65號", "phone": "(02)87739258", "district": "大安區"}, "geometry": {"type": "Point", "coordinates": [121.5468686, 25.03819422]}}, {"type": "Feature", "properties": {"name": "忠孝康承健保藥局", "address": "臺北市大安區復興南路1段107巷4號", "phone": "(02)87733378", "district": "大安區"}, "geometry": {"type": "Point", "coordinates": [121.5443991, 25.04356503]}}, {"type": "Feature", "properties": {"name": "微笑藥師藥局", "address": "臺北市大安區信義路3段31巷4號", "phone": "(02)27009655", "district": "大安區"}, "geometry": {"type": "Point", "coordinates": [121.5344583, 25.03400663]}}, {"type": "Feature", "properties": {"name": "明星大藥局", "address": "臺北市大安區光復南路430之1號", "phone": "(02)27023747", "district": "大安區"}, "geometry": {"type": "Point", "coordinates": [121.5573747, 25.03618432]}}, {"type": "Feature", "properties": {"name": "國泰維康藥局", "address": "臺北市大安區仁愛路4段266巷15弄12號1樓、14號1樓", "phone": "(02)27542185", "district": "大安區"}, "geometry": {"type": "Point", "coordinates": [121.5536198, 25.03654728]}}, {"type": "Feature", "properties": {"name": "奇威藥局", "address": "臺北市大安區雲和街93號", "phone": "(02)23651110", "district": "大安區"}, "geometry": {"type": "Point", "coordinates": [121.5311519, 25.02338582]}}, {"type": "Feature", "properties": {"name": "百岳藥局", "address": "臺北市大安區和平東路二段311巷11號", "phone": "(02)27551037", "district": "大安區"}, "geometry": {"type": "Point", "coordinates": [121.5452195, 25.02511373]}}, {"type": "Feature", "properties": {"name": "大安健康人生藥局", "address": "臺北市大安區信義路4段34號", "phone": "(02)27025553", "district": "大安區"}, "geometry": {"type": "Point", "coordinates": [121.5447423, 25.03315881]}}, {"type": "Feature", "properties": {"name": "博昱大藥局", "address": "臺北市大安區樂業街148號、150號", "phone": "(02)23776199", "district": "大安區"}, "geometry": {"type": "Point", "coordinates": [121.55295, 25.01997791]}}, {"type": "Feature", "properties": {"name": "仁華藥局", "address": "臺北市大安區臥龍街155號", "phone": "(02)27336762", "district": "大安區"}, "geometry": {"type": "Point", "coordinates": [121.5510939, 25.0183433]}}, {"type": "Feature", "properties": {"name": "麗泰藥局", "address": "臺北市大安區復興南路2段151巷4號", "phone": "(02)27079595", "district": "大安區"}, "geometry": {"type": "Point", "coordinates": [121.5439977, 25.02831947]}}, {"type": "Feature", "properties": {"name": "杏一樂業藥局", "address": "臺北市大安區樂業街162號", "phone": "(02)27383194", "district": "大安區"}, "geometry": {"type": "Point", "coordinates": [121.5534591, 25.01958538]}}, {"type": "Feature", "properties": {"name": "杏一台北國泰藥局", "address": "臺北市大安區仁愛路4段266巷15弄4號", "phone": "(02)27011785", "district": "大安區"}, "geometry": {"type": "Point", "coordinates": [121.5531849, 25.03655373]}}, {"type": "Feature", "properties": {"name": "長泰藥局", "address": "臺北市萬華區西園路二段２８０號", "phone": "(02)23012869", "district": "萬華區"}, "geometry": {"type": "Point", "coordinates": [121.494213, 25.02752823]}}, {"type": "Feature", "properties": {"name": "世欣藥局", "address": "臺北市萬華區東園街173號一樓", "phone": "(02)23074263", "district": "萬華區"}, "geometry": {"type": "Point", "coordinates": [121.497344, 25.02418889]}}, {"type": "Feature", "properties": {"name": "裕和藥局", "address": "臺北市萬華區萬大路１１５、１１７號", "phone": "(02)23063219", "district": "萬華區"}, "geometry": {"type": "Point", "coordinates": [121.5007014, 25.0296786]}}, {"type": "Feature", "properties": {"name": "秀全藥局", "address": "臺北市萬華區開封街二段66－３號", "phone": "(02)23312192", "district": "萬華區"}, "geometry": {"type": "Point", "coordinates": [121.5061473, 25.04669321]}}, {"type": "Feature", "properties": {"name": "大嘉藥局", "address": "臺北市萬華區梧州街46巷6號", "phone": "(02)23363804", "district": "萬華區"}, "geometry": {"type": "Point", "coordinates": [121.4973541, 25.0363184]}}, {"type": "Feature", "properties": {"name": "生活大藥局", "address": "臺北市萬華區貴陽街二段124號", "phone": "(02)23618609", "district": "萬華區"}, "geometry": {"type": "Point", "coordinates": [121.5025003, 25.03994911]}}, {"type": "Feature", "properties": {"name": "民鈺藥局", "address": "臺北市萬華區環河南路二段１３９號１樓", "phone": "(02)23028466", "district": "萬華區"}, "geometry": {"type": "Point", "coordinates": [121.4932563, 25.03396192]}}, {"type": "Feature", "properties": {"name": "皇祥藥局", "address": "臺北市萬華區萬青街１６５號１樓", "phone": "(02)23375676", "district": "萬華區"}, "geometry": {"type": "Point", "coordinates": [121.501626, 25.02278961]}}, {"type": "Feature", "properties": {"name": "安聖藥局", "address": "臺北市萬華區西園路二段２５６號一樓", "phone": "(02)23037620", "district": "萬華區"}, "geometry": {"type": "Point", "coordinates": [121.4946435, 25.0279788]}}, {"type": "Feature", "properties": {"name": "聯慶大藥局", "address": "臺北市萬華區萬大路306號", "phone": "(02)23039850", "district": "萬華區"}, "geometry": {"type": "Point", "coordinates": [121.5002582, 25.02495334]}}, {"type": "Feature", "properties": {"name": "信義藥局", "address": "臺北市萬華區青年路２８號", "phone": "(02)23074599", "district": "萬華區"}, "geometry": {"type": "Point", "coordinates": [121.5051628, 25.02581277]}}, {"type": "Feature", "properties": {"name": "益源藥局", "address": "臺北市萬華區大理街１６０巷２６弄２號", "phone": "(02)23087321", "district": "萬華區"}, "geometry": {"type": "Point", "coordinates": [121.4938512, 25.03211666]}}, {"type": "Feature", "properties": {"name": "欣安藥局", "address": "臺北市萬華區東園街190、192號", "phone": "(02)2265758", "district": "萬華區"}, "geometry": {"type": "Point", "coordinates": [121.4983487, 25.0217366]}}, {"type": "Feature", "properties": {"name": "新六福藥局", "address": "臺北市萬華區漢口街二段５５號一樓", "phone": "(02)23315101", "district": "萬華區"}, "geometry": {"type": "Point", "coordinates": [121.5061865, 25.04594517]}}, {"type": "Feature", "properties": {"name": "三源藥局", "address": "臺北市萬華區康定路197號", "phone": "(02)23022111", "district": "萬華區"}, "geometry": {"type": "Point", "coordinates": [121.5015153, 25.03625733]}}, {"type": "Feature", "properties": {"name": "照安藥局", "address": "臺北市萬華區東園街144號", "phone": "(02)23039645", "district": "萬華區"}, "geometry": {"type": "Point", "coordinates": [121.4975279, 25.02344574]}}, {"type": "Feature", "properties": {"name": "康之友藥局", "address": "臺北市萬華區青年路20號", "phone": "(02)23011598", "district": "萬華區"}, "geometry": {"type": "Point", "coordinates": [121.50552, 25.02592097]}}, {"type": "Feature", "properties": {"name": "仁仁藥局", "address": "臺北市萬華區康定路219號", "phone": "", "district": "萬華區"}, "geometry": {"type": "Point", "coordinates": [121.5014092, 25.03566054]}}, {"type": "Feature", "properties": {"name": "健誠大藥局", "address": "臺北市萬華區環河南路二段185號", "phone": "(02)23042223", "district": "萬華區"}, "geometry": {"type": "Point", "coordinates": [121.4919225, 25.03246558]}}, {"type": "Feature", "properties": {"name": "躍獅西園藥局", "address": "臺北市萬華區西園路二段260號", "phone": "(02)23094063", "district": "萬華區"}, "geometry": {"type": "Point", "coordinates": [121.4945818, 25.02784307]}}, {"type": "Feature", "properties": {"name": "吉安藥局", "address": "臺北市萬華區廣州街182號", "phone": "(02)23085268", "district": "萬華區"}, "geometry": {"type": "Point", "coordinates": [121.4986212, 25.03664504]}}, {"type": "Feature", "properties": {"name": "好視多藥局", "address": "臺北市萬華區萬大路285號", "phone": "(02)23018100", "district": "萬華區"}, "geometry": {"type": "Point", "coordinates": [121.5005627, 25.02518754]}}, {"type": "Feature", "properties": {"name": "專品藥局", "address": "臺北市萬華區長沙街二段71之1號", "phone": "(02)23718892", "district": "萬華區"}, "geometry": {"type": "Point", "coordinates": [121.5051287, 25.04061736]}}, {"type": "Feature", "properties": {"name": "偉安藥局", "address": "臺北市萬華區西藏路109號", "phone": "(02)23037186", "district": "萬華區"}, "geometry": {"type": "Point", "coordinates": [121.503312, 25.02965672]}}, {"type": "Feature", "properties": {"name": "萬華藥局", "address": "臺北市萬華區萬大路248號(實際營業地址:1樓、2樓)", "phone": "(02)23012221", "district": "萬華區"}, "geometry": {"type": "Point", "coordinates": [121.5003148, 25.0262573]}}, {"type": "Feature", "properties": {"name": "萬華健業藥局", "address": "臺北市萬華區東園街68之3號", "phone": "", "district": "萬華區"}, "geometry": {"type": "Point", "coordinates": [121.4964988, 25.02569571]}}, {"type": "Feature", "properties": {"name": "華達藥局", "address": "臺北市萬華區環河南路二段171號", "phone": "(02)23082785", "district": "萬華區"}, "geometry": {"type": "Point", "coordinates": [121.492362, 25.03295505]}}, {"type": "Feature", "properties": {"name": "榮勝藥局", "address": "臺北市萬華區萬大路233號", "phone": "(02)23331121", "district": "萬華區"}, "geometry": {"type": "Point", "coordinates": [121.5005949, 25.02649133]}}, {"type": "Feature", "properties": {"name": "安誠貴陽藥局", "address": "臺北市萬華區貴陽街二段148號", "phone": "(02)23812190", "district": "萬華區"}, "geometry": {"type": "Point", "coordinates": [121.5015709, 25.04017105]}}, {"type": "Feature", "properties": {"name": "千誠北護藥局", "address": "臺北市萬華區內江街114號", "phone": "(02)23123530", "district": "萬華區"}, "geometry": {"type": "Point", "coordinates": [121.5034072, 25.04152536]}}, {"type": "Feature", "properties": {"name": "松本藥局", "address": "臺北市萬華區西昌街233號", "phone": "(02)23029559", "district": "萬華區"}, "geometry": {"type": "Point", "coordinates": [121.5006542, 25.0372271]}}, {"type": "Feature", "properties": {"name": "柏祥藥局", "address": "臺北市萬華區西藏路141號", "phone": "(02)23018272", "district": "萬華區"}, "geometry": {"type": "Point", "coordinates": [121.501673, 25.02944337]}}, {"type": "Feature", "properties": {"name": "正盛藥局", "address": "臺北市萬華區中華路2段434之1號", "phone": "(02)23050386", "district": "萬華區"}, "geometry": {"type": "Point", "coordinates": [121.5063996, 25.02707678]}}, {"type": "Feature", "properties": {"name": "啟仁藥局", "address": "臺北市萬華區環河南路2段177號", "phone": "(02)23362771", "district": "萬華區"}, "geometry": {"type": "Point", "coordinates": [121.4920393, 25.03259286]}}, {"type": "Feature", "properties": {"name": "恩達藥局", "address": "臺北市萬華區梧州街64號", "phone": "(02)23024467", "district": "萬華區"}, "geometry": {"type": "Point", "coordinates": [121.4974998, 25.03569378]}}, {"type": "Feature", "properties": {"name": "富安藥局", "address": "臺北市萬華區萬大路426號", "phone": "(02)23377878", "district": "萬華區"}, "geometry": {"type": "Point", "coordinates": [121.4981143, 25.02095991]}}, {"type": "Feature", "properties": {"name": "和德藥局", "address": "臺北市萬華區西園路2段292號1樓", "phone": "(02)23331522", "district": "萬華區"}, "geometry": {"type": "Point", "coordinates": [121.4935371, 25.02698226]}}, {"type": "Feature", "properties": {"name": "艾米力藥師藥局", "address": "臺北市萬華區西藏路107之2號(1樓)", "phone": "(02)23036583", "district": "萬華區"}, "geometry": {"type": "Point", "coordinates": [121.5034385, 25.0296298]}}, {"type": "Feature", "properties": {"name": "企鵝藥局", "address": "臺北市萬華區西昌街175號(1樓)", "phone": "(02)23884691", "district": "萬華區"}, "geometry": {"type": "Point", "coordinates": [121.5007326, 25.038821]}}, {"type": "Feature", "properties": {"name": "康是美長沙藥局", "address": "臺北市萬華區長沙街2段73號1樓、2樓", "phone": "(02)23121661", "district": "萬華區"}, "geometry": {"type": "Point", "coordinates": [121.5050305, 25.04060139]}}, {"type": "Feature", "properties": {"name": "五洞桃藥局", "address": "臺北市萬華區桂林路92號1樓", "phone": "", "district": "萬華區"}, "geometry": {"type": "Point", "coordinates": [121.5003694, 25.03835242]}}, {"type": "Feature", "properties": {"name": "康是美萬鑫藥局", "address": "臺北市萬華區萬大路425之1號1樓、夾層及地下1樓", "phone": "(02)23058048", "district": "萬華區"}, "geometry": {"type": "Point", "coordinates": [121.4987343, 25.02140471]}}, {"type": "Feature", "properties": {"name": "福澤萬大藥局", "address": "臺北市萬華區萬大路88號1樓", "phone": "(02)23087468", "district": "萬華區"}, "geometry": {"type": "Point", "coordinates": [121.5004014, 25.03037794]}}, {"type": "Feature", "properties": {"name": "日森人文藥局", "address": "臺北市萬華區和平西路3段149號1樓", "phone": "(02)23082100", "district": "萬華區"}, "geometry": {"type": "Point", "coordinates": [121.4987695, 25.03542697]}}, {"type": "Feature", "properties": {"name": "青年宏越藥局", "address": "臺北市萬華區青年路44號1樓", "phone": "(02)23011037", "district": "萬華區"}, "geometry": {"type": "Point", "coordinates": [121.5041637, 25.02550376]}}, {"type": "Feature", "properties": {"name": "西園宏越藥局", "address": "臺北市萬華區西園路2段213號1樓", "phone": "(02)23097336", "district": "萬華區"}, "geometry": {"type": "Point", "coordinates": [121.4942381, 25.02713788]}}, {"type": "Feature", "properties": {"name": "南機場中西藥局", "address": "臺北市萬華區國興路104號(1樓)", "phone": "(02)23035179", "district": "萬華區"}, "geometry": {"type": "Point", "coordinates": [121.5054251, 25.0274856]}}, {"type": "Feature", "properties": {"name": "建和藥局", "address": "臺北市萬華區青年路１６８巷４４號", "phone": "(02)23010838", "district": "萬華區"}, "geometry": {"type": "Point", "coordinates": [121.5016116, 25.01987352]}}, {"type": "Feature", "properties": {"name": "厚元藥局", "address": "臺北市萬華區康定路２２７號", "phone": "(02)23027883", "district": "萬華區"}, "geometry": {"type": "Point", "coordinates": [121.5013757, 25.03546577]}}, {"type": "Feature", "properties": {"name": "老永茂大藥局", "address": "臺北市萬華區廣州街６４號１樓", "phone": "(02)23064417", "district": "萬華區"}, "geometry": {"type": "Point", "coordinates": [121.5031725, 25.03648594]}}, {"type": "Feature", "properties": {"name": "信昌藥局", "address": "臺北市萬華區長泰街３６號１樓", "phone": "(02)23054898", "district": "萬華區"}, "geometry": {"type": "Point", "coordinates": [121.5006934, 25.02335967]}}, {"type": "Feature", "properties": {"name": "民和藥局", "address": "臺北市萬華區民和街５號１樓", "phone": "(02)23038134", "district": "萬華區"}, "geometry": {"type": "Point", "coordinates": [121.4999621, 25.02627681]}}, {"type": "Feature", "properties": {"name": "您永安藥局", "address": "臺北市萬華區昆明街一六二號", "phone": "(02)23317119", "district": "萬華區"}, "geometry": {"type": "Point", "coordinates": [121.5045774, 25.04216339]}}, {"type": "Feature", "properties": {"name": "日昇藥局", "address": "臺北市萬華區廣州街１２４號", "phone": "(02)23062975", "district": "萬華區"}, "geometry": {"type": "Point", "coordinates": [121.5013164, 25.036563]}}, {"type": "Feature", "properties": {"name": "裕弘藥局", "address": "臺北市萬華區萬大路４８６巷７７號", "phone": "(02)23032067", "district": "萬華區"}, "geometry": {"type": "Point", "coordinates": [121.4954016, 25.0206735]}}, {"type": "Feature", "properties": {"name": "長愛藥局", "address": "臺北市萬華區萬大路３０４號３樓", "phone": "(02)23052346", "district": "萬華區"}, "geometry": {"type": "Point", "coordinates": [121.5002621, 25.02498456]}}, {"type": "Feature", "properties": {"name": "龍口藥局", "address": "臺北市萬華區艋舺大道一二○巷三十五號", "phone": "(02)23365680", "district": "萬華區"}, "geometry": {"type": "Point", "coordinates": [121.5020141, 25.027345]}}, {"type": "Feature", "properties": {"name": "立昌藥局", "address": "臺北市萬華區萬大路486巷59弄38號", "phone": "", "district": "萬華區"}, "geometry": {"type": "Point", "coordinates": [121.4953311, 25.01974866]}}, {"type": "Feature", "properties": {"name": "健華藥局", "address": "臺北市萬華區康定路３２８號", "phone": "(02)23063083", "district": "萬華區"}, "geometry": {"type": "Point", "coordinates": [121.501194, 25.03564428]}}, {"type": "Feature", "properties": {"name": "永康大藥局", "address": "臺北市萬華區桂林路49號", "phone": "(02) 23317675", "district": "萬華區"}, "geometry": {"type": "Point", "coordinates": [121.5041856, 25.03806775]}}, {"type": "Feature", "properties": {"name": "寶興大藥局", "address": "臺北市萬華區寶興街119號", "phone": "(02)23013375", "district": "萬華區"}, "geometry": {"type": "Point", "coordinates": [121.4947729, 25.02529417]}}, {"type": "Feature", "properties": {"name": "瑞生藥局", "address": "臺北市萬華區西園路二段252號", "phone": "(02)23012159", "district": "萬華區"}, "geometry": {"type": "Point", "coordinates": [121.4947709, 25.02800367]}}, {"type": "Feature", "properties": {"name": "光華藥局", "address": "臺北市萬華區華西街19之5號", "phone": "(02)23613609", "district": "萬華區"}, "geometry": {"type": "Point", "coordinates": [121.4985454, 25.03891688]}}, {"type": "Feature", "properties": {"name": "小太陽元氣藥局", "address": "臺北市萬華區萬大路433號1樓", "phone": "(02)23090167", "district": "萬華區"}, "geometry": {"type": "Point", "coordinates": [121.4986082, 25.02120195]}}, {"type": "Feature", "properties": {"name": "詠晴中西藥局", "address": "臺北市信義區松山路484之4號1樓(含夾層)", "phone": "(02)27266890", "district": "信義區"}, "geometry": {"type": "Point", "coordinates": [121.5778396, 25.03890046]}}, {"type": "Feature", "properties": {"name": "康楊藥局", "address": "臺北市信義區忠孝東路5段412之1號(1樓)", "phone": "", "district": "信義區"}, "geometry": {"type": "Point", "coordinates": [121.5652968, 25.0406521]}}, {"type": "Feature", "properties": {"name": "柏愛藥局", "address": "臺北市信義區基隆路2段131之20號1樓", "phone": "(02)27325472", "district": "信義區"}, "geometry": {"type": "Point", "coordinates": [121.5563493, 25.02751012]}}, {"type": "Feature", "properties": {"name": "保順大藥局", "address": "臺北市信義區信義路6段93號1樓", "phone": "(02)27270799", "district": "信義區"}, "geometry": {"type": "Point", "coordinates": [121.5775776, 25.03597844]}}, {"type": "Feature", "properties": {"name": "十二願玥藥局", "address": "臺北市信義區忠孝東路5段21號(1樓)", "phone": "(02)27563123", "district": "信義區"}, "geometry": {"type": "Point", "coordinates": [121.5652968, 25.0406521]}}, {"type": "Feature", "properties": {"name": "上禾藥師藥局", "address": "臺北市信義區林口街24巷4號", "phone": "(02)27611133", "district": "信義區"}, "geometry": {"type": "Point", "coordinates": [121.57957, 25.0373999]}}, {"type": "Feature", "properties": {"name": "健生活國泰置地藥局", "address": "臺北市信義區忠孝東路5段68號24樓", "phone": "(02)87862222", "district": "信義區"}, "geometry": {"type": "Point", "coordinates": [121.5666938, 25.04064778]}}, {"type": "Feature", "properties": {"name": "新資生北信義大藥局", "address": "臺北市信義區永吉路180巷67弄5號1樓", "phone": "(02)77505125", "district": "信義區"}, "geometry": {"type": "Point", "coordinates": [121.5718249, 25.04354912]}}, {"type": "Feature", "properties": {"name": "合生光復藥局", "address": "臺北市信義區光復南路447號1樓", "phone": "(02)27582932", "district": "信義區"}, "geometry": {"type": "Point", "coordinates": [121.5576928, 25.03529704]}}, {"type": "Feature", "properties": {"name": "呼嚕嚕藥局", "address": "臺北市信義區莊敬路391巷6號1樓", "phone": "(02)27200003", "district": "信義區"}, "geometry": {"type": "Point", "coordinates": [121.5657863, 25.02799173]}}, {"type": "Feature", "properties": {"name": "松德台安藥局", "address": "臺北市信義區松德路40號(1樓)", "phone": "(02)87891622", "district": "信義區"}, "geometry": {"type": "Point", "coordinates": [121.576686, 25.0389681]}}, {"type": "Feature", "properties": {"name": "永樂藥局", "address": "臺北市信義區忠孝東路5段372巷27弄64號1樓", "phone": "(02)86475177", "district": "信義區"}, "geometry": {"type": "Point", "coordinates": [121.5752404, 25.03919527]}}, {"type": "Feature", "properties": {"name": "天康文豐藥局", "address": "臺北市信義區松山路543之1號(1樓)", "phone": "(02)28200106", "district": "信義區"}, "geometry": {"type": "Point", "coordinates": [121.5783271, 25.0375812]}}, {"type": "Feature", "properties": {"name": "康怡健保藥局", "address": "臺北市信義區吳興街467巷2弄18號1樓", "phone": "(02)27206193", "district": "信義區"}, "geometry": {"type": "Point", "coordinates": [121.5697489, 25.02369281]}}, {"type": "Feature", "properties": {"name": "必欣藥局", "address": "臺北市信義區松仁路２６４號", "phone": "(02)27225060", "district": "信義區"}, "geometry": {"type": "Point", "coordinates": [121.569584, 25.02425301]}}, {"type": "Feature", "properties": {"name": "臺陽藥局", "address": "臺北市信義區大道路６１號", "phone": "(02)27283403", "district": "信義區"}, "geometry": {"type": "Point", "coordinates": [121.5823358, 25.04135926]}}, {"type": "Feature", "properties": {"name": "松隆藥局", "address": "臺北市信義區虎林街65號", "phone": "(02)27684033", "district": "信義區"}, "geometry": {"type": "Point", "coordinates": [121.5770735, 25.04604214]}}, {"type": "Feature", "properties": {"name": "杏康藥局", "address": "臺北市信義區忠孝東路五段３７２巷２７弄６８－２號１樓", "phone": "(02)23457422", "district": "信義區"}, "geometry": {"type": "Point", "coordinates": [121.5752982, 25.03975607]}}, {"type": "Feature", "properties": {"name": "慧生藥局", "address": "臺北市信義區松山路３１０號", "phone": "(02)27647138", "district": "信義區"}, "geometry": {"type": "Point", "coordinates": [121.5776571, 25.04256147]}}, {"type": "Feature", "properties": {"name": "鼎泰藥局", "address": "臺北市信義區基隆路一段１５５號１樓", "phone": "(02)27620617", "district": "信義區"}, "geometry": {"type": "Point", "coordinates": [121.5653361, 25.04221567]}}, {"type": "Feature", "properties": {"name": "松山大藥局", "address": "臺北市信義區永吉路４３６號", "phone": "(02)27600097", "district": "信義區"}, "geometry": {"type": "Point", "coordinates": [121.5781324, 25.04526447]}}, {"type": "Feature", "properties": {"name": "信隆藥局", "address": "臺北市信義區仁愛路四段496巷5號", "phone": "(02)27296953", "district": "信義區"}, "geometry": {"type": "Point", "coordinates": [121.560471, 25.03703621]}}, {"type": "Feature", "properties": {"name": "力康藥局", "address": "臺北市信義區吳興街１６６－１號１樓", "phone": "(02)27375368", "district": "信義區"}, "geometry": {"type": "Point", "coordinates": [121.5620058, 25.02895804]}}, {"type": "Feature", "properties": {"name": "吳興藥局", "address": "臺北市信義區吳興街二七九號一樓", "phone": "(02)27208328", "district": "信義區"}, "geometry": {"type": "Point", "coordinates": [121.5641935, 25.02658092]}}, {"type": "Feature", "properties": {"name": "良美藥局", "address": "臺北市信義區福德街268巷37號", "phone": "(02)27593659", "district": "信義區"}, "geometry": {"type": "Point", "coordinates": [121.5854369, 25.04032985]}}, {"type": "Feature", "properties": {"name": "福華藥局", "address": "臺北市信義區吳興街２８１巷３號１樓", "phone": "(02)27208527", "district": "信義區"}, "geometry": {"type": "Point", "coordinates": [121.5643486, 25.0265588]}}, {"type": "Feature", "properties": {"name": "老上德藥局", "address": "臺北市信義區信義路六段１１８號", "phone": "(02)27273864", "district": "信義區"}, "geometry": {"type": "Point", "coordinates": [121.5782134, 25.03609127]}}, {"type": "Feature", "properties": {"name": "光成藥局", "address": "臺北市信義區光復南路４５７號之３", "phone": "(02)27587069", "district": "信義區"}, "geometry": {"type": "Point", "coordinates": [121.5577405, 25.03448509]}}, {"type": "Feature", "properties": {"name": "大順安藥局", "address": "臺北市信義區吳興街８４號", "phone": "(02)27360639", "district": "信義區"}, "geometry": {"type": "Point", "coordinates": [121.5606311, 25.03056223]}}, {"type": "Feature", "properties": {"name": "立信藥局", "address": "臺北市信義區松山路４０３號１樓", "phone": "(02)27687754", "district": "信義區"}, "geometry": {"type": "Point", "coordinates": [121.5779913, 25.04144301]}}, {"type": "Feature", "properties": {"name": "喜樂藥局", "address": "臺北市信義區松德路125號", "phone": "(02)27275797", "district": "信義區"}, "geometry": {"type": "Point", "coordinates": [121.5752869, 25.03751627]}}, {"type": "Feature", "properties": {"name": "馨馨藥局", "address": "臺北市信義區虎林街82巷19號", "phone": "", "district": "信義區"}, "geometry": {"type": "Point", "coordinates": [121.5763774, 25.04336423]}}, {"type": "Feature", "properties": {"name": "信義盛康藥局", "address": "臺北市信義區永吉路286號（1樓）", "phone": "(02)23460521", "district": "信義區"}, "geometry": {"type": "Point", "coordinates": [121.5744261, 25.0453699]}}, {"type": "Feature", "properties": {"name": "新資生北醫大藥局", "address": "臺北市信義區吳興街284巷24弄1之1號1樓", "phone": "(02)23777588", "district": "信義區"}, "geometry": {"type": "Point", "coordinates": [121.5635133, 25.02442146]}}, {"type": "Feature", "properties": {"name": "小熊藥局", "address": "臺北市信義區虎林街57之1號1樓", "phone": "(02)27495833", "district": "信義區"}, "geometry": {"type": "Point", "coordinates": [121.5769301, 25.04716841]}}, {"type": "Feature", "properties": {"name": "松美藥局", "address": "臺北市信義區市民大道6段320號(1樓)", "phone": "(02)27651099", "district": "信義區"}, "geometry": {"type": "Point", "coordinates": [121.5797196, 25.0487903]}}, {"type": "Feature", "properties": {"name": "上好松山藥局", "address": "臺北市信義區松山路144號1樓", "phone": "(02)27568012", "district": "信義區"}, "geometry": {"type": "Point", "coordinates": [121.5776119, 25.047023]}}, {"type": "Feature", "properties": {"name": "躍獅松仁藥局", "address": "臺北市信義區松仁路233號1樓", "phone": "(02)27238626", "district": "信義區"}, "geometry": {"type": "Point", "coordinates": [121.5687687, 25.02617413]}}, {"type": "Feature", "properties": {"name": "杏仁藥局", "address": "臺北市信義區大道路１３５號", "phone": "(02)27262541", "district": "信義區"}, "geometry": {"type": "Point", "coordinates": [121.5834462, 25.03900907]}}, {"type": "Feature", "properties": {"name": "佑華藥局", "address": "臺北市信義區忠孝東路五段五0八之四號一樓", "phone": "(02)27595719", "district": "信義區"}, "geometry": {"type": "Point", "coordinates": [121.5787179, 25.04075495]}}, {"type": "Feature", "properties": {"name": "新和平藥局", "address": "臺北市信義區虎林街一九八號一樓", "phone": "(02)23460951", "district": "信義區"}, "geometry": {"type": "Point", "coordinates": [121.5768828, 25.03844073]}}, {"type": "Feature", "properties": {"name": "華泰藥局", "address": "臺北市信義區虎林街八十二巷五號", "phone": "(02)27601992", "district": "信義區"}, "geometry": {"type": "Point", "coordinates": [121.5794808, 25.0483231]}}, {"type": "Feature", "properties": {"name": "德康大藥局", "address": "臺北市信義區松山路五四一巷二十一號", "phone": "(02)27272502", "district": "信義區"}, "geometry": {"type": "Point", "coordinates": [121.5783212, 25.0492016]}}, {"type": "Feature", "properties": {"name": "皇佳大藥局", "address": "臺北市信義區松山路541巷25號1樓、27號1樓", "phone": "(02)27262555", "district": "信義區"}, "geometry": {"type": "Point", "coordinates": [121.579105, 25.03796036]}}, {"type": "Feature", "properties": {"name": "好康藥局", "address": "臺北市信義區莊敬路414號", "phone": "(02)27232979", "district": "信義區"}, "geometry": {"type": "Point", "coordinates": [121.566199, 25.0271568]}}, {"type": "Feature", "properties": {"name": "麗中藥局", "address": "臺北市信義區福德街217號", "phone": "(02)27594416", "district": "信義區"}, "geometry": {"type": "Point", "coordinates": [121.5847403, 25.03840938]}}, {"type": "Feature", "properties": {"name": "文興藥局", "address": "臺北市信義區福德街245號", "phone": "(02)27590989", "district": "信義區"}, "geometry": {"type": "Point", "coordinates": [121.5858573, 25.03873939]}}, {"type": "Feature", "properties": {"name": "康杏藥局", "address": "臺北市信義區福德街306號1樓", "phone": "(02)27591510", "district": "信義區"}, "geometry": {"type": "Point", "coordinates": [121.5873598, 25.03930647]}}, {"type": "Feature", "properties": {"name": "昆陽藥局", "address": "臺北市信義區林口街230號", "phone": "(02)27274814", "district": "信義區"}, "geometry": {"type": "Point", "coordinates": [121.5813126, 25.04247952]}}, {"type": "Feature", "properties": {"name": "綠杏大藥局", "address": "臺北市信義區吳興街241號", "phone": "(02)27582378", "district": "信義區"}, "geometry": {"type": "Point", "coordinates": [121.5634929, 25.02745032]}}, {"type": "Feature", "properties": {"name": "鴻濟藥局", "address": "臺北市信義區永吉路326巷2號1樓", "phone": "(02)27645331", "district": "信義區"}, "geometry": {"type": "Point", "coordinates": [121.5753908, 25.04506854]}}, {"type": "Feature", "properties": {"name": "信桉藥局", "address": "臺北市信義區莊敬路236號", "phone": "(02)87860005", "district": "信義區"}, "geometry": {"type": "Point", "coordinates": [121.5620883, 25.02959805]}}, {"type": "Feature", "properties": {"name": "安佑藥局", "address": "臺北市信義區吳興街247號1樓", "phone": "(02)27222236", "district": "信義區"}, "geometry": {"type": "Point", "coordinates": [121.5635901, 25.02733059]}}, {"type": "Feature", "properties": {"name": "安心藥局", "address": "臺北市信義區永吉路30巷148弄4之1號", "phone": "(02)27474992", "district": "信義區"}, "geometry": {"type": "Point", "coordinates": [121.5685441, 25.04265751]}}, {"type": "Feature", "properties": {"name": "九州藥局", "address": "臺北市信義區和平東路三段239號", "phone": "(02)87323331", "district": "信義區"}, "geometry": {"type": "Point", "coordinates": [121.5543153, 25.02293626]}}, {"type": "Feature", "properties": {"name": "永吉藥局", "address": "臺北市信義區永吉路213號", "phone": "(02)87874043", "district": "信義區"}, "geometry": {"type": "Point", "coordinates": [121.5738721, 25.04571477]}}, {"type": "Feature", "properties": {"name": "榮泰藥局", "address": "臺北市信義區光復南路419巷117號1樓", "phone": "(02)77296777", "district": "信義區"}, "geometry": {"type": "Point", "coordinates": [121.5599212, 25.0365281]}}, {"type": "Feature", "properties": {"name": "皇昇大藥局", "address": "臺北市信義區松山路210號", "phone": "(02)27663886", "district": "信義區"}, "geometry": {"type": "Point", "coordinates": [121.5776333, 25.04508792]}}, {"type": "Feature", "properties": {"name": "貴臨藥局", "address": "臺北市信義區永吉路326巷19號", "phone": "(02)27493768", "district": "信義區"}, "geometry": {"type": "Point", "coordinates": [121.5755456, 25.04457386]}}, {"type": "Feature", "properties": {"name": "大鳥藥局", "address": "臺北市信義區莊敬路354號", "phone": "(02)23455025", "district": "信義區"}, "geometry": {"type": "Point", "coordinates": [121.5643416, 25.02771676]}}, {"type": "Feature", "properties": {"name": "濟生中西藥局", "address": "臺北市信義區崇德街41號", "phone": "(02)27358452", "district": "信義區"}, "geometry": {"type": "Point", "coordinates": [121.5541989, 25.0243633]}}, {"type": "Feature", "properties": {"name": "正和藥局", "address": "臺北市信義區吳興街225巷6號", "phone": "(02)23455186", "district": "信義區"}, "geometry": {"type": "Point", "coordinates": [121.5634533, 25.02783749]}}, {"type": "Feature", "properties": {"name": "荐荃藥師藥局", "address": "臺北市信義區虎林街68之3號", "phone": "(02)27492866", "district": "信義區"}, "geometry": {"type": "Point", "coordinates": [121.5770353, 25.04447892]}}, {"type": "Feature", "properties": {"name": "新永春藥局", "address": "臺北市信義區忠孝東路5段423巷1號", "phone": "", "district": "信義區"}, "geometry": {"type": "Point", "coordinates": [121.5752643, 25.04126297]}}, {"type": "Feature", "properties": {"name": "大浲藥局", "address": "臺北市信義區忠孝東路5段372巷27弄18號", "phone": "(02)87896835", "district": "信義區"}, "geometry": {"type": "Point", "coordinates": [121.5744502, 25.03957979]}}, {"type": "Feature", "properties": {"name": "新興健保藥局", "address": "臺北市信義區永吉路30巷113號", "phone": "(02)27494892", "district": "信義區"}, "geometry": {"type": "Point", "coordinates": [121.5688674, 25.0432416]}}, {"type": "Feature", "properties": {"name": "富熙藥局", "address": "臺北市信義區松仁路260號1樓", "phone": "(02)27587608", "district": "信義區"}, "geometry": {"type": "Point", "coordinates": [121.5695448, 25.02431912]}}, {"type": "Feature", "properties": {"name": "洪暘藥局", "address": "臺北市信義區富陽街86號", "phone": "(02)27337099", "district": "信義區"}, "geometry": {"type": "Point", "coordinates": [121.5564304, 25.02127393]}}, {"type": "Feature", "properties": {"name": "專品光復藥局", "address": "臺北市信義區光復南路467之1號", "phone": "(02)27586682", "district": "信義區"}, "geometry": {"type": "Point", "coordinates": [121.5576703, 25.03383787]}}, {"type": "Feature", "properties": {"name": "仁聖藥局", "address": "臺北市信義區信安街151號", "phone": "(02)87324166", "district": "信義區"}, "geometry": {"type": "Point", "coordinates": [121.5554087, 25.02289299]}}, {"type": "Feature", "properties": {"name": "尚頤中西藥局", "address": "臺北市信義區虎林街145號", "phone": "", "district": "信義區"}, "geometry": {"type": "Point", "coordinates": [121.5767206, 25.03959377]}}, {"type": "Feature", "properties": {"name": "北一健康人生藥局", "address": "臺北市信義區吳興街255號", "phone": "(02)27583945", "district": "信義區"}, "geometry": {"type": "Point", "coordinates": [121.5637344, 25.02715286]}}, {"type": "Feature", "properties": {"name": "博亞藥局", "address": "臺北市信義區莊敬路462號", "phone": "(02)27580506", "district": "信義區"}, "geometry": {"type": "Point", "coordinates": [121.567728, 25.02671857]}}, {"type": "Feature", "properties": {"name": "躍獅永吉藥局", "address": "臺北市信義區永吉路520號", "phone": "(02)27059791", "district": "信義區"}, "geometry": {"type": "Point", "coordinates": [121.5803549, 25.0452117]}}, {"type": "Feature", "properties": {"name": "立赫北醫藥局", "address": "臺北市信義區吳興街118巷26弄17號", "phone": "(02)27320100", "district": "信義區"}, "geometry": {"type": "Point", "coordinates": [121.559898, 25.03006474]}}, {"type": "Feature", "properties": {"name": "壹間藥師藥局", "address": "臺北市信義區虎林街120巷148號", "phone": "(02)27672833", "district": "信義區"}, "geometry": {"type": "Point", "coordinates": [121.5741541, 25.04213337]}}, {"type": "Feature", "properties": {"name": "躍獅光復藥局", "address": "臺北市信義區光復南路417之8號", "phone": "(02)87862307", "district": "信義區"}, "geometry": {"type": "Point", "coordinates": [121.5577258, 25.03681858]}}, {"type": "Feature", "properties": {"name": "上好藥師藥局", "address": "臺北市信義區永吉路30巷101弄48號", "phone": "(02)27677088", "district": "信義區"}, "geometry": {"type": "Point", "coordinates": [121.5701025, 25.04343133]}}, {"type": "Feature", "properties": {"name": "北一忠孝藥局", "address": "臺北市信義區忠孝東路5段524巷1弄16號1樓", "phone": "(02)23464572", "district": "信義區"}, "geometry": {"type": "Point", "coordinates": [121.5801512, 25.04133527]}}, {"type": "Feature", "properties": {"name": "富凱藥師藥局", "address": "臺北市信義區林口街18號1樓", "phone": "(02)27282685", "district": "信義區"}, "geometry": {"type": "Point", "coordinates": [121.5793666, 25.03718525]}}, {"type": "Feature", "properties": {"name": "吳興春天藥局", "address": "臺北市信義區吳興街137號1樓", "phone": "(02)27585617", "district": "信義區"}, "geometry": {"type": "Point", "coordinates": [121.561798, 25.02947464]}}, {"type": "Feature", "properties": {"name": "寶春藥局", "address": "臺北市信義區虎林街119之19號1樓", "phone": "", "district": "信義區"}, "geometry": {"type": "Point", "coordinates": [121.5770952, 25.04111935]}}, {"type": "Feature", "properties": {"name": "日安藥局", "address": "臺北市信義區松仁路240巷13號1樓", "phone": "(02)27203775", "district": "信義區"}, "geometry": {"type": "Point", "coordinates": [121.5690991, 25.02453977]}}, {"type": "Feature", "properties": {"name": "愛維喜藥局", "address": "臺北市信義區莊敬路278號", "phone": "(02)27586989", "district": "信義區"}, "geometry": {"type": "Point", "coordinates": [121.5627071, 25.02882297]}}, {"type": "Feature", "properties": {"name": "市政藥局", "address": "臺北市信義區忠孝東路5段169號1樓、171號1樓", "phone": "(02)27560050", "district": "信義區"}, "geometry": {"type": "Point", "coordinates": [121.5688097, 25.04119897]}}, {"type": "Feature", "properties": {"name": "杏一後山埤藥局", "address": "臺北市信義區忠孝東路5段778號1樓", "phone": "(02)27274357", "district": "信義區"}, "geometry": {"type": "Point", "coordinates": [121.5815662, 25.04340073]}}, {"type": "Feature", "properties": {"name": "光點信義松仁藥局", "address": "臺北市信義區松仁路160號1樓", "phone": "(02)27581850", "district": "信義區"}, "geometry": {"type": "Point", "coordinates": [121.5682102, 25.02843911]}}, {"type": "Feature", "properties": {"name": "躍獅興雅藥局", "address": "臺北市信義區松德路128號1樓", "phone": "(02)87808429", "district": "信義區"}, "geometry": {"type": "Point", "coordinates": [121.5744817, 25.03734142]}}, {"type": "Feature", "properties": {"name": "宜家藥局", "address": "臺北市士林區前港街86號1樓", "phone": "(02)28833677", "district": "士林區"}, "geometry": {"type": "Point", "coordinates": [121.5196328, 25.08498315]}}, {"type": "Feature", "properties": {"name": "家赫宇盛藥局", "address": "臺北市士林區中山北路6段222號1樓", "phone": "(02)28328728", "district": "士林區"}, "geometry": {"type": "Point", "coordinates": [121.5254001, 25.10860067]}}, {"type": "Feature", "properties": {"name": "前港台安藥局", "address": "臺北市士林區前港街28號1樓", "phone": "(02)28831079", "district": "士林區"}, "geometry": {"type": "Point", "coordinates": [121.5220506, 25.08459299]}}, {"type": "Feature", "properties": {"name": "向宇藥局", "address": "臺北市士林區德行東路217號1樓", "phone": "(02)88661101", "district": "士林區"}, "geometry": {"type": "Point", "coordinates": [121.532763, 25.10934708]}}, {"type": "Feature", "properties": {"name": "天母藥局", "address": "臺北市士林區天母西路26號1樓", "phone": "(02)28771202", "district": "士林區"}, "geometry": {"type": "Point", "coordinates": [121.5268437, 25.11835063]}}, {"type": "Feature", "properties": {"name": "大田大藥局", "address": "臺北市士林區德行東路133號1樓", "phone": "(02)28326112", "district": "士林區"}, "geometry": {"type": "Point", "coordinates": [121.5292096, 25.10808845]}}, {"type": "Feature", "properties": {"name": "有為藥局", "address": "臺北市士林區文林路477號(1樓)", "phone": "(02)28366898", "district": "士林區"}, "geometry": {"type": "Point", "coordinates": [121.5241792, 25.0960516]}}, {"type": "Feature", "properties": {"name": "忠義台安藥局", "address": "臺北市士林區忠義街72號1樓", "phone": "(02)28380685", "district": "士林區"}, "geometry": {"type": "Point", "coordinates": [121.5315264, 25.10600093]}}, {"type": "Feature", "properties": {"name": "芝山藥局", "address": "臺北市士林區忠誠路1段27號1樓及地下1層、29號1樓及地下1層", "phone": "(02)28330353", "district": "士林區"}, "geometry": {"type": "Point", "coordinates": [121.5270814, 25.10415332]}}, {"type": "Feature", "properties": {"name": "富康活力通河藥局", "address": "臺北市士林區通河街141巷1號1樓", "phone": "(02)28862866", "district": "士林區"}, "geometry": {"type": "Point", "coordinates": [121.5208017, 25.08104434]}}, {"type": "Feature", "properties": {"name": "通河藥局", "address": "臺北市士林區通河街147號1樓", "phone": "(02)28861332", "district": "士林區"}, "geometry": {"type": "Point", "coordinates": [121.5205427, 25.0811004]}}, {"type": "Feature", "properties": {"name": "南風藥局", "address": "臺北市士林區美崙街45號1樓", "phone": "(02)28320375", "district": "士林區"}, "geometry": {"type": "Point", "coordinates": [121.5225385, 25.0970569]}}, {"type": "Feature", "properties": {"name": "菁安藥局", "address": "臺北市士林區美崙街5號1樓", "phone": "(02)28323951", "district": "士林區"}, "geometry": {"type": "Point", "coordinates": [121.5236314, 25.09718206]}}, {"type": "Feature", "properties": {"name": "景正藥師中西藥局", "address": "臺北市士林區福港街１５２號", "phone": "(02)28838762", "district": "士林區"}, "geometry": {"type": "Point", "coordinates": [121.5178302, 25.08753114]}}, {"type": "Feature", "properties": {"name": "佳赫藥局", "address": "臺北市士林區文昌路62號", "phone": "(02)28367202", "district": "士林區"}, "geometry": {"type": "Point", "coordinates": [121.5213792, 25.09604928]}}, {"type": "Feature", "properties": {"name": "士林三安藥局", "address": "臺北市士林區大南路１１號", "phone": "(02)28812631", "district": "士林區"}, "geometry": {"type": "Point", "coordinates": [121.5260087, 25.08898084]}}, {"type": "Feature", "properties": {"name": "啓宏藥局", "address": "臺北市士林區大東路９０之１號", "phone": "(02)28825811", "district": "士林區"}, "geometry": {"type": "Point", "coordinates": [121.5256281, 25.09145851]}}, {"type": "Feature", "properties": {"name": "太安藥局", "address": "臺北市士林區延平北路五段157號", "phone": "(02)28111468", "district": "士林區"}, "geometry": {"type": "Point", "coordinates": [121.5101238, 25.08255769]}}, {"type": "Feature", "properties": {"name": "田倉藥局", "address": "臺北市士林區士東路122號1樓", "phone": "(02)88662188", "district": "士林區"}, "geometry": {"type": "Point", "coordinates": [121.5300746, 25.11218957]}}, {"type": "Feature", "properties": {"name": "日康藥局", "address": "臺北市士林區士東路１２號１樓", "phone": "(02)28358558", "district": "士林區"}, "geometry": {"type": "Point", "coordinates": [121.5267369, 25.11167788]}}, {"type": "Feature", "properties": {"name": "正陽藥局", "address": "臺北市士林區華齡街１１號１樓", "phone": "(02)28815711", "district": "士林區"}, "geometry": {"type": "Point", "coordinates": [121.5194293, 25.08266817]}}, {"type": "Feature", "properties": {"name": "麗森藥局", "address": "臺北市士林區天母西路51號", "phone": "(02)28714152", "district": "士林區"}, "geometry": {"type": "Point", "coordinates": [121.5269353, 25.11854332]}}, {"type": "Feature", "properties": {"name": "天母大和藥師藥局", "address": "臺北市士林區德行東路189之1號１樓", "phone": "(02)28310142", "district": "士林區"}, "geometry": {"type": "Point", "coordinates": [121.5316648, 25.10896733]}}, {"type": "Feature", "properties": {"name": "陽明藥局", "address": "臺北市士林區菁山路十號一樓", "phone": "(02)28612863", "district": "士林區"}, "geometry": {"type": "Point", "coordinates": [121.5468874, 25.13797206]}}, {"type": "Feature", "properties": {"name": "康鈺藥局", "address": "臺北市士林區忠誠路2段150號1樓", "phone": "(02)28313915", "district": "士林區"}, "geometry": {"type": "Point", "coordinates": [121.532611, 25.11489766]}}, {"type": "Feature", "properties": {"name": "今欣藥局", "address": "臺北市士林區天母西路41巷9號1樓", "phone": "(02)28713129", "district": "士林區"}, "geometry": {"type": "Point", "coordinates": [121.5273756, 25.11931282]}}, {"type": "Feature", "properties": {"name": "資生堂藥局", "address": "臺北市士林區承德路四段40巷17號1樓", "phone": "(02)28857588", "district": "士林區"}, "geometry": {"type": "Point", "coordinates": [121.5220223, 25.08107202]}}, {"type": "Feature", "properties": {"name": "社子全民藥局", "address": "臺北市士林區延平北路五段120號", "phone": "(02)28127412", "district": "士林區"}, "geometry": {"type": "Point", "coordinates": [121.5105655, 25.0816936]}}, {"type": "Feature", "properties": {"name": "康華藥局", "address": "臺北市士林區中山北路七段14巷二號二樓", "phone": "(02)28743223", "district": "士林區"}, "geometry": {"type": "Point", "coordinates": [121.5310729, 25.1186355]}}, {"type": "Feature", "properties": {"name": "安泰藥師藥局", "address": "臺北市士林區延平北路六段83號(實際使用：1、2樓)", "phone": "(02)28166977", "district": "士林區"}, "geometry": {"type": "Point", "coordinates": [121.5087034, 25.0884662]}}, {"type": "Feature", "properties": {"name": "家赫藥局", "address": "臺北市士林區忠義街80號1樓", "phone": "(02)28346453", "district": "士林區"}, "geometry": {"type": "Point", "coordinates": [121.5317167, 25.10614065]}}, {"type": "Feature", "properties": {"name": "得安藥局", "address": "臺北市士林區文林路195號1樓", "phone": "(02)28836336", "district": "士林區"}, "geometry": {"type": "Point", "coordinates": [121.5269004, 25.08977728]}}, {"type": "Feature", "properties": {"name": "達揚藥局", "address": "臺北市士林區社正路36號1樓", "phone": "(02)88115559", "district": "士林區"}, "geometry": {"type": "Point", "coordinates": [121.5099011, 25.08877112]}}, {"type": "Feature", "properties": {"name": "和樹藥局", "address": "臺北市士林區後港街45巷1號1樓", "phone": "(02)28821188", "district": "士林區"}, "geometry": {"type": "Point", "coordinates": [121.5227724, 25.08443801]}}, {"type": "Feature", "properties": {"name": "博信藥局", "address": "臺北市士林區延平北路六段61號", "phone": "(02)28128295", "district": "士林區"}, "geometry": {"type": "Point", "coordinates": [121.5087636, 25.08787771]}}, {"type": "Feature", "properties": {"name": "新興藥局", "address": "臺北市士林區德行西路１１７號", "phone": "(02)28362643", "district": "士林區"}, "geometry": {"type": "Point", "coordinates": [121.5206205, 25.10397683]}}, {"type": "Feature", "properties": {"name": "杏城藥局", "address": "臺北市士林區天母東路２４號", "phone": "(02)28725144", "district": "士林區"}, "geometry": {"type": "Point", "coordinates": [121.532249, 25.11763699]}}, {"type": "Feature", "properties": {"name": "文祥藥局", "address": "臺北市士林區光華路２６巷２弄２號", "phone": "(02)28623487", "district": "士林區"}, "geometry": {"type": "Point", "coordinates": [121.5420468, 25.13749085]}}, {"type": "Feature", "properties": {"name": "建芳藥局", "address": "臺北市士林區德行東路１４８號", "phone": "(02)28357172", "district": "士林區"}, "geometry": {"type": "Point", "coordinates": [121.5295563, 25.10803806]}}, {"type": "Feature", "properties": {"name": "博惠藥局", "address": "臺北市士林區華榮街１６號", "phone": "(02)28320379", "district": "士林區"}, "geometry": {"type": "Point", "coordinates": [121.5236017, 25.09548634]}}, {"type": "Feature", "properties": {"name": "有德堂大藥局", "address": "臺北市士林區中山北路六段２２７號", "phone": "(02)28318387", "district": "士林區"}, "geometry": {"type": "Point", "coordinates": [121.5251151, 25.10888445]}}, {"type": "Feature", "properties": {"name": "安寧藥局", "address": "臺北市士林區劍潭路91號", "phone": "(02)28803319", "district": "士林區"}, "geometry": {"type": "Point", "coordinates": [121.5199092, 25.0828459]}}, {"type": "Feature", "properties": {"name": "博泰藥局", "address": "臺北市士林區社中街３６７號", "phone": "(02)28128612", "district": "士林區"}, "geometry": {"type": "Point", "coordinates": [121.5038113, 25.09222541]}}, {"type": "Feature", "properties": {"name": "華倫藥局", "address": "臺北市士林區永平街８０巷１０號１樓", "phone": "(02)28116545", "district": "士林區"}, "geometry": {"type": "Point", "coordinates": [121.5055151, 25.09151994]}}, {"type": "Feature", "properties": {"name": "詠恩藥局", "address": "臺北市士林區延平北路五段316號1樓", "phone": "(02)28119479", "district": "士林區"}, "geometry": {"type": "Point", "coordinates": [121.5095752, 25.08619268]}}, {"type": "Feature", "properties": {"name": "仁大藥局", "address": "臺北市士林區社子街13號1樓", "phone": "(02)88113793", "district": "士林區"}, "geometry": {"type": "Point", "coordinates": [121.5083331, 25.08769049]}}, {"type": "Feature", "properties": {"name": "三光藥局", "address": "臺北市士林區延平北路五段320號1樓", "phone": "(02)28123786", "district": "士林區"}, "geometry": {"type": "Point", "coordinates": [121.5095485, 25.08627942]}}, {"type": "Feature", "properties": {"name": "社正藥局", "address": "臺北市士林區社正路12號1樓", "phone": "(02)28118704", "district": "士林區"}, "geometry": {"type": "Point", "coordinates": [121.5092776, 25.0885376]}}, {"type": "Feature", "properties": {"name": "芳圓藥局", "address": "臺北市士林區社子街26之1號", "phone": "(02)28168666", "district": "士林區"}, "geometry": {"type": "Point", "coordinates": [121.5079664, 25.08749539]}}, {"type": "Feature", "properties": {"name": "柏雅大藥局", "address": "臺北市士林區德行西路64號", "phone": "(02)88664398", "district": "士林區"}, "geometry": {"type": "Point", "coordinates": [121.5226853, 25.10505772]}}, {"type": "Feature", "properties": {"name": "麗登藥局", "address": "臺北市士林區文林路261號", "phone": "(02)28881414", "district": "士林區"}, "geometry": {"type": "Point", "coordinates": [121.5266532, 25.09108108]}}, {"type": "Feature", "properties": {"name": "信光藥局", "address": "臺北市士林區文昌路68號", "phone": "(02)28366277", "district": "士林區"}, "geometry": {"type": "Point", "coordinates": [121.5213576, 25.09619424]}}, {"type": "Feature", "properties": {"name": "幸福藥局", "address": "臺北市士林區德行東路109巷8號", "phone": "(02)28346650", "district": "士林區"}, "geometry": {"type": "Point", "coordinates": [121.5283942, 25.10812067]}}, {"type": "Feature", "properties": {"name": "天爵藥局", "address": "臺北市士林區中山北路6段450巷1號", "phone": "(02)28733759", "district": "士林區"}, "geometry": {"type": "Point", "coordinates": [121.5276386, 25.11424669]}}, {"type": "Feature", "properties": {"name": "石川藥師藥局", "address": "臺北市士林區忠義街70號", "phone": "", "district": "士林區"}, "geometry": {"type": "Point", "coordinates": [121.53142, 25.1059435]}}, {"type": "Feature", "properties": {"name": "誼安藥局", "address": "臺北市士林區通河街42號", "phone": "", "district": "士林區"}, "geometry": {"type": "Point", "coordinates": [121.5214694, 25.08044249]}}, {"type": "Feature", "properties": {"name": "聖賢藥局", "address": "臺北市士林區士商路58號", "phone": "(02)28833046", "district": "士林區"}, "geometry": {"type": "Point", "coordinates": [121.5200325, 25.09056437]}}, {"type": "Feature", "properties": {"name": "大東健保藥局", "address": "臺北市士林區大東路86之4號", "phone": "(02)28834672", "district": "士林區"}, "geometry": {"type": "Point", "coordinates": [121.5256719, 25.09131395]}}, {"type": "Feature", "properties": {"name": "光榮藥局", "address": "臺北市士林區社中街118號", "phone": "(02)28136060", "district": "士林區"}, "geometry": {"type": "Point", "coordinates": [121.5103454, 25.08990134]}}, {"type": "Feature", "properties": {"name": "天母康甯健保藥局", "address": "臺北市士林區克強路8號", "phone": "(02)28366631", "district": "士林區"}, "geometry": {"type": "Point", "coordinates": [121.5245315, 25.10890703]}}, {"type": "Feature", "properties": {"name": "大南春天生活藥局", "address": "臺北市士林區大南路317、319號", "phone": "(02)28882196", "district": "士林區"}, "geometry": {"type": "Point", "coordinates": [121.5180056, 25.0888786]}}, {"type": "Feature", "properties": {"name": "和謙藥局", "address": "臺北市士林區社中街362號", "phone": "(02)28165678", "district": "士林區"}, "geometry": {"type": "Point", "coordinates": [121.5040515, 25.09242095]}}, {"type": "Feature", "properties": {"name": "躍獅忠誠藥局", "address": "臺北市士林區忠義街70號", "phone": "(02)28387948", "district": "士林區"}, "geometry": {"type": "Point", "coordinates": [121.53142, 25.1059435]}}, {"type": "Feature", "properties": {"name": "祥新藥局", "address": "臺北市士林區社子街65號", "phone": "(02)28110906", "district": "士林區"}, "geometry": {"type": "Point", "coordinates": [121.5067454, 25.08751342]}}, {"type": "Feature", "properties": {"name": "天母台安藥局", "address": "臺北市士林區天母西路34號", "phone": "(02)28728017", "district": "士林區"}, "geometry": {"type": "Point", "coordinates": [121.5262169, 25.11834825]}}, {"type": "Feature", "properties": {"name": "華齡春天生活藥局", "address": "臺北市士林區華齡街36、38號", "phone": "(02)28882156", "district": "士林區"}, "geometry": {"type": "Point", "coordinates": [121.5195045, 25.0836715]}}, {"type": "Feature", "properties": {"name": "德行春天生活藥局", "address": "臺北市士林區德行東路76號", "phone": "(02)28380306", "district": "士林區"}, "geometry": {"type": "Point", "coordinates": [121.5274641, 25.10730213]}}, {"type": "Feature", "properties": {"name": "家安健保藥局", "address": "臺北市士林區德行東路109巷119號", "phone": "(02)28322182", "district": "士林區"}, "geometry": {"type": "Point", "coordinates": [121.5287782, 25.11156217]}}, {"type": "Feature", "properties": {"name": "後港五代全民藥局", "address": "臺北市士林區和豐街6號", "phone": "(02)28818914", "district": "士林區"}, "geometry": {"type": "Point", "coordinates": [121.5191837, 25.08278827]}}, {"type": "Feature", "properties": {"name": "康佑藥局", "address": "臺北市士林區延平北路五段176號", "phone": "(02)28119981", "district": "士林區"}, "geometry": {"type": "Point", "coordinates": [121.5102874, 25.08299467]}}, {"type": "Feature", "properties": {"name": "愛佳藥局", "address": "臺北市士林區承德路四段222之1號", "phone": "(02)28811199", "district": "士林區"}, "geometry": {"type": "Point", "coordinates": [121.5214727, 25.08850168]}}, {"type": "Feature", "properties": {"name": "安奕藥局", "address": "臺北市士林區葫蘆街30巷12號", "phone": "(02)28133289", "district": "士林區"}, "geometry": {"type": "Point", "coordinates": [121.5099306, 25.08033752]}}, {"type": "Feature", "properties": {"name": "太和堂中西藥局", "address": "臺北市士林區大東路74號(實際使用:1樓)", "phone": "(02)28814122", "district": "士林區"}, "geometry": {"type": "Point", "coordinates": [121.5257822, 25.0903464]}}, {"type": "Feature", "properties": {"name": "佩佩藥局", "address": "臺北市士林區中山北路六段182號", "phone": "(02)28382662", "district": "士林區"}, "geometry": {"type": "Point", "coordinates": [121.5252009, 25.10758681]}}, {"type": "Feature", "properties": {"name": "躍獅芝山藥局", "address": "臺北市士林區福華路154號(實際使用:1樓)", "phone": "(02)28365822", "district": "士林區"}, "geometry": {"type": "Point", "coordinates": [121.522764, 25.1036122]}}, {"type": "Feature", "properties": {"name": "三原藥局", "address": "臺北市士林區延平北路五段293號(實際使用:1樓)", "phone": "(02)28111888", "district": "士林區"}, "geometry": {"type": "Point", "coordinates": [121.5094168, 25.085893]}}, {"type": "Feature", "properties": {"name": "士東藥局", "address": "臺北市士林區士東路91巷3號", "phone": "(02)28760588", "district": "士林區"}, "geometry": {"type": "Point", "coordinates": [121.5290591, 25.11256439]}}, {"type": "Feature", "properties": {"name": "杏一士林延平藥局", "address": "臺北市士林區延平北路5段250號(1樓)、252號1樓", "phone": "(02)28112937", "district": "士林區"}, "geometry": {"type": "Point", "coordinates": [121.5100118, 25.0847227]}}, {"type": "Feature", "properties": {"name": "文昌大藥局", "address": "臺北市士林區文昌路72號1樓", "phone": "(02)28376196", "district": "士林區"}, "geometry": {"type": "Point", "coordinates": [121.5212651, 25.09634087]}}, {"type": "Feature", "properties": {"name": "中山盛康藥局", "address": "臺北市士林區中山北路7段162號1樓", "phone": "(02)28771887", "district": "士林區"}, "geometry": {"type": "Point", "coordinates": [121.53271, 25.12416526]}}, {"type": "Feature", "properties": {"name": "藥本家藥局", "address": "臺北市士林區中山北路7段14巷26號1樓", "phone": "(02)28766682", "district": "士林區"}, "geometry": {"type": "Point", "coordinates": [121.5327738, 25.11884507]}}, {"type": "Feature", "properties": {"name": "誠泰中西藥局", "address": "臺北市士林區永平街13號1樓", "phone": "(02)88112352", "district": "士林區"}, "geometry": {"type": "Point", "coordinates": [121.5050936, 25.08995764]}}, {"type": "Feature", "properties": {"name": "加赫藥局", "address": "臺北市士林區文昌路76號1樓", "phone": "(02)28336362", "district": "士林區"}, "geometry": {"type": "Point", "coordinates": [121.5212148, 25.09646283]}}, {"type": "Feature", "properties": {"name": "美麗田藥局", "address": "臺北市士林區通河街78號1樓", "phone": "(02)28855990", "district": "士林區"}, "geometry": {"type": "Point", "coordinates": [121.520436, 25.08090076]}}, {"type": "Feature", "properties": {"name": "慈航藥局", "address": "臺北市士林區文林路441號(1樓)", "phone": "(02)28813168", "district": "士林區"}, "geometry": {"type": "Point", "coordinates": [121.5245433, 25.0948515]}}, {"type": "Feature", "properties": {"name": "德行盛康藥局", "address": "臺北市士林區德行東路206之1號1樓", "phone": "(02)28348756", "district": "士林區"}, "geometry": {"type": "Point", "coordinates": [121.531987, 25.1088979]}}, {"type": "Feature", "properties": {"name": "劍潭藥局", "address": "臺北市士林區劍潭路55巷22號1樓", "phone": "(02)28826998", "district": "士林區"}, "geometry": {"type": "Point", "coordinates": [121.5214307, 25.08456521]}}, {"type": "Feature", "properties": {"name": "心晴藥局", "address": "臺北市士林區劍潭路28號1樓", "phone": "(02)28856572", "district": "士林區"}, "geometry": {"type": "Point", "coordinates": [121.5225295, 25.08365682]}}, {"type": "Feature", "properties": {"name": "向謙未來藥局", "address": "臺北市士林區天母西路33號1樓", "phone": "(02)28760058", "district": "士林區"}, "geometry": {"type": "Point", "coordinates": [121.5277355, 25.1185034]}}, {"type": "Feature", "properties": {"name": "沐光中西藥局", "address": "臺北市士林區天母東路29號1樓", "phone": "(02)28761312", "district": "士林區"}, "geometry": {"type": "Point", "coordinates": [121.5319189, 25.11819156]}}, {"type": "Feature", "properties": {"name": "文昌春天藥局", "address": "臺北市士林區文昌路44號(1樓)", "phone": "(02)28838539", "district": "士林區"}, "geometry": {"type": "Point", "coordinates": [121.521552, 25.095632]}}, {"type": "Feature", "properties": {"name": "健揚藥局", "address": "臺北市士林區延平北路5段251號1樓", "phone": "(02)28163698", "district": "士林區"}, "geometry": {"type": "Point", "coordinates": [121.509683, 25.08482656]}}, {"type": "Feature", "properties": {"name": "康是美士東藥局", "address": "臺北市士林區士東路91巷1號1樓及1之1號1樓", "phone": "(02)28746085", "district": "士林區"}, "geometry": {"type": "Point", "coordinates": [121.5289417, 25.11234071]}}, {"type": "Feature", "properties": {"name": "社子藥局", "address": "臺北市士林區社子街4號1樓", "phone": "(02)28166135", "district": "士林區"}, "geometry": {"type": "Point", "coordinates": [121.5086985, 25.08758667]}}, {"type": "Feature", "properties": {"name": "天養藥局", "address": "臺北市士林區中山北路6段262號(1樓)", "phone": "", "district": "士林區"}, "geometry": {"type": "Point", "coordinates": [121.5255863, 25.1095898]}}, {"type": "Feature", "properties": {"name": "士林泰安藥局", "address": "臺北市士林區大東路36號(1樓)", "phone": "(02)28813509", "district": "士林區"}, "geometry": {"type": "Point", "coordinates": [121.5253291, 25.0893469]}}, {"type": "Feature", "properties": {"name": "晨熙藥局", "address": "臺北市士林區士東路48號1樓", "phone": "(02)28316333", "district": "士林區"}, "geometry": {"type": "Point", "coordinates": [121.5278368, 25.1118739]}}, {"type": "Feature", "properties": {"name": "千盛台安藥局", "address": "臺北市士林區天母東路8巷84號1樓", "phone": "(02)28720208", "district": "士林區"}, "geometry": {"type": "Point", "coordinates": [121.5304328, 25.11483515]}}, {"type": "Feature", "properties": {"name": "躍獅福港藥局", "address": "臺北市士林區福港街162號1樓", "phone": "(02)2883-6209", "district": "士林區"}, "geometry": {"type": "Point", "coordinates": [121.5176933, 25.08706843]}}, {"type": "Feature", "properties": {"name": "石牌有間藥局", "address": "臺北市北投區石牌路2段313號1樓", "phone": "(02)28760111", "district": "北投區"}, "geometry": {"type": "Point", "coordinates": [121.5231461, 25.1216861]}}, {"type": "Feature", "properties": {"name": "致遠台安藥局", "address": "臺北市北投區致遠二路141號1樓", "phone": "(02)28263580", "district": "北投區"}, "geometry": {"type": "Point", "coordinates": [121.5127873, 25.11729753]}}, {"type": "Feature", "properties": {"name": "關渡松藥局", "address": "臺北市北投區知行路247號1樓", "phone": "(02)28584824", "district": "北投區"}, "geometry": {"type": "Point", "coordinates": [121.4670676, 25.12073577]}}, {"type": "Feature", "properties": {"name": "吉利春天生活藥局", "address": "臺北市北投區吉利街120號1樓", "phone": "(02)28253256", "district": "北投區"}, "geometry": {"type": "Point", "coordinates": [121.5068156, 25.11850949]}}, {"type": "Feature", "properties": {"name": "赫爾振華藥局", "address": "臺北市北投區振華街34號1樓", "phone": "(02)28233730", "district": "北投區"}, "geometry": {"type": "Point", "coordinates": [121.5185604, 25.11584546]}}, {"type": "Feature", "properties": {"name": "中北生活藥局", "address": "臺北市北投區中央北路1段113號1樓", "phone": "", "district": "北投區"}, "geometry": {"type": "Point", "coordinates": [121.4992872, 25.13485327]}}, {"type": "Feature", "properties": {"name": "心樂藥局", "address": "臺北市北投區致遠一路2段105號1樓", "phone": "(02)28210261", "district": "北投區"}, "geometry": {"type": "Point", "coordinates": [121.5128171, 25.11306117]}}, {"type": "Feature", "properties": {"name": "祐民藥局", "address": "臺北市北投區中央南路1段209號(1樓)", "phone": "(02)28975339", "district": "北投區"}, "geometry": {"type": "Point", "coordinates": [121.5130564, 25.1131307]}}, {"type": "Feature", "properties": {"name": "天蓮藥局", "address": "臺北市北投區石牌路一段１６６巷１１５號", "phone": "(02)28211824", "district": "北投區"}, "geometry": {"type": "Point", "coordinates": [121.5155151, 25.11191768]}}, {"type": "Feature", "properties": {"name": "丸三大藥局", "address": "臺北市北投區自強街１０５號", "phone": "(02)28230637", "district": "北投區"}, "geometry": {"type": "Point", "coordinates": [121.5152668, 25.11085944]}}, {"type": "Feature", "properties": {"name": "石牌藥局", "address": "臺北市北投區石牌路一段４９號", "phone": "(02)28214986", "district": "北投區"}, "geometry": {"type": "Point", "coordinates": [121.5105831, 25.11329731]}}, {"type": "Feature", "properties": {"name": "進春藥局", "address": "臺北市北投區明德路１５１號", "phone": "(02)28216938", "district": "北投區"}, "geometry": {"type": "Point", "coordinates": [121.5206425, 25.11086327]}}, {"type": "Feature", "properties": {"name": "石牌大眾藥局", "address": "臺北市北投區致遠一路二段７號", "phone": "(02)28232565", "district": "北投區"}, "geometry": {"type": "Point", "coordinates": [121.5143913, 25.11093276]}}, {"type": "Feature", "properties": {"name": "德昇藥局", "address": "臺北市北投區裕民二路２０號", "phone": "(02)28217565", "district": "北投區"}, "geometry": {"type": "Point", "coordinates": [121.5169424, 25.11599154]}}, {"type": "Feature", "properties": {"name": "福德大藥局", "address": "臺北市北投區中央北路二段１９號", "phone": "(02)28920294", "district": "北投區"}, "geometry": {"type": "Point", "coordinates": [121.4959357, 25.13651029]}}, {"type": "Feature", "properties": {"name": "新祥藥局", "address": "臺北市北投區知行路２０８號之１", "phone": "(02)28582551", "district": "北投區"}, "geometry": {"type": "Point", "coordinates": [121.4668199, 25.11935203]}}, {"type": "Feature", "properties": {"name": "啟春藥局", "address": "臺北市北投區崇仁路一段１０２號１樓", "phone": "(02)28918244", "district": "北投區"}, "geometry": {"type": "Point", "coordinates": [121.5017015, 25.12529909]}}, {"type": "Feature", "properties": {"name": "東陽西藥局", "address": "臺北市北投區中央南路一段２０３號", "phone": "(02)28914208", "district": "北投區"}, "geometry": {"type": "Point", "coordinates": [121.501323, 25.12845753]}}, {"type": "Feature", "properties": {"name": "世全藥局", "address": "臺北市北投區知行路２7３號", "phone": "(02)28585378", "district": "北投區"}, "geometry": {"type": "Point", "coordinates": [121.4671484, 25.12129881]}}, {"type": "Feature", "properties": {"name": "名山藥局", "address": "臺北市北投區東陽街４７５號１樓", "phone": "(02)28226101", "district": "北投區"}, "geometry": {"type": "Point", "coordinates": [121.5199112, 25.11230786]}}, {"type": "Feature", "properties": {"name": "正仁藥局", "address": "臺北市北投區建民路１６１之９號", "phone": "(02)28212985", "district": "北投區"}, "geometry": {"type": "Point", "coordinates": [121.5194585, 25.11123428]}}, {"type": "Feature", "properties": {"name": "石牌日春藥局", "address": "臺北市北投區自強街５巷１０７號", "phone": "(02)28270455", "district": "北投區"}, "geometry": {"type": "Point", "coordinates": [121.511331, 25.11202629]}}, {"type": "Feature", "properties": {"name": "聯合藥局", "address": "臺北市北投區石牌路一段二十三號", "phone": "(02)28270306", "district": "北投區"}, "geometry": {"type": "Point", "coordinates": [121.5099133, 25.11293027]}}, {"type": "Feature", "properties": {"name": "玉山藥局", "address": "臺北市北投區光明路一四五號", "phone": "(02)28917161", "district": "北投區"}, "geometry": {"type": "Point", "coordinates": [121.5052942, 25.1362139]}}, {"type": "Feature", "properties": {"name": "實踐藥局", "address": "臺北市北投區實踐街十三號", "phone": "(02)28210435", "district": "北投區"}, "geometry": {"type": "Point", "coordinates": [121.5076995, 25.11486057]}}, {"type": "Feature", "properties": {"name": "妮妮藥局", "address": "臺北市北投區中央南路一段187號", "phone": "", "district": "北投區"}, "geometry": {"type": "Point", "coordinates": [121.5013713, 25.1288423]}}, {"type": "Feature", "properties": {"name": "明正藥局", "address": "臺北市北投區永興路二段19號", "phone": "(02)28949409", "district": "北投區"}, "geometry": {"type": "Point", "coordinates": [121.5014754, 25.14002974]}}, {"type": "Feature", "properties": {"name": "新資生北投中和大藥局", "address": "臺北市北投區中和街294號1樓", "phone": "(02)77565117", "district": "北投區"}, "geometry": {"type": "Point", "coordinates": [121.5002149, 25.14065697]}}, {"type": "Feature", "properties": {"name": "川秀藥局", "address": "臺北市北投區石牌路二段九九巷九號一樓", "phone": "(02)28212290", "district": "北投區"}, "geometry": {"type": "Point", "coordinates": [121.514563, 25.1175365]}}, {"type": "Feature", "properties": {"name": "建民藥局", "address": "臺北市北投區光明路200號(1樓)", "phone": "(02)28912339", "district": "北投區"}, "geometry": {"type": "Point", "coordinates": [121.5035939, 25.1358781]}}, {"type": "Feature", "properties": {"name": "昌源藥局", "address": "臺北市北投區中央北路四段４８５號", "phone": "(02)28928695", "district": "北投區"}, "geometry": {"type": "Point", "coordinates": [121.4692331, 25.12842617]}}, {"type": "Feature", "properties": {"name": "益元藥局", "address": "臺北市北投區光明路１０６號", "phone": "(02)28912675", "district": "北投區"}, "geometry": {"type": "Point", "coordinates": [121.5013167, 25.13309349]}}, {"type": "Feature", "properties": {"name": "九福藥局", "address": "臺北市北投區公館路２３６號", "phone": "(02)28953009", "district": "北投區"}, "geometry": {"type": "Point", "coordinates": [121.508028, 25.126094]}}, {"type": "Feature", "properties": {"name": "弘安藥局", "address": "臺北市北投區懷德街３３號１樓", "phone": "(02)28206390", "district": "北投區"}, "geometry": {"type": "Point", "coordinates": [121.5193377, 25.11218841]}}, {"type": "Feature", "properties": {"name": "黎明藥局", "address": "臺北市北投區尊賢街２５３之１號", "phone": "(02)28223795", "district": "北投區"}, "geometry": {"type": "Point", "coordinates": [121.5065625, 25.11817333]}}, {"type": "Feature", "properties": {"name": "明華藥局", "address": "臺北市北投區清江路8號(實際使用:1樓)", "phone": "(02)28971056", "district": "北投區"}, "geometry": {"type": "Point", "coordinates": [121.5014574, 25.1315735]}}, {"type": "Feature", "properties": {"name": "美康藥局", "address": "臺北市北投區明德路９０號１樓", "phone": "(02)28281176", "district": "北投區"}, "geometry": {"type": "Point", "coordinates": [121.5196068, 25.10939934]}}, {"type": "Feature", "properties": {"name": "良興藥局", "address": "臺北市北投區中和街286號", "phone": "", "district": "北投區"}, "geometry": {"type": "Point", "coordinates": [121.5003904, 25.14046594]}}, {"type": "Feature", "properties": {"name": "康揚藥局", "address": "臺北市北投區中和街308號1樓", "phone": "(02)28946520", "district": "北投區"}, "geometry": {"type": "Point", "coordinates": [121.4999972, 25.14085774]}}, {"type": "Feature", "properties": {"name": "嘉禾大藥局", "address": "臺北市北投區中和街二六四號", "phone": "(02)28984758", "district": "北投區"}, "geometry": {"type": "Point", "coordinates": [121.5007619, 25.14009979]}}, {"type": "Feature", "properties": {"name": "祐鄰藥局", "address": "臺北市北投區尊賢街二五○號", "phone": "", "district": "北投區"}, "geometry": {"type": "Point", "coordinates": [121.5072858, 25.11707035]}}, {"type": "Feature", "properties": {"name": "小明藥局", "address": "臺北市北投區中央南路一段六九號二樓", "phone": "(02)28967136", "district": "北投區"}, "geometry": {"type": "Point", "coordinates": [121.5013678, 25.1314467]}}, {"type": "Feature", "properties": {"name": "上頤藥局", "address": "臺北市北投區中和街327號1樓", "phone": "(02)28981210", "district": "北投區"}, "geometry": {"type": "Point", "coordinates": [121.4996709, 25.14097008]}}, {"type": "Feature", "properties": {"name": "國泰藥師藥局", "address": "臺北市北投區自強街139-1號", "phone": "(02)28223995", "district": "北投區"}, "geometry": {"type": "Point", "coordinates": [121.5161219, 25.11113558]}}, {"type": "Feature", "properties": {"name": "長宜藥局", "address": "臺北市北投區自強街112號(1樓)", "phone": "(02)28216605", "district": "北投區"}, "geometry": {"type": "Point", "coordinates": [121.5154228, 25.1107518]}}, {"type": "Feature", "properties": {"name": "大家藥局", "address": "臺北市北投區光明路182號", "phone": "(02)28959000", "district": "北投區"}, "geometry": {"type": "Point", "coordinates": [121.5032945, 25.13566318]}}, {"type": "Feature", "properties": {"name": "維康藥局", "address": "臺北市北投區石牌路2段191.193號", "phone": "(02)28206343", "district": "北投區"}, "geometry": {"type": "Point", "coordinates": [121.5210654, 25.1188824]}}, {"type": "Feature", "properties": {"name": "杏嘉藥局", "address": "臺北市北投區清江路68號", "phone": "(02)28982340", "district": "北投區"}, "geometry": {"type": "Point", "coordinates": [121.5017036, 25.13044328]}}, {"type": "Feature", "properties": {"name": "冠亞藥局", "address": "臺北市北投區東陽街403號(1樓)", "phone": "(02)28217099", "district": "北投區"}, "geometry": {"type": "Point", "coordinates": [121.5176331, 25.1124743]}}, {"type": "Feature", "properties": {"name": "鴻恩藥局", "address": "臺北市北投區中央南路一段129號", "phone": "(02)28926410", "district": "北投區"}, "geometry": {"type": "Point", "coordinates": [121.5011948, 25.13015116]}}, {"type": "Feature", "properties": {"name": "昱仁藥局", "address": "臺北市北投區光明路102號2樓", "phone": "(02)28979050", "district": "北投區"}, "geometry": {"type": "Point", "coordinates": [121.5012179, 25.13309534]}}, {"type": "Feature", "properties": {"name": "佳祈健保藥局", "address": "臺北市北投區明德路144號", "phone": "(02)28232535", "district": "北投區"}, "geometry": {"type": "Point", "coordinates": [121.5207644, 25.11046372]}}, {"type": "Feature", "properties": {"name": "天禧大藥局", "address": "臺北市北投區實踐街35號", "phone": "(02)28213558", "district": "北投區"}, "geometry": {"type": "Point", "coordinates": [121.508706, 25.11520921]}}, {"type": "Feature", "properties": {"name": "秝安藥局", "address": "臺北市北投區石牌路一段69之1號(實際使用:1樓)", "phone": "(02)28215399", "district": "北投區"}, "geometry": {"type": "Point", "coordinates": [121.5111381, 25.1136388]}}, {"type": "Feature", "properties": {"name": "萬信藥局", "address": "臺北市北投區知行路305號", "phone": "(02)28583083", "district": "北投區"}, "geometry": {"type": "Point", "coordinates": [121.4671918, 25.12214405]}}, {"type": "Feature", "properties": {"name": "北投春天藥局", "address": "臺北市北投區中央南路一段76號", "phone": "(02)28916668", "district": "北投區"}, "geometry": {"type": "Point", "coordinates": [121.501084, 25.13140614]}}, {"type": "Feature", "properties": {"name": "致遠春天藥局", "address": "臺北市北投區致遠一路一段132號1、2樓", "phone": "(02)28253258", "district": "北投區"}, "geometry": {"type": "Point", "coordinates": [121.5148634, 25.1105069]}}, {"type": "Feature", "properties": {"name": "尊賢藥局", "address": "臺北市北投區尊賢街212號", "phone": "(02)28270505", "district": "北投區"}, "geometry": {"type": "Point", "coordinates": [121.5080306, 25.11550738]}}, {"type": "Feature", "properties": {"name": "漢藥局", "address": "臺北市北投區中央南路1段115號1樓", "phone": "(02)28236598", "district": "北投區"}, "geometry": {"type": "Point", "coordinates": [121.5012377, 25.13044771]}}, {"type": "Feature", "properties": {"name": "振生大藥局", "address": "臺北市北投區中央北路三段61號", "phone": "(02)28977292", "district": "北投區"}, "geometry": {"type": "Point", "coordinates": [121.4847979, 25.1378103]}}, {"type": "Feature", "properties": {"name": "怡人藥局", "address": "臺北市北投區自強街141巷2之1號(1樓)", "phone": "(02)28211598", "district": "北投區"}, "geometry": {"type": "Point", "coordinates": [121.5168179, 25.111248]}}, {"type": "Feature", "properties": {"name": "全家藥粧藥局", "address": "臺北市北投區光明路166之2號", "phone": "(02)28988685", "district": "北投區"}, "geometry": {"type": "Point", "coordinates": [121.5026935, 25.13508442]}}, {"type": "Feature", "properties": {"name": "生活藥局", "address": "臺北市北投區光明路213號", "phone": "(02)28933312", "district": "北投區"}, "geometry": {"type": "Point", "coordinates": [121.5037609, 25.1361901]}}, {"type": "Feature", "properties": {"name": "理得藥局", "address": "臺北市北投區石牌路一段150號", "phone": "(02)28289680", "district": "北投區"}, "geometry": {"type": "Point", "coordinates": [121.5131036, 25.11425877]}}, {"type": "Feature", "properties": {"name": "天康大藥局", "address": "臺北市北投區中央南路一段57號", "phone": "(02)28930168", "district": "北投區"}, "geometry": {"type": "Point", "coordinates": [121.5014269, 25.1319197]}}, {"type": "Feature", "properties": {"name": "躍獅光明藥局", "address": "臺北市北投區光明路51號(實際使用:1樓)及53號(實際使用:1樓)", "phone": "(02)28915993", "district": "北投區"}, "geometry": {"type": "Point", "coordinates": [121.4997292, 25.1328887]}}, {"type": "Feature", "properties": {"name": "永欣中西藥局", "address": "臺北市北投區中和街501號", "phone": "(02)28910307", "district": "北投區"}, "geometry": {"type": "Point", "coordinates": [121.4947023, 25.1451972]}}, {"type": "Feature", "properties": {"name": "陳藥師藥局", "address": "臺北市北投區光明路2巷13之2號(實際使用:1樓)", "phone": "(02)28921971", "district": "北投區"}, "geometry": {"type": "Point", "coordinates": [121.4997272, 25.1313032]}}, {"type": "Feature", "properties": {"name": "江南育仁大藥局", "address": "臺北市北投區育仁路55號1樓", "phone": "(02)28981850", "district": "北投區"}, "geometry": {"type": "Point", "coordinates": [121.4980687, 25.1336154]}}, {"type": "Feature", "properties": {"name": "康賢藥局", "address": "臺北市北投區西安街1段359號1樓", "phone": "(02)28219295", "district": "北投區"}, "geometry": {"type": "Point", "coordinates": [121.5153138, 25.11428828]}}, {"type": "Feature", "properties": {"name": "合宸藥局", "address": "臺北市北投區中央南路1段59號(1樓)", "phone": "(02)28913120", "district": "北投區"}, "geometry": {"type": "Point", "coordinates": [121.5130564, 25.1131307]}}, {"type": "Feature", "properties": {"name": "良哲藥局", "address": "臺北市北投區明德路157之4號(1樓)", "phone": "(02)28285516", "district": "北投區"}, "geometry": {"type": "Point", "coordinates": [121.5205735, 25.1111579]}}, {"type": "Feature", "properties": {"name": "康是美北投藥局", "address": "臺北市北投區中和街249號1樓、2樓及3樓", "phone": "(02)28949542", "district": "北投區"}, "geometry": {"type": "Point", "coordinates": [121.500971, 25.13963778]}}, {"type": "Feature", "properties": {"name": "石牌春天藥局", "address": "臺北市北投區石牌路2段52號(1樓)", "phone": "(02)28250060", "district": "北投區"}, "geometry": {"type": "Point", "coordinates": [121.5159513, 25.1159294]}}, {"type": "Feature", "properties": {"name": "順欣藥局", "address": "臺北市內湖區星雲街73號", "phone": "(02)27916562", "district": "內湖區"}, "geometry": {"type": "Point", "coordinates": [121.592713, 25.07908205]}}, {"type": "Feature", "properties": {"name": "展恩藥局", "address": "臺北市內湖區民權東路六段136巷4號", "phone": "(02)27953041", "district": "內湖區"}, "geometry": {"type": "Point", "coordinates": [121.5876984, 25.068664]}}, {"type": "Feature", "properties": {"name": "大內湖藥局", "address": "臺北市內湖區成功路3段164號1樓", "phone": "(02)27956286", "district": "內湖區"}, "geometry": {"type": "Point", "coordinates": [121.5902646, 25.08035315]}}, {"type": "Feature", "properties": {"name": "健成藥局", "address": "臺北市內湖區內湖路1段323巷5弄1號1樓", "phone": "(02)27986969", "district": "內湖區"}, "geometry": {"type": "Point", "coordinates": [121.5680996, 25.08291439]}}, {"type": "Feature", "properties": {"name": "安康藥局", "address": "臺北市內湖區安康路482號1樓", "phone": "(02)26327675", "district": "內湖區"}, "geometry": {"type": "Point", "coordinates": [121.6157878, 25.06785039]}}, {"type": "Feature", "properties": {"name": "赫得藥局", "address": "臺北市內湖區康樂街七十二巷十七弄四號一樓", "phone": "(02)26328642", "district": "內湖區"}, "geometry": {"type": "Point", "coordinates": [121.6180575, 25.0702934]}}, {"type": "Feature", "properties": {"name": "富山藥局", "address": "臺北市內湖區麗山街３６４巷２號１樓", "phone": "(02)27996446", "district": "內湖區"}, "geometry": {"type": "Point", "coordinates": [121.5728334, 25.08168028]}}, {"type": "Feature", "properties": {"name": "新資生西湖大藥局", "address": "臺北市內湖區內湖路1段285巷65弄17號1樓", "phone": "(02)77231850", "district": "內湖區"}, "geometry": {"type": "Point", "coordinates": [121.5677784, 25.08442727]}}, {"type": "Feature", "properties": {"name": "江楠欣辰藥局", "address": "臺北市內湖區江南街37號1樓", "phone": "(02)87510260", "district": "內湖區"}, "geometry": {"type": "Point", "coordinates": [121.5781384, 25.07785849]}}, {"type": "Feature", "properties": {"name": "東湖藥局", "address": "臺北市內湖區東湖路43巷2號1樓", "phone": "(02)26330112", "district": "內湖區"}, "geometry": {"type": "Point", "coordinates": [121.6141484, 25.06908763]}}, {"type": "Feature", "properties": {"name": "瑞陽藥局", "address": "臺北市內湖區文德路102號1樓", "phone": "(02)26581551", "district": "內湖區"}, "geometry": {"type": "Point", "coordinates": [121.5828919, 25.0783117]}}, {"type": "Feature", "properties": {"name": "芳茂藥局", "address": "臺北市內湖區成功路四段151號", "phone": "(02)27924711", "district": "內湖區"}, "geometry": {"type": "Point", "coordinates": [121.5940049, 25.08313056]}}, {"type": "Feature", "properties": {"name": "泰成藥局", "address": "臺北市內湖區內湖路三段１３５號１樓", "phone": "(02)27921231", "district": "內湖區"}, "geometry": {"type": "Point", "coordinates": [121.5898508, 25.08685341]}}, {"type": "Feature", "properties": {"name": "富盛藥局", "address": "臺北市內湖區成功路四段６１巷２５弄１２號１樓", "phone": "(02)27908667", "district": "內湖區"}, "geometry": {"type": "Point", "coordinates": [121.5926347, 25.08037514]}}, {"type": "Feature", "properties": {"name": "永安藥局", "address": "臺北市內湖區文德路210巷30弄48號", "phone": "(02)26586658", "district": "內湖區"}, "geometry": {"type": "Point", "coordinates": [121.5851909, 25.07722798]}}, {"type": "Feature", "properties": {"name": "明湖藥局", "address": "臺北市內湖區東湖路７巷２７號１樓", "phone": "(02)26313515", "district": "內湖區"}, "geometry": {"type": "Point", "coordinates": [121.6124682, 25.06970472]}}, {"type": "Feature", "properties": {"name": "清白藥局", "address": "臺北市內湖區東湖路108號", "phone": "(02)26305743", "district": "內湖區"}, "geometry": {"type": "Point", "coordinates": [121.6156741, 25.06827722]}}, {"type": "Feature", "properties": {"name": "正心藥局", "address": "臺北市內湖區麗山街３６８號１樓", "phone": "(02)27972771", "district": "內湖區"}, "geometry": {"type": "Point", "coordinates": [121.5726944, 25.08154382]}}, {"type": "Feature", "properties": {"name": "宏光藥局", "address": "臺北市內湖區成功路二段２２１號１樓", "phone": "(02)27919068", "district": "內湖區"}, "geometry": {"type": "Point", "coordinates": [121.5908548, 25.06737828]}}, {"type": "Feature", "properties": {"name": "麗安藥局", "address": "臺北市內湖區港華街８１號１樓", "phone": "(02)26580146", "district": "內湖區"}, "geometry": {"type": "Point", "coordinates": [121.5746259, 25.08328294]}}, {"type": "Feature", "properties": {"name": "盧狄聯合藥局", "address": "臺北市內湖區康寧路三段一八九巷五十七號", "phone": "(02)26308897", "district": "內湖區"}, "geometry": {"type": "Point", "coordinates": [121.6113254, 25.0671244]}}, {"type": "Feature", "properties": {"name": "康信藥局", "address": "臺北市內湖區民權東路六段296巷29號", "phone": "(02)26342088", "district": "內湖區"}, "geometry": {"type": "Point", "coordinates": [121.606229, 25.0720308]}}, {"type": "Feature", "properties": {"name": "康健藥局", "address": "臺北市內湖區康樂街80號", "phone": "(02)26305825", "district": "內湖區"}, "geometry": {"type": "Point", "coordinates": [121.6188594, 25.07014656]}}, {"type": "Feature", "properties": {"name": "富康東湖藥局", "address": "臺北市內湖區東湖路119巷49弄16號", "phone": "(02)26323222", "district": "內湖區"}, "geometry": {"type": "Point", "coordinates": [121.6170025, 25.06987934]}}, {"type": "Feature", "properties": {"name": "高昱藥局", "address": "臺北市內湖區陽光街321巷26號2樓之15", "phone": "(02)87519962", "district": "內湖區"}, "geometry": {"type": "Point", "coordinates": [121.5786133, 25.07236251]}}, {"type": "Feature", "properties": {"name": "樂活藥師藥局", "address": "臺北市內湖區內湖路2段368號", "phone": "(02)27968052", "district": "內湖區"}, "geometry": {"type": "Point", "coordinates": [121.590978, 25.08230202]}}, {"type": "Feature", "properties": {"name": "樂康藥妝藥局", "address": "臺北市內湖區文德路117號", "phone": "(02)26562110", "district": "內湖區"}, "geometry": {"type": "Point", "coordinates": [121.584052, 25.07870436]}}, {"type": "Feature", "properties": {"name": "思恩藥局", "address": "臺北市內湖區成功路4段61巷26號", "phone": "(02)27965808", "district": "內湖區"}, "geometry": {"type": "Point", "coordinates": [121.5932258, 25.0812065]}}, {"type": "Feature", "properties": {"name": "早安元氣藥局", "address": "臺北市內湖區成功路4段53號1樓", "phone": "(02)27923633", "district": "內湖區"}, "geometry": {"type": "Point", "coordinates": [121.5920845, 25.08166562]}}, {"type": "Feature", "properties": {"name": "壹零捌藥局", "address": "臺北市內湖區成功路4段344號", "phone": "(02)27910061", "district": "內湖區"}, "geometry": {"type": "Point", "coordinates": [121.5996376, 25.08487859]}}, {"type": "Feature", "properties": {"name": "瑞光藥局", "address": "臺北市內湖區瑞光路212號", "phone": "(02)87513365", "district": "內湖區"}, "geometry": {"type": "Point", "coordinates": [121.5762695, 25.07524933]}}, {"type": "Feature", "properties": {"name": "昇龍藥局", "address": "臺北市內湖區東湖路151號", "phone": "(02)26316783", "district": "內湖區"}, "geometry": {"type": "Point", "coordinates": [121.6173049, 25.06812176]}}, {"type": "Feature", "properties": {"name": "桔子藥局", "address": "臺北市內湖區內湖路二段333號", "phone": "(02)27930052", "district": "內湖區"}, "geometry": {"type": "Point", "coordinates": [121.5916673, 25.08318532]}}, {"type": "Feature", "properties": {"name": "晟安藥局", "address": "臺北市內湖區金龍路135號", "phone": "(02)87919320", "district": "內湖區"}, "geometry": {"type": "Point", "coordinates": [121.590203, 25.08593489]}}, {"type": "Feature", "properties": {"name": "宜昇優良藥局", "address": "臺北市內湖區康寧路三段165巷10號", "phone": "(02)26327817", "district": "內湖區"}, "geometry": {"type": "Point", "coordinates": [121.6117906, 25.07081493]}}, {"type": "Feature", "properties": {"name": "躍獅寶湖藥局", "address": "臺北市內湖區民權東路六段123巷28號", "phone": "(02)87928335", "district": "內湖區"}, "geometry": {"type": "Point", "coordinates": [121.5928164, 25.07009764]}}, {"type": "Feature", "properties": {"name": "傑昇藥局", "address": "臺北市內湖區內湖路二段227號", "phone": "(02)27925957", "district": "內湖區"}, "geometry": {"type": "Point", "coordinates": [121.5890454, 25.08180262]}}, {"type": "Feature", "properties": {"name": "新安健保藥局", "address": "臺北市內湖區新明路402號", "phone": "(02)27932289", "district": "內湖區"}, "geometry": {"type": "Point", "coordinates": [121.5796932, 25.05465735]}}, {"type": "Feature", "properties": {"name": "仕德安藥局", "address": "臺北市內湖區新明路210號", "phone": "(02)27961683", "district": "內湖區"}, "geometry": {"type": "Point", "coordinates": [121.5846466, 25.05711399]}}, {"type": "Feature", "properties": {"name": "躍獅東湖藥局", "address": "臺北市內湖區金湖路378號", "phone": "", "district": "內湖區"}, "geometry": {"type": "Point", "coordinates": [121.6046726, 25.0736172]}}, {"type": "Feature", "properties": {"name": "樂齡藥師藥局", "address": "臺北市內湖區內湖路三段103號", "phone": "(02)27919707", "district": "內湖區"}, "geometry": {"type": "Point", "coordinates": [121.5909003, 25.08640847]}}, {"type": "Feature", "properties": {"name": "喜越藥局", "address": "臺北市內湖區內湖路一段285巷59弄7號", "phone": "(02)26271955", "district": "內湖區"}, "geometry": {"type": "Point", "coordinates": [121.5673304, 25.08376702]}}, {"type": "Feature", "properties": {"name": "江南大藥局", "address": "臺北市內湖區文德路22巷9弄56號", "phone": "(02)26595430", "district": "內湖區"}, "geometry": {"type": "Point", "coordinates": [121.5791186, 25.07655418]}}, {"type": "Feature", "properties": {"name": "躍獅大湖藥局", "address": "臺北市內湖區成功路四段329號", "phone": "(02)27945376", "district": "內湖區"}, "geometry": {"type": "Point", "coordinates": [121.5989758, 25.08453684]}}, {"type": "Feature", "properties": {"name": "澴山藥局", "address": "臺北市內湖區環山路一段四號", "phone": "(02)87978793", "district": "內湖區"}, "geometry": {"type": "Point", "coordinates": [121.5653911, 25.08288233]}}, {"type": "Feature", "properties": {"name": "瑞暉藥局", "address": "臺北市內湖區文德路105號", "phone": "(02)26276828", "district": "內湖區"}, "geometry": {"type": "Point", "coordinates": [121.5836889, 25.07870207]}}, {"type": "Feature", "properties": {"name": "晶龍藥局", "address": "臺北市內湖區成功路四段218號", "phone": "(02)27956255", "district": "內湖區"}, "geometry": {"type": "Point", "coordinates": [121.5961049, 25.08456557]}}, {"type": "Feature", "properties": {"name": "佑全內湖康寧藥局", "address": "臺北市內湖區康寧路三段39號、39號2樓、41號、43號", "phone": "(02)26346578", "district": "內湖區"}, "geometry": {"type": "Point", "coordinates": [121.60787, 25.0726591]}}, {"type": "Feature", "properties": {"name": "和康健保藥局", "address": "臺北市內湖區文德路66巷41號", "phone": "(02)27997202", "district": "內湖區"}, "geometry": {"type": "Point", "coordinates": [121.5817806, 25.07720303]}}, {"type": "Feature", "properties": {"name": "耀元藥局", "address": "臺北市內湖區康樂街150號", "phone": "(02)26337369", "district": "內湖區"}, "geometry": {"type": "Point", "coordinates": [121.6192412, 25.07262737]}}, {"type": "Feature", "properties": {"name": "西湖藥局", "address": "臺北市內湖區內湖路一段355號", "phone": "", "district": "內湖區"}, "geometry": {"type": "Point", "coordinates": [121.5692618, 25.0822]}}, {"type": "Feature", "properties": {"name": "維安藥局", "address": "臺北市內湖區成功路三段174巷23號", "phone": "(02)27944520", "district": "內湖區"}, "geometry": {"type": "Point", "coordinates": [121.5906365, 25.08143424]}}, {"type": "Feature", "properties": {"name": "富康文德藥局", "address": "臺北市內湖區文德路22巷27弄4號1樓", "phone": "(02)26272000", "district": "內湖區"}, "geometry": {"type": "Point", "coordinates": [121.5800004, 25.07659464]}}, {"type": "Feature", "properties": {"name": "博昱東福藥局", "address": "臺北市內湖區東湖路147號", "phone": "(02)26308599", "district": "內湖區"}, "geometry": {"type": "Point", "coordinates": [121.6171948, 25.06814536]}}, {"type": "Feature", "properties": {"name": "加一藥師藥局", "address": "臺北市內湖區星雲街24號1樓", "phone": "(02)87912653", "district": "內湖區"}, "geometry": {"type": "Point", "coordinates": [121.5907588, 25.07804238]}}, {"type": "Feature", "properties": {"name": "內湖藥局", "address": "臺北市內湖區康寧路1段116號1樓", "phone": "(02)27940545", "district": "內湖區"}, "geometry": {"type": "Point", "coordinates": [121.5934021, 25.07948429]}}, {"type": "Feature", "properties": {"name": "葫光藥局", "address": "臺北市內湖區康寧路3段54巷6號1樓", "phone": "(02)26341000", "district": "內湖區"}, "geometry": {"type": "Point", "coordinates": [121.6089927, 25.07167879]}}, {"type": "Feature", "properties": {"name": "禾馨民權藥局", "address": "臺北市內湖區民權東路6段42號1樓", "phone": "(02)27910373", "district": "內湖區"}, "geometry": {"type": "Point", "coordinates": [121.5816571, 25.06774006]}}, {"type": "Feature", "properties": {"name": "杏一港墘藥局", "address": "臺北市內湖區港墘路83號(1樓)", "phone": "(02)27997406", "district": "內湖區"}, "geometry": {"type": "Point", "coordinates": [121.5780524, 25.0808066]}}, {"type": "Feature", "properties": {"name": "杏佳藥師藥局", "address": "臺北市內湖區康寧路1段51號1樓", "phone": "(02)27949181", "district": "內湖區"}, "geometry": {"type": "Point", "coordinates": [121.5919957, 25.08033035]}}, {"type": "Feature", "properties": {"name": "富田藥局", "address": "臺北市內湖區康寧路3段16巷31號1樓", "phone": "(02)26338699", "district": "內湖區"}, "geometry": {"type": "Point", "coordinates": [121.6075531, 25.07206637]}}, {"type": "Feature", "properties": {"name": "佑全內湖東湖藥局", "address": "臺北市內湖區東湖路122號1樓", "phone": "(02)26337125", "district": "內湖區"}, "geometry": {"type": "Point", "coordinates": [121.6162769, 25.06811129]}}, {"type": "Feature", "properties": {"name": "佳德健保藥局", "address": "臺北市內湖區康寧路3段151號1樓", "phone": "(02)26315910", "district": "內湖區"}, "geometry": {"type": "Point", "coordinates": [121.6115845, 25.07060178]}}, {"type": "Feature", "properties": {"name": "富康活力湖光藥局", "address": "臺北市內湖區康寧路1段25號1樓", "phone": "(02)87927999", "district": "內湖區"}, "geometry": {"type": "Point", "coordinates": [121.5913985, 25.08061675]}}, {"type": "Feature", "properties": {"name": "六本熊藥局", "address": "臺北市內湖區內湖路2段27號1樓", "phone": "(02)26590017", "district": "內湖區"}, "geometry": {"type": "Point", "coordinates": [121.5796375, 25.07887841]}}, {"type": "Feature", "properties": {"name": "原大藥局", "address": "臺北市內湖區內湖路1段737巷50弄5號1樓", "phone": "(02)26596358", "district": "內湖區"}, "geometry": {"type": "Point", "coordinates": [121.5788115, 25.08057767]}}, {"type": "Feature", "properties": {"name": "德威藥局", "address": "臺北市內湖區內湖路1段667巷1號1樓", "phone": "(02)27975018", "district": "內湖區"}, "geometry": {"type": "Point", "coordinates": [121.5760212, 25.08017362]}}, {"type": "Feature", "properties": {"name": "五分藥局", "address": "臺北市內湖區五分街64號1樓及66號1樓", "phone": "(02)26336122", "district": "內湖區"}, "geometry": {"type": "Point", "coordinates": [121.6159573, 25.06719087]}}, {"type": "Feature", "properties": {"name": "富康活力誠功藥局", "address": "臺北市內湖區成功路4段30巷20號1樓", "phone": "(02)27960222", "district": "內湖區"}, "geometry": {"type": "Point", "coordinates": [121.5916214, 25.08235036]}}, {"type": "Feature", "properties": {"name": "知壹藥局", "address": "臺北市內湖區港華街101之1號(1樓)", "phone": "(02)87519894", "district": "內湖區"}, "geometry": {"type": "Point", "coordinates": [121.5735281, 25.0835943]}}, {"type": "Feature", "properties": {"name": "康是美麗湖藥局", "address": "臺北市內湖區內湖路1段737巷3之1號1樓、19弄1號1樓及19弄3號1樓", "phone": "(02)26570408", "district": "內湖區"}, "geometry": {"type": "Point", "coordinates": [121.5784893, 25.0791626]}}, {"type": "Feature", "properties": {"name": "安安藥局", "address": "臺北市內湖區康寧路1段4號1樓", "phone": "(02)87912187", "district": "內湖區"}, "geometry": {"type": "Point", "coordinates": [121.5911758, 25.0805699]}}, {"type": "Feature", "properties": {"name": "內湖春天藥局", "address": "臺北市內湖區內湖路1段737巷1號1樓及3號1、2樓", "phone": "(02)87523085", "district": "內湖區"}, "geometry": {"type": "Point", "coordinates": [121.5784164, 25.07907931]}}, {"type": "Feature", "properties": {"name": "躍獅麗湖藥局", "address": "臺北市內湖區內湖路1段401之1號(1樓)", "phone": "(02)26276160", "district": "內湖區"}, "geometry": {"type": "Point", "coordinates": [121.5683655, 25.0823089]}}, {"type": "Feature", "properties": {"name": "成功啄木鳥藥局", "address": "臺北市內湖區成功路3段8號(1樓)", "phone": "(02)87927509", "district": "內湖區"}, "geometry": {"type": "Point", "coordinates": [121.5898874, 25.0755119]}}, {"type": "Feature", "properties": {"name": "旭村藥局", "address": "臺北市南港區興華路１１２號", "phone": "(02)27820948", "district": "南港區"}, "geometry": {"type": "Point", "coordinates": [121.6055424, 25.05660779]}}, {"type": "Feature", "properties": {"name": "麗康藥局", "address": "臺北市南港區同德路51號1樓", "phone": "(02)26515236", "district": "南港區"}, "geometry": {"type": "Point", "coordinates": [121.5847535, 25.04564134]}}, {"type": "Feature", "properties": {"name": "健園藥局", "address": "臺北市南港區研究院路一段19號1樓", "phone": "(02)27851567", "district": "南港區"}, "geometry": {"type": "Point", "coordinates": [121.6165702, 25.05401416]}}, {"type": "Feature", "properties": {"name": "可可藥局", "address": "臺北市南港區研究院路二段36號", "phone": "(02)27886667", "district": "南港區"}, "geometry": {"type": "Point", "coordinates": [121.6152335, 25.04688584]}}, {"type": "Feature", "properties": {"name": "裕成藥局", "address": "臺北市南港區玉成街１６６巷１３號", "phone": "(02)27851227", "district": "南港區"}, "geometry": {"type": "Point", "coordinates": [121.5834483, 25.04433432]}}, {"type": "Feature", "properties": {"name": "新錦安藥局", "address": "臺北市南港區南港路三段３４號", "phone": "(02)27825218", "district": "南港區"}, "geometry": {"type": "Point", "coordinates": [121.5922164, 25.05429245]}}, {"type": "Feature", "properties": {"name": "仁泰藥局", "address": "臺北市南港區同德路２８號", "phone": "(02)27855464", "district": "南港區"}, "geometry": {"type": "Point", "coordinates": [121.5840858, 25.04510802]}}, {"type": "Feature", "properties": {"name": "加欣藥局", "address": "臺北市南港區南港路二段26號", "phone": "(02)27836222", "district": "南港區"}, "geometry": {"type": "Point", "coordinates": [121.6053979, 25.05425119]}}, {"type": "Feature", "properties": {"name": "祥安藥局", "address": "臺北市南港區中坡南路25號", "phone": "(02)26547322", "district": "南港區"}, "geometry": {"type": "Point", "coordinates": [121.5831681, 25.04328798]}}, {"type": "Feature", "properties": {"name": "德鴻藥局", "address": "臺北市南港區玉成街１６８號１樓", "phone": "(02)27893016", "district": "南港區"}, "geometry": {"type": "Point", "coordinates": [121.5841124, 25.04465957]}}, {"type": "Feature", "properties": {"name": "新東發藥局", "address": "臺北市南港區成福路１９８號", "phone": "(02)27855190", "district": "南港區"}, "geometry": {"type": "Point", "coordinates": [121.5882673, 25.04091936]}}, {"type": "Feature", "properties": {"name": "富康活力藥局", "address": "臺北市南港區研究院路1段101巷8號1樓", "phone": "(02)27828810", "district": "南港區"}, "geometry": {"type": "Point", "coordinates": [121.6165119, 25.05180935]}}, {"type": "Feature", "properties": {"name": "亞博藥師藥局", "address": "臺北市南港區興華路81號", "phone": "(02)27838090", "district": "南港區"}, "geometry": {"type": "Point", "coordinates": [121.6060585, 25.05544707]}}, {"type": "Feature", "properties": {"name": "佳龍藥局", "address": "臺北市南港區研究院路2段80號", "phone": "(02)27885951", "district": "南港區"}, "geometry": {"type": "Point", "coordinates": [121.6152004, 25.04539707]}}, {"type": "Feature", "properties": {"name": "湳港藥局", "address": "臺北市南港區研究院路1段101巷10號1樓", "phone": "(02)27892200", "district": "南港區"}, "geometry": {"type": "Point", "coordinates": [121.616618, 25.05177546]}}, {"type": "Feature", "properties": {"name": "進慧藥局", "address": "臺北市南港區研究院路一段163號", "phone": "", "district": "南港區"}, "geometry": {"type": "Point", "coordinates": [121.6157001, 25.05030868]}}, {"type": "Feature", "properties": {"name": "儀安健保藥局", "address": "臺北市南港區同德路74號", "phone": "(02)27893839", "district": "南港區"}, "geometry": {"type": "Point", "coordinates": [121.5852902, 25.04569787]}}, {"type": "Feature", "properties": {"name": "泓安藥局", "address": "臺北市南港區興華路75號", "phone": "(02)27861083", "district": "南港區"}, "geometry": {"type": "Point", "coordinates": [121.6061283, 25.05516682]}}, {"type": "Feature", "properties": {"name": "健涵藥局", "address": "臺北市南港區舊莊街一段147號", "phone": "(02)27837285", "district": "南港區"}, "geometry": {"type": "Point", "coordinates": [121.6205027, 25.03985358]}}, {"type": "Feature", "properties": {"name": "南港藥局", "address": "臺北市南港區南港路一段166號", "phone": "(02)27829137", "district": "南港區"}, "geometry": {"type": "Point", "coordinates": [121.6118829, 25.0553586]}}, {"type": "Feature", "properties": {"name": "順翔藥局", "address": "臺北市南港區研究院路二段170號", "phone": "(02)27824332", "district": "南港區"}, "geometry": {"type": "Point", "coordinates": [121.616894, 25.03784937]}}, {"type": "Feature", "properties": {"name": "景星藥局", "address": "臺北市南港區南港路三段26號", "phone": "(02)27838816", "district": "南港區"}, "geometry": {"type": "Point", "coordinates": [121.5923991, 25.05434158]}}, {"type": "Feature", "properties": {"name": "成恩藥局", "address": "臺北市南港區成福路23號", "phone": "(02)27856602", "district": "南港區"}, "geometry": {"type": "Point", "coordinates": [121.586734, 25.04472686]}}, {"type": "Feature", "properties": {"name": "小藥師健保藥局", "address": "臺北市南港區福德街320之1號", "phone": "", "district": "南港區"}, "geometry": {"type": "Point", "coordinates": [121.5879838, 25.03948317]}}, {"type": "Feature", "properties": {"name": "心亮藥局", "address": "臺北市南港區玉成街66之7號", "phone": "(02)27881677", "district": "南港區"}, "geometry": {"type": "Point", "coordinates": [121.581777, 25.04692213]}}, {"type": "Feature", "properties": {"name": "勝安藥局", "address": "臺北市南港區舊莊街一段165號", "phone": "", "district": "南港區"}, "geometry": {"type": "Point", "coordinates": [121.6211172, 25.0394908]}}, {"type": "Feature", "properties": {"name": "開欣藥局", "address": "臺北市南港區南港路二段38巷6之1號", "phone": "(02)26532986", "district": "南港區"}, "geometry": {"type": "Point", "coordinates": [121.6048022, 25.05470165]}}, {"type": "Feature", "properties": {"name": "躍獅忠孝藥局", "address": "臺北市南港區成福路16號", "phone": "(02)27862829", "district": "南港區"}, "geometry": {"type": "Point", "coordinates": [121.585978, 25.04561188]}}, {"type": "Feature", "properties": {"name": "心心藥局", "address": "臺北市南港區研究院路2段76號1樓", "phone": "(02)27862586", "district": "南港區"}, "geometry": {"type": "Point", "coordinates": [121.615133, 25.04551573]}}, {"type": "Feature", "properties": {"name": "杏安藥局", "address": "臺北市南港區昆陽街140巷16號1樓", "phone": "(02)27864119", "district": "南港區"}, "geometry": {"type": "Point", "coordinates": [121.5937912, 25.04969297]}}, {"type": "Feature", "properties": {"name": "民昇藥局", "address": "臺北市南港區南港路3段338號(1樓)", "phone": "(02)27835778", "district": "南港區"}, "geometry": {"type": "Point", "coordinates": [121.5808634, 25.0516999]}}, {"type": "Feature", "properties": {"name": "東明藥局", "address": "臺北市南港區東明街3號1樓", "phone": "(02)26559663", "district": "南港區"}, "geometry": {"type": "Point", "coordinates": [121.6054746, 25.05612818]}}, {"type": "Feature", "properties": {"name": "成福大藥局", "address": "臺北市南港區成福路8號1樓", "phone": "(02)27859221", "district": "南港區"}, "geometry": {"type": "Point", "coordinates": [121.58587, 25.04577656]}}, {"type": "Feature", "properties": {"name": "群悅藥局", "address": "臺北市南港區玉成街140巷7號(1樓)", "phone": "(02)26537635", "district": "南港區"}, "geometry": {"type": "Point", "coordinates": [121.583236, 25.044788]}}, {"type": "Feature", "properties": {"name": "上丞藥師藥局", "address": "臺北市南港區成福路10號1樓", "phone": "(02)26535589", "district": "南港區"}, "geometry": {"type": "Point", "coordinates": [121.5858942, 25.04573965]}}, {"type": "Feature", "properties": {"name": "富凱昆陽藥局", "address": "臺北市南港區昆陽街140巷8號1樓", "phone": "", "district": "南港區"}, "geometry": {"type": "Point", "coordinates": [121.5939938, 25.04973903]}}, {"type": "Feature", "properties": {"name": "日出藥局", "address": "臺北市南港區玉成街158號1樓", "phone": "(02)27886005", "district": "南港區"}, "geometry": {"type": "Point", "coordinates": [121.5838874, 25.04493705]}}, {"type": "Feature", "properties": {"name": "富康活力眾坡藥局", "address": "臺北市南港區中坡南路15號1樓", "phone": "(02)27822666", "district": "南港區"}, "geometry": {"type": "Point", "coordinates": [121.5829655, 25.04345339]}}, {"type": "Feature", "properties": {"name": "康是美港研藥局", "address": "臺北市南港區研究院路1段99號地下1層之1至3、之5至28", "phone": "(02)27836804", "district": "南港區"}, "geometry": {"type": "Point", "coordinates": [121.6163716, 25.05230491]}}, {"type": "Feature", "properties": {"name": "志銘藥局", "address": "臺北市南港區研究院路一段１０１巷１１號", "phone": "(02)27835216", "district": "南港區"}, "geometry": {"type": "Point", "coordinates": [121.6171386, 25.05199936]}}, {"type": "Feature", "properties": {"name": "合欣藥局", "address": "臺北市文山區辛亥路4段234號1樓", "phone": "(02)29357567", "district": "文山區"}, "geometry": {"type": "Point", "coordinates": [121.5550771, 25.00187876]}}, {"type": "Feature", "properties": {"name": "健安藥局", "address": "臺北市文山區景興路165號(1樓)", "phone": "(02)29323757", "district": "文山區"}, "geometry": {"type": "Point", "coordinates": [121.5446382, 24.9933198]}}, {"type": "Feature", "properties": {"name": "躍獅景新藥局", "address": "臺北市文山區羅斯福路6段30號1樓", "phone": "(02)29356221", "district": "文山區"}, "geometry": {"type": "Point", "coordinates": [121.5396453, 24.99978391]}}, {"type": "Feature", "properties": {"name": "康宜庭景文藥局", "address": "臺北市文山區景文街97號1樓", "phone": "(02)29302280", "district": "文山區"}, "geometry": {"type": "Point", "coordinates": [121.541346, 24.99093024]}}, {"type": "Feature", "properties": {"name": "興隆藥局", "address": "臺北市文山區興隆路3段84號2樓", "phone": "(02)29308099", "district": "文山區"}, "geometry": {"type": "Point", "coordinates": [121.5566845, 24.99969513]}}, {"type": "Feature", "properties": {"name": "景華台安藥局", "address": "臺北市文山區景華街69號1樓", "phone": "(02)29310188", "district": "文山區"}, "geometry": {"type": "Point", "coordinates": [121.5450412, 24.99524255]}}, {"type": "Feature", "properties": {"name": "建興藥局", "address": "臺北市文山區木柵路二段８１號１樓", "phone": "(02)29399993", "district": "文山區"}, "geometry": {"type": "Point", "coordinates": [121.5609698, 24.98888882]}}, {"type": "Feature", "properties": {"name": "健群藥局", "address": "臺北市文山區景興路４１號", "phone": "(02)29328898", "district": "文山區"}, "geometry": {"type": "Point", "coordinates": [121.5448382, 24.99717182]}}, {"type": "Feature", "properties": {"name": "瑞安藥局", "address": "臺北市文山區溪口街６９之１號１樓", "phone": "(02)29312888", "district": "文山區"}, "geometry": {"type": "Point", "coordinates": [121.539341, 24.99511967]}}, {"type": "Feature", "properties": {"name": "新陽藥局", "address": "臺北市文山區光輝路16號", "phone": "(02)22341190", "district": "文山區"}, "geometry": {"type": "Point", "coordinates": [121.5550116, 24.9875579]}}, {"type": "Feature", "properties": {"name": "慈安藥局", "address": "臺北市文山區忠順街一段２６巷１８號", "phone": "(02)29365629", "district": "文山區"}, "geometry": {"type": "Point", "coordinates": [121.5593449, 24.98324528]}}, {"type": "Feature", "properties": {"name": "京城藥局", "address": "臺北市文山區忠順街一段４２號１樓", "phone": "(02)29371210", "district": "文山區"}, "geometry": {"type": "Point", "coordinates": [121.5599613, 24.98416064]}}, {"type": "Feature", "properties": {"name": "永明大藥局", "address": "臺北市文山區興隆路一段二九七號一樓", "phone": "(02)29314428", "district": "文山區"}, "geometry": {"type": "Point", "coordinates": [121.544901, 24.99874928]}}, {"type": "Feature", "properties": {"name": "銘依藥局", "address": "臺北市文山區興隆路二段301巷4-1號", "phone": "(02)29308538", "district": "文山區"}, "geometry": {"type": "Point", "coordinates": [121.5534302, 25.00166147]}}, {"type": "Feature", "properties": {"name": "巧康藥局", "address": "臺北市文山區木新路3段262、264號", "phone": "(02)29372061", "district": "文山區"}, "geometry": {"type": "Point", "coordinates": [121.5585021, 24.9812831]}}, {"type": "Feature", "properties": {"name": "安誠藥局", "address": "臺北市文山區景華街124之1號", "phone": "(02)29308542", "district": "文山區"}, "geometry": {"type": "Point", "coordinates": [121.5468254, 24.99561119]}}, {"type": "Feature", "properties": {"name": "景豐藥局", "address": "臺北市文山區興隆路2段54號1樓", "phone": "(02)29330888", "district": "文山區"}, "geometry": {"type": "Point", "coordinates": [121.5476371, 24.99945314]}}, {"type": "Feature", "properties": {"name": "景美藥局", "address": "臺北市文山區景文街１２５號", "phone": "(02)29335741", "district": "文山區"}, "geometry": {"type": "Point", "coordinates": [121.541192, 24.99033056]}}, {"type": "Feature", "properties": {"name": "錫東藥局", "address": "臺北市文山區萬隆街５６號", "phone": "(02)29341550", "district": "文山區"}, "geometry": {"type": "Point", "coordinates": [121.5372983, 25.00075085]}}, {"type": "Feature", "properties": {"name": "日信專業藥局", "address": "臺北市文山區木柵路二段一三九號一樓", "phone": "(02)86618322", "district": "文山區"}, "geometry": {"type": "Point", "coordinates": [121.5625274, 24.98906005]}}, {"type": "Feature", "properties": {"name": "逸仙藥師藥局", "address": "臺北市文山區興隆路二段２１８之１號１樓", "phone": "(02)29312597", "district": "文山區"}, "geometry": {"type": "Point", "coordinates": [121.5524418, 25.00148169]}}, {"type": "Feature", "properties": {"name": "康宜庭生活藥局", "address": "臺北市文山區興隆路四段64號", "phone": "(02)29385363", "district": "文山區"}, "geometry": {"type": "Point", "coordinates": [121.5613254, 24.98514197]}}, {"type": "Feature", "properties": {"name": "博揚藥局", "address": "臺北市文山區景興路一八一號", "phone": "(02)89321707", "district": "文山區"}, "geometry": {"type": "Point", "coordinates": [121.5444236, 24.99280187]}}, {"type": "Feature", "properties": {"name": "東京晟藥局", "address": "臺北市文山區辛亥路四段97號", "phone": "(02)29356354", "district": "文山區"}, "geometry": {"type": "Point", "coordinates": [121.5587023, 25.00683841]}}, {"type": "Feature", "properties": {"name": "仙瑩藥局", "address": "臺北市文山區景華街166號", "phone": "(02)89321817", "district": "文山區"}, "geometry": {"type": "Point", "coordinates": [121.547879, 24.99693269]}}, {"type": "Feature", "properties": {"name": "舒博威藥局", "address": "臺北市文山區興隆路二段九十五巷三號", "phone": "(02)29306805", "district": "文山區"}, "geometry": {"type": "Point", "coordinates": [121.5492175, 25.0005901]}}, {"type": "Feature", "properties": {"name": "佳醫景美藥局", "address": "臺北市文山區羅斯福路六段二九0號", "phone": "(02)86636659", "district": "文山區"}, "geometry": {"type": "Point", "coordinates": [121.5398439, 24.991001]}}, {"type": "Feature", "properties": {"name": "慶豐好藥局", "address": "臺北市文山區興隆路四段135號1樓", "phone": "(02)29384775", "district": "文山區"}, "geometry": {"type": "Point", "coordinates": [121.5615649, 24.9853556]}}, {"type": "Feature", "properties": {"name": "華君藥局", "address": "臺北市文山區興隆路二段60號", "phone": "(02)29319510", "district": "文山區"}, "geometry": {"type": "Point", "coordinates": [121.5477628, 24.99955373]}}, {"type": "Feature", "properties": {"name": "永原大藥局", "address": "臺北市文山區興隆路三段166號", "phone": "(02)22305729", "district": "文山區"}, "geometry": {"type": "Point", "coordinates": [121.5584276, 24.9983535]}}, {"type": "Feature", "properties": {"name": "皇興藥師藥局", "address": "臺北市文山區木柵路2段121號", "phone": "(02)29365553", "district": "文山區"}, "geometry": {"type": "Point", "coordinates": [121.5620665, 24.98900741]}}, {"type": "Feature", "properties": {"name": "人人健保藥局", "address": "臺北市文山區保儀路39號", "phone": "(02)86610761", "district": "文山區"}, "geometry": {"type": "Point", "coordinates": [121.568694, 24.98785759]}}, {"type": "Feature", "properties": {"name": "杏隆藥局", "address": "臺北市文山區羅斯福路5段261號", "phone": "(02)29313151", "district": "文山區"}, "geometry": {"type": "Point", "coordinates": [121.5395045, 25.00115071]}}, {"type": "Feature", "properties": {"name": "永源大藥局", "address": "臺北市文山區興隆路3段302號", "phone": "(02)22396166", "district": "文山區"}, "geometry": {"type": "Point", "coordinates": [121.5587971, 24.99312436]}}, {"type": "Feature", "properties": {"name": "康宜庭萬隆藥局", "address": "臺北市文山區羅斯福路五段202號", "phone": "(02)29348662", "district": "文山區"}, "geometry": {"type": "Point", "coordinates": [121.5384483, 25.00322085]}}, {"type": "Feature", "properties": {"name": "美迦藥局", "address": "臺北市文山區保儀路23號", "phone": "(02)29362815", "district": "文山區"}, "geometry": {"type": "Point", "coordinates": [121.5687107, 24.98814733]}}, {"type": "Feature", "properties": {"name": "振大藥局", "address": "臺北市文山區永安街22巷16號", "phone": "(02)29393385", "district": "文山區"}, "geometry": {"type": "Point", "coordinates": [121.5696695, 24.98682893]}}, {"type": "Feature", "properties": {"name": "躍獅奕新藥局", "address": "臺北市文山區木新路2段275號", "phone": "(02)22340378", "district": "文山區"}, "geometry": {"type": "Point", "coordinates": [121.5660167, 24.98291979]}}, {"type": "Feature", "properties": {"name": "宜康藥局", "address": "臺北市文山區保儀路7號", "phone": "(02)86619862", "district": "文山區"}, "geometry": {"type": "Point", "coordinates": [121.5686398, 24.98871911]}}, {"type": "Feature", "properties": {"name": "欣安景美藥局", "address": "臺北市文山區景文街77號", "phone": "(02)29350296", "district": "文山區"}, "geometry": {"type": "Point", "coordinates": [121.541429, 24.99125915]}}, {"type": "Feature", "properties": {"name": "北一藥師藥局", "address": "臺北市文山區木新路三段47號", "phone": "(02)22348686", "district": "文山區"}, "geometry": {"type": "Point", "coordinates": [121.5641641, 24.98235975]}}, {"type": "Feature", "properties": {"name": "萬隆大藥局", "address": "臺北市文山區羅斯福路五段218巷15號", "phone": "(02)29334580", "district": "文山區"}, "geometry": {"type": "Point", "coordinates": [121.5379591, 25.0020275]}}, {"type": "Feature", "properties": {"name": "杏一萬安藥局", "address": "臺北市文山區萬安街15號", "phone": "(02)22302126", "district": "文山區"}, "geometry": {"type": "Point", "coordinates": [121.5706398, 25.00139022]}}, {"type": "Feature", "properties": {"name": "躍獅永健藥局", "address": "臺北市文山區木柵路1段144號(1樓)", "phone": "(02)22367821", "district": "文山區"}, "geometry": {"type": "Point", "coordinates": [121.568102, 24.998585]}}, {"type": "Feature", "properties": {"name": "大樹文山藥局", "address": "臺北市文山區興隆路三段13號(1、2、3樓)", "phone": "(02)29342226", "district": "文山區"}, "geometry": {"type": "Point", "coordinates": [121.555, 25.000887]}}, {"type": "Feature", "properties": {"name": "123健康藥局", "address": "臺北市文山區興隆路2段220巷31弄26號", "phone": "(02)86632673", "district": "文山區"}, "geometry": {"type": "Point", "coordinates": [121.5528932, 25.00020844]}}, {"type": "Feature", "properties": {"name": "光明大藥局", "address": "臺北市文山區忠順街一段66號", "phone": "(02)29390275", "district": "文山區"}, "geometry": {"type": "Point", "coordinates": [121.5606765, 24.98425916]}}, {"type": "Feature", "properties": {"name": "福興藥局", "address": "臺北市文山區福興路56號", "phone": "", "district": "文山區"}, "geometry": {"type": "Point", "coordinates": [121.5504559, 25.00345137]}}, {"type": "Feature", "properties": {"name": "路加健康藥局", "address": "臺北市文山區興隆路二段220巷39號", "phone": "(02)29302336", "district": "文山區"}, "geometry": {"type": "Point", "coordinates": [121.5521798, 25.00021633]}}, {"type": "Feature", "properties": {"name": "逸全生活藥局", "address": "臺北市文山區羅斯福路五段222號", "phone": "(02)29326185", "district": "文山區"}, "geometry": {"type": "Point", "coordinates": [121.5387563, 25.00197268]}}, {"type": "Feature", "properties": {"name": "躍獅新芳藥局", "address": "臺北市文山區興隆路三段16號(實際營業地址:1樓)", "phone": "(02)29308172", "district": "文山區"}, "geometry": {"type": "Point", "coordinates": [121.5559184, 25.0001532]}}, {"type": "Feature", "properties": {"name": "綠杏萬芳藥局", "address": "臺北市文山區興隆路三段111號", "phone": "(02)29349516", "district": "文山區"}, "geometry": {"type": "Point", "coordinates": [121.5583303, 25.00030628]}}, {"type": "Feature", "properties": {"name": "躍獅木柵藥局", "address": "臺北市文山區指南路一段28號", "phone": "(02)86617752", "district": "文山區"}, "geometry": {"type": "Point", "coordinates": [121.5694887, 24.98756013]}}, {"type": "Feature", "properties": {"name": "光點文山景華藥局", "address": "臺北市文山區景興路109號1樓", "phone": "(02)29335881", "district": "文山區"}, "geometry": {"type": "Point", "coordinates": [121.544818, 24.99496272]}}, {"type": "Feature", "properties": {"name": "富康活力睦新藥局", "address": "臺北市文山區木新路3段216號", "phone": "(02)29393666", "district": "文山區"}, "geometry": {"type": "Point", "coordinates": [121.5595358, 24.98153257]}}, {"type": "Feature", "properties": {"name": "康宜庭興隆藥局", "address": "臺北市文山區興隆路3段200號1樓", "phone": "(02)22304866", "district": "文山區"}, "geometry": {"type": "Point", "coordinates": [121.5590155, 24.99778685]}}, {"type": "Feature", "properties": {"name": "大愛幸福藥局", "address": "臺北市文山區木新路2段221號1樓", "phone": "(02)29379977", "district": "文山區"}, "geometry": {"type": "Point", "coordinates": [121.5675237, 24.98344322]}}, {"type": "Feature", "properties": {"name": "晴天藥局", "address": "臺北市文山區萬壽路15號(1樓)", "phone": "(02)29363131", "district": "文山區"}, "geometry": {"type": "Point", "coordinates": [121.5759721, 24.9880569]}}, {"type": "Feature", "properties": {"name": "健康家藥局", "address": "臺北市文山區興隆路2段133號1樓", "phone": "(02)29330858", "district": "文山區"}, "geometry": {"type": "Point", "coordinates": [121.5480562, 25.00011325]}}, {"type": "Feature", "properties": {"name": "大樹木柵藥局", "address": "臺北市文山區木柵路3段108號(1樓)及110號(1樓)", "phone": "(02)23331522", "district": "文山區"}, "geometry": {"type": "Point", "coordinates": [121.5675943, 24.9886582]}}, {"type": "Feature", "properties": {"name": "富康活力睦柵藥局", "address": "臺北市文山區指南路1段24號(1樓)", "phone": "(02)29397392", "district": "文山區"}, "geometry": {"type": "Point", "coordinates": [121.568102, 24.998585]}}, {"type": "Feature", "properties": {"name": "木新健康人生藥局", "address": "臺北市文山區木新路3段203號1樓", "phone": "(02)86611465", "district": "文山區"}, "geometry": {"type": "Point", "coordinates": [121.5598336, 24.98139664]}}, {"type": "Feature", "properties": {"name": "健康人生藥局", "address": "臺北市文山區興隆路3段106號1樓", "phone": "(02)29347813", "district": "文山區"}, "geometry": {"type": "Point", "coordinates": [121.5572612, 24.99932132]}}, {"type": "Feature", "properties": {"name": "大樹景美藥局", "address": "臺北市文山區羅斯福路6段234號(1樓)、234之1號1樓", "phone": "(02)29322951", "district": "文山區"}, "geometry": {"type": "Point", "coordinates": [121.5404317, 24.9924495]}}, {"type": "Feature", "properties": {"name": "歆鈺藥局", "address": "臺北市文山區興隆路4段209號1樓", "phone": "(02)29381181", "district": "文山區"}, "geometry": {"type": "Point", "coordinates": [121.5624804, 24.98285038]}}, {"type": "Feature", "properties": {"name": "杏一木柵藥局", "address": "臺北市文山區木柵路3段116號(1樓)", "phone": "(02)29371839", "district": "文山區"}, "geometry": {"type": "Point", "coordinates": [121.567794, 24.988685]}}, {"type": "Feature", "properties": {"name": "富康活力景驊藥局", "address": "臺北市文山區景華街73號1樓", "phone": "(02)29335288", "district": "文山區"}, "geometry": {"type": "Point", "coordinates": [121.5452088, 24.99526084]}}, {"type": "Feature", "properties": {"name": "專品政大藥局", "address": "臺北市文山區指南路2段8號(1樓)", "phone": "(02)22343010", "district": "文山區"}, "geometry": {"type": "Point", "coordinates": [121.574218, 24.9878369]}}, {"type": "Feature", "properties": {"name": "柒品藥局", "address": "臺北市文山區木新路3段333號(1樓)、335號(1樓)", "phone": "(02)86610666", "district": "文山區"}, "geometry": {"type": "Point", "coordinates": [121.5562573, 24.9804175]}}, {"type": "Feature", "properties": {"name": "大心藥局", "address": "臺北市文山區興隆路2段215號1樓", "phone": "", "district": "文山區"}, "geometry": {"type": "Point", "coordinates": [121.5501114, 25.00110021]}}, {"type": "Feature", "properties": {"name": "同盈藥師藥局", "address": "新北市板橋區溪北路30號1樓", "phone": "02-86873400", "district": "板橋區"}, "geometry": {"type": "Point", "coordinates": [121.426968, 24.99021256]}}, {"type": "Feature", "properties": {"name": "鶯歌藥局", "address": "新北市鶯歌區鶯桃路2段11號1樓", "phone": "02-86778778", "district": "鶯歌區"}, "geometry": {"type": "Point", "coordinates": [121.3258462, 24.97204958]}}, {"type": "Feature", "properties": {"name": "益嘉藥局", "address": "新北市汐止區忠孝東路245號1樓", "phone": "02-86423527", "district": "汐止區"}, "geometry": {"type": "Point", "coordinates": [121.6628739, 25.06752916]}}, {"type": "Feature", "properties": {"name": "明月藥局", "address": "新北市五股區工商路89號", "phone": "02-82956028", "district": "五股區"}, "geometry": {"type": "Point", "coordinates": [121.4376946, 25.08514542]}}, {"type": "Feature", "properties": {"name": "源昇藥局", "address": "新北市五股區五股里成泰路2段61號2樓", "phone": "02-82950772", "district": "五股區"}, "geometry": {"type": "Point", "coordinates": [121.4378897, 25.08360523]}}, {"type": "Feature", "properties": {"name": "東興藥局", "address": "新北市五股區成泰路2段69號2樓", "phone": "02-82922718", "district": "五股區"}, "geometry": {"type": "Point", "coordinates": [121.437956, 25.08372205]}}, {"type": "Feature", "properties": {"name": "祐康藥師藥局", "address": "新北市五股區五福路36號1樓", "phone": "02-82921335", "district": "五股區"}, "geometry": {"type": "Point", "coordinates": [121.4340009, 25.08922898]}}, {"type": "Feature", "properties": {"name": "捷元健保藥局", "address": "新北市三重區三賢街185號1樓", "phone": "02-82877107", "district": "三重區"}, "geometry": {"type": "Point", "coordinates": [121.4863362, 25.08731299]}}, {"type": "Feature", "properties": {"name": "康荃優生保健藥局", "address": "新北市中和區福祥路66號1樓", "phone": "02-66348688", "district": "中和區"}, "geometry": {"type": "Point", "coordinates": [121.4993752, 25.00494076]}}, {"type": "Feature", "properties": {"name": "幸福藥妝藥局", "address": "新北市三重區正義北路342號1樓", "phone": "02-29896858", "district": "三重區"}, "geometry": {"type": "Point", "coordinates": [121.4943714, 25.07083034]}}, {"type": "Feature", "properties": {"name": "兒安藥局", "address": "新北市三重區中華路59號", "phone": "02-29895851", "district": "三重區"}, "geometry": {"type": "Point", "coordinates": [121.4835773, 25.06225308]}}, {"type": "Feature", "properties": {"name": "聖美膚藥局", "address": "新北市三重區正義北路130號", "phone": "02-29863456", "district": "三重區"}, "geometry": {"type": "Point", "coordinates": [121.4967132, 25.06571273]}}, {"type": "Feature", "properties": {"name": "天佑藥局", "address": "新北市三重區大同北路8號1樓、10號1樓", "phone": "02-29857456", "district": "三重區"}, "geometry": {"type": "Point", "coordinates": [121.4953937, 25.06207243]}}, {"type": "Feature", "properties": {"name": "欽勝藥局", "address": "新北市三重區重陽路4段6號2樓", "phone": "02-29857389", "district": "三重區"}, "geometry": {"type": "Point", "coordinates": [121.4906324, 25.06893506]}}, {"type": "Feature", "properties": {"name": "可安藥局", "address": "新北市板橋區南雅南路1段8-6號1樓", "phone": "02-29650131", "district": "板橋區"}, "geometry": {"type": "Point", "coordinates": [121.4560248, 25.00662003]}}, {"type": "Feature", "properties": {"name": "仁安藥局", "address": "新北市泰山區明志路3段174號", "phone": "02-29015586", "district": "泰山區"}, "geometry": {"type": "Point", "coordinates": [121.4242195, 25.03905729]}}, {"type": "Feature", "properties": {"name": "健群藥局", "address": "新北市蘆洲區中華街71號2樓", "phone": "02-28483575", "district": "蘆洲區"}, "geometry": {"type": "Point", "coordinates": [121.4622574, 25.08063035]}}, {"type": "Feature", "properties": {"name": "富康東科藥局", "address": "新北市汐止區新台五路1段96號C棟1樓C15號", "phone": "02-26969222", "district": "汐止區"}, "geometry": {"type": "Point", "coordinates": [121.6482098, 25.06072019]}}, {"type": "Feature", "properties": {"name": "佳恩藥局", "address": "新北市汐止區民族三街7-1號1樓", "phone": "02-26950714", "district": "汐止區"}, "geometry": {"type": "Point", "coordinates": [121.6307846, 25.07042583]}}, {"type": "Feature", "properties": {"name": "三峽文化藥局", "address": "新北市三峽區文化路212-2號", "phone": "02-26710825", "district": "三峽區"}, "geometry": {"type": "Point", "coordinates": [121.3686163, 24.93607108]}}, {"type": "Feature", "properties": {"name": "健康晨光藥局", "address": "新北市汐止區大同路2段516號1樓", "phone": "02-26433111", "district": "汐止區"}, "geometry": {"type": "Point", "coordinates": [121.6310239, 25.05499128]}}, {"type": "Feature", "properties": {"name": "國升藥局", "address": "新北市汐止區建成路59巷1號1樓", "phone": "02-26419459", "district": "汐止區"}, "geometry": {"type": "Point", "coordinates": [121.6617626, 25.07319634]}}, {"type": "Feature", "properties": {"name": "逸華藥局", "address": "新北市八里區中山路2段301號", "phone": "02-26105093", "district": "八里區"}, "geometry": {"type": "Point", "coordinates": [121.4011492, 25.14806299]}}, {"type": "Feature", "properties": {"name": "茂晟藥局", "address": "新北市林口區文化三路2段328號1樓", "phone": "02-26020593", "district": "林口區"}, "geometry": {"type": "Point", "coordinates": [121.3781874, 25.08476199]}}, {"type": "Feature", "properties": {"name": "長興堂藥局", "address": "新北市瑞芳區明燈路3段69號1樓", "phone": "02-24972050", "district": "瑞芳區"}, "geometry": {"type": "Point", "coordinates": [121.8054809, 25.10818674]}}, {"type": "Feature", "properties": {"name": "北海岸藥局", "address": "新北市萬里區瑪鍊路98號", "phone": "02-24922022", "district": "萬里區"}, "geometry": {"type": "Point", "coordinates": [121.6894795, 25.17798241]}}, {"type": "Feature", "properties": {"name": "陽光健保藥局", "address": "新北市五股區五福路54號1樓", "phone": "02-22922400", "district": "五股區"}, "geometry": {"type": "Point", "coordinates": [121.4335404, 25.08972728]}}, {"type": "Feature", "properties": {"name": "杏軒藥局", "address": "新北市五股區貿商里自強路152號1樓", "phone": "02-22921193", "district": "五股區"}, "geometry": {"type": "Point", "coordinates": [121.4320853, 25.07031989]}}, {"type": "Feature", "properties": {"name": "銘泰藥局", "address": "新北市三重區三和路4段153號2樓", "phone": "02-22876452", "district": "三重區"}, "geometry": {"type": "Point", "coordinates": [121.4839391, 25.07837729]}}, {"type": "Feature", "properties": {"name": "廣英藥師藥局", "address": "新北市蘆洲區中正路6號1樓", "phone": "02-22835713", "district": "蘆洲區"}, "geometry": {"type": "Point", "coordinates": [121.4716713, 25.08186467]}}, {"type": "Feature", "properties": {"name": "永福藥局", "address": "新北市三重區永福街135巷40號1樓", "phone": "02-22807023", "district": "三重區"}, "geometry": {"type": "Point", "coordinates": [121.4772195, 25.0772241]}}, {"type": "Feature", "properties": {"name": "福恩藥師大藥局", "address": "新北市汐止區福德二路171-1號1樓", "phone": "9.88E+08", "district": "汐止區"}, "geometry": {"type": "Point", "coordinates": [121.6307435, 25.06507326]}}, {"type": "Feature", "properties": {"name": "寶貝藥局", "address": "新北市三重區仁愛街302-1號", "phone": "9.36E+08", "district": "三重區"}, "geometry": {"type": "Point", "coordinates": [121.4920909, 25.0794404]}}, {"type": "Feature", "properties": {"name": "大峰藥局", "address": "新北市板橋區莒光路168號1樓", "phone": "9.32E+08", "district": "板橋區"}, "geometry": {"type": "Point", "coordinates": [121.4740514, 25.02314142]}}, {"type": "Feature", "properties": {"name": "良安藥局", "address": "新北市中和區文元里連城路366號", "phone": "9.12E+08", "district": "中和區"}, "geometry": {"type": "Point", "coordinates": [121.4818705, 24.99548045]}}, {"type": "Feature", "properties": {"name": "文安藥局", "address": "新北市新莊區褔壽街116號", "phone": "02-29978477", "district": "新莊區"}, "geometry": {"type": "Point", "coordinates": [121.4506145, 25.03586013]}}, {"type": "Feature", "properties": {"name": "武田藥局", "address": "新北市新莊區化成路212號", "phone": "02-29944029", "district": "新莊區"}, "geometry": {"type": "Point", "coordinates": [121.4656722, 25.04649462]}}, {"type": "Feature", "properties": {"name": "達生大藥局", "address": "新北市新莊區中港一街69號", "phone": "02-29939360", "district": "新莊區"}, "geometry": {"type": "Point", "coordinates": [121.4500409, 25.04534535]}}, {"type": "Feature", "properties": {"name": "祥好大藥局", "address": "新北市新莊區新泰路331號", "phone": "02-29939051", "district": "新莊區"}, "geometry": {"type": "Point", "coordinates": [121.4449073, 25.04180475]}}, {"type": "Feature", "properties": {"name": "再豐藥局", "address": "新北市新莊區新泰路150巷13號", "phone": "02-29936092", "district": "新莊區"}, "geometry": {"type": "Point", "coordinates": [121.4474624, 25.03833871]}}, {"type": "Feature", "properties": {"name": "楊氏武田藥局", "address": "新北市新莊區化成路373-5號", "phone": "02-29930073", "district": "新莊區"}, "geometry": {"type": "Point", "coordinates": [121.4656657, 25.05734029]}}, {"type": "Feature", "properties": {"name": "新民藥局", "address": "新北市新莊區自強街39號", "phone": "02-29917773", "district": "新莊區"}, "geometry": {"type": "Point", "coordinates": [121.4546441, 25.04668249]}}, {"type": "Feature", "properties": {"name": "慶昇藥局", "address": "新北市三重區光明路88號", "phone": "02-29854256", "district": "三重區"}, "geometry": {"type": "Point", "coordinates": [121.4923419, 25.05674461]}}, {"type": "Feature", "properties": {"name": "和泰藥局", "address": "新北市五股區中興路1段133號", "phone": "02-29850281", "district": "五股區"}, "geometry": {"type": "Point", "coordinates": [121.4655428, 25.07335859]}}, {"type": "Feature", "properties": {"name": "杜廣德藥師藥局", "address": "新北市三重區大智街53號", "phone": "02-29843152", "district": "三重區"}, "geometry": {"type": "Point", "coordinates": [121.4927757, 25.06774538]}}, {"type": "Feature", "properties": {"name": "裕福藥局", "address": "新北市三重區長壽西街144號", "phone": "02-29831769", "district": "三重區"}, "geometry": {"type": "Point", "coordinates": [121.4939425, 25.06661072]}}, {"type": "Feature", "properties": {"name": "建芳藥局", "address": "新北市三重區集美街174號", "phone": "02-29763351", "district": "三重區"}, "geometry": {"type": "Point", "coordinates": [121.4904005, 25.05321276]}}, {"type": "Feature", "properties": {"name": "志雄藥局", "address": "新北市三重區三和路2段220號", "phone": "02-29751803", "district": "三重區"}, "geometry": {"type": "Point", "coordinates": [121.4978088, 25.06949549]}}, {"type": "Feature", "properties": {"name": "利安藥局", "address": "新北市板橋區南雅東路108號", "phone": "02-29696295", "district": "板橋區"}, "geometry": {"type": "Point", "coordinates": [121.4534875, 25.00814811]}}, {"type": "Feature", "properties": {"name": "慶安藥局", "address": "新北市板橋區宮口街12號", "phone": "02-29685178", "district": "板橋區"}, "geometry": {"type": "Point", "coordinates": [121.4574257, 25.00990562]}}, {"type": "Feature", "properties": {"name": "啟暉藥局", "address": "新北市板橋區大智街3號", "phone": "02-29669166", "district": "板橋區"}, "geometry": {"type": "Point", "coordinates": [121.4561066, 25.01471864]}}, {"type": "Feature", "properties": {"name": "俊昌藥局", "address": "新北市板橋區三民路2段245巷12號", "phone": "02-29642498", "district": "板橋區"}, "geometry": {"type": "Point", "coordinates": [121.4797345, 25.01250123]}}, {"type": "Feature", "properties": {"name": "福勝堂藥局", "address": "新北市板橋區三民路2段153巷2弄2號", "phone": "02-29582146", "district": "板橋區"}, "geometry": {"type": "Point", "coordinates": [121.479531, 25.01488446]}}, {"type": "Feature", "properties": {"name": "惠德藥局", "address": "新北市中和區國光街111號", "phone": "02-29573563", "district": "中和區"}, "geometry": {"type": "Point", "coordinates": [121.4699064, 25.00052263]}}, {"type": "Feature", "properties": {"name": "安祥藥局", "address": "新北市板橋區大明街7號", "phone": "02-29554501", "district": "板橋區"}, "geometry": {"type": "Point", "coordinates": [121.4591312, 25.00244552]}}, {"type": "Feature", "properties": {"name": "福恩藥局", "address": "新北市板橋區實踐路93巷36號", "phone": "02-29529126", "district": "板橋區"}, "geometry": {"type": "Point", "coordinates": [121.465395, 25.00516744]}}, {"type": "Feature", "properties": {"name": "賜您康大藥局", "address": "新北市板橋區國泰街50號", "phone": "02-29513166", "district": "板橋區"}, "geometry": {"type": "Point", "coordinates": [121.4679129, 25.00667657]}}, {"type": "Feature", "properties": {"name": "日發藥局", "address": "新北市中和區興南路2段52-4號", "phone": "02-29424926", "district": "中和區"}, "geometry": {"type": "Point", "coordinates": [121.5065622, 24.98510875]}}, {"type": "Feature", "properties": {"name": "開發大藥局", "address": "新北市中和區興南路1段六號", "phone": "02-29412279", "district": "中和區"}, "geometry": {"type": "Point", "coordinates": [121.5115484, 24.991527]}}, {"type": "Feature", "properties": {"name": "博健藥局", "address": "新北市中和區忠孝街37巷4號", "phone": "02-29402107", "district": "中和區"}, "geometry": {"type": "Point", "coordinates": [121.511246, 24.98367542]}}, {"type": "Feature", "properties": {"name": "聖英藥局", "address": "新北市永和區褔和路55-1號", "phone": "02-29293613", "district": "永和區"}, "geometry": {"type": "Point", "coordinates": [121.5204266, 25.00915211]}}, {"type": "Feature", "properties": {"name": "律安藥局", "address": "新北市永和區中和路321號", "phone": "02-29287212", "district": "永和區"}, "geometry": {"type": "Point", "coordinates": [121.5071051, 24.99979073]}}, {"type": "Feature", "properties": {"name": "家宏藥局", "address": "新北市永和區成功路2段123號", "phone": "02-29287212", "district": "永和區"}, "geometry": {"type": "Point", "coordinates": [121.5268019, 24.99845427]}}, {"type": "Feature", "properties": {"name": "全成藥局", "address": "新北市泰山區明志路1段83號", "phone": "02-29096529", "district": "泰山區"}, "geometry": {"type": "Point", "coordinates": [121.4335872, 25.06434041]}}, {"type": "Feature", "properties": {"name": "閎安藥局", "address": "新北市三重區重新路2段79號1樓", "phone": "02-89942121", "district": "三重區"}, "geometry": {"type": "Point", "coordinates": [121.4963485, 25.06183174]}}, {"type": "Feature", "properties": {"name": "予康藥局", "address": "新北市三重區文化北路198號1樓", "phone": "02-89858789", "district": "三重區"}, "geometry": {"type": "Point", "coordinates": [121.4979673, 25.06794402]}}, {"type": "Feature", "properties": {"name": "慈愛藥局", "address": "新北市三重區溪尾街173號1樓", "phone": "02-89851330", "district": "三重區"}, "geometry": {"type": "Point", "coordinates": [121.4888525, 25.08036495]}}, {"type": "Feature", "properties": {"name": "康慈藥局", "address": "新北市三重區忠孝路2段40號1樓", "phone": "02-89813529", "district": "三重區"}, "geometry": {"type": "Point", "coordinates": [121.4853664, 25.07055573]}}, {"type": "Feature", "properties": {"name": "景康藥局", "address": "新北市三重區集美街29號1樓", "phone": "02-89731717", "district": "三重區"}, "geometry": {"type": "Point", "coordinates": [121.4878911, 25.05583266]}}, {"type": "Feature", "properties": {"name": "康希藥局", "address": "新北市三重區三和路2段83號1樓", "phone": "02-89728298", "district": "三重區"}, "geometry": {"type": "Point", "coordinates": [121.4998663, 25.06820413]}}, {"type": "Feature", "properties": {"name": "愛立康藥局", "address": "新北市樹林區大雅路286號1樓", "phone": "02-89706878", "district": "樹林區"}, "geometry": {"type": "Point", "coordinates": [121.3799023, 24.94748354]}}, {"type": "Feature", "properties": {"name": "綠蘋果藥局", "address": "新北市樹林區學勤路597號1樓", "phone": "02-89706050", "district": "樹林區"}, "geometry": {"type": "Point", "coordinates": [121.3842279, 24.94905344]}}, {"type": "Feature", "properties": {"name": "廣泰藥師藥局", "address": "新北市板橋區館前西路150號1樓", "phone": "02-89698381", "district": "板橋區"}, "geometry": {"type": "Point", "coordinates": [121.4555916, 25.00843751]}}, {"type": "Feature", "properties": {"name": "葆康藥局", "address": "新北市板橋區四川路2段245巷3號1樓", "phone": "02-89678373", "district": "板橋區"}, "geometry": {"type": "Point", "coordinates": [121.4506561, 24.99346435]}}, {"type": "Feature", "properties": {"name": "德豐健保藥局", "address": "新北市板橋區四川路2段47巷3弄1號1樓", "phone": "02-89675880", "district": "板橋區"}, "geometry": {"type": "Point", "coordinates": [121.4542759, 24.99478947]}}, {"type": "Feature", "properties": {"name": "利安社區藥局", "address": "新北市板橋區德興街37巷14號1樓", "phone": "02-89671550", "district": "板橋區"}, "geometry": {"type": "Point", "coordinates": [121.4538519, 24.99381951]}}, {"type": "Feature", "properties": {"name": "亞季藥局", "address": "新北市板橋區南雅南路2段142巷11號1樓", "phone": "02-89671131", "district": "板橋區"}, "geometry": {"type": "Point", "coordinates": [121.4515407, 24.99717001]}}, {"type": "Feature", "properties": {"name": "久安藥局", "address": "新北市土城區廣明街70號1樓", "phone": "02-89671097", "district": "土城區"}, "geometry": {"type": "Point", "coordinates": [121.4550482, 24.99380206]}}, {"type": "Feature", "properties": {"name": "愛美得藥局", "address": "新北市板橋區中山路2段34號1樓", "phone": "02-89539190", "district": "板橋區"}, "geometry": {"type": "Point", "coordinates": [121.4728543, 25.01517113]}}, {"type": "Feature", "properties": {"name": "和安藥局", "address": "新北市板橋區四川路1段171號1樓", "phone": "02-89537548", "district": "板橋區"}, "geometry": {"type": "Point", "coordinates": [121.4600701, 25.00378828]}}, {"type": "Feature", "properties": {"name": "柏愛藥局", "address": "新北市永和區竹林路57號1樓", "phone": "02-89285609", "district": "永和區"}, "geometry": {"type": "Point", "coordinates": [121.5182619, 25.01385971]}}, {"type": "Feature", "properties": {"name": "日陽藥局", "address": "新北市永和區竹林路29號1樓", "phone": "02-89252346", "district": "永和區"}, "geometry": {"type": "Point", "coordinates": [121.5175074, 25.01464513]}}, {"type": "Feature", "properties": {"name": "亞佐藥局", "address": "新北市永和區中山路1段128巷17號1樓", "phone": "02-89219038", "district": "永和區"}, "geometry": {"type": "Point", "coordinates": [121.5097202, 25.0102911]}}, {"type": "Feature", "properties": {"name": "皇家藥師藥局", "address": "新北市永和區中正路720號1樓", "phone": "02-89216867", "district": "永和區"}, "geometry": {"type": "Point", "coordinates": [121.5158281, 25.01016693]}}, {"type": "Feature", "properties": {"name": "崇恩藥局", "address": "新北市永和區成功路2段135號1樓", "phone": "02-89214022", "district": "永和區"}, "geometry": {"type": "Point", "coordinates": [121.526737, 24.99809675]}}, {"type": "Feature", "properties": {"name": "北一藥師藥局", "address": "新北市新店區北新路2段160號1樓、2樓", "phone": "02-89115686", "district": "新店區"}, "geometry": {"type": "Point", "coordinates": [121.5430686, 24.97562554]}}, {"type": "Feature", "properties": {"name": "微笑生活藥局", "address": "新北市新店區建國路85號1樓", "phone": "02-89113397", "district": "新店區"}, "geometry": {"type": "Point", "coordinates": [121.5404141, 24.9765659]}}, {"type": "Feature", "properties": {"name": "廣誠藥師藥局", "address": "新北市汐止區建成路22號1樓", "phone": "02-86916091", "district": "汐止區"}, "geometry": {"type": "Point", "coordinates": [121.6647564, 25.07267843]}}, {"type": "Feature", "properties": {"name": "永康中西綜合藥局", "address": "新北市汐止區龍安路175號1樓", "phone": "02-86915580", "district": "汐止區"}, "geometry": {"type": "Point", "coordinates": [121.6536305, 25.06303534]}}, {"type": "Feature", "properties": {"name": "忠孝藥局", "address": "新北市汐止區忠孝東路321號1樓", "phone": "02-86910788", "district": "汐止區"}, "geometry": {"type": "Point", "coordinates": [121.6647692, 25.06946892]}}, {"type": "Feature", "properties": {"name": "保康藥局", "address": "新北市樹林區保安街1段364號", "phone": "02-86875503", "district": "樹林區"}, "geometry": {"type": "Point", "coordinates": [121.4176328, 24.99856383]}}, {"type": "Feature", "properties": {"name": "泰平藥師藥局", "address": "新北市樹林區彭福里太平路143號", "phone": "02-86860038", "district": "樹林區"}, "geometry": {"type": "Point", "coordinates": [121.4191052, 24.98001363]}}, {"type": "Feature", "properties": {"name": "小蜜蜂中西健保藥局", "address": "新北市樹林區東榮街118號1樓", "phone": "02-86853677", "district": "樹林區"}, "geometry": {"type": "Point", "coordinates": [121.4153573, 24.98229631]}}, {"type": "Feature", "properties": {"name": "樹林健業藥局", "address": "新北市樹林區東華街89號1樓", "phone": "02-86851736", "district": "樹林區"}, "geometry": {"type": "Point", "coordinates": [121.4158639, 24.98047639]}}, {"type": "Feature", "properties": {"name": "啄木鳥藥局", "address": "新北市樹林區中華路391號1-2樓", "phone": "02-86851495", "district": "樹林區"}, "geometry": {"type": "Point", "coordinates": [121.4114679, 24.98037678]}}, {"type": "Feature", "properties": {"name": "萊爾康健保藥局", "address": "新北市鶯歌區永明街17號1樓", "phone": "02-86782232", "district": "鶯歌區"}, "geometry": {"type": "Point", "coordinates": [121.3384687, 24.95548137]}}, {"type": "Feature", "properties": {"name": "華昇藥局", "address": "新北市鶯歌區鶯桃路567號", "phone": "02-86777961", "district": "鶯歌區"}, "geometry": {"type": "Point", "coordinates": [121.3298879, 24.96834566]}}, {"type": "Feature", "properties": {"name": "一大藥局", "address": "新北市三峽區橫溪路23號", "phone": "02-86767777", "district": "三峽區"}, "geometry": {"type": "Point", "coordinates": [121.3963507, 24.93584307]}}, {"type": "Feature", "properties": {"name": "欣美大藥局", "address": "新北市三峽區大同路52號", "phone": "02-86712269", "district": "三峽區"}, "geometry": {"type": "Point", "coordinates": [121.3769446, 24.92861298]}}, {"type": "Feature", "properties": {"name": "德莘藥局", "address": "新北市新店區中正路413號1樓", "phone": "02-86655462", "district": "新店區"}, "geometry": {"type": "Point", "coordinates": [121.5341876, 24.97775572]}}, {"type": "Feature", "properties": {"name": "躍獅尚揚藥局", "address": "新北市汐止區忠孝東路399號1樓", "phone": "02-86483158", "district": "汐止區"}, "geometry": {"type": "Point", "coordinates": [121.6657257, 25.07095853]}}, {"type": "Feature", "properties": {"name": "文川藥局", "address": "新北市淡水區中山北路1段93號1樓", "phone": "02-86319033", "district": "淡水區"}, "geometry": {"type": "Point", "coordinates": [121.4422792, 25.17630986]}}, {"type": "Feature", "properties": {"name": "萊康健保藥局", "address": "新北市三重區溪尾街176號1樓", "phone": "02-82871076", "district": "三重區"}, "geometry": {"type": "Point", "coordinates": [121.4885112, 25.08059733]}}, {"type": "Feature", "properties": {"name": "北聯藥局", "address": "新北市蘆洲區民族路361號1樓", "phone": "02-82866873", "district": "蘆洲區"}, "geometry": {"type": "Point", "coordinates": [121.471757, 25.09161688]}}, {"type": "Feature", "properties": {"name": "龍成藥局", "address": "新北市蘆洲區民族路53號", "phone": "02-82857868", "district": "蘆洲區"}, "geometry": {"type": "Point", "coordinates": [121.4785934, 25.08553232]}}, {"type": "Feature", "properties": {"name": "威仕康藥局", "address": "新北市蘆洲區民權路122號1樓", "phone": "02-82853277", "district": "蘆洲區"}, "geometry": {"type": "Point", "coordinates": [121.4734253, 25.08867864]}}, {"type": "Feature", "properties": {"name": "幸安藥局", "address": "新北市蘆洲區中山二路53號1樓", "phone": "02-82835389", "district": "蘆洲區"}, "geometry": {"type": "Point", "coordinates": [121.4737801, 25.08221566]}}, {"type": "Feature", "properties": {"name": "好美麗健康藥局", "address": "新北市蘆洲區光明路6號1樓", "phone": "02-82826209", "district": "蘆洲區"}, "geometry": {"type": "Point", "coordinates": [121.4605755, 25.08642733]}}, {"type": "Feature", "properties": {"name": "康得健藥局", "address": "新北市蘆洲區長安街260號1樓", "phone": "02-82821862", "district": "蘆洲區"}, "geometry": {"type": "Point", "coordinates": [121.4575022, 25.08655692]}}, {"type": "Feature", "properties": {"name": "宏祐藥局", "address": "新北市蘆洲區復興路202號1樓", "phone": "02-82815252", "district": "蘆洲區"}, "geometry": {"type": "Point", "coordinates": [121.4784573, 25.08898797]}}, {"type": "Feature", "properties": {"name": "名安藥局", "address": "新北市板橋區龍興街57號1樓", "phone": "02-82751784", "district": "板橋區"}, "geometry": {"type": "Point", "coordinates": [121.4431524, 25.00114705]}}, {"type": "Feature", "properties": {"name": "楓康藥局", "address": "新北市板橋區新海路119號1樓", "phone": "02-82582246", "district": "板橋區"}, "geometry": {"type": "Point", "coordinates": [121.4609823, 25.02289913]}}, {"type": "Feature", "properties": {"name": "欣安藥局", "address": "新北市板橋區懷德街109號1樓", "phone": "02-82572535", "district": "板橋區"}, "geometry": {"type": "Point", "coordinates": [121.4785444, 25.03143816]}}, {"type": "Feature", "properties": {"name": "麥田健保藥局", "address": "新北市板橋區雙十路2段120號2樓", "phone": "02-82529223", "district": "板橋區"}, "geometry": {"type": "Point", "coordinates": [121.4741886, 25.02879164]}}, {"type": "Feature", "properties": {"name": "宥康婦幼健保藥局", "address": "新北市板橋區仁化街30號1樓", "phone": "02-82528162", "district": "板橋區"}, "geometry": {"type": "Point", "coordinates": [121.4748111, 25.03155206]}}, {"type": "Feature", "properties": {"name": "快樂藥局漢生店", "address": "新北市板橋區漢生東路19號", "phone": "02-82522637", "district": "板橋區"}, "geometry": {"type": "Point", "coordinates": [121.4649427, 25.01735137]}}, {"type": "Feature", "properties": {"name": "溫莎藥局", "address": "新北市中和區員山路292號", "phone": "02-82277275", "district": "中和區"}, "geometry": {"type": "Point", "coordinates": [121.4813752, 25.00241329]}}, {"type": "Feature", "properties": {"name": "西華藥局", "address": "新北市新莊區後港一路102號1樓", "phone": "02-82012697", "district": "新莊區"}, "geometry": {"type": "Point", "coordinates": [121.4280259, 25.02684741]}}, {"type": "Feature", "properties": {"name": "富祐藥局", "address": "新北市新莊區民安西路21號1樓", "phone": "02-82012451", "district": "新莊區"}, "geometry": {"type": "Point", "coordinates": [121.4270476, 25.02135888]}}, {"type": "Feature", "properties": {"name": "皇慶藥局", "address": "新北市板橋區南門街81、83號1、2、3樓及館前西路112巷7號1、2樓", "phone": "02-77297988", "district": "板橋區"}, "geometry": {"type": "Point", "coordinates": [121.4578386, 25.00947419]}}, {"type": "Feature", "properties": {"name": "懷恩藥局", "address": "新北市樹林區中正路614號", "phone": "02-26893417", "district": "樹林區"}, "geometry": {"type": "Point", "coordinates": [121.4103269, 25.01589565]}}, {"type": "Feature", "properties": {"name": "江藥局", "address": "新北市樹林區日新街102號1樓", "phone": "02-26828001", "district": "樹林區"}, "geometry": {"type": "Point", "coordinates": [121.4213441, 24.98997184]}}, {"type": "Feature", "properties": {"name": "永幸藥局", "address": "新北市板橋區金門街121巷2號", "phone": "02-26827012", "district": "板橋區"}, "geometry": {"type": "Point", "coordinates": [121.4332158, 24.99171324]}}, {"type": "Feature", "properties": {"name": "蔣示藥局", "address": "新北市樹林區太順街62巷3弄2號", "phone": "02-26819460", "district": "樹林區"}, "geometry": {"type": "Point", "coordinates": [121.4174768, 24.97970652]}}, {"type": "Feature", "properties": {"name": "戴安藥局", "address": "新北市板橋區溪北路54號", "phone": "02-26818663", "district": "板橋區"}, "geometry": {"type": "Point", "coordinates": [121.4276114, 24.98982374]}}, {"type": "Feature", "properties": {"name": "安立藥局", "address": "新北市三重區正義北路317號1樓", "phone": "02-66252626", "district": "三重區"}, "geometry": {"type": "Point", "coordinates": [121.4941779, 25.0713095]}}, {"type": "Feature", "properties": {"name": "辰陽藥局", "address": "新北市板橋區三民路2段110號-2(1樓)", "phone": "02-66082888", "district": "板橋區"}, "geometry": {"type": "Point", "coordinates": [121.4790684, 25.01665599]}}, {"type": "Feature", "properties": {"name": "致維藥局", "address": "新北市汐止區忠孝東路258巷5號1樓", "phone": "02-26422993", "district": "汐止區"}, "geometry": {"type": "Point", "coordinates": [121.6634673, 25.06746042]}}, {"type": "Feature", "properties": {"name": "松和大藥局", "address": "新北市淡水區英專路92號", "phone": "02-26203369", "district": "淡水區"}, "geometry": {"type": "Point", "coordinates": [121.4458627, 25.17166694]}}, {"type": "Feature", "properties": {"name": "盛立藥局", "address": "新北市樹林區大雅路285號1樓", "phone": "02-35018218", "district": "樹林區"}, "geometry": {"type": "Point", "coordinates": [121.3795371, 24.9473531]}}, {"type": "Feature", "properties": {"name": "里安藥局", "address": "新北市中和區員山路271-1號2樓", "phone": "02-32347111", "district": "中和區"}, "geometry": {"type": "Point", "coordinates": [121.481168, 24.99950958]}}, {"type": "Feature", "properties": {"name": "北醫藥局", "address": "新北市新莊區思源路119號1樓", "phone": "02-29983670", "district": "新莊區"}, "geometry": {"type": "Point", "coordinates": [121.4596033, 25.04226901]}}, {"type": "Feature", "properties": {"name": "建嘉藥局", "address": "新北市新莊區中誠街42號1樓", "phone": "02-29935301", "district": "新莊區"}, "geometry": {"type": "Point", "coordinates": [121.4513173, 25.04812203]}}, {"type": "Feature", "properties": {"name": "天賜藥局", "address": "新北市三重區正義北路141號1樓", "phone": "02-29856852", "district": "三重區"}, "geometry": {"type": "Point", "coordinates": [121.4966942, 25.06674059]}}, {"type": "Feature", "properties": {"name": "健康藥局", "address": "新北市三重區安樂街58號1樓", "phone": "02-29841882", "district": "三重區"}, "geometry": {"type": "Point", "coordinates": [121.4952988, 25.069425]}}, {"type": "Feature", "properties": {"name": "穗元大藥局", "address": "新北市三重區力行路1段149號1樓、151號1樓", "phone": "02-29827688", "district": "三重區"}, "geometry": {"type": "Point", "coordinates": [121.4855448, 25.06874449]}}, {"type": "Feature", "properties": {"name": "樂活處方箋藥局", "address": "新北市三重區中正北路99號1樓", "phone": "02-29805182", "district": "三重區"}, "geometry": {"type": "Point", "coordinates": [121.4896807, 25.06324576]}}, {"type": "Feature", "properties": {"name": "陽光藥師藥局", "address": "新北市三重區三和路1段182號1樓", "phone": "02-29788120", "district": "三重區"}, "geometry": {"type": "Point", "coordinates": [121.5020384, 25.06615449]}}, {"type": "Feature", "properties": {"name": "飛龍大藥局", "address": "新北市三重區龍濱路163號1樓", "phone": "02-29773733", "district": "三重區"}, "geometry": {"type": "Point", "coordinates": [121.5025767, 25.06967763]}}, {"type": "Feature", "properties": {"name": "榮康藥局", "address": "新北市三重區成功路81號1樓", "phone": "02-29772723", "district": "三重區"}, "geometry": {"type": "Point", "coordinates": [121.4886452, 25.05130572]}}, {"type": "Feature", "properties": {"name": "德榮藥局", "address": "新北市三重區中華路91號１樓", "phone": "02-29717291", "district": "三重區"}, "geometry": {"type": "Point", "coordinates": [121.4836144, 25.06301734]}}, {"type": "Feature", "properties": {"name": "厚德藥局", "address": "新北市三重區大智街175號1樓、177號1樓", "phone": "02-29717277", "district": "三重區"}, "geometry": {"type": "Point", "coordinates": [121.4897726, 25.07264619]}}, {"type": "Feature", "properties": {"name": "大樹三重藥局", "address": "新北市三重區正義北路66號", "phone": "02-29713188", "district": "三重區"}, "geometry": {"type": "Point", "coordinates": [121.4971824, 25.06415198]}}, {"type": "Feature", "properties": {"name": "博愛藥局", "address": "新北市三重區三民街220號1樓", "phone": "02-29711606", "district": "三重區"}, "geometry": {"type": "Point", "coordinates": [121.4802522, 25.06711714]}}, {"type": "Feature", "properties": {"name": "建祥三和藥局", "address": "新北市三重區三和路2段160號1樓", "phone": "02-29703379", "district": "三重區"}, "geometry": {"type": "Point", "coordinates": [121.4992359, 25.06852577]}}, {"type": "Feature", "properties": {"name": "安佑藥局", "address": "新北市板橋區館前西路152-2號", "phone": "02-29698651", "district": "板橋區"}, "geometry": {"type": "Point", "coordinates": [121.4554241, 25.00848814]}}, {"type": "Feature", "properties": {"name": "僑一藥局", "address": "新北市板橋區僑中一街106號1樓", "phone": "02-29696850", "district": "板橋區"}, "geometry": {"type": "Point", "coordinates": [121.4465305, 25.01181711]}}, {"type": "Feature", "properties": {"name": "醫安藥局", "address": "新北市板橋區南雅南路1段11號1樓及2樓", "phone": "02-29692588", "district": "板橋區"}, "geometry": {"type": "Point", "coordinates": [121.4565163, 25.00705795]}}, {"type": "Feature", "properties": {"name": "僑中藥師藥局", "address": "新北市板橋區僑中1街102巷5弄15號1樓", "phone": "02-29692547", "district": "板橋區"}, "geometry": {"type": "Point", "coordinates": [121.4460712, 25.01265179]}}, {"type": "Feature", "properties": {"name": "福澤藥局", "address": "新北市板橋區南雅南路1段85號1樓", "phone": "02-29690013", "district": "板橋區"}, "geometry": {"type": "Point", "coordinates": [121.4556424, 25.00542693]}}, {"type": "Feature", "properties": {"name": "永欣藥師藥局", "address": "新北市板橋區龍興街46號1樓", "phone": "02-29687120", "district": "板橋區"}, "geometry": {"type": "Point", "coordinates": [121.4432565, 25.00093653]}}, {"type": "Feature", "properties": {"name": "合佳藥局", "address": "新北市板橋區龍興街47號1樓", "phone": "02-29683486", "district": "板橋區"}, "geometry": {"type": "Point", "coordinates": [121.4430515, 25.00079382]}}, {"type": "Feature", "properties": {"name": "元賀大藥局", "address": "新北市板橋區館前西路132號1樓", "phone": "02-29680980", "district": "板橋區"}, "geometry": {"type": "Point", "coordinates": [121.4565024, 25.00790479]}}, {"type": "Feature", "properties": {"name": "永富藥局", "address": "新北市板橋區中興路9號", "phone": "02-29675598", "district": "板橋區"}, "geometry": {"type": "Point", "coordinates": [121.4557783, 25.00772786]}}, {"type": "Feature", "properties": {"name": "日生大藥局", "address": "新北市板橋區中正路1巷16弄16號", "phone": "02-29675261", "district": "板橋區"}, "geometry": {"type": "Point", "coordinates": [121.4550599, 25.01209404]}}, {"type": "Feature", "properties": {"name": "常仁藥局", "address": "新北市板橋區中正路1巷4號", "phone": "02-29674999", "district": "板橋區"}, "geometry": {"type": "Point", "coordinates": [121.4555771, 25.01197212]}}, {"type": "Feature", "properties": {"name": "禾田藥局", "address": "新北市板橋區大觀路2段265巷12號1樓", "phone": "02-29659899", "district": "板橋區"}, "geometry": {"type": "Point", "coordinates": [121.4428091, 24.99857995]}}, {"type": "Feature", "properties": {"name": "杏澤藥局", "address": "新北市板橋區國光路55號", "phone": "02-29657959", "district": "板橋區"}, "geometry": {"type": "Point", "coordinates": [121.4584144, 25.01799135]}}, {"type": "Feature", "properties": {"name": "府中藥局", "address": "新北市板橋區府中路110號", "phone": "02-29656731", "district": "板橋區"}, "geometry": {"type": "Point", "coordinates": [121.4557195, 25.00964213]}}, {"type": "Feature", "properties": {"name": "微笑藥局", "address": "新北市板橋區中正路211號", "phone": "02-29655811", "district": "板橋區"}, "geometry": {"type": "Point", "coordinates": [121.4561296, 25.01750268]}}, {"type": "Feature", "properties": {"name": "迦佰麗藥局", "address": "新北市板橋區南雅南路2段11-24號1樓", "phone": "02-29648498", "district": "板橋區"}, "geometry": {"type": "Point", "coordinates": [121.4541316, 25.00210365]}}, {"type": "Feature", "properties": {"name": "品品藥局", "address": "新北市板橋區中山路2段402號1樓", "phone": "02-29647917", "district": "板橋區"}, "geometry": {"type": "Point", "coordinates": [121.4827501, 25.02073435]}}, {"type": "Feature", "properties": {"name": "活泉藥局", "address": "新北市板橋區四川路1段156號1樓、2樓", "phone": "02-29647761", "district": "板橋區"}, "geometry": {"type": "Point", "coordinates": [121.4599, 25.00335598]}}, {"type": "Feature", "properties": {"name": "晴光藥局", "address": "新北市板橋區中山路2段225號2樓", "phone": "02-29646662", "district": "板橋區"}, "geometry": {"type": "Point", "coordinates": [121.4769004, 25.01738387]}}, {"type": "Feature", "properties": {"name": "弘安藥局", "address": "新北市中和區德光路121-1號1樓", "phone": "02-29646489", "district": "中和區"}, "geometry": {"type": "Point", "coordinates": [121.4678991, 25.00300152]}}, {"type": "Feature", "properties": {"name": "躍獅康銓藥局", "address": "新北市中和區莒光路146號1樓", "phone": "02-29646452", "district": "中和區"}, "geometry": {"type": "Point", "coordinates": [121.4724755, 25.00088253]}}, {"type": "Feature", "properties": {"name": "利安中西藥局", "address": "新北市板橋區板新路143號", "phone": "02-29644745", "district": "板橋區"}, "geometry": {"type": "Point", "coordinates": [121.4701718, 25.01544121]}}, {"type": "Feature", "properties": {"name": "國慶藥局", "address": "新北市板橋區國慶路268號1樓", "phone": "02-29641680", "district": "板橋區"}, "geometry": {"type": "Point", "coordinates": [121.4634331, 24.99846407]}}, {"type": "Feature", "properties": {"name": "躍獅國慶藥局", "address": "新北市板橋區國慶路179號1樓", "phone": "02-29641548", "district": "板橋區"}, "geometry": {"type": "Point", "coordinates": [121.4625931, 24.99636336]}}, {"type": "Feature", "properties": {"name": "向康藥局", "address": "新北市板橋區實踐路147號1樓", "phone": "02-29637248", "district": "板橋區"}, "geometry": {"type": "Point", "coordinates": [121.464299, 25.00436936]}}, {"type": "Feature", "properties": {"name": "王林藥局", "address": "新北市板橋區忠孝路24巷15號1樓", "phone": "02-29636775", "district": "板橋區"}, "geometry": {"type": "Point", "coordinates": [121.4601894, 25.00134741]}}, {"type": "Feature", "properties": {"name": "喬治藥局", "address": "新北市板橋區國慶路155號1樓", "phone": "02-29630787", "district": "板橋區"}, "geometry": {"type": "Point", "coordinates": [121.4615835, 24.99616903]}}, {"type": "Feature", "properties": {"name": "賜安藥局", "address": "新北市板橋區信義路60號1樓", "phone": "02-29617483", "district": "板橋區"}, "geometry": {"type": "Point", "coordinates": [121.4570824, 24.99372908]}}, {"type": "Feature", "properties": {"name": "大福藥局", "address": "新北市板橋區三民路1段31巷15號", "phone": "02-29610311", "district": "板橋區"}, "geometry": {"type": "Point", "coordinates": [121.4799772, 25.02326309]}}, {"type": "Feature", "properties": {"name": "宜康藥局", "address": "新北市板橋區龍興街33號1樓", "phone": "02-29603940", "district": "板橋區"}, "geometry": {"type": "Point", "coordinates": [121.4428952, 25.00033326]}}, {"type": "Feature", "properties": {"name": "漢民藥局", "address": "新北市板橋區漢生東路346號1樓", "phone": "02-29598168", "district": "板橋區"}, "geometry": {"type": "Point", "coordinates": [121.4719766, 25.00733894]}}, {"type": "Feature", "properties": {"name": "軒源藥局", "address": "新北市板橋區信義路169號1樓", "phone": "02-29583995", "district": "板橋區"}, "geometry": {"type": "Point", "coordinates": [121.4589296, 24.99215944]}}, {"type": "Feature", "properties": {"name": "立安中西藥局", "address": "新北市板橋區後埔街83號1樓", "phone": "02-29582241", "district": "板橋區"}, "geometry": {"type": "Point", "coordinates": [121.4607228, 25.00523024]}}, {"type": "Feature", "properties": {"name": "湯明藥局", "address": "新北市板橋區中山路2段319號1樓", "phone": "02-29571980", "district": "板橋區"}, "geometry": {"type": "Point", "coordinates": [121.4790076, 25.01866145]}}, {"type": "Feature", "properties": {"name": "大楓藥師藥局", "address": "新北市板橋區懷仁街84號1樓", "phone": "02-29560576", "district": "板橋區"}, "geometry": {"type": "Point", "coordinates": [121.4773558, 25.0181921]}}, {"type": "Feature", "properties": {"name": "板橋大樹藥局", "address": "新北市板橋區忠孝路28號1樓", "phone": "02-29555551", "district": "板橋區"}, "geometry": {"type": "Point", "coordinates": [121.4602553, 25.00177939]}}, {"type": "Feature", "properties": {"name": "福安藥局", "address": "新北市板橋區國泰街76巷24、26號1樓", "phone": "02-29540875", "district": "板橋區"}, "geometry": {"type": "Point", "coordinates": [121.4671999, 25.00705131]}}, {"type": "Feature", "properties": {"name": "信安藥師藥局", "address": "新北市板橋區重慶路308-1號1樓", "phone": "02-29540315", "district": "板橋區"}, "geometry": {"type": "Point", "coordinates": [121.4638578, 24.99809164]}}, {"type": "Feature", "properties": {"name": "德一藥局", "address": "新北市板橋區中山路2段238號1樓", "phone": "02-29535717", "district": "板橋區"}, "geometry": {"type": "Point", "coordinates": [121.4784788, 25.018072]}}, {"type": "Feature", "properties": {"name": "正安健保藥局", "address": "新北市板橋區民族路224號1樓", "phone": "02-29526813", "district": "板橋區"}, "geometry": {"type": "Point", "coordinates": [121.4686755, 25.00733047]}}, {"type": "Feature", "properties": {"name": "信美藥局", "address": "新北市板橋區新民街7巷18號1樓", "phone": "02-29526100", "district": "板橋區"}, "geometry": {"type": "Point", "coordinates": [121.463795, 25.01049513]}}, {"type": "Feature", "properties": {"name": "樺新健保藥局", "address": "新北市板橋區華興街52號1樓", "phone": "02-29525130", "district": "板橋區"}, "geometry": {"type": "Point", "coordinates": [121.4580231, 25.00481212]}}, {"type": "Feature", "properties": {"name": "錦龍藥局", "address": "新北市板橋區長安街138巷1弄114號", "phone": "02-29522290", "district": "板橋區"}, "geometry": {"type": "Point", "coordinates": [121.4742625, 25.01030293]}}, {"type": "Feature", "properties": {"name": "廣和藥師藥局", "address": "新北市板橋區中山路2段150號1樓、2樓、3樓", "phone": "02-29522070", "district": "板橋區"}, "geometry": {"type": "Point", "coordinates": [121.4767064, 25.01697349]}}, {"type": "Feature", "properties": {"name": "民川藥局", "address": "新北市板橋區四川路1段97號1樓", "phone": "02-29520090", "district": "板橋區"}, "geometry": {"type": "Point", "coordinates": [121.4597942, 25.00544409]}}, {"type": "Feature", "properties": {"name": "康匯藥局", "address": "新北市板橋區實踐路201號1樓", "phone": "02-29512610", "district": "板橋區"}, "geometry": {"type": "Point", "coordinates": [121.4645586, 25.00299265]}}, {"type": "Feature", "properties": {"name": "順儷新板藥局", "address": "新北市板橋區漢生東路187號1樓", "phone": "02-29512590", "district": "板橋區"}, "geometry": {"type": "Point", "coordinates": [121.4697898, 25.01181062]}}, {"type": "Feature", "properties": {"name": "美佳大藥局", "address": "新北市中和區景安路185號", "phone": "02-29496560", "district": "中和區"}, "geometry": {"type": "Point", "coordinates": [121.5049582, 24.99307826]}}, {"type": "Feature", "properties": {"name": "敦品民治藥局", "address": "新北市永和區民治街81號1樓", "phone": "02-29494150", "district": "永和區"}, "geometry": {"type": "Point", "coordinates": [121.5175409, 24.99805221]}}, {"type": "Feature", "properties": {"name": "躍獅天晴藥局", "address": "新北市中和區和平街9號1樓", "phone": "02-29491931", "district": "中和區"}, "geometry": {"type": "Point", "coordinates": [121.5095149, 24.99024764]}}, {"type": "Feature", "properties": {"name": "聖康藥師藥局", "address": "新北市中和區自立路39號1樓", "phone": "02-29478002", "district": "中和區"}, "geometry": {"type": "Point", "coordinates": [121.5222143, 24.99526898]}}, {"type": "Feature", "properties": {"name": "永正健康人生藥局", "address": "新北市永和區中正路191號1樓、193號1樓、197號2樓、197號2樓-1", "phone": "02-29467351", "district": "永和區"}, "geometry": {"type": "Point", "coordinates": [121.5169398, 24.99916086]}}, {"type": "Feature", "properties": {"name": "悠悅藥局", "address": "新北市中和區安樂路25號2樓", "phone": "02-29463755", "district": "中和區"}, "geometry": {"type": "Point", "coordinates": [121.5116187, 24.99231263]}}, {"type": "Feature", "properties": {"name": "吉立藥局", "address": "新北市中和區自立路183號1樓", "phone": "02-29400461", "district": "中和區"}, "geometry": {"type": "Point", "coordinates": [121.5235611, 24.99186468]}}, {"type": "Feature", "properties": {"name": "級立健保藥局", "address": "新北市永和區保平路139號1樓", "phone": "02-29299995", "district": "永和區"}, "geometry": {"type": "Point", "coordinates": [121.5102222, 25.00608038]}}, {"type": "Feature", "properties": {"name": "永利藥局", "address": "新北市永和區永利路9、11號1樓", "phone": "02-29291655", "district": "永和區"}, "geometry": {"type": "Point", "coordinates": [121.5176213, 25.00610389]}}, {"type": "Feature", "properties": {"name": "和欣泰藥局", "address": "新北市中和區永貞路223號1樓", "phone": "02-29290867", "district": "中和區"}, "geometry": {"type": "Point", "coordinates": [121.5135571, 25.00359367]}}, {"type": "Feature", "properties": {"name": "廣惠藥局", "address": "新北市永和區中正路649號2樓", "phone": "02-29290675", "district": "永和區"}, "geometry": {"type": "Point", "coordinates": [121.5151592, 25.01006966]}}, {"type": "Feature", "properties": {"name": "富士山藥局", "address": "新北市永和區秀朗路2段118號1樓", "phone": "02-29289383", "district": "永和區"}, "geometry": {"type": "Point", "coordinates": [121.5244137, 25.00152056]}}, {"type": "Feature", "properties": {"name": "康宏安藥局", "address": "新北市永和區保福路2段78號1樓", "phone": "02-29288118", "district": "永和區"}, "geometry": {"type": "Point", "coordinates": [121.5105681, 25.01331039]}}, {"type": "Feature", "properties": {"name": "弘光藥局", "address": "新北市永和區竹林路中興里66巷19號1樓", "phone": "02-29282000", "district": "永和區"}, "geometry": {"type": "Point", "coordinates": [121.5176528, 25.01306362]}}, {"type": "Feature", "properties": {"name": "皇誼藥局", "address": "新北市永和區文化路33號", "phone": "02-29278732", "district": "永和區"}, "geometry": {"type": "Point", "coordinates": [121.514725, 25.01499417]}}, {"type": "Feature", "properties": {"name": "保安藥局", "address": "新北市永和區保安路212號1樓", "phone": "02-29277623", "district": "永和區"}, "geometry": {"type": "Point", "coordinates": [121.5075428, 25.01392887]}}, {"type": "Feature", "properties": {"name": "威成藥局", "address": "新北市永和區中和路429號1樓", "phone": "02-29263191", "district": "永和區"}, "geometry": {"type": "Point", "coordinates": [121.5093928, 25.0009271]}}, {"type": "Feature", "properties": {"name": "偉凱藥局", "address": "新北市永和區永元路6號1樓", "phone": "02-29242595", "district": "永和區"}, "geometry": {"type": "Point", "coordinates": [121.5220239, 25.00006687]}}, {"type": "Feature", "properties": {"name": "太乙大藥局", "address": "新北市中和區中和路418號1樓", "phone": "02-29242169", "district": "中和區"}, "geometry": {"type": "Point", "coordinates": [121.5116784, 25.00313674]}}, {"type": "Feature", "properties": {"name": "永和大樹藥局", "address": "新北市永和區福和路143號1、2樓", "phone": "02-29233377", "district": "永和區"}, "geometry": {"type": "Point", "coordinates": [121.5207363, 25.00765615]}}, {"type": "Feature", "properties": {"name": "九州藥局", "address": "新北市永和區自由街5號1樓", "phone": "02-29226879", "district": "永和區"}, "geometry": {"type": "Point", "coordinates": [121.5150044, 25.00699234]}}, {"type": "Feature", "properties": {"name": "榮總藥局", "address": "新北市永和區信義路15號1樓", "phone": "02-29216596", "district": "永和區"}, "geometry": {"type": "Point", "coordinates": [121.5143525, 25.01200367]}}, {"type": "Feature", "properties": {"name": "緣來藥師藥局", "address": "新北市永和區福和路250、252號1樓", "phone": "02-29211798", "district": "永和區"}, "geometry": {"type": "Point", "coordinates": [121.5184708, 25.00763227]}}, {"type": "Feature", "properties": {"name": "詠悅藥局", "address": "新北市永和區中山路1段174號1樓", "phone": "02-29205760", "district": "永和區"}, "geometry": {"type": "Point", "coordinates": [121.5091485, 25.00908]}}, {"type": "Feature", "properties": {"name": "康宜庭碧潭藥局", "address": "新北市新店區北宜路1段41號1樓", "phone": "02-29186266", "district": "新店區"}, "geometry": {"type": "Point", "coordinates": [121.5383702, 24.95726366]}}, {"type": "Feature", "properties": {"name": "常安藥局", "address": "新北市五股區工商路71號", "phone": "02-22917912", "district": "五股區"}, "geometry": {"type": "Point", "coordinates": [121.4384172, 25.08483107]}}, {"type": "Feature", "properties": {"name": "大河藥局", "address": "新北市新店區三民路140號1樓", "phone": "02-29140910", "district": "新店區"}, "geometry": {"type": "Point", "coordinates": [121.5351308, 24.97501906]}}, {"type": "Feature", "properties": {"name": "東碩藥局", "address": "新北市新店區建國路168號1樓", "phone": "02-29118281", "district": "新店區"}, "geometry": {"type": "Point", "coordinates": [121.5384084, 24.97965429]}}, {"type": "Feature", "properties": {"name": "新店家安藥局", "address": "新北市新店區三民路32-1號2樓", "phone": "02-29117207", "district": "新店區"}, "geometry": {"type": "Point", "coordinates": [121.5367568, 24.97127101]}}, {"type": "Feature", "properties": {"name": "瑞安健保藥局", "address": "新北市新店區中正路142號1樓", "phone": "02-29105252", "district": "新店區"}, "geometry": {"type": "Point", "coordinates": [121.5418843, 24.97155916]}}, {"type": "Feature", "properties": {"name": "徐匯藥局", "address": "新北市三重區仁愛街755號1樓", "phone": "02-28572234", "district": "三重區"}, "geometry": {"type": "Point", "coordinates": [121.4812299, 25.08034446]}}, {"type": "Feature", "properties": {"name": "康泉藥師藥局", "address": "新北市蘆洲區集賢路224巷2號1樓", "phone": "02-28476990", "district": "蘆洲區"}, "geometry": {"type": "Point", "coordinates": [121.4823236, 25.08677656]}}, {"type": "Feature", "properties": {"name": "躍獅竹圍藥局", "address": "新北市淡水區民生路46號", "phone": "02-28090565", "district": "淡水區"}, "geometry": {"type": "Point", "coordinates": [121.4617344, 25.13780748]}}, {"type": "Feature", "properties": {"name": "淡海藥師藥局", "address": "新北市淡水區淡海路85號", "phone": "02-28052668", "district": "淡水區"}, "geometry": {"type": "Point", "coordinates": [121.4229641, 25.18144297]}}, {"type": "Feature", "properties": {"name": "民侑藥局", "address": "新北市板橋區大觀路2段37巷310號", "phone": "02-22755938", "district": "板橋區"}, "geometry": {"type": "Point", "coordinates": [121.4499849, 25.002214]}}, {"type": "Feature", "properties": {"name": "好醫生活藥局", "address": "新北市汐止區明峰街179-1號1樓", "phone": "02-26958811", "district": "汐止區"}, "geometry": {"type": "Point", "coordinates": [121.6286297, 25.07012338]}}, {"type": "Feature", "properties": {"name": "快樂藥局汐止店", "address": "新北市汐止區福德二路215號1樓", "phone": "02-26931390", "district": "汐止區"}, "geometry": {"type": "Point", "coordinates": [121.6279351, 25.06455665]}}, {"type": "Feature", "properties": {"name": "汐興藥局", "address": "新北市汐止區中興路113號1樓", "phone": "02-26927733", "district": "汐止區"}, "geometry": {"type": "Point", "coordinates": [121.6320299, 25.06494383]}}, {"type": "Feature", "properties": {"name": "長頸鹿藥局", "address": "新北市汐止區新台五路1段178號1樓", "phone": "02-26917810", "district": "汐止區"}, "geometry": {"type": "Point", "coordinates": [121.6547913, 25.06255603]}}, {"type": "Feature", "properties": {"name": "青山藥局", "address": "新北市汐止區莊敬街127號1樓", "phone": "02-26907959", "district": "汐止區"}, "geometry": {"type": "Point", "coordinates": [121.654778, 25.06082997]}}, {"type": "Feature", "properties": {"name": "蒲公英藥局", "address": "新北市汐止區連興街126號1樓", "phone": "02-26907770", "district": "汐止區"}, "geometry": {"type": "Point", "coordinates": [121.6537977, 25.06187892]}}, {"type": "Feature", "properties": {"name": "保安健保藥局", "address": "新北市樹林區保安街2段211號1樓", "phone": "02-26898179", "district": "樹林區"}, "geometry": {"type": "Point", "coordinates": [121.4132932, 25.00399233]}}, {"type": "Feature", "properties": {"name": "生光堂藥局", "address": "新北市樹林區龍興街36號1樓", "phone": "02-26896504", "district": "樹林區"}, "geometry": {"type": "Point", "coordinates": [121.4029546, 25.01576827]}}, {"type": "Feature", "properties": {"name": "仁一藥局", "address": "新北市樹林區中正路622號", "phone": "02-26893915", "district": "樹林區"}, "geometry": {"type": "Point", "coordinates": [121.4102512, 25.01599861]}}, {"type": "Feature", "properties": {"name": "澤安藥師藥局", "address": "新北市樹林區保安二街26號1樓", "phone": "02-26872764", "district": "樹林區"}, "geometry": {"type": "Point", "coordinates": [121.4247447, 24.99464854]}}, {"type": "Feature", "properties": {"name": "溪崑藥局", "address": "新北市板橋區溪崑二街97號2樓", "phone": "02-26872464", "district": "板橋區"}, "geometry": {"type": "Point", "coordinates": [121.4269893, 24.9891552]}}, {"type": "Feature", "properties": {"name": "誠新大藥局", "address": "新北市樹林區中山路1段24號1樓", "phone": "02-26870204", "district": "樹林區"}, "geometry": {"type": "Point", "coordinates": [121.4248652, 24.99297908]}}, {"type": "Feature", "properties": {"name": "振昌藥局", "address": "新北市板橋區溪崑二街14號1樓", "phone": "02-26862119", "district": "板橋區"}, "geometry": {"type": "Point", "coordinates": [121.4288211, 24.99175368]}}, {"type": "Feature", "properties": {"name": "旭全藥局", "address": "新北市板橋區金門街331號", "phone": "02-26860526", "district": "板橋區"}, "geometry": {"type": "Point", "coordinates": [121.4294313, 24.98581712]}}, {"type": "Feature", "properties": {"name": "祥聖藥局", "address": "新北市板橋區溪崑2街112巷35弄1號", "phone": "02-26835677", "district": "板橋區"}, "geometry": {"type": "Point", "coordinates": [121.42532, 24.98921253]}}, {"type": "Feature", "properties": {"name": "瑪諾藥局", "address": "新北市樹林區復興路20號", "phone": "02-26830108", "district": "樹林區"}, "geometry": {"type": "Point", "coordinates": [121.4225462, 24.99462555]}}, {"type": "Feature", "properties": {"name": "樹林藥師藥局", "address": "新北市樹林區鎮前街24號1樓", "phone": "02-26823030", "district": "樹林區"}, "geometry": {"type": "Point", "coordinates": [121.426047, 24.99314897]}}, {"type": "Feature", "properties": {"name": "信和藥局", "address": "新北市樹林區博愛街178號2樓", "phone": "02-26821991", "district": "樹林區"}, "geometry": {"type": "Point", "coordinates": [121.425701, 24.99061188]}}, {"type": "Feature", "properties": {"name": "樹新藥局", "address": "新北市樹林區樹新路30-3號1樓", "phone": "02-26821080", "district": "樹林區"}, "geometry": {"type": "Point", "coordinates": [121.4271037, 24.99446536]}}, {"type": "Feature", "properties": {"name": "活水藥局", "address": "新北市樹林區鎮前街21號1樓", "phone": "02-26818928", "district": "樹林區"}, "geometry": {"type": "Point", "coordinates": [121.425872, 24.99254985]}}, {"type": "Feature", "properties": {"name": "又怡藥師藥局", "address": "新北市樹林區中山路1段76巷2號1樓", "phone": "02-26816886", "district": "樹林區"}, "geometry": {"type": "Point", "coordinates": [121.4231765, 24.99178058]}}, {"type": "Feature", "properties": {"name": "合康藥局", "address": "新北市樹林區中山路1段151號-1", "phone": "02-26816559", "district": "樹林區"}, "geometry": {"type": "Point", "coordinates": [121.4221177, 24.9890791]}}, {"type": "Feature", "properties": {"name": "樹林大樹藥局", "address": "新北市樹林區育英街54號1-2樓", "phone": "02-26815488", "district": "樹林區"}, "geometry": {"type": "Point", "coordinates": [121.4213035, 24.98928267]}}, {"type": "Feature", "properties": {"name": "健康人生藥局", "address": "新北市樹林區博愛一街26號1樓", "phone": "02-26814394", "district": "樹林區"}, "geometry": {"type": "Point", "coordinates": [121.4255552, 24.99091324]}}, {"type": "Feature", "properties": {"name": "育生藥局", "address": "新北市樹林區保安街1段192號1樓", "phone": "02-26814385", "district": "樹林區"}, "geometry": {"type": "Point", "coordinates": [121.42163, 24.99585445]}}, {"type": "Feature", "properties": {"name": "三樹食在好藥局", "address": "新北市樹林區學成路600號1樓", "phone": "02-26807101", "district": "樹林區"}, "geometry": {"type": "Point", "coordinates": [121.3818152, 24.94583895]}}, {"type": "Feature", "properties": {"name": "祐心藥局", "address": "新北市樹林區學府路362號1樓", "phone": "02-26803205", "district": "樹林區"}, "geometry": {"type": "Point", "coordinates": [121.3796821, 24.95028053]}}, {"type": "Feature", "properties": {"name": "純安大藥局", "address": "新北市鶯歌區國慶街179號1樓", "phone": "02-26791791", "district": "鶯歌區"}, "geometry": {"type": "Point", "coordinates": [121.3514394, 24.95270375]}}, {"type": "Feature", "properties": {"name": "小樹藥師藥局", "address": "新北市鶯歌區光明街126號1樓", "phone": "02-26785107", "district": "鶯歌區"}, "geometry": {"type": "Point", "coordinates": [121.3454507, 24.95591641]}}, {"type": "Feature", "properties": {"name": "祐康藥局", "address": "新北市鶯歌區建國路36號", "phone": "02-26771223", "district": "鶯歌區"}, "geometry": {"type": "Point", "coordinates": [121.3559865, 24.95595728]}}, {"type": "Feature", "properties": {"name": "立欣藥局", "address": "新北市樹林區三福街166號", "phone": "02-26764728", "district": "樹林區"}, "geometry": {"type": "Point", "coordinates": [121.404718, 25.01618939]}}, {"type": "Feature", "properties": {"name": "浮洲藥局", "address": "新北市板橋區大觀路3段219巷8號1樓", "phone": "02-26758610", "district": "板橋區"}, "geometry": {"type": "Point", "coordinates": [121.4315855, 24.99268087]}}, {"type": "Feature", "properties": {"name": "家碩藥局", "address": "新北市板橋區金門街300號", "phone": "02-26755715", "district": "板橋區"}, "geometry": {"type": "Point", "coordinates": [121.4288912, 24.98538748]}}, {"type": "Feature", "properties": {"name": "大家好藥粧藥局", "address": "新北市三峽區大德路127號1樓", "phone": "02-26747022", "district": "三峽區"}, "geometry": {"type": "Point", "coordinates": [121.3758705, 24.94452425]}}, {"type": "Feature", "properties": {"name": "誠祐藥局", "address": "新北市三峽區光明路22號1樓", "phone": "02-26746211", "district": "三峽區"}, "geometry": {"type": "Point", "coordinates": [121.3733799, 24.93084025]}}, {"type": "Feature", "properties": {"name": "北大藥局", "address": "新北市三峽區大義路9號1、2樓", "phone": "02-26738535", "district": "三峽區"}, "geometry": {"type": "Point", "coordinates": [121.3787919, 24.9437239]}}, {"type": "Feature", "properties": {"name": "祥祐藥局", "address": "新北市三峽區文化路125號1樓", "phone": "02-26738080", "district": "三峽區"}, "geometry": {"type": "Point", "coordinates": [121.3699252, 24.93598448]}}, {"type": "Feature", "properties": {"name": "如音藥局", "address": "新北市三峽區文化路266-1號1樓", "phone": "02-26732119", "district": "三峽區"}, "geometry": {"type": "Point", "coordinates": [121.3661271, 24.93585663]}}, {"type": "Feature", "properties": {"name": "兆康藥局", "address": "新北市三峽區中華路22號1樓", "phone": "02-26717977", "district": "三峽區"}, "geometry": {"type": "Point", "coordinates": [121.3741805, 24.93265275]}}, {"type": "Feature", "properties": {"name": "汐止立欣藥局", "address": "新北市汐止區汐萬路2段249號1樓", "phone": "02-26464546", "district": "汐止區"}, "geometry": {"type": "Point", "coordinates": [121.6464075, 25.08835263]}}, {"type": "Feature", "properties": {"name": "翔云大藥局", "address": "新北市汐止區祥雲街2號-1(1樓)", "phone": "02-26463119", "district": "汐止區"}, "geometry": {"type": "Point", "coordinates": [121.6457956, 25.08955576]}}, {"type": "Feature", "properties": {"name": "杏恩健保藥局", "address": "新北市汐止區仁愛路189號", "phone": "02-26435728", "district": "汐止區"}, "geometry": {"type": "Point", "coordinates": [121.6643791, 25.06553393]}}, {"type": "Feature", "properties": {"name": "杏光藥局", "address": "新北市汐止區建成路59巷19號1樓", "phone": "02-26411340", "district": "汐止區"}, "geometry": {"type": "Point", "coordinates": [121.6616657, 25.07287237]}}, {"type": "Feature", "properties": {"name": "富康輝藥局", "address": "新北市三芝區中正路1段86.88號1樓", "phone": "02-26363836", "district": "三芝區"}, "geometry": {"type": "Point", "coordinates": [121.5043269, 25.2572061]}}, {"type": "Feature", "properties": {"name": "四季寶健保藥局", "address": "新北市淡水區新市一路3段117-1號(含夾層)", "phone": "02-26283199", "district": "淡水區"}, "geometry": {"type": "Point", "coordinates": [121.446784, 25.18314328]}}, {"type": "Feature", "properties": {"name": "池慶藥局", "address": "新北市淡水區中山北路2段176號1樓", "phone": "02-26238852", "district": "淡水區"}, "geometry": {"type": "Point", "coordinates": [121.4444943, 25.18470831]}}, {"type": "Feature", "properties": {"name": "聖天藥局", "address": "新北市淡水區重建街218號", "phone": "02-26215677", "district": "淡水區"}, "geometry": {"type": "Point", "coordinates": [121.4413063, 25.17480242]}}, {"type": "Feature", "properties": {"name": "杏家藥局", "address": "新北市八里區中華路2段256號1樓", "phone": "02-26105369", "district": "八里區"}, "geometry": {"type": "Point", "coordinates": [121.4053205, 25.14971251]}}, {"type": "Feature", "properties": {"name": "信豐藥局", "address": "新北市土城區農豐街12號", "phone": "02-22609764", "district": "土城區"}, "geometry": {"type": "Point", "coordinates": [121.442456, 24.97386808]}}, {"type": "Feature", "properties": {"name": "林口啄木鳥藥局", "address": "新北市林口區仁愛路2段80號", "phone": "02-26027547", "district": "林口區"}, "geometry": {"type": "Point", "coordinates": [121.3840786, 25.07551519]}}, {"type": "Feature", "properties": {"name": "康旭藥局", "address": "新北市林口區麗園一街6巷9號1樓-3", "phone": "02-26007807", "district": "林口區"}, "geometry": {"type": "Point", "coordinates": [121.3751693, 25.07135589]}}, {"type": "Feature", "properties": {"name": "宏達大藥局", "address": "新北市板橋區莒光路17號", "phone": "02-22528993", "district": "板橋區"}, "geometry": {"type": "Point", "coordinates": [121.4699769, 25.02478014]}}, {"type": "Feature", "properties": {"name": "安泰藥局", "address": "新北市汐止區連興街114號1樓", "phone": "02-25158069", "district": "汐止區"}, "geometry": {"type": "Point", "coordinates": [121.6536883, 25.06284106]}}, {"type": "Feature", "properties": {"name": "瑞中藥局", "address": "新北市瑞芳區明燈路3段5-1號1樓", "phone": "02-24977879", "district": "瑞芳區"}, "geometry": {"type": "Point", "coordinates": [121.8088461, 25.10742736]}}, {"type": "Feature", "properties": {"name": "宏和藥局", "address": "新北市瑞芳區三爪子坑路123號", "phone": "02-24973126", "district": "瑞芳區"}, "geometry": {"type": "Point", "coordinates": [121.8104333, 25.10695742]}}, {"type": "Feature", "properties": {"name": "瑞光藥局", "address": "新北市瑞芳區明燈路3段70號1樓", "phone": "02-24972070", "district": "瑞芳區"}, "geometry": {"type": "Point", "coordinates": [121.8065653, 25.10813543]}}, {"type": "Feature", "properties": {"name": "永展藥局", "address": "新北市瑞芳區民權街6巷1-1號1樓", "phone": "02-24960500", "district": "瑞芳區"}, "geometry": {"type": "Point", "coordinates": [121.8077255, 25.1065781]}}, {"type": "Feature", "properties": {"name": "慈光藥局", "address": "新北市中和區南山路117號", "phone": "02-22493382", "district": "中和區"}, "geometry": {"type": "Point", "coordinates": [121.5021114, 24.99736473]}}, {"type": "Feature", "properties": {"name": "宜生藥局", "address": "新北市中和區莊敬路33巷3弄2號", "phone": "02-22490159", "district": "中和區"}, "geometry": {"type": "Point", "coordinates": [121.4999545, 25.00623289]}}, {"type": "Feature", "properties": {"name": "上仁藥局", "address": "新北市中和區中山路2段131巷11-1號", "phone": "02-22480074", "district": "中和區"}, "geometry": {"type": "Point", "coordinates": [121.5028619, 25.00239613]}}, {"type": "Feature", "properties": {"name": "健星藥局", "address": "新北市中和區景平路754號", "phone": "02-22403437", "district": "中和區"}, "geometry": {"type": "Point", "coordinates": [121.4965087, 25.00456509]}}, {"type": "Feature", "properties": {"name": "苗園健保特約藥局", "address": "新北市泰山區全興路161號1樓", "phone": "02-22970736", "district": "泰山區"}, "geometry": {"type": "Point", "coordinates": [121.4341617, 25.05619429]}}, {"type": "Feature", "properties": {"name": "知達健保藥局", "address": "新北市蘆洲區長榮路502號1樓", "phone": "02-22897753", "district": "蘆洲區"}, "geometry": {"type": "Point", "coordinates": [121.4596386, 25.08972846]}}, {"type": "Feature", "properties": {"name": "中美永結藥局", "address": "新北市蘆洲區長安街185號1樓", "phone": "02-22887676", "district": "蘆洲區"}, "geometry": {"type": "Point", "coordinates": [121.4605211, 25.08169378]}}, {"type": "Feature", "properties": {"name": "微笑杏鄰藥局", "address": "新北市蘆洲區中正路15號1樓", "phone": "02-22887076", "district": "蘆洲區"}, "geometry": {"type": "Point", "coordinates": [121.4713801, 25.08189458]}}, {"type": "Feature", "properties": {"name": "信義萊康藥局", "address": "新北市蘆洲區信義路260號1樓", "phone": "02-22885256", "district": "蘆洲區"}, "geometry": {"type": "Point", "coordinates": [121.4782835, 25.08678498]}}, {"type": "Feature", "properties": {"name": "永恩健康藥局", "address": "新北市蘆洲區民族路414號1樓", "phone": "02-22880379", "district": "蘆洲區"}, "geometry": {"type": "Point", "coordinates": [121.4743929, 25.09164546]}}, {"type": "Feature", "properties": {"name": "忠民藥局", "address": "新北市三重區車路頭街162號1樓", "phone": "02-22868489", "district": "三重區"}, "geometry": {"type": "Point", "coordinates": [121.4838027, 25.07641592]}}, {"type": "Feature", "properties": {"name": "力行德榮藥局", "address": "新北市三重區力行路2段170號1樓", "phone": "02-22867170", "district": "三重區"}, "geometry": {"type": "Point", "coordinates": [121.4830339, 25.07698813]}}, {"type": "Feature", "properties": {"name": "慶明藥局", "address": "新北市蘆洲區中山二路46巷4號2樓", "phone": "02-22855740", "district": "蘆洲區"}, "geometry": {"type": "Point", "coordinates": [121.4745332, 25.08220422]}}, {"type": "Feature", "properties": {"name": "廷升藥局", "address": "新北市蘆洲區中正路122號1樓", "phone": "02-22827670", "district": "蘆洲區"}, "geometry": {"type": "Point", "coordinates": [121.4694285, 25.0848487]}}, {"type": "Feature", "properties": {"name": "愛佳健保藥局", "address": "新北市蘆洲區長榮路96號1樓", "phone": "02-22825835", "district": "蘆洲區"}, "geometry": {"type": "Point", "coordinates": [121.4621868, 25.08389394]}}, {"type": "Feature", "properties": {"name": "隆生藥局", "address": "新北市蘆洲區民族路52號1樓", "phone": "02-22814653", "district": "蘆洲區"}, "geometry": {"type": "Point", "coordinates": [121.477004, 25.08447429]}}, {"type": "Feature", "properties": {"name": "全家藥粧藥局", "address": "新北市蘆洲區光華路6號1樓", "phone": "02-22811215", "district": "蘆洲區"}, "geometry": {"type": "Point", "coordinates": [121.4698305, 25.08362243]}}, {"type": "Feature", "properties": {"name": "慈惠藥局", "address": "新北市三重區仁愛街516號1樓及2樓", "phone": "02-22809009", "district": "三重區"}, "geometry": {"type": "Point", "coordinates": [121.4870841, 25.08201135]}}, {"type": "Feature", "properties": {"name": "聯合藥局", "address": "新北市新莊區新泰路194號2樓", "phone": "02-22796464", "district": "新莊區"}, "geometry": {"type": "Point", "coordinates": [121.4472472, 25.0382868]}}, {"type": "Feature", "properties": {"name": "正康健保藥局", "address": "新北市板橋區大觀路2段65號1樓", "phone": "02-22756681", "district": "板橋區"}, "geometry": {"type": "Point", "coordinates": [121.4466733, 25.00246533]}}, {"type": "Feature", "properties": {"name": "活力藥局", "address": "新北市土城區學府路1段158號1樓", "phone": "02-22748877", "district": "土城區"}, "geometry": {"type": "Point", "coordinates": [121.454328, 24.98685674]}}, {"type": "Feature", "properties": {"name": "舒民藥局", "address": "新北市土城區明德路1段35號2樓", "phone": "02-22748654", "district": "土城區"}, "geometry": {"type": "Point", "coordinates": [121.4652831, 24.98538286]}}, {"type": "Feature", "properties": {"name": "大康藥局", "address": "新北市土城區學府路1段72號2樓", "phone": "02-22738004", "district": "土城區"}, "geometry": {"type": "Point", "coordinates": [121.456644, 24.9882924]}}, {"type": "Feature", "properties": {"name": "景好藥師藥局", "address": "新北市板橋區國光路182號1樓", "phone": "02-22724728", "district": "板橋區"}, "geometry": {"type": "Point", "coordinates": [121.4608694, 25.01832654]}}, {"type": "Feature", "properties": {"name": "民亨藥局", "address": "新北市土城區學成路172號", "phone": "02-22701485", "district": "土城區"}, "geometry": {"type": "Point", "coordinates": [121.4479175, 24.98898405]}}, {"type": "Feature", "properties": {"name": "貓頭鷹藥妝藥局", "address": "新北市土城區中央路3段88號、90號1樓", "phone": "02-22695659", "district": "土城區"}, "geometry": {"type": "Point", "coordinates": [121.4360876, 24.96702138]}}, {"type": "Feature", "properties": {"name": "家庭藥師連鎖藥局", "address": "新北市土城區裕生路23號1樓", "phone": "02-22663601", "district": "土城區"}, "geometry": {"type": "Point", "coordinates": [121.4482332, 24.98725915]}}, {"type": "Feature", "properties": {"name": "德隆藥局", "address": "新北市土城區裕民路153號1樓", "phone": "02-22656056", "district": "土城區"}, "geometry": {"type": "Point", "coordinates": [121.4522298, 24.98595271]}}, {"type": "Feature", "properties": {"name": "育佳藥局", "address": "新北市土城區金城路2段242巷7號1樓", "phone": "02-22645692", "district": "土城區"}, "geometry": {"type": "Point", "coordinates": [121.457412, 24.98302629]}}, {"type": "Feature", "properties": {"name": "廣昇健保藥師藥局", "address": "新北市土城區明德路1段53號", "phone": "02-22638300", "district": "土城區"}, "geometry": {"type": "Point", "coordinates": [121.4652874, 24.98476351]}}, {"type": "Feature", "properties": {"name": "健群藥局", "address": "新北市土城區裕民路80號2樓", "phone": "02-22634747", "district": "土城區"}, "geometry": {"type": "Point", "coordinates": [121.4498882, 24.98721325]}}, {"type": "Feature", "properties": {"name": "埔銓藥局", "address": "新北市土城區裕民路164號1樓", "phone": "02-22630230", "district": "土城區"}, "geometry": {"type": "Point", "coordinates": [121.4522218, 24.98568584]}}, {"type": "Feature", "properties": {"name": "吉城大藥局", "address": "新北市土城區學府路1段205號1樓", "phone": "02-22626870", "district": "土城區"}, "geometry": {"type": "Point", "coordinates": [121.4517602, 24.98458921]}}, {"type": "Feature", "properties": {"name": "美康藥妝藥局", "address": "新北市土城區延吉街254號1樓", "phone": "02-22616868", "district": "土城區"}, "geometry": {"type": "Point", "coordinates": [121.4663514, 24.98464653]}}, {"type": "Feature", "properties": {"name": "國安健保藥局", "address": "新北市土城區延和路109號1樓", "phone": "02-22614933", "district": "土城區"}, "geometry": {"type": "Point", "coordinates": [121.4677721, 24.99032786]}}, {"type": "Feature", "properties": {"name": "正吉藥局", "address": "新北市板橋區莊敬路241號1樓", "phone": "02-22595183", "district": "板橋區"}, "geometry": {"type": "Point", "coordinates": [121.4730155, 25.0215381]}}, {"type": "Feature", "properties": {"name": "新進發大藥局", "address": "新北市板橋區大同街24號1樓", "phone": "02-22593926", "district": "板橋區"}, "geometry": {"type": "Point", "coordinates": [121.4777947, 25.02707318]}}, {"type": "Feature", "properties": {"name": "廣信健保藥局", "address": "新北市板橋區四維路304號1樓", "phone": "02-22592918", "district": "板橋區"}, "geometry": {"type": "Point", "coordinates": [121.4626688, 25.02965368]}}, {"type": "Feature", "properties": {"name": "正陽藥局", "address": "新北市板橋區雙十路2段116號1樓", "phone": "02-22592667", "district": "板橋區"}, "geometry": {"type": "Point", "coordinates": [121.4742539, 25.02874127]}}, {"type": "Feature", "properties": {"name": "濟安堂藥局", "address": "新北市板橋區民治街117號1樓", "phone": "02-22587973", "district": "板橋區"}, "geometry": {"type": "Point", "coordinates": [121.4783574, 25.03105469]}}, {"type": "Feature", "properties": {"name": "上嘉藥局", "address": "新北市板橋區四維路296號1樓", "phone": "02-22582278", "district": "板橋區"}, "geometry": {"type": "Point", "coordinates": [121.4628224, 25.02935939]}}, {"type": "Feature", "properties": {"name": "廣安健保藥師藥局", "address": "新北市板橋區四維路355號1樓", "phone": "02-22580963", "district": "板橋區"}, "geometry": {"type": "Point", "coordinates": [121.4621917, 25.03008823]}}, {"type": "Feature", "properties": {"name": "京躍藥局", "address": "新北市板橋區新海路86號1樓", "phone": "02-22580669", "district": "板橋區"}, "geometry": {"type": "Point", "coordinates": [121.4617394, 25.02205203]}}, {"type": "Feature", "properties": {"name": "莊敬健康人生藥局", "address": "新北市板橋區莊敬路87號1樓", "phone": "02-22570028", "district": "板橋區"}, "geometry": {"type": "Point", "coordinates": [121.4728298, 25.02645089]}}, {"type": "Feature", "properties": {"name": "躍獅莒光藥局", "address": "新北市板橋區莒光路58號1樓", "phone": "02-22556743", "district": "板橋區"}, "geometry": {"type": "Point", "coordinates": [121.4709002, 25.02420871]}}, {"type": "Feature", "properties": {"name": "廣欣藥師藥局", "address": "新北市板橋區雙十路3段52號1樓", "phone": "02-22540613", "district": "板橋區"}, "geometry": {"type": "Point", "coordinates": [121.4709839, 25.03142713]}}, {"type": "Feature", "properties": {"name": "詠濟藥局", "address": "新北市板橋區幸福路23號", "phone": "02-22536951", "district": "板橋區"}, "geometry": {"type": "Point", "coordinates": [121.4618321, 25.02022592]}}, {"type": "Feature", "properties": {"name": "廣明藥局", "address": "新北市板橋區莒光路93號1樓", "phone": "02-22536325", "district": "板橋區"}, "geometry": {"type": "Point", "coordinates": [121.4723108, 25.02408056]}}, {"type": "Feature", "properties": {"name": "裕苠藥局", "address": "新北市板橋區裕民街6號", "phone": "02-22535227", "district": "板橋區"}, "geometry": {"type": "Point", "coordinates": [121.4623711, 25.02921405]}}, {"type": "Feature", "properties": {"name": "金弘藥局", "address": "新北市板橋區莒光路29號1樓", "phone": "02-22531918", "district": "板橋區"}, "geometry": {"type": "Point", "coordinates": [121.4702412, 25.02464554]}}, {"type": "Feature", "properties": {"name": "幸福健保藥局", "address": "新北市板橋區四維路106號1樓", "phone": "02-22530009", "district": "板橋區"}, "geometry": {"type": "Point", "coordinates": [121.4656732, 25.0245729]}}, {"type": "Feature", "properties": {"name": "鶯歌宏達藥局", "address": "新北市鶯歌區國慶街138號1樓", "phone": "02-22528993", "district": "鶯歌區"}, "geometry": {"type": "Point", "coordinates": [121.350806, 24.95346713]}}, {"type": "Feature", "properties": {"name": "必生好藥局", "address": "新北市板橋區松柏街67號1樓", "phone": "02-22511057", "district": "板橋區"}, "geometry": {"type": "Point", "coordinates": [121.47631, 25.03065389]}}, {"type": "Feature", "properties": {"name": "嘉恩健保藥局", "address": "新北市板橋區陽明街40號2樓", "phone": "02-22509566", "district": "板橋區"}, "geometry": {"type": "Point", "coordinates": [121.4658933, 25.02197223]}}, {"type": "Feature", "properties": {"name": "佳聯藥局", "address": "新北市板橋區陽明街297號1樓", "phone": "02-22506255", "district": "板橋區"}, "geometry": {"type": "Point", "coordinates": [121.4617341, 25.02658121]}}, {"type": "Feature", "properties": {"name": "晴天藥局", "address": "新北市板橋區文化路1段116號2樓", "phone": "02-22506165", "district": "板橋區"}, "geometry": {"type": "Point", "coordinates": [121.4617595, 25.01495331]}}, {"type": "Feature", "properties": {"name": "力安藥局", "address": "新北市板橋區莒光路196巷8號1樓", "phone": "02-22503349", "district": "板橋區"}, "geometry": {"type": "Point", "coordinates": [121.4737686, 25.02254872]}}, {"type": "Feature", "properties": {"name": "新海藥局", "address": "新北市板橋區新海路122號1、2樓", "phone": "02-22500190", "district": "板橋區"}, "geometry": {"type": "Point", "coordinates": [121.4611947, 25.02291843]}}, {"type": "Feature", "properties": {"name": "一安藥妝藥局", "address": "新北市中和區中和路9號1、2樓", "phone": "02-22483778", "district": "中和區"}, "geometry": {"type": "Point", "coordinates": [121.4997629, 25.00221499]}}, {"type": "Feature", "properties": {"name": "威宏藥局", "address": "新北市中和區復興路262號", "phone": "02-22458558", "district": "中和區"}, "geometry": {"type": "Point", "coordinates": [121.5035319, 24.99037876]}}, {"type": "Feature", "properties": {"name": "冠品藥師藥局", "address": "新北市中和區連城路119號1樓", "phone": "02-22452129", "district": "中和區"}, "geometry": {"type": "Point", "coordinates": [121.4962847, 24.9993023]}}, {"type": "Feature", "properties": {"name": "九崧藥局", "address": "新北市中和區南華路20號1樓", "phone": "02-22451379", "district": "中和區"}, "geometry": {"type": "Point", "coordinates": [121.5029751, 24.99576616]}}, {"type": "Feature", "properties": {"name": "安和藥師藥局", "address": "新北市中和區錦和路410號1樓", "phone": "02-22433708", "district": "中和區"}, "geometry": {"type": "Point", "coordinates": [121.4909479, 24.98959812]}}, {"type": "Feature", "properties": {"name": "維康藥局雙和店", "address": "新北市中和區圓通路252號1樓", "phone": "02-22431962", "district": "中和區"}, "geometry": {"type": "Point", "coordinates": [121.4938367, 24.99130428]}}, {"type": "Feature", "properties": {"name": "澄品藥局", "address": "新北市永和區永利路96號1樓", "phone": "02-22329871", "district": "永和區"}, "geometry": {"type": "Point", "coordinates": [121.5209386, 25.00358985]}}, {"type": "Feature", "properties": {"name": "永奕藥局", "address": "新北市永和區永平路286-1號1樓", "phone": "02-22327709", "district": "永和區"}, "geometry": {"type": "Point", "coordinates": [121.5077274, 25.01205599]}}, {"type": "Feature", "properties": {"name": "欣安大藥局", "address": "新北市永和區福和路221號1樓", "phone": "02-22326685", "district": "永和區"}, "geometry": {"type": "Point", "coordinates": [121.5188933, 25.00746728]}}, {"type": "Feature", "properties": {"name": "悅美保健藥局", "address": "新北市永和區保生路22巷21號1樓", "phone": "02-22323515", "district": "永和區"}, "geometry": {"type": "Point", "coordinates": [121.5072924, 25.00838885]}}, {"type": "Feature", "properties": {"name": "星韻藥局", "address": "新北市永和區福和路88號", "phone": "02-22319592", "district": "永和區"}, "geometry": {"type": "Point", "coordinates": [121.522596, 25.00808122]}}, {"type": "Feature", "properties": {"name": "台化藥局", "address": "新北市永和區勵行街119號1樓", "phone": "02-22318686", "district": "永和區"}, "geometry": {"type": "Point", "coordinates": [121.5175178, 25.01199985]}}, {"type": "Feature", "properties": {"name": "鳳軒藥局", "address": "新北市永和區得和路239號1樓", "phone": "02-22315937", "district": "永和區"}, "geometry": {"type": "Point", "coordinates": [121.5203441, 25.00016711]}}, {"type": "Feature", "properties": {"name": "榮記大藥局", "address": "新北市中和區員山路482號1樓", "phone": "02-22239546", "district": "中和區"}, "geometry": {"type": "Point", "coordinates": [121.4798687, 25.0068294]}}, {"type": "Feature", "properties": {"name": "健暉藥局", "address": "新北市中和區連城路487號1樓", "phone": "02-22231437", "district": "中和區"}, "geometry": {"type": "Point", "coordinates": [121.4828903, 24.99552372]}}, {"type": "Feature", "properties": {"name": "耕莘健康人生藥局", "address": "新北市新店區民族路186號1樓", "phone": "02-22194743", "district": "新店區"}, "geometry": {"type": "Point", "coordinates": [121.53688, 24.97621068]}}, {"type": "Feature", "properties": {"name": "旭豐藥局", "address": "新北市中和區民享街４１號", "phone": "02-22215393", "district": "中和區"}, "geometry": {"type": "Point", "coordinates": [121.4740986, 25.00297521]}}, {"type": "Feature", "properties": {"name": "庭安藥局", "address": "新北市新莊區西盛街172號1樓", "phone": "02-22080528", "district": "新莊區"}, "geometry": {"type": "Point", "coordinates": [121.4280942, 25.01901177]}}, {"type": "Feature", "properties": {"name": "豐年藥局", "address": "新北市新莊區中正路377巷16號", "phone": "02-20711823", "district": "新莊區"}, "geometry": {"type": "Point", "coordinates": [121.4462318, 25.03395311]}}, {"type": "Feature", "properties": {"name": "蘋果藥局", "address": "新北市新莊區八德街105號", "phone": "02-22053933", "district": "新莊區"}, "geometry": {"type": "Point", "coordinates": [121.4242476, 25.02112204]}}, {"type": "Feature", "properties": {"name": "三大藥局", "address": "新北市新莊區民安路197號", "phone": "02-22030503", "district": "新莊區"}, "geometry": {"type": "Point", "coordinates": [121.4262006, 25.0225571]}}, {"type": "Feature", "properties": {"name": "錄新藥局", "address": "新北市新莊區後港一路76巷10弄1號", "phone": "02-22051849", "district": "新莊區"}, "geometry": {"type": "Point", "coordinates": [121.4270373, 25.02604048]}}, {"type": "Feature", "properties": {"name": "冠仁藥局", "address": "新北市新莊區四維路126巷6號", "phone": "02-22029415", "district": "新莊區"}, "geometry": {"type": "Point", "coordinates": [121.4230282, 25.02418251]}}, {"type": "Feature", "properties": {"name": "七安大藥局", "address": "新北市新莊區民安西路55號1、2樓及57號1樓", "phone": "02-22026066", "district": "新莊區"}, "geometry": {"type": "Point", "coordinates": [121.4274861, 25.02043907]}}, {"type": "Feature", "properties": {"name": "佑家藥局", "address": "新北市鶯歌區中正三路151號1樓", "phone": "02-16798282", "district": "鶯歌區"}, "geometry": {"type": "Point", "coordinates": [121.3367226, 24.94006767]}}, {"type": "Feature", "properties": {"name": "均安藥局", "address": "新北市新店區民權路89號1樓", "phone": "02-29127861", "district": "新店區"}, "geometry": {"type": "Point", "coordinates": [121.5377454, 24.98276693]}}, {"type": "Feature", "properties": {"name": "安欣藥局", "address": "新北市新店區北宜路2段26號1樓", "phone": "02-22175450", "district": "新店區"}, "geometry": {"type": "Point", "coordinates": [121.5481723, 24.9514687]}}, {"type": "Feature", "properties": {"name": "唯客優藥局", "address": "新北市新店區安康路2段216號1樓", "phone": "02-22126097", "district": "新店區"}, "geometry": {"type": "Point", "coordinates": [121.5098245, 24.95943253]}}, {"type": "Feature", "properties": {"name": "佑成藥局", "address": "新北市新店區民權路101號1樓", "phone": "02-86673537", "district": "新店區"}, "geometry": {"type": "Point", "coordinates": [121.537014, 24.9828105]}}, {"type": "Feature", "properties": {"name": "康曜藥師藥局", "address": "新北市新店區安康路2段240號1樓", "phone": "02-86669660", "district": "新店區"}, "geometry": {"type": "Point", "coordinates": [121.5092043, 24.95915372]}}, {"type": "Feature", "properties": {"name": "新康藥局", "address": "新北市新店區北新路1段281號1樓2樓、283號1樓2樓", "phone": "02-29178179", "district": "新店區"}, "geometry": {"type": "Point", "coordinates": [121.5410297, 24.9669087]}}, {"type": "Feature", "properties": {"name": "康宜庭市公所藥局", "address": "新北市新店區北新路1段285號1樓", "phone": "02-29151709", "district": "新店區"}, "geometry": {"type": "Point", "coordinates": [121.5410483, 24.96696118]}}, {"type": "Feature", "properties": {"name": "正升藥局", "address": "新北市新店區順安街61號1樓", "phone": "02-29139493", "district": "新店區"}, "geometry": {"type": "Point", "coordinates": [121.5407122, 24.9863742]}}, {"type": "Feature", "properties": {"name": "欣美藥局", "address": "新北市新店區寶橋路6巷2號1樓", "phone": "02-29137321", "district": "新店區"}, "geometry": {"type": "Point", "coordinates": [121.5433539, 24.97336047]}}, {"type": "Feature", "properties": {"name": "合康大藥局", "address": "新北市新店區中正路263-2號1樓", "phone": "02-29109888", "district": "新店區"}, "geometry": {"type": "Point", "coordinates": [121.5386892, 24.97356656]}}, {"type": "Feature", "properties": {"name": "杏運草藥局", "address": "新北市新店區北新路1段19號1樓", "phone": "02-24379209", "district": "新店區"}, "geometry": {"type": "Point", "coordinates": [121.5377778, 24.9590227]}}, {"type": "Feature", "properties": {"name": "仁心藥局", "address": "新北市新店區中正路402號1樓", "phone": "02-22186322", "district": "新店區"}, "geometry": {"type": "Point", "coordinates": [121.5345875, 24.97753033]}}, {"type": "Feature", "properties": {"name": "陽光健康藥局", "address": "新北市新店區安民街214號", "phone": "02-22123919", "district": "新店區"}, "geometry": {"type": "Point", "coordinates": [121.5174368, 24.9722016]}}, {"type": "Feature", "properties": {"name": "大和藥局", "address": "新北市三峽區民生街150號", "phone": "02-26711010", "district": "三峽區"}, "geometry": {"type": "Point", "coordinates": [121.3721617, 24.93491321]}}, {"type": "Feature", "properties": {"name": "協安大藥局", "address": "新北市樹林區鎮前街126號", "phone": "02-26810386", "district": "樹林區"}, "geometry": {"type": "Point", "coordinates": [121.4247561, 24.99086631]}}, {"type": "Feature", "properties": {"name": "華泰藥局", "address": "新北市新莊區昌明街80號1樓", "phone": "02-89928500", "district": "新莊區"}, "geometry": {"type": "Point", "coordinates": [121.4550269, 25.05236108]}}, {"type": "Feature", "properties": {"name": "晨星藥局", "address": "新北市三重區五華街123號1樓", "phone": "02-89856533", "district": "三重區"}, "geometry": {"type": "Point", "coordinates": [121.4914358, 25.08405495]}}, {"type": "Feature", "properties": {"name": "益成藥局", "address": "新北市三重區正義北路154號3樓-1", "phone": "02-89827261", "district": "三重區"}, "geometry": {"type": "Point", "coordinates": [121.4965058, 25.06629865]}}, {"type": "Feature", "properties": {"name": "吉康健保藥局", "address": "新北市三重區三民街279號1樓", "phone": "02-89810122", "district": "三重區"}, "geometry": {"type": "Point", "coordinates": [121.4791289, 25.06821221]}}, {"type": "Feature", "properties": {"name": "光興藥局", "address": "新北市三重區正義南路60-4號1樓", "phone": "02-89725780", "district": "三重區"}, "geometry": {"type": "Point", "coordinates": [121.498354, 25.06060677]}}, {"type": "Feature", "properties": {"name": "元力藥局", "address": "新北市三重區三和路2段37-1號1樓", "phone": "02-89723551", "district": "三重區"}, "geometry": {"type": "Point", "coordinates": [121.5008126, 25.06739265]}}, {"type": "Feature", "properties": {"name": "好意藥局", "address": "新北市中和區景新街467巷3號1樓", "phone": "02-89416598", "district": "中和區"}, "geometry": {"type": "Point", "coordinates": [121.5135955, 24.98825194]}}, {"type": "Feature", "properties": {"name": "德上藥局", "address": "新北市永和區中正路106號", "phone": "02-89411077", "district": "永和區"}, "geometry": {"type": "Point", "coordinates": [121.5144652, 24.9959038]}}, {"type": "Feature", "properties": {"name": "三民藥局", "address": "新北市新店區三民路78號1樓-1", "phone": "02-89146301", "district": "新店區"}, "geometry": {"type": "Point", "coordinates": [121.5348451, 24.97257047]}}, {"type": "Feature", "properties": {"name": "正新藥局", "address": "新北市新店區中正路57-1號1樓", "phone": "02-89145930", "district": "新店區"}, "geometry": {"type": "Point", "coordinates": [121.5443738, 24.97014189]}}, {"type": "Feature", "properties": {"name": "欣康藥局", "address": "新北市新店區中正路293號1樓", "phone": "02-89113189", "district": "新店區"}, "geometry": {"type": "Point", "coordinates": [121.5372276, 24.97449077]}}, {"type": "Feature", "properties": {"name": "蔚海藥局", "address": "新北市樹林區鎮前街17號1樓", "phone": "02-86754203", "district": "樹林區"}, "geometry": {"type": "Point", "coordinates": [121.4259195, 24.99263097]}}, {"type": "Feature", "properties": {"name": "昇育健康藥局", "address": "新北市新店區中央三街115號1樓", "phone": "02-86679631", "district": "新店區"}, "geometry": {"type": "Point", "coordinates": [121.5247496, 24.97646783]}}, {"type": "Feature", "properties": {"name": "康宜庭民權藥局", "address": "新北市新店區民權路48-2號1樓", "phone": "02-86655371", "district": "新店區"}, "geometry": {"type": "Point", "coordinates": [121.5397312, 24.98306153]}}, {"type": "Feature", "properties": {"name": "黎明藥師藥局", "address": "新北市三重區三和路4段227號1樓", "phone": "02-82870958", "district": "三重區"}, "geometry": {"type": "Point", "coordinates": [121.4813099, 25.07985828]}}, {"type": "Feature", "properties": {"name": "長榮專業藥局", "address": "新北市蘆洲區長榮路250號2樓", "phone": "02-82868163", "district": "蘆洲區"}, "geometry": {"type": "Point", "coordinates": [121.4606501, 25.08578968]}}, {"type": "Feature", "properties": {"name": "萊康連鎖藥局", "address": "新北市蘆洲區中正路126號1樓", "phone": "02-82867383", "district": "蘆洲區"}, "geometry": {"type": "Point", "coordinates": [121.4693528, 25.08493135]}}, {"type": "Feature", "properties": {"name": "芯聯藥局", "address": "新北市蘆洲區民族路210號", "phone": "02-82866873", "district": "蘆洲區"}, "geometry": {"type": "Point", "coordinates": [121.4798181, 25.08763027]}}, {"type": "Feature", "properties": {"name": "躍獅蘆洲藥局", "address": "新北市蘆洲區長安街329號1樓", "phone": "02-82824906", "district": "蘆洲區"}, "geometry": {"type": "Point", "coordinates": [121.4572923, 25.0865504]}}, {"type": "Feature", "properties": {"name": "三鐵藥局", "address": "新北市蘆洲區信義路226號1樓", "phone": "02-82822729", "district": "蘆洲區"}, "geometry": {"type": "Point", "coordinates": [121.4789544, 25.08540656]}}, {"type": "Feature", "properties": {"name": "華粲藥局", "address": "新北市蘆洲區民族路90號2樓", "phone": "02-82822026", "district": "蘆洲區"}, "geometry": {"type": "Point", "coordinates": [121.4779315, 25.08494489]}}, {"type": "Feature", "properties": {"name": "安而健藥局", "address": "新北市蘆洲區樓厝里中興街54號1樓", "phone": "02-82821862", "district": "蘆洲區"}, "geometry": {"type": "Point", "coordinates": [121.4816703, 25.08740449]}}, {"type": "Feature", "properties": {"name": "璨鴻藥局", "address": "新北市土城區延和路191號", "phone": "02-82622588", "district": "土城區"}, "geometry": {"type": "Point", "coordinates": [121.4692124, 24.99035276]}}, {"type": "Feature", "properties": {"name": "晨安藥局", "address": "新北市新店區北宜路2段261號1樓", "phone": "02-82171911", "district": "新店區"}, "geometry": {"type": "Point", "coordinates": [121.5544608, 24.95362891]}}, {"type": "Feature", "properties": {"name": "薇妮藥妝藥局", "address": "新北市新莊區民安路148號1樓", "phone": "02-82010817", "district": "新莊區"}, "geometry": {"type": "Point", "coordinates": [121.4245601, 25.02496442]}}, {"type": "Feature", "properties": {"name": "大樹幸福藥局", "address": "新北市新莊區幸福路672號1樓", "phone": "02-29981066", "district": "新莊區"}, "geometry": {"type": "Point", "coordinates": [121.450919, 25.04929657]}}, {"type": "Feature", "properties": {"name": "新莊至誠藥局", "address": "新北市新莊區中平路29號2樓", "phone": "02-29980345", "district": "新莊區"}, "geometry": {"type": "Point", "coordinates": [121.4446729, 25.04371331]}}, {"type": "Feature", "properties": {"name": "詠康聯合藥局", "address": "新北市新莊區中榮街66巷1號1樓", "phone": "02-29964436", "district": "新莊區"}, "geometry": {"type": "Point", "coordinates": [121.4485653, 25.05294523]}}, {"type": "Feature", "properties": {"name": "新新藥局", "address": "新北市新莊區新泰路62號2樓", "phone": "02-29945994", "district": "新莊區"}, "geometry": {"type": "Point", "coordinates": [121.4492614, 25.03484695]}}, {"type": "Feature", "properties": {"name": "真美滿藥局", "address": "新北市新莊區幸福路729號2樓", "phone": "02-29919473", "district": "新莊區"}, "geometry": {"type": "Point", "coordinates": [121.4492061, 25.04907267]}}, {"type": "Feature", "properties": {"name": "和昌藥局", "address": "新北市新莊區中安街15號1樓", "phone": "02-29900669", "district": "新莊區"}, "geometry": {"type": "Point", "coordinates": [121.4530601, 25.04584669]}}, {"type": "Feature", "properties": {"name": "建興藥局", "address": "新北市三重區三民街105號", "phone": "02-29888757", "district": "三重區"}, "geometry": {"type": "Point", "coordinates": [121.4852008, 25.06355382]}}, {"type": "Feature", "properties": {"name": "新迪化中西藥局", "address": "新北市三重區三陽路27號1樓", "phone": "02-29884755", "district": "三重區"}, "geometry": {"type": "Point", "coordinates": [121.4855176, 25.05892548]}}, {"type": "Feature", "properties": {"name": "五華春天生活藥局", "address": "新北市三重區五華街73號1、2樓", "phone": "02-29876838", "district": "三重區"}, "geometry": {"type": "Point", "coordinates": [121.4924841, 25.0829117]}}, {"type": "Feature", "properties": {"name": "宗安藥師藥局", "address": "新北市三重區頂崁街208號1樓", "phone": "02-29874243", "district": "三重區"}, "geometry": {"type": "Point", "coordinates": [121.4771996, 25.06732441]}}, {"type": "Feature", "properties": {"name": "宏原藥局", "address": "新北市三重區中正北路183號1樓", "phone": "02-29871515", "district": "三重區"}, "geometry": {"type": "Point", "coordinates": [121.4775839, 25.06959207]}}, {"type": "Feature", "properties": {"name": "康新藥局", "address": "新北市三重區正義北路185號2樓", "phone": "02-29866582", "district": "三重區"}, "geometry": {"type": "Point", "coordinates": [121.4963859, 25.06782501]}}, {"type": "Feature", "properties": {"name": "信承藥局", "address": "新北市三重區信義西街44號1樓", "phone": "02-29866476", "district": "三重區"}, "geometry": {"type": "Point", "coordinates": [121.4980425, 25.06459265]}}, {"type": "Feature", "properties": {"name": "利民藥局", "address": "新北市三重區自強路1段171號、173號1樓及2樓", "phone": "02-29852826", "district": "三重區"}, "geometry": {"type": "Point", "coordinates": [121.4930577, 25.06743869]}}, {"type": "Feature", "properties": {"name": "陳藥局", "address": "新北市三重區三民街77號", "phone": "02-29848601", "district": "三重區"}, "geometry": {"type": "Point", "coordinates": [121.4858251, 25.06292714]}}, {"type": "Feature", "properties": {"name": "佑全三重正義藥局", "address": "新北市三重區正義北路207號1、2樓、209號1、2樓", "phone": "02-29815341", "district": "三重區"}, "geometry": {"type": "Point", "coordinates": [121.496192, 25.06845875]}}, {"type": "Feature", "properties": {"name": "中華健保藥局", "address": "新北市三重區中華路95號", "phone": "02-29813155", "district": "三重區"}, "geometry": {"type": "Point", "coordinates": [121.483617, 25.06310053]}}, {"type": "Feature", "properties": {"name": "享生藥局", "address": "新北市三重區自強路1段207號1樓", "phone": "02-29807539", "district": "三重區"}, "geometry": {"type": "Point", "coordinates": [121.4915137, 25.06847669]}}, {"type": "Feature", "properties": {"name": "仁華藥局", "address": "新北市三重區五華街73-1號1樓", "phone": "02-29806161", "district": "三重區"}, "geometry": {"type": "Point", "coordinates": [121.4924841, 25.0829117]}}, {"type": "Feature", "properties": {"name": "吉盛健保藥局", "address": "新北市三重區頂崁街210巷46號1樓", "phone": "02-29801666", "district": "三重區"}, "geometry": {"type": "Point", "coordinates": [121.4752556, 25.06803338]}}, {"type": "Feature", "properties": {"name": "臻曜藥局", "address": "新北市三重區重新路1段129號1樓", "phone": "02-29786003", "district": "三重區"}, "geometry": {"type": "Point", "coordinates": [121.5001401, 25.06316687]}}, {"type": "Feature", "properties": {"name": "鴻泰健保藥局", "address": "新北市三重區重新路1段95號1樓", "phone": "02-29769055", "district": "三重區"}, "geometry": {"type": "Point", "coordinates": [121.5008545, 25.0634339]}}, {"type": "Feature", "properties": {"name": "祐銘藥局", "address": "新北市三重區龍門路22號1樓", "phone": "02-29769001", "district": "三重區"}, "geometry": {"type": "Point", "coordinates": [121.4953442, 25.07199266]}}, {"type": "Feature", "properties": {"name": "小林健保藥局", "address": "新北市三重區文化北路61-1號1樓", "phone": "02-29763895", "district": "三重區"}, "geometry": {"type": "Point", "coordinates": [121.498704, 25.06617705]}}, {"type": "Feature", "properties": {"name": "臻燿藥局", "address": "新北市三重區集美街150號1樓", "phone": "02-29724765", "district": "三重區"}, "geometry": {"type": "Point", "coordinates": [121.4897052, 25.05310517]}}, {"type": "Feature", "properties": {"name": "欣悅藥局", "address": "新北市三重區正義北路210號1樓", "phone": "02-29711733", "district": "三重區"}, "geometry": {"type": "Point", "coordinates": [121.4962037, 25.06752697]}}, {"type": "Feature", "properties": {"name": "宏安藥局", "address": "新北市永和區中山路1段204號", "phone": "02-29281261", "district": "永和區"}, "geometry": {"type": "Point", "coordinates": [121.5087329, 25.00873745]}}, {"type": "Feature", "properties": {"name": "寶輝藥局", "address": "新北市新店區光明街300號1樓", "phone": "02-29118767", "district": "新店區"}, "geometry": {"type": "Point", "coordinates": [121.540653, 24.96479661]}}, {"type": "Feature", "properties": {"name": "正安藥局", "address": "新北市新店區明德路50號1樓", "phone": "02-29115809", "district": "新店區"}, "geometry": {"type": "Point", "coordinates": [121.5417622, 24.97853552]}}, {"type": "Feature", "properties": {"name": "藥-道中西藥局", "address": "新北市新莊區龍安路24號1樓", "phone": "02-29083318", "district": "新莊區"}, "geometry": {"type": "Point", "coordinates": [121.4146432, 25.02228469]}}, {"type": "Feature", "properties": {"name": "輔大美康藥局", "address": "新北市新莊區中正路510號-1(1樓)", "phone": "02-29013056", "district": "新莊區"}, "geometry": {"type": "Point", "coordinates": [121.434105, 25.03293676]}}, {"type": "Feature", "properties": {"name": "陽光幸福藥局", "address": "新北市蘆洲區重陽街88號1樓", "phone": "02-28486566", "district": "蘆洲區"}, "geometry": {"type": "Point", "coordinates": [121.4820851, 25.08453754]}}, {"type": "Feature", "properties": {"name": "健成藥局", "address": "新北市汐止區新興路20號1樓", "phone": "02-26428989", "district": "汐止區"}, "geometry": {"type": "Point", "coordinates": [121.6564017, 25.06456388]}}, {"type": "Feature", "properties": {"name": "蛋寶寶藥局", "address": "新北市林口區民有街158號1樓", "phone": "02-26097371", "district": "林口區"}, "geometry": {"type": "Point", "coordinates": [121.3725132, 25.0759521]}}, {"type": "Feature", "properties": {"name": "大心藥局", "address": "新北市林口區公園路19號1樓", "phone": "02-26089305", "district": "林口區"}, "geometry": {"type": "Point", "coordinates": [121.3666564, 25.06762703]}}, {"type": "Feature", "properties": {"name": "林康藥局", "address": "新北市林口區文化二路1段222號1樓", "phone": "02-26088869", "district": "林口區"}, "geometry": {"type": "Point", "coordinates": [121.3695255, 25.07225435]}}, {"type": "Feature", "properties": {"name": "欣穎藥局", "address": "新北市林口區文化二路1段535號1樓", "phone": "02-26069786", "district": "林口區"}, "geometry": {"type": "Point", "coordinates": [121.3739797, 25.07648206]}}, {"type": "Feature", "properties": {"name": "普生藥局", "address": "新北市林口區中山路188號1樓-1", "phone": "02-26024105", "district": "林口區"}, "geometry": {"type": "Point", "coordinates": [121.3891956, 25.07910569]}}, {"type": "Feature", "properties": {"name": "榮昌藥局", "address": "新北市林口區仁愛路1段410號", "phone": "02-26011312", "district": "林口區"}, "geometry": {"type": "Point", "coordinates": [121.3867303, 25.07683312]}}, {"type": "Feature", "properties": {"name": "家福健保藥局", "address": "新北市新莊區福壽街67號2樓", "phone": "02-22942300", "district": "新莊區"}, "geometry": {"type": "Point", "coordinates": [121.4581853, 25.04942801]}}, {"type": "Feature", "properties": {"name": "華安大藥局", "address": "新北市蘆洲區長安街48號1樓", "phone": "02-22881168", "district": "蘆洲區"}, "geometry": {"type": "Point", "coordinates": [121.463304, 25.07972479]}}, {"type": "Feature", "properties": {"name": "昌誠藥局", "address": "新北市三重區三和路4段161號1樓", "phone": "02-22876338", "district": "三重區"}, "geometry": {"type": "Point", "coordinates": [121.483581, 25.07858277]}}, {"type": "Feature", "properties": {"name": "陽明藥師藥局", "address": "新北市三重區三和路4段163巷15號", "phone": "02-22867848", "district": "三重區"}, "geometry": {"type": "Point", "coordinates": [121.4838982, 25.07877881]}}, {"type": "Feature", "properties": {"name": "宥安藥局", "address": "新北市蘆洲區長榮路381號2樓", "phone": "02-22823556", "district": "蘆洲區"}, "geometry": {"type": "Point", "coordinates": [121.4592458, 25.08947399]}}, {"type": "Feature", "properties": {"name": "仁愛健保藥局", "address": "新北市三重區力行路2段153號", "phone": "02-22805160", "district": "三重區"}, "geometry": {"type": "Point", "coordinates": [121.4837472, 25.07763912]}}, {"type": "Feature", "properties": {"name": "巧心藥局", "address": "新北市新莊區建中街92號1樓", "phone": "02-22778584", "district": "新莊區"}, "geometry": {"type": "Point", "coordinates": [121.4468641, 25.03675441]}}, {"type": "Feature", "properties": {"name": "英謙藥局", "address": "新北市新莊區新泰路261號1樓", "phone": "02-22774822", "district": "新莊區"}, "geometry": {"type": "Point", "coordinates": [121.4459675, 25.04007145]}}, {"type": "Feature", "properties": {"name": "裕達藥局", "address": "新北市土城區延吉街171號", "phone": "02-22739328", "district": "土城區"}, "geometry": {"type": "Point", "coordinates": [121.4696937, 24.9857715]}}, {"type": "Feature", "properties": {"name": "順儷藥師藥局", "address": "新北市土城區延和路16-3號1樓", "phone": "02-22648655", "district": "土城區"}, "geometry": {"type": "Point", "coordinates": [121.4642012, 24.98800058]}}, {"type": "Feature", "properties": {"name": "佳霖藥局", "address": "新北市土城區學府路1段170號1樓", "phone": "02-22641425", "district": "土城區"}, "geometry": {"type": "Point", "coordinates": [121.4538884, 24.98661302]}}, {"type": "Feature", "properties": {"name": "麗膚藥局", "address": "新北市土城區金城路3段33巷6-1號1樓", "phone": "02-22640600", "district": "土城區"}, "geometry": {"type": "Point", "coordinates": [121.4655153, 24.9868795]}}, {"type": "Feature", "properties": {"name": "悅生藥局", "address": "新北市新莊區龍安路343-1號1樓", "phone": "02-22081219", "district": "新莊區"}, "geometry": {"type": "Point", "coordinates": [121.4227616, 25.01926708]}}, {"type": "Feature", "properties": {"name": "平安藥局", "address": "新北市新莊區民安西路60號2樓", "phone": "02-22066608", "district": "新莊區"}, "geometry": {"type": "Point", "coordinates": [121.4272656, 25.02037282]}}, {"type": "Feature", "properties": {"name": "向日葵健保藥局", "address": "新北市新莊區建福路50號1樓", "phone": "02-22060377", "district": "新莊區"}, "geometry": {"type": "Point", "coordinates": [121.4265469, 25.0276406]}}, {"type": "Feature", "properties": {"name": "天仁大藥局", "address": "新北市新莊區中正路397號1樓", "phone": "02-22013625", "district": "新莊區"}, "geometry": {"type": "Point", "coordinates": [121.4454241, 25.03450589]}}, {"type": "Feature", "properties": {"name": "大樹新莊藥局", "address": "新北市新莊區新泰路59號1、2樓", "phone": "02-22010566", "district": "新莊區"}, "geometry": {"type": "Point", "coordinates": [121.4494263, 25.03405281]}}, {"type": "Feature", "properties": {"name": "聯康藥局", "address": "新北市板橋區南雅南路2段136號1樓", "phone": "02-89674888", "district": "板橋區"}, "geometry": {"type": "Point", "coordinates": [121.4518215, 24.99655526]}}, {"type": "Feature", "properties": {"name": "晨晰藥局", "address": "新北市板橋區漢生東路344號1樓", "phone": "02-89536273", "district": "板橋區"}, "geometry": {"type": "Point", "coordinates": [121.4719532, 25.00738678]}}, {"type": "Feature", "properties": {"name": "利安藥師藥局", "address": "新北市板橋區南雅西路2段117號及119號1樓", "phone": "02-29666951", "district": "板橋區"}, "geometry": {"type": "Point", "coordinates": [121.4524371, 25.01084717]}}, {"type": "Feature", "properties": {"name": "台安藥局", "address": "新北市板橋區中正路204號1樓、2樓、3樓", "phone": "02-29663600", "district": "板橋區"}, "geometry": {"type": "Point", "coordinates": [121.4561304, 25.01804225]}}, {"type": "Feature", "properties": {"name": "明豐專業藥局", "address": "新北市板橋區貴興路74號1樓", "phone": "02-29647542", "district": "板橋區"}, "geometry": {"type": "Point", "coordinates": [121.4565555, 25.00301659]}}, {"type": "Feature", "properties": {"name": "埔全藥局", "address": "新北市板橋區忠孝路33號1樓", "phone": "02-29567309", "district": "板橋區"}, "geometry": {"type": "Point", "coordinates": [121.4608185, 25.00206223]}}, {"type": "Feature", "properties": {"name": "杏文藥局", "address": "新北市板橋區實踐路185號1樓", "phone": "02-29565078", "district": "板橋區"}, "geometry": {"type": "Point", "coordinates": [121.4644864, 25.00332969]}}, {"type": "Feature", "properties": {"name": "麗森藥師藥局連鎖麗寶藥局", "address": "新北市板橋區三民路2段133號1樓", "phone": "02-29557141", "district": "板橋區"}, "geometry": {"type": "Point", "coordinates": [121.4793146, 25.0153537]}}, {"type": "Feature", "properties": {"name": "大川藥局", "address": "新北市板橋區中山路2段86號1樓", "phone": "02-29555011", "district": "板橋區"}, "geometry": {"type": "Point", "coordinates": [121.4750822, 25.01622266]}}, {"type": "Feature", "properties": {"name": "光澤醫美藥局", "address": "新北市板橋區四川路1段21號1樓", "phone": "02-29551215", "district": "板橋區"}, "geometry": {"type": "Point", "coordinates": [121.4595363, 25.00688599]}}, {"type": "Feature", "properties": {"name": "金瑞藥局", "address": "新北市板橋區和平路161巷24號1樓", "phone": "02-29533188", "district": "板橋區"}, "geometry": {"type": "Point", "coordinates": [121.4634474, 24.99671426]}}, {"type": "Feature", "properties": {"name": "康橋藥局", "address": "新北市板橋區文化路1段273號", "phone": "02-22532560", "district": "板橋區"}, "geometry": {"type": "Point", "coordinates": [121.4646833, 25.01853539]}}, {"type": "Feature", "properties": {"name": "樂多藥局", "address": "新北市板橋區四維路108號1樓", "phone": "02-22523530", "district": "板橋區"}, "geometry": {"type": "Point", "coordinates": [121.4656341, 25.02464707]}}, {"type": "Feature", "properties": {"name": "元大藥局", "address": "新北市新莊區富國路204號1、2樓", "phone": "9.88E+08", "district": "新莊區"}, "geometry": {"type": "Point", "coordinates": [121.4248582, 25.02426531]}}, {"type": "Feature", "properties": {"name": "食在好健康藥局", "address": "新北市鶯歌區國慶街165號1樓", "phone": "9.73E+08", "district": "鶯歌區"}, "geometry": {"type": "Point", "coordinates": [121.3510955, 24.95296803]}}, {"type": "Feature", "properties": {"name": "大仁藥局", "address": "新北市新莊區公園一路32號1樓", "phone": "9.55E+08", "district": "新莊區"}, "geometry": {"type": "Point", "coordinates": [121.4434551, 25.03530724]}}, {"type": "Feature", "properties": {"name": "萬泰藥局", "address": "新北市板橋區信義路221-1號", "phone": "9.54E+08", "district": "板橋區"}, "geometry": {"type": "Point", "coordinates": [121.4596596, 24.99148716]}}, {"type": "Feature", "properties": {"name": "安康佑康健保藥局", "address": "新北市新店區安康路3段17號", "phone": "9.40E+08", "district": "新店區"}, "geometry": {"type": "Point", "coordinates": [121.4935486, 24.95338841]}}, {"type": "Feature", "properties": {"name": "陽光藥局", "address": "新北市新莊區福壽街72號", "phone": "9.38E+08", "district": "新莊區"}, "geometry": {"type": "Point", "coordinates": [121.4583229, 25.04940144]}}, {"type": "Feature", "properties": {"name": "中和環球藥局", "address": "新北市中和區中山路3段121號1樓", "phone": "9.37E+08", "district": "中和區"}, "geometry": {"type": "Point", "coordinates": [121.4744866, 25.00596486]}}, {"type": "Feature", "properties": {"name": "我家藥局", "address": "新北市汐止區中正路29號", "phone": "9.29E+08", "district": "汐止區"}, "geometry": {"type": "Point", "coordinates": [121.6623882, 25.07023626]}}, {"type": "Feature", "properties": {"name": "碇康藥局", "address": "新北市石碇區石崁24-1號", "phone": "9.23E+08", "district": "石碇區"}, "geometry": {"type": "Point", "coordinates": [121.6583071, 24.99146521]}}, {"type": "Feature", "properties": {"name": "維顥藥局", "address": "新北市新店區中興路1段279號1樓", "phone": "9.22E+08", "district": "新店區"}, "geometry": {"type": "Point", "coordinates": [121.5451314, 24.96830053]}}, {"type": "Feature", "properties": {"name": "快樂藥局長榮店", "address": "新北市蘆洲區永樂街2號1樓", "phone": "9.22E+08", "district": "蘆洲區"}, "geometry": {"type": "Point", "coordinates": [121.4591616, 25.08832945]}}, {"type": "Feature", "properties": {"name": "雙合藥局", "address": "新北市中和區中正路291號1樓", "phone": "9.21E+08", "district": "中和區"}, "geometry": {"type": "Point", "coordinates": [121.4940818, 24.9937458]}}, {"type": "Feature", "properties": {"name": "萬昌健保藥局", "address": "新北市土城區中央路4段160號", "phone": "9.21E+08", "district": "土城區"}, "geometry": {"type": "Point", "coordinates": [121.4169926, 24.95826631]}}, {"type": "Feature", "properties": {"name": "久豐大藥局", "address": "新北市樹林區復興路286號1樓", "phone": "9.20E+08", "district": "樹林區"}, "geometry": {"type": "Point", "coordinates": [121.4177058, 24.98784951]}}, {"type": "Feature", "properties": {"name": "闔安藥局", "address": "新北市五股區成德里成泰路3段579號1樓", "phone": "9.20E+08", "district": "五股區"}, "geometry": {"type": "Point", "coordinates": [121.4522402, 25.10267234]}}, {"type": "Feature", "properties": {"name": "常安中西藥局", "address": "新北市永和區保平路26號1樓", "phone": "9.19E+08", "district": "永和區"}, "geometry": {"type": "Point", "coordinates": [121.512203, 25.00748752]}}, {"type": "Feature", "properties": {"name": "吉安藥局", "address": "新北市蘆洲區長安街285巷1號1樓", "phone": "9.11E+08", "district": "蘆洲區"}, "geometry": {"type": "Point", "coordinates": [121.4581327, 25.08433098]}}, {"type": "Feature", "properties": {"name": "躍獅五福藥局", "address": "新北市金山區中山路99號1樓", "phone": "9.11E+08", "district": "金山區"}, "geometry": {"type": "Point", "coordinates": [121.6398114, 25.21912049]}}, {"type": "Feature", "properties": {"name": "賞安藥局", "address": "新北市新莊區中平路373號1樓", "phone": "9.10E+08", "district": "新莊區"}, "geometry": {"type": "Point", "coordinates": [121.4446154, 25.05253303]}}, {"type": "Feature", "properties": {"name": "信恆藥局", "address": "新北市五股區中興路1段74號1樓", "phone": "02-89882077", "district": "五股區"}, "geometry": {"type": "Point", "coordinates": [121.4669838, 25.07303697]}}, {"type": "Feature", "properties": {"name": "大昌藥局", "address": "新北市板橋區北門街28號", "phone": "02-89682579", "district": "板橋區"}, "geometry": {"type": "Point", "coordinates": [121.457324, 25.01090962]}}, {"type": "Feature", "properties": {"name": "宥元藥局", "address": "新北市中和區德光路62號１樓", "phone": "02-89535473", "district": "中和區"}, "geometry": {"type": "Point", "coordinates": [121.4696244, 25.00398347]}}, {"type": "Feature", "properties": {"name": "中和藥局", "address": "新北市中和區華新街59號1樓", "phone": "02-89432922", "district": "中和區"}, "geometry": {"type": "Point", "coordinates": [121.507996, 24.98432375]}}, {"type": "Feature", "properties": {"name": "吉佑藥局", "address": "新北市中和區大勇街34號1樓", "phone": "02-89416539", "district": "中和區"}, "geometry": {"type": "Point", "coordinates": [121.5173706, 24.99344676]}}, {"type": "Feature", "properties": {"name": "宜泰藥局", "address": "新北市永和區永貞路297號", "phone": "02-89210657", "district": "永和區"}, "geometry": {"type": "Point", "coordinates": [121.5108405, 25.00559809]}}, {"type": "Feature", "properties": {"name": "廣元藥局", "address": "新北市中和區興南路2段27號1樓", "phone": "02-86681906", "district": "中和區"}, "geometry": {"type": "Point", "coordinates": [121.5079119, 24.98584657]}}, {"type": "Feature", "properties": {"name": "昇旺藥局", "address": "新北市新店區建國路10-1號1樓", "phone": "02-86659233", "district": "新店區"}, "geometry": {"type": "Point", "coordinates": [121.5400807, 24.97358174]}}, {"type": "Feature", "properties": {"name": "綠園藥局", "address": "新北市林口區仁愛路2段105號1樓", "phone": "02-86012258", "district": "林口區"}, "geometry": {"type": "Point", "coordinates": [121.3842672, 25.07506988]}}, {"type": "Feature", "properties": {"name": "康群生活藥局", "address": "新北市蘆洲區中正路105號1樓", "phone": "02-82835630", "district": "蘆洲區"}, "geometry": {"type": "Point", "coordinates": [121.4697562, 25.08409563]}}, {"type": "Feature", "properties": {"name": "翰生藥局", "address": "新北市板橋區漢生西路77號1樓", "phone": "02-82513666", "district": "板橋區"}, "geometry": {"type": "Point", "coordinates": [121.4627908, 25.01896528]}}, {"type": "Feature", "properties": {"name": "安泰大藥局", "address": "新北市中和區南山路35號1樓", "phone": "02-82459423", "district": "中和區"}, "geometry": {"type": "Point", "coordinates": [121.5021624, 24.99882174]}}, {"type": "Feature", "properties": {"name": "裕壬藥局", "address": "新北市中和區新生街206、208號1樓", "phone": "02-32349358", "district": "中和區"}, "geometry": {"type": "Point", "coordinates": [121.4837071, 24.99898132]}}, {"type": "Feature", "properties": {"name": "朝安藥局", "address": "新北市中和區華新街192巷40號1樓", "phone": "02-31511269", "district": "中和區"}, "geometry": {"type": "Point", "coordinates": [121.5061789, 24.98368443]}}, {"type": "Feature", "properties": {"name": "金翔藥局", "address": "新北市新莊區幸福路595號1樓", "phone": "02-29988552", "district": "新莊區"}, "geometry": {"type": "Point", "coordinates": [121.4534289, 25.04919863]}}, {"type": "Feature", "properties": {"name": "幸寧藥局", "address": "新北市新莊區福壽街84巷12號1樓", "phone": "02-29971150", "district": "新莊區"}, "geometry": {"type": "Point", "coordinates": [121.4587663, 25.04985312]}}, {"type": "Feature", "properties": {"name": "勝安藥局", "address": "新北市新莊區中正路334巷23號1樓", "phone": "02-29963394", "district": "新莊區"}, "geometry": {"type": "Point", "coordinates": [121.4456096, 25.03584661]}}, {"type": "Feature", "properties": {"name": "禮安藥師藥局", "address": "新北市新莊區自立街109號1樓", "phone": "02-29942891", "district": "新莊區"}, "geometry": {"type": "Point", "coordinates": [121.4555147, 25.04550217]}}, {"type": "Feature", "properties": {"name": "聯成藥局", "address": "新北市新莊區中正路332號", "phone": "02-29941915", "district": "新莊區"}, "geometry": {"type": "Point", "coordinates": [121.4458315, 25.0348403]}}, {"type": "Feature", "properties": {"name": "十安藥局", "address": "新北市新莊區中港路316號", "phone": "02-29922859", "district": "新莊區"}, "geometry": {"type": "Point", "coordinates": [121.4523611, 25.04543916]}}, {"type": "Feature", "properties": {"name": "明生藥局", "address": "新北市新莊區福樂街15號", "phone": "02-29913260", "district": "新莊區"}, "geometry": {"type": "Point", "coordinates": [121.4577778, 25.04509562]}}, {"type": "Feature", "properties": {"name": "北安藥局", "address": "新北市新莊區幸福路529號1樓", "phone": "02-29906923", "district": "新莊區"}, "geometry": {"type": "Point", "coordinates": [121.4554365, 25.04927609]}}, {"type": "Feature", "properties": {"name": "忠誠藥局", "address": "新北市三重區仁愛街377巷4號", "phone": "02-29888321", "district": "三重區"}, "geometry": {"type": "Point", "coordinates": [121.4916327, 25.08047074]}}, {"type": "Feature", "properties": {"name": "上益藥局", "address": "新北市三重區忠孝路2段136號1樓", "phone": "02-29879460", "district": "三重區"}, "geometry": {"type": "Point", "coordinates": [121.4826817, 25.06833397]}}, {"type": "Feature", "properties": {"name": "唯安藥局", "address": "新北市三重區五華街130號", "phone": "02-29875750", "district": "三重區"}, "geometry": {"type": "Point", "coordinates": [121.4916491, 25.08357568]}}, {"type": "Feature", "properties": {"name": "華泰藥師藥局", "address": "新北市三重區五華街66號1樓", "phone": "02-29866009", "district": "三重區"}, "geometry": {"type": "Point", "coordinates": [121.4935155, 25.08175929]}}, {"type": "Feature", "properties": {"name": "上豪藥局", "address": "新北市三重區中正北路220號1樓", "phone": "02-29864336", "district": "三重區"}, "geometry": {"type": "Point", "coordinates": [121.482171, 25.06757196]}}, {"type": "Feature", "properties": {"name": "國星藥局", "address": "新北市三重區溪尾街109號", "phone": "02-29859203", "district": "三重區"}, "geometry": {"type": "Point", "coordinates": [121.489775, 25.0786746]}}, {"type": "Feature", "properties": {"name": "容安藥局", "address": "新北市三重區正義北路237號2樓", "phone": "02-29843399", "district": "三重區"}, "geometry": {"type": "Point", "coordinates": [121.4958903, 25.0692973]}}, {"type": "Feature", "properties": {"name": "新英藥師藥局", "address": "新北市三重區雙園街37號", "phone": "02-29824840", "district": "三重區"}, "geometry": {"type": "Point", "coordinates": [121.4968665, 25.06795724]}}, {"type": "Feature", "properties": {"name": "五華藥局", "address": "新北市三重區仁愛街425巷91號2樓", "phone": "02-29819948", "district": "三重區"}, "geometry": {"type": "Point", "coordinates": [121.4923038, 25.08266821]}}, {"type": "Feature", "properties": {"name": "欣欣藥局", "address": "新北市三重區正義北路233號1樓", "phone": "02-29816955", "district": "三重區"}, "geometry": {"type": "Point", "coordinates": [121.4959605, 25.06914897]}}, {"type": "Feature", "properties": {"name": "宏安藥局", "address": "新北市三重區集美街158號1樓", "phone": "02-29785866", "district": "三重區"}, "geometry": {"type": "Point", "coordinates": [121.4898387, 25.05305944]}}, {"type": "Feature", "properties": {"name": "周武仁藥局", "address": "新北市三重區成功路145巷34號", "phone": "02-29774110", "district": "三重區"}, "geometry": {"type": "Point", "coordinates": [121.4875835, 25.05326188]}}, {"type": "Feature", "properties": {"name": "三山大藥局", "address": "新北市三重區中正南路84號", "phone": "02-29772409", "district": "三重區"}, "geometry": {"type": "Point", "coordinates": [121.4944227, 25.05884393]}}, {"type": "Feature", "properties": {"name": "龍門藥局", "address": "新北市三重區龍門路186號", "phone": "02-29756141", "district": "三重區"}, "geometry": {"type": "Point", "coordinates": [121.4994323, 25.07344008]}}, {"type": "Feature", "properties": {"name": "重德藥局", "address": "新北市三重區正義北路246號2樓", "phone": "02-29719060", "district": "三重區"}, "geometry": {"type": "Point", "coordinates": [121.4959812, 25.06827298]}}, {"type": "Feature", "properties": {"name": "廷好藥局", "address": "新北市板橋區龍興街25號1樓", "phone": "02-29691768", "district": "板橋區"}, "geometry": {"type": "Point", "coordinates": [121.4428025, 25.00005645]}}, {"type": "Feature", "properties": {"name": "穎川藥局", "address": "新北市板橋區民權路202巷4弄1號", "phone": "02-29660617", "district": "板橋區"}, "geometry": {"type": "Point", "coordinates": [121.4596329, 25.01422273]}}, {"type": "Feature", "properties": {"name": "捷勝藥師藥局", "address": "新北市中和區華順街122號1樓", "phone": "02-29646225", "district": "中和區"}, "geometry": {"type": "Point", "coordinates": [121.4650966, 24.99645937]}}, {"type": "Feature", "properties": {"name": "大竹藥局", "address": "新北市中和區和平路244號", "phone": "02-29590964", "district": "中和區"}, "geometry": {"type": "Point", "coordinates": [121.4645841, 24.99678644]}}, {"type": "Feature", "properties": {"name": "中山大藥局", "address": "新北市板橋區中山路1段107號", "phone": "02-29575029", "district": "板橋區"}, "geometry": {"type": "Point", "coordinates": [121.4618084, 25.01025408]}}, {"type": "Feature", "properties": {"name": "合泰藥局", "address": "新北市板橋區忠孝路19號1樓", "phone": "02-29572437", "district": "板橋區"}, "geometry": {"type": "Point", "coordinates": [121.4603824, 25.00200287]}}, {"type": "Feature", "properties": {"name": "正成藥師藥局", "address": "新北市板橋區三民路2段154巷7號", "phone": "02-29512760", "district": "板橋區"}, "geometry": {"type": "Point", "coordinates": [121.4787484, 25.01515104]}}, {"type": "Feature", "properties": {"name": "全國藥局", "address": "新北市板橋區四川路1段231號", "phone": "02-29511212", "district": "板橋區"}, "geometry": {"type": "Point", "coordinates": [121.4600572, 25.00296615]}}, {"type": "Feature", "properties": {"name": "信昌藥局", "address": "新北市板橋區三民路2段202-9號", "phone": "02-29510784", "district": "板橋區"}, "geometry": {"type": "Point", "coordinates": [121.4791935, 25.01369836]}}, {"type": "Feature", "properties": {"name": "榮菖藥局", "address": "新北市中和區和平街15-1號1樓", "phone": "02-29492620", "district": "中和區"}, "geometry": {"type": "Point", "coordinates": [121.5091748, 24.99040288]}}, {"type": "Feature", "properties": {"name": "藥聯藥師藥局", "address": "新北市中和區宜安路143號1樓", "phone": "02-29481198", "district": "中和區"}, "geometry": {"type": "Point", "coordinates": [121.5092382, 24.99858237]}}, {"type": "Feature", "properties": {"name": "良泰大藥局", "address": "新北市中和區興南路2段117巷15號1樓", "phone": "02-29477761", "district": "中和區"}, "geometry": {"type": "Point", "coordinates": [121.5059134, 24.98412008]}}, {"type": "Feature", "properties": {"name": "威康藥局", "address": "新北市永和區中正路153號", "phone": "02-29461148", "district": "永和區"}, "geometry": {"type": "Point", "coordinates": [121.5163286, 24.99840138]}}, {"type": "Feature", "properties": {"name": "千大藥局", "address": "新北市中和區立人街13號1樓", "phone": "02-29441567", "district": "中和區"}, "geometry": {"type": "Point", "coordinates": [121.5216036, 24.9939445]}}, {"type": "Feature", "properties": {"name": "薇妮藥妝藥局景安店", "address": "新北市中和區景安路27號1樓", "phone": "02-29436001", "district": "中和區"}, "geometry": {"type": "Point", "coordinates": [121.5078831, 24.99888022]}}, {"type": "Feature", "properties": {"name": "康富力藥局", "address": "新北市中和區興南里仁愛街53號1樓", "phone": "02-29429896", "district": "中和區"}, "geometry": {"type": "Point", "coordinates": [121.5113134, 24.98803243]}}, {"type": "Feature", "properties": {"name": "奕采藥局", "address": "新北市中和區宜安路77號1樓", "phone": "02-29429770", "district": "中和區"}, "geometry": {"type": "Point", "coordinates": [121.5109173, 24.99732963]}}, {"type": "Feature", "properties": {"name": "順心藥局", "address": "新北市中和區景新街439號1樓", "phone": "02-29429680", "district": "中和區"}, "geometry": {"type": "Point", "coordinates": [121.5130896, 24.98888191]}}, {"type": "Feature", "properties": {"name": "信毅藥局", "address": "新北市中和區捷運路56號1樓", "phone": "02-29423663", "district": "中和區"}, "geometry": {"type": "Point", "coordinates": [121.5081359, 24.99078384]}}, {"type": "Feature", "properties": {"name": "新源林藥局", "address": "新北市中和區華新街24號", "phone": "02-29421953", "district": "中和區"}, "geometry": {"type": "Point", "coordinates": [121.5075439, 24.98485741]}}, {"type": "Feature", "properties": {"name": "幸福連鎖藥局", "address": "新北市中和區忠孝街122號1樓", "phone": "02-29410771", "district": "中和區"}, "geometry": {"type": "Point", "coordinates": [121.5122009, 24.98581002]}}, {"type": "Feature", "properties": {"name": "永成藥局", "address": "新北市中和區景平路156號1樓", "phone": "02-29407619", "district": "中和區"}, "geometry": {"type": "Point", "coordinates": [121.5176492, 24.99221933]}}, {"type": "Feature", "properties": {"name": "原大藥局", "address": "新北市永和區永和路1段20號1樓", "phone": "02-29272767", "district": "永和區"}, "geometry": {"type": "Point", "coordinates": [121.5130217, 25.00471343]}}, {"type": "Feature", "properties": {"name": "宜安健康人生藥局", "address": "新北市中和區宜安路162號1樓", "phone": "02-29224648", "district": "中和區"}, "geometry": {"type": "Point", "coordinates": [121.5090929, 24.99894595]}}, {"type": "Feature", "properties": {"name": "貞心藥局", "address": "新北市中和區永貞路280-1號1樓", "phone": "02-29203865", "district": "中和區"}, "geometry": {"type": "Point", "coordinates": [121.5132626, 25.00400554]}}, {"type": "Feature", "properties": {"name": "椿萱藥局", "address": "新北市新店區建國路69號", "phone": "02-29188311", "district": "新店區"}, "geometry": {"type": "Point", "coordinates": [121.5404374, 24.97590056]}}, {"type": "Feature", "properties": {"name": "益生大藥局", "address": "新北市新店區建國路132號", "phone": "02-29177728", "district": "新店區"}, "geometry": {"type": "Point", "coordinates": [121.5391167, 24.97885327]}}, {"type": "Feature", "properties": {"name": "威樺藥局", "address": "新北市新店區中正路263號1樓", "phone": "02-29175888", "district": "新店區"}, "geometry": {"type": "Point", "coordinates": [121.5386892, 24.97356656]}}, {"type": "Feature", "properties": {"name": "匯信大藥局", "address": "新北市新店區光明街192號", "phone": "02-29149009", "district": "新店區"}, "geometry": {"type": "Point", "coordinates": [121.5397146, 24.96232532]}}, {"type": "Feature", "properties": {"name": "世明藥局", "address": "新北市新店區北新路3段120號1樓", "phone": "02-29122139", "district": "新店區"}, "geometry": {"type": "Point", "coordinates": [121.5417362, 24.98174236]}}, {"type": "Feature", "properties": {"name": "耀生中西藥局", "address": "新北市新店區文化路21巷6號", "phone": "02-29118598", "district": "新店區"}, "geometry": {"type": "Point", "coordinates": [121.5431677, 24.97977839]}}, {"type": "Feature", "properties": {"name": "吉成藥局", "address": "新北市新店區中華路107號", "phone": "02-29114426", "district": "新店區"}, "geometry": {"type": "Point", "coordinates": [121.5389054, 24.96920429]}}, {"type": "Feature", "properties": {"name": "再生藥局", "address": "新北市新店區北新路3段65巷9號", "phone": "02-29113781", "district": "新店區"}, "geometry": {"type": "Point", "coordinates": [121.5412027, 24.9810049]}}, {"type": "Feature", "properties": {"name": "日泰藥局", "address": "新北市泰山區泰林路2段227號", "phone": "02-29095989", "district": "泰山區"}, "geometry": {"type": "Point", "coordinates": [121.4322753, 25.06194053]}}, {"type": "Feature", "properties": {"name": "德泰藥局", "address": "新北市五股區成泰路1段9號", "phone": "02-29093927", "district": "五股區"}, "geometry": {"type": "Point", "coordinates": [121.4335831, 25.06674123]}}, {"type": "Feature", "properties": {"name": "得安藥師藥局", "address": "新北市泰山區仁愛路128號1樓", "phone": "02-29000992", "district": "泰山區"}, "geometry": {"type": "Point", "coordinates": [121.4339527, 25.05573162]}}, {"type": "Feature", "properties": {"name": "國榮藥局", "address": "新北市三重區碧華街50號", "phone": "02-28578497", "district": "三重區"}, "geometry": {"type": "Point", "coordinates": [121.4835578, 25.08136523]}}, {"type": "Feature", "properties": {"name": "立雄藥局", "address": "新北市三重區仁愛街733號1樓", "phone": "02-28573677", "district": "三重區"}, "geometry": {"type": "Point", "coordinates": [121.4818, 25.08058029]}}, {"type": "Feature", "properties": {"name": "長安藥局", "address": "新北市蘆洲區中華街67號1樓", "phone": "02-28485560", "district": "蘆洲區"}, "geometry": {"type": "Point", "coordinates": [121.4623496, 25.08073755]}}, {"type": "Feature", "properties": {"name": "慧安藥局", "address": "新北市蘆洲區長安街214號1樓", "phone": "02-28477845", "district": "蘆洲區"}, "geometry": {"type": "Point", "coordinates": [121.4584679, 25.08436249]}}, {"type": "Feature", "properties": {"name": "日弘藥師藥局", "address": "新北市樹林區復興路29號", "phone": "02-26871919", "district": "樹林區"}, "geometry": {"type": "Point", "coordinates": [121.4223373, 24.99409586]}}, {"type": "Feature", "properties": {"name": "溪北藥局", "address": "新北市板橋區溪北路78號1樓", "phone": "02-26866528", "district": "板橋區"}, "geometry": {"type": "Point", "coordinates": [121.4281214, 24.98952607]}}, {"type": "Feature", "properties": {"name": "暉民西藥局", "address": "新北市樹林區千歲街36號1樓", "phone": "02-26835868", "district": "樹林區"}, "geometry": {"type": "Point", "coordinates": [121.4257186, 24.99660688]}}, {"type": "Feature", "properties": {"name": "快安藥師藥局", "address": "新北市鶯歌區中正一路94、96號", "phone": "02-26792356", "district": "鶯歌區"}, "geometry": {"type": "Point", "coordinates": [121.3523758, 24.95476417]}}, {"type": "Feature", "properties": {"name": "安新藥局", "address": "新北市鶯歌區建國路180號", "phone": "02-26777850", "district": "鶯歌區"}, "geometry": {"type": "Point", "coordinates": [121.349661, 24.95365582]}}, {"type": "Feature", "properties": {"name": "佑荔藥局", "address": "新北市樹林區復興路227號1樓", "phone": "02-26759988", "district": "樹林區"}, "geometry": {"type": "Point", "coordinates": [121.4199807, 24.9908042]}}, {"type": "Feature", "properties": {"name": "杏華藥局", "address": "新北市板橋區溪北路170號1樓", "phone": "02-26757024", "district": "板橋區"}, "geometry": {"type": "Point", "coordinates": [121.4309076, 24.9879209]}}, {"type": "Feature", "properties": {"name": "康德藥局", "address": "新北市板橋區溪北路28號", "phone": "02-26755151", "district": "板橋區"}, "geometry": {"type": "Point", "coordinates": [121.4269313, 24.99022939]}}, {"type": "Feature", "properties": {"name": "羅群藥局", "address": "新北市樹林區東華街88號", "phone": "02-26751966", "district": "樹林區"}, "geometry": {"type": "Point", "coordinates": [121.4157268, 24.9804425]}}, {"type": "Feature", "properties": {"name": "全球藥師藥局", "address": "新北市三峽區文化路95號", "phone": "02-26748128", "district": "三峽區"}, "geometry": {"type": "Point", "coordinates": [121.3711404, 24.93606554]}}, {"type": "Feature", "properties": {"name": "康美藥局", "address": "新北市三峽區民生街79號2樓", "phone": "02-26745526", "district": "三峽區"}, "geometry": {"type": "Point", "coordinates": [121.3749025, 24.93585477]}}, {"type": "Feature", "properties": {"name": "致安藥師藥局", "address": "新北市三峽區中華路17號1樓", "phone": "02-26743418", "district": "三峽區"}, "geometry": {"type": "Point", "coordinates": [121.3731918, 24.93153597]}}, {"type": "Feature", "properties": {"name": "人來安藥局", "address": "新北市三峽區文化路266-5號", "phone": "02-26721199", "district": "三峽區"}, "geometry": {"type": "Point", "coordinates": [121.3661271, 24.93585663]}}, {"type": "Feature", "properties": {"name": "誠美藥局", "address": "新北市三峽區復興路106號1樓", "phone": "02-26718131", "district": "三峽區"}, "geometry": {"type": "Point", "coordinates": [121.3726659, 24.93780274]}}, {"type": "Feature", "properties": {"name": "民和藥局", "address": "新北市鶯歌區鶯桃路137號", "phone": "02-26705858", "district": "鶯歌區"}, "geometry": {"type": "Point", "coordinates": [121.3378371, 24.95475902]}}, {"type": "Feature", "properties": {"name": "邱藥局", "address": "新北市淡水區中山路27號", "phone": "02-26614225", "district": "淡水區"}, "geometry": {"type": "Point", "coordinates": [121.4439791, 25.17006456]}}, {"type": "Feature", "properties": {"name": "穎安中西大藥局", "address": "新北市汐止區樟樹一路135巷13號", "phone": "02-26412348", "district": "汐止區"}, "geometry": {"type": "Point", "coordinates": [121.6416358, 25.06546151]}}, {"type": "Feature", "properties": {"name": "醫有堂藥局", "address": "新北市石門區中山路32號-1", "phone": "02-26382836", "district": "石門區"}, "geometry": {"type": "Point", "coordinates": [121.5661747, 25.28998321]}}, {"type": "Feature", "properties": {"name": "玉盛藥局", "address": "新北市三芝區中山路2段30號", "phone": "02-26360697", "district": "三芝區"}, "geometry": {"type": "Point", "coordinates": [121.5028803, 25.25544971]}}, {"type": "Feature", "properties": {"name": "千代田藥局", "address": "新北市淡水區學府路九號1樓", "phone": "02-26210173", "district": "淡水區"}, "geometry": {"type": "Point", "coordinates": [121.4473891, 25.16809123]}}, {"type": "Feature", "properties": {"name": "龍米藥師藥局", "address": "新北市八里區龍形一街5號1樓", "phone": "02-26185812", "district": "八里區"}, "geometry": {"type": "Point", "coordinates": [121.4505847, 25.13045435]}}, {"type": "Feature", "properties": {"name": "榮新藥局", "address": "新北市林口區忠孝路383號1樓", "phone": "02-26089789", "district": "林口區"}, "geometry": {"type": "Point", "coordinates": [121.3695865, 25.07150551]}}, {"type": "Feature", "properties": {"name": "龍點藥局", "address": "新北市林口區民族路67號1樓", "phone": "02-26080636", "district": "林口區"}, "geometry": {"type": "Point", "coordinates": [121.3654948, 25.07532131]}}, {"type": "Feature", "properties": {"name": "安心藥局", "address": "新北市林口區文化二路1段577號1樓", "phone": "02-26029090", "district": "林口區"}, "geometry": {"type": "Point", "coordinates": [121.3760418, 25.0787131]}}, {"type": "Feature", "properties": {"name": "家弘藥局", "address": "新北市林口區竹林路172號1樓", "phone": "02-26024851", "district": "林口區"}, "geometry": {"type": "Point", "coordinates": [121.3890369, 25.07977408]}}, {"type": "Feature", "properties": {"name": "士昌藥局", "address": "新北市林口區工六路36號1樓", "phone": "02-26018863", "district": "林口區"}, "geometry": {"type": "Point", "coordinates": [121.4013566, 25.07659038]}}, {"type": "Feature", "properties": {"name": "金宏仁藥局", "address": "新北市金山區中山路190巷2號", "phone": "02-24982402", "district": "金山區"}, "geometry": {"type": "Point", "coordinates": [121.6381963, 25.22173575]}}, {"type": "Feature", "properties": {"name": "明生藥局", "address": "新北市瑞芳區明燈路3段37-36號", "phone": "02-24978577", "district": "瑞芳區"}, "geometry": {"type": "Point", "coordinates": [121.8069614, 25.10766388]}}, {"type": "Feature", "properties": {"name": "秀文藥局", "address": "新北市瑞芳區三爪子坑路218號", "phone": "02-24976910", "district": "瑞芳區"}, "geometry": {"type": "Point", "coordinates": [121.8058947, 25.10547899]}}, {"type": "Feature", "properties": {"name": "千泰藥局", "address": "新北市瑞芳區中正路63-1號", "phone": "02-24966347", "district": "瑞芳區"}, "geometry": {"type": "Point", "coordinates": [121.8063063, 25.10735226]}}, {"type": "Feature", "properties": {"name": "信芳藥局", "address": "新北市雙溪區中華路50號", "phone": "02-24931301", "district": "雙溪區"}, "geometry": {"type": "Point", "coordinates": [121.8659916, 25.03761074]}}, {"type": "Feature", "properties": {"name": "萬里藥局", "address": "新北市萬里區瑪鋉路90號", "phone": "02-24922235", "district": "萬里區"}, "geometry": {"type": "Point", "coordinates": [121.6903656, 25.17848069]}}, {"type": "Feature", "properties": {"name": "泰林中西藥局", "address": "新北市泰山區泰林路2段206號", "phone": "02-22978367", "district": "泰山區"}, "geometry": {"type": "Point", "coordinates": [121.4333435, 25.06143567]}}, {"type": "Feature", "properties": {"name": "重成藥局", "address": "新北市板橋區民族路267號", "phone": "02-22958969", "district": "板橋區"}, "geometry": {"type": "Point", "coordinates": [121.4706526, 25.00692869]}}, {"type": "Feature", "properties": {"name": "全安藥局", "address": "新北市新店區建國路119號1樓", "phone": "02-22926231", "district": "新店區"}, "geometry": {"type": "Point", "coordinates": [121.5397616, 24.97776858]}}, {"type": "Feature", "properties": {"name": "凌雲藥局", "address": "新北市五股區凌雲路1段73號2樓", "phone": "02-22919463", "district": "五股區"}, "geometry": {"type": "Point", "coordinates": [121.4509967, 25.10110789]}}, {"type": "Feature", "properties": {"name": "宏安藥局", "address": "新北市五股區成泰路2段136號", "phone": "02-22915932", "district": "五股區"}, "geometry": {"type": "Point", "coordinates": [121.4381659, 25.08369055]}}, {"type": "Feature", "properties": {"name": "永任藥局", "address": "新北市五股區水碓路9號1樓", "phone": "02-22911093", "district": "五股區"}, "geometry": {"type": "Point", "coordinates": [121.4336145, 25.07236016]}}, {"type": "Feature", "properties": {"name": "弘大藥局", "address": "新北市蘆洲區信義路2號", "phone": "02-22893949", "district": "蘆洲區"}, "geometry": {"type": "Point", "coordinates": [121.4734205, 25.07902861]}}, {"type": "Feature", "properties": {"name": "理方藥局", "address": "新北市蘆洲區長安街67號", "phone": "02-22893949", "district": "蘆洲區"}, "geometry": {"type": "Point", "coordinates": [121.4627839, 25.07986884]}}, {"type": "Feature", "properties": {"name": "謚安中西藥局", "address": "新北市蘆洲區永平街6號", "phone": "02-22893949", "district": "蘆洲區"}, "geometry": {"type": "Point", "coordinates": [121.4595555, 25.09054733]}}, {"type": "Feature", "properties": {"name": "成安藥局", "address": "新北市蘆洲區長安街257號1樓", "phone": "02-22892918", "district": "蘆洲區"}, "geometry": {"type": "Point", "coordinates": [121.4588049, 25.08351937]}}, {"type": "Feature", "properties": {"name": "玉美藥局", "address": "新北市三重區力行路2段136巷49弄2號", "phone": "02-22879836", "district": "三重區"}, "geometry": {"type": "Point", "coordinates": [121.4792905, 25.07518759]}}, {"type": "Feature", "properties": {"name": "仁安堂藥局", "address": "新北市三重區溪尾街220號", "phone": "02-22870278", "district": "三重區"}, "geometry": {"type": "Point", "coordinates": [121.4878508, 25.0815211]}}, {"type": "Feature", "properties": {"name": "全民藥局", "address": "新北市蘆洲區中山一路201、203號", "phone": "02-22837168", "district": "蘆洲區"}, "geometry": {"type": "Point", "coordinates": [121.4742567, 25.08099742]}}, {"type": "Feature", "properties": {"name": "松伯藥局", "address": "新北市蘆洲區中山二路2號", "phone": "02-22818160", "district": "蘆洲區"}, "geometry": {"type": "Point", "coordinates": [121.4756754, 25.0818542]}}, {"type": "Feature", "properties": {"name": "威良藥局", "address": "新北市蘆洲區中正路185巷34號1樓", "phone": "02-22817873", "district": "蘆洲區"}, "geometry": {"type": "Point", "coordinates": [121.4676824, 25.08511647]}}, {"type": "Feature", "properties": {"name": "南雅藥局", "address": "新北市板橋區南雅南路1段5巷22號", "phone": "02-22725358", "district": "板橋區"}, "geometry": {"type": "Point", "coordinates": [121.456334, 25.00531831]}}, {"type": "Feature", "properties": {"name": "一和藥局", "address": "新北市土城區中央路1段67-3號", "phone": "02-22634343", "district": "土城區"}, "geometry": {"type": "Point", "coordinates": [121.4478574, 24.9898681]}}, {"type": "Feature", "properties": {"name": "咸安藥局", "address": "新北市土城區明德路1段4號1樓", "phone": "02-22627434", "district": "土城區"}, "geometry": {"type": "Point", "coordinates": [121.464699, 24.98572882]}}, {"type": "Feature", "properties": {"name": "恒生中西藥局", "address": "新北市土城區中央路2段170號", "phone": "02-22603485", "district": "土城區"}, "geometry": {"type": "Point", "coordinates": [121.4418919, 24.97636626]}}, {"type": "Feature", "properties": {"name": "富盛藥局", "address": "新北市板橋區四維路291巷4弄24號1樓", "phone": "02-22596016", "district": "板橋區"}, "geometry": {"type": "Point", "coordinates": [121.4621912, 25.02879181]}}, {"type": "Feature", "properties": {"name": "力康藥局", "address": "新北市板橋區陽明街108號", "phone": "02-22589353", "district": "板橋區"}, "geometry": {"type": "Point", "coordinates": [121.4640444, 25.02336465]}}, {"type": "Feature", "properties": {"name": "佳和藥局", "address": "新北市板橋區文化路1段387巷5號1樓", "phone": "02-22582034", "district": "板橋區"}, "geometry": {"type": "Point", "coordinates": [121.4666764, 25.02193514]}}, {"type": "Feature", "properties": {"name": "全曜藥局", "address": "新北市板橋區民權路260巷62號", "phone": "02-22575417", "district": "板橋區"}, "geometry": {"type": "Point", "coordinates": [121.4602948, 25.01494565]}}, {"type": "Feature", "properties": {"name": "振民藥局", "address": "新北市板橋區四維路269巷92號", "phone": "02-22572955", "district": "板橋區"}, "geometry": {"type": "Point", "coordinates": [121.4596171, 25.02666164]}}, {"type": "Feature", "properties": {"name": "安聯藥局", "address": "新北市板橋區宏國路113號1樓", "phone": "02-22569079", "district": "板橋區"}, "geometry": {"type": "Point", "coordinates": [121.4704122, 25.03206755]}}, {"type": "Feature", "properties": {"name": "晨恩藥局", "address": "新北市板橋區文化路1段216號1樓", "phone": "02-22567200", "district": "板橋區"}, "geometry": {"type": "Point", "coordinates": [121.4665705, 25.02026897]}}, {"type": "Feature", "properties": {"name": "欣民藥局", "address": "新北市板橋區雙十路3段39號", "phone": "02-22545938", "district": "板橋區"}, "geometry": {"type": "Point", "coordinates": [121.4705746, 25.03167768]}}, {"type": "Feature", "properties": {"name": "進發大藥局", "address": "新北市板橋區民治街101號", "phone": "02-22528361", "district": "板橋區"}, "geometry": {"type": "Point", "coordinates": [121.4790276, 25.031499]}}, {"type": "Feature", "properties": {"name": "成合藥局", "address": "新北市中和區景平路429-2號1樓", "phone": "02-22483605", "district": "中和區"}, "geometry": {"type": "Point", "coordinates": [121.5013896, 24.99536946]}}, {"type": "Feature", "properties": {"name": "三德和藥局", "address": "新北市中和區吉興里南山路289號1樓", "phone": "02-22471028", "district": "中和區"}, "geometry": {"type": "Point", "coordinates": [121.5044142, 24.99207414]}}, {"type": "Feature", "properties": {"name": "三華藥局", "address": "新北市中和區中正路124號1樓", "phone": "02-22470928", "district": "中和區"}, "geometry": {"type": "Point", "coordinates": [121.4997161, 24.99385359]}}, {"type": "Feature", "properties": {"name": "喬登藥局", "address": "新北市中和區景平路697號1樓", "phone": "02-22470273", "district": "中和區"}, "geometry": {"type": "Point", "coordinates": [121.4964593, 25.00336851]}}, {"type": "Feature", "properties": {"name": "中和光田藥局", "address": "新北市中和區連城路48號", "phone": "02-22459602", "district": "中和區"}, "geometry": {"type": "Point", "coordinates": [121.4981708, 25.00195519]}}, {"type": "Feature", "properties": {"name": "恩溢藥局", "address": "新北市中和區復興路79號1、2樓", "phone": "02-22452450", "district": "中和區"}, "geometry": {"type": "Point", "coordinates": [121.5035062, 24.99020228]}}, {"type": "Feature", "properties": {"name": "祥田藥局", "address": "新北市中和區圓通路236號", "phone": "02-22452293", "district": "中和區"}, "geometry": {"type": "Point", "coordinates": [121.4948154, 24.99267801]}}, {"type": "Feature", "properties": {"name": "真成大藥局", "address": "新北市中和區光華街38號", "phone": "02-22447008", "district": "中和區"}, "geometry": {"type": "Point", "coordinates": [121.5048418, 25.00388713]}}, {"type": "Feature", "properties": {"name": "詠邑藥局", "address": "新北市中和區南華路43號1樓", "phone": "02-22445630", "district": "中和區"}, "geometry": {"type": "Point", "coordinates": [121.5037705, 24.99671179]}}, {"type": "Feature", "properties": {"name": "以法蓮藥局", "address": "新北市中和區中興街154號1樓", "phone": "02-22438983", "district": "中和區"}, "geometry": {"type": "Point", "coordinates": [121.4997843, 24.99185581]}}, {"type": "Feature", "properties": {"name": "群芳藥局", "address": "新北市中和區和興里中興街73號1樓", "phone": "02-22433729", "district": "中和區"}, "geometry": {"type": "Point", "coordinates": [121.5003486, 24.99323531]}}, {"type": "Feature", "properties": {"name": "皇秦大藥局", "address": "新北市中和區中山路3段39-1號1樓", "phone": "02-22269636", "district": "中和區"}, "geometry": {"type": "Point", "coordinates": [121.4776194, 25.00531458]}}, {"type": "Feature", "properties": {"name": "坤暉藥局", "address": "新北市中和區中山路3段94號2樓", "phone": "02-22269381", "district": "中和區"}, "geometry": {"type": "Point", "coordinates": [121.4774819, 25.00578725]}}, {"type": "Feature", "properties": {"name": "聯邦藥局", "address": "新北市土城區立德路91號", "phone": "02-22265907", "district": "土城區"}, "geometry": {"type": "Point", "coordinates": [121.4630413, 24.98783744]}}, {"type": "Feature", "properties": {"name": "心樂藥局", "address": "新北市中和區新生街46號2樓", "phone": "02-22260962", "district": "中和區"}, "geometry": {"type": "Point", "coordinates": [121.4831671, 25.00323511]}}, {"type": "Feature", "properties": {"name": "銓家藥局", "address": "新北市中和區員山路319號1-2樓", "phone": "02-22257728", "district": "中和區"}, "geometry": {"type": "Point", "coordinates": [121.4811525, 25.00059649]}}, {"type": "Feature", "properties": {"name": "杏元藥局", "address": "新北市中和區員山路172號1樓", "phone": "02-22236868", "district": "中和區"}, "geometry": {"type": "Point", "coordinates": [121.4813846, 24.99994243]}}, {"type": "Feature", "properties": {"name": "詠安藥局", "address": "新北市中和區員山路150-8號1樓", "phone": "02-22231606", "district": "中和區"}, "geometry": {"type": "Point", "coordinates": [121.4809959, 24.99632936]}}, {"type": "Feature", "properties": {"name": "立健藥局", "address": "新北市中和區連城路317號1樓", "phone": "02-22230614", "district": "中和區"}, "geometry": {"type": "Point", "coordinates": [121.4892405, 24.99607455]}}, {"type": "Feature", "properties": {"name": "民樂健保藥局", "address": "新北市中和區員山路226巷3弄5號1樓", "phone": "02-22228999", "district": "中和區"}, "geometry": {"type": "Point", "coordinates": [121.4816928, 25.00101994]}}, {"type": "Feature", "properties": {"name": "昌順藥局", "address": "新北市新店區安康路3段265號", "phone": "02-22156798", "district": "新店區"}, "geometry": {"type": "Point", "coordinates": [121.4865139, 24.95172653]}}, {"type": "Feature", "properties": {"name": "瑞欣藥局", "address": "新北市新店區吉安街33號", "phone": "02-22112723", "district": "新店區"}, "geometry": {"type": "Point", "coordinates": [121.5159431, 24.96593671]}}, {"type": "Feature", "properties": {"name": "祐全大藥局", "address": "新北市新莊區建安街88號1樓", "phone": "02-22051220", "district": "新莊區"}, "geometry": {"type": "Point", "coordinates": [121.4262428, 25.02422904]}}, {"type": "Feature", "properties": {"name": "民安藥局", "address": "新北市新莊區民安路232號", "phone": "02-22038910", "district": "新莊區"}, "geometry": {"type": "Point", "coordinates": [121.4261504, 25.02232374]}}, {"type": "Feature", "properties": {"name": "佑仁藥師藥局", "address": "新北市新莊區四維路137號", "phone": "02-22026747", "district": "新莊區"}, "geometry": {"type": "Point", "coordinates": [121.4228464, 25.02239627]}}, {"type": "Feature", "properties": {"name": "快樂藥局", "address": "新北市新莊區中正路243-1號1至2樓", "phone": "02-93215664", "district": "新莊區"}, "geometry": {"type": "Point", "coordinates": [121.4504549, 25.03557524]}}, {"type": "Feature", "properties": {"name": "日光藥局", "address": "新北市新莊區中港路404號1樓", "phone": "02-89937296", "district": "新莊區"}, "geometry": {"type": "Point", "coordinates": [121.4522708, 25.05002969]}}, {"type": "Feature", "properties": {"name": "力源藥局", "address": "新北市新莊區復興路2段133號1樓", "phone": "02-89929919", "district": "新莊區"}, "geometry": {"type": "Point", "coordinates": [121.4571647, 25.04451586]}}, {"type": "Feature", "properties": {"name": "家嘉藥局", "address": "新北市新莊區自立街103號1樓", "phone": "02-89926488", "district": "新莊區"}, "geometry": {"type": "Point", "coordinates": [121.4553128, 25.04549323]}}, {"type": "Feature", "properties": {"name": "福華藥局", "address": "新北市新莊區復興路2段109號", "phone": "02-89917390", "district": "新莊區"}, "geometry": {"type": "Point", "coordinates": [121.4563176, 25.04448621]}}, {"type": "Feature", "properties": {"name": "臻善美藥局", "address": "新北市新莊區幸福路786號1樓", "phone": "02-89914303", "district": "新莊區"}, "geometry": {"type": "Point", "coordinates": [121.4467268, 25.04918896]}}, {"type": "Feature", "properties": {"name": "成立藥局", "address": "新北市三重區正義北路310-1號2樓", "phone": "02-89852355", "district": "三重區"}, "geometry": {"type": "Point", "coordinates": [121.4951282, 25.07000038]}}, {"type": "Feature", "properties": {"name": "聯鑫藥師藥局", "address": "新北市三重區正義北路269號", "phone": "02-89829880", "district": "三重區"}, "geometry": {"type": "Point", "coordinates": [121.4954291, 25.07004649]}}, {"type": "Feature", "properties": {"name": "美滿藥局", "address": "新北市三重區中華路16號", "phone": "02-89824272", "district": "三重區"}, "geometry": {"type": "Point", "coordinates": [121.4833531, 25.06060366]}}, {"type": "Feature", "properties": {"name": "正大藥局", "address": "新北市三重區五華街39號", "phone": "02-89815931", "district": "三重區"}, "geometry": {"type": "Point", "coordinates": [121.4945434, 25.08105838]}}, {"type": "Feature", "properties": {"name": "烈委藥局", "address": "新北市三重區五華街132號", "phone": "02-89812846", "district": "三重區"}, "geometry": {"type": "Point", "coordinates": [121.4916125, 25.08360208]}}, {"type": "Feature", "properties": {"name": "誠泰藥師藥局", "address": "新北市三重區重新路3段102號", "phone": "02-89721125", "district": "三重區"}, "geometry": {"type": "Point", "coordinates": [121.4926601, 25.06045466]}}, {"type": "Feature", "properties": {"name": "良方藥局", "address": "新北市土城區廣明街23巷24號1樓", "phone": "02-89661161", "district": "土城區"}, "geometry": {"type": "Point", "coordinates": [121.454739, 24.99229025]}}, {"type": "Feature", "properties": {"name": "泰泰健保藥局", "address": "新北市中和區德光路97號", "phone": "02-89642049", "district": "中和區"}, "geometry": {"type": "Point", "coordinates": [121.4685372, 25.00329333]}}, {"type": "Feature", "properties": {"name": "人民藥局", "address": "新北市板橋區仁愛路59號", "phone": "02-89533956", "district": "板橋區"}, "geometry": {"type": "Point", "coordinates": [121.4604469, 24.99965499]}}, {"type": "Feature", "properties": {"name": "健全藥局", "address": "新北市板橋區實踐路125號1樓", "phone": "02-89533330", "district": "板橋區"}, "geometry": {"type": "Point", "coordinates": [121.4642013, 25.00487846]}}, {"type": "Feature", "properties": {"name": "民德藥局", "address": "新北市中和區民德路61-1號1樓", "phone": "02-89514746", "district": "中和區"}, "geometry": {"type": "Point", "coordinates": [121.4689958, 25.00162669]}}, {"type": "Feature", "properties": {"name": "德和便利藥局", "address": "新北市永和區得和路192號", "phone": "02-89431417", "district": "永和區"}, "geometry": {"type": "Point", "coordinates": [121.520114, 24.99996929]}}, {"type": "Feature", "properties": {"name": "億華藥局", "address": "新北市中和區景安路157號", "phone": "02-89421993", "district": "中和區"}, "geometry": {"type": "Point", "coordinates": [121.505427, 24.99474838]}}, {"type": "Feature", "properties": {"name": "安安藥局", "address": "新北市永和區竹林路203號1樓", "phone": "02-89263651", "district": "永和區"}, "geometry": {"type": "Point", "coordinates": [121.520749, 25.00907618]}}, {"type": "Feature", "properties": {"name": "立安藥局", "address": "新北市永和區永和路2段203號1樓", "phone": "02-89211786", "district": "永和區"}, "geometry": {"type": "Point", "coordinates": [121.5153265, 25.01366619]}}, {"type": "Feature", "properties": {"name": "博輝藥局", "address": "新北市永和區中興街60號1樓", "phone": "02-89211766", "district": "永和區"}, "geometry": {"type": "Point", "coordinates": [121.5170558, 25.01161906]}}, {"type": "Feature", "properties": {"name": "康宜庭北新藥局", "address": "新北市新店區北新路2段43號1樓", "phone": "02-89147015", "district": "新店區"}, "geometry": {"type": "Point", "coordinates": [121.5427557, 24.97285061]}}, {"type": "Feature", "properties": {"name": "倍思特藥局", "address": "新北市新店區中興路2段239號2樓", "phone": "02-89116159", "district": "新店區"}, "geometry": {"type": "Point", "coordinates": [121.5473044, 24.9752762]}}, {"type": "Feature", "properties": {"name": "池佑藥局", "address": "新北市淡水區民族路46號", "phone": "02-88093531", "district": "淡水區"}, "geometry": {"type": "Point", "coordinates": [121.4615538, 25.13608623]}}, {"type": "Feature", "properties": {"name": "福多藥局", "address": "新北市汐止區福德二路60號1樓", "phone": "02-86933368", "district": "汐止區"}, "geometry": {"type": "Point", "coordinates": [121.6337881, 25.06702953]}}, {"type": "Feature", "properties": {"name": "汐心藥局", "address": "新北市汐止區福德一路150號", "phone": "02-86932859", "district": "汐止區"}, "geometry": {"type": "Point", "coordinates": [121.6365546, 25.06687373]}}, {"type": "Feature", "properties": {"name": "康元中西綜合藥局", "address": "新北市汐止區大同路2段219號", "phone": "02-86923648", "district": "汐止區"}, "geometry": {"type": "Point", "coordinates": [121.6528629, 25.06489874]}}, {"type": "Feature", "properties": {"name": "唯新示範藥局", "address": "新北市鶯歌區建國路161號", "phone": "02-86775363", "district": "鶯歌區"}, "geometry": {"type": "Point", "coordinates": [121.3503233, 24.95344668]}}, {"type": "Feature", "properties": {"name": "康廷安藥局", "address": "新北市中和區大勇街16號1樓", "phone": "02-86683599", "district": "中和區"}, "geometry": {"type": "Point", "coordinates": [121.5172524, 24.99277117]}}, {"type": "Feature", "properties": {"name": "順和藥局", "address": "新北市永和區中正路75號1樓", "phone": "02-86680362", "district": "永和區"}, "geometry": {"type": "Point", "coordinates": [121.5149316, 24.9968753]}}, {"type": "Feature", "properties": {"name": "家得福藥局", "address": "新北市新店區安康路1段123號1樓", "phone": "02-86660991", "district": "新店區"}, "geometry": {"type": "Point", "coordinates": [121.5282234, 24.96174511]}}, {"type": "Feature", "properties": {"name": "富康藥局", "address": "新北市汐止區忠孝東路459號1樓", "phone": "02-86481302", "district": "汐止區"}, "geometry": {"type": "Point", "coordinates": [121.6660068, 25.07265369]}}, {"type": "Feature", "properties": {"name": "再興藥局", "address": "新北市汐止區茄苳路37號", "phone": "02-86478860", "district": "汐止區"}, "geometry": {"type": "Point", "coordinates": [121.6655649, 25.07099555]}}, {"type": "Feature", "properties": {"name": "汐止仁德藥局", "address": "新北市汐止區仁愛路113巷22號1樓", "phone": "02-86462139", "district": "汐止區"}, "geometry": {"type": "Point", "coordinates": [121.6619125, 25.06426413]}}, {"type": "Feature", "properties": {"name": "滿益藥局", "address": "新北市汐止區仁愛路130號1樓", "phone": "02-86421562", "district": "汐止區"}, "geometry": {"type": "Point", "coordinates": [121.6632204, 25.06396612]}}, {"type": "Feature", "properties": {"name": "三芝藥師藥局", "address": "新北市三芝區中正路1段43號1樓", "phone": "02-86353982", "district": "三芝區"}, "geometry": {"type": "Point", "coordinates": [121.5031753, 25.25815976]}}, {"type": "Feature", "properties": {"name": "安禾藥局", "address": "新北市林口區中山路534號1樓", "phone": "02-86012205", "district": "林口區"}, "geometry": {"type": "Point", "coordinates": [121.3784993, 25.08369455]}}, {"type": "Feature", "properties": {"name": "化成藥局", "address": "新北市新莊區化成路740號1樓", "phone": "02-85219099", "district": "新莊區"}, "geometry": {"type": "Point", "coordinates": [121.4656452, 25.05747651]}}, {"type": "Feature", "properties": {"name": "德心藥局", "address": "新北市三重區三和路4段324號", "phone": "02-82878086", "district": "三重區"}, "geometry": {"type": "Point", "coordinates": [121.4837622, 25.07811203]}}, {"type": "Feature", "properties": {"name": "長榮大藥局", "address": "新北市蘆洲區長榮路51號", "phone": "02-82863837", "district": "蘆洲區"}, "geometry": {"type": "Point", "coordinates": [121.4625774, 25.08306727]}}, {"type": "Feature", "properties": {"name": "福您安中西藥局", "address": "新北市蘆洲區長安街246巷6號1樓", "phone": "02-82858322", "district": "蘆洲區"}, "geometry": {"type": "Point", "coordinates": [121.4579521, 25.08615391]}}, {"type": "Feature", "properties": {"name": "杏昌藥局", "address": "新北市蘆洲區民族路86號1樓", "phone": "02-82831985", "district": "蘆洲區"}, "geometry": {"type": "Point", "coordinates": [121.477829, 25.08489745]}}, {"type": "Feature", "properties": {"name": "達特藥局", "address": "新北市蘆洲區復興路62號", "phone": "02-82825004", "district": "蘆洲區"}, "geometry": {"type": "Point", "coordinates": [121.4746304, 25.08628673]}}, {"type": "Feature", "properties": {"name": "善淳藥師藥局", "address": "新北市土城區福仁街19號1樓、B1樓", "phone": "02-82627371", "district": "土城區"}, "geometry": {"type": "Point", "coordinates": [121.4405519, 24.97625626]}}, {"type": "Feature", "properties": {"name": "富柏大藥局", "address": "新北市土城區水源街22號1樓", "phone": "02-82626815", "district": "土城區"}, "geometry": {"type": "Point", "coordinates": [121.4411619, 24.97534625]}}, {"type": "Feature", "properties": {"name": "立新藥局", "address": "新北市土城區光明街5號1樓", "phone": "02-82626111", "district": "土城區"}, "geometry": {"type": "Point", "coordinates": [121.4420909, 24.97475427]}}, {"type": "Feature", "properties": {"name": "宏奇藥局", "address": "新北市土城區延吉街126號1樓", "phone": "02-82619585", "district": "土城區"}, "geometry": {"type": "Point", "coordinates": [121.4695124, 24.98586399]}}, {"type": "Feature", "properties": {"name": "宏林藥局", "address": "新北市土城區裕民路134號1樓", "phone": "02-82615919", "district": "土城區"}, "geometry": {"type": "Point", "coordinates": [121.4514933, 24.98621891]}}, {"type": "Feature", "properties": {"name": "佳佳藥局", "address": "新北市土城區中央路2段223-9號2樓", "phone": "02-82614558", "district": "土城區"}, "geometry": {"type": "Point", "coordinates": [121.4419119, 24.97529626]}}, {"type": "Feature", "properties": {"name": "正陽藥師藥局", "address": "新北市中和區連城路354號1樓", "phone": "02-82287336", "district": "中和區"}, "geometry": {"type": "Point", "coordinates": [121.4821749, 24.99556546]}}, {"type": "Feature", "properties": {"name": "錦和藥局", "address": "新北市中和區錦和路164號1樓", "phone": "02-82282296", "district": "中和區"}, "geometry": {"type": "Point", "coordinates": [121.4898316, 24.99585262]}}, {"type": "Feature", "properties": {"name": "家嘉藥局", "address": "新北市中和區員山路377號", "phone": "02-82281368", "district": "中和區"}, "geometry": {"type": "Point", "coordinates": [121.4811427, 25.00237065]}}, {"type": "Feature", "properties": {"name": "橘子藥局", "address": "新北市永和區仁愛路298號1樓", "phone": "02-32330390", "district": "永和區"}, "geometry": {"type": "Point", "coordinates": [121.5034816, 25.00808459]}}, {"type": "Feature", "properties": {"name": "宏福藥局", "address": "新北市新莊區自信街55號1樓", "phone": "02-29985225", "district": "新莊區"}, "geometry": {"type": "Point", "coordinates": [121.4549885, 25.04831363]}}, {"type": "Feature", "properties": {"name": "翔昱健保藥局", "address": "新北市新莊區中港路120號", "phone": "02-29983056", "district": "新莊區"}, "geometry": {"type": "Point", "coordinates": [121.4553632, 25.04019677]}}, {"type": "Feature", "properties": {"name": "朝陽藥局", "address": "新北市新莊區新泰路148號2樓", "phone": "02-29983020", "district": "新莊區"}, "geometry": {"type": "Point", "coordinates": [121.4478205, 25.03731288]}}, {"type": "Feature", "properties": {"name": "惠欣藥局", "address": "新北市新莊區建中街72-1號1樓", "phone": "02-29978962", "district": "新莊區"}, "geometry": {"type": "Point", "coordinates": [121.4475179, 25.03701639]}}, {"type": "Feature", "properties": {"name": "新莊大藥局", "address": "新北市新莊區福壽街134號", "phone": "02-29978268", "district": "新莊區"}, "geometry": {"type": "Point", "coordinates": [121.4577771, 25.05171828]}}, {"type": "Feature", "properties": {"name": "冠昌藥局", "address": "新北市新莊區中誠街140號", "phone": "02-29975009", "district": "新莊區"}, "geometry": {"type": "Point", "coordinates": [121.4488403, 25.04759748]}}, {"type": "Feature", "properties": {"name": "中信藥師藥局", "address": "新北市新莊區中信街80號1樓", "phone": "02-29969811", "district": "新莊區"}, "geometry": {"type": "Point", "coordinates": [121.4479873, 25.05311133]}}, {"type": "Feature", "properties": {"name": "詠祥藥局", "address": "新北市新莊區新泰路502巷52號", "phone": "02-29965498", "district": "新莊區"}, "geometry": {"type": "Point", "coordinates": [121.4442761, 25.04642912]}}, {"type": "Feature", "properties": {"name": "宏泰藥局", "address": "新北市新莊區自信街37號1樓", "phone": "02-29964649", "district": "新莊區"}, "geometry": {"type": "Point", "coordinates": [121.4543458, 25.04863327]}}, {"type": "Feature", "properties": {"name": "明亮藥局", "address": "新北市新莊區幸福路511號1樓", "phone": "02-29962671", "district": "新莊區"}, "geometry": {"type": "Point", "coordinates": [121.4558784, 25.04929026]}}, {"type": "Feature", "properties": {"name": "大重仁藥局", "address": "新北市三重區重新路5段592號1樓", "phone": "02-29958283", "district": "三重區"}, "geometry": {"type": "Point", "coordinates": [121.4694126, 25.0453916]}}, {"type": "Feature", "properties": {"name": "新佑康健保藥局", "address": "新北市新莊區中華路1段46號1樓", "phone": "02-29947490", "district": "新莊區"}, "geometry": {"type": "Point", "coordinates": [121.4520994, 25.03800131]}}, {"type": "Feature", "properties": {"name": "聯盟藥局", "address": "新北市新莊區中港路267巷1號1樓", "phone": "02-29941168", "district": "新莊區"}, "geometry": {"type": "Point", "coordinates": [121.4534888, 25.04339798]}}, {"type": "Feature", "properties": {"name": "大方藥局", "address": "新北市新莊區中平路89號1樓", "phone": "02-29938881", "district": "新莊區"}, "geometry": {"type": "Point", "coordinates": [121.4446768, 25.04602013]}}, {"type": "Feature", "properties": {"name": "宏昌藥局", "address": "新北市新莊區新莊路120號", "phone": "02-29934156", "district": "新莊區"}, "geometry": {"type": "Point", "coordinates": [121.4559725, 25.03607673]}}, {"type": "Feature", "properties": {"name": "王藥局", "address": "新北市新莊區昌盛街38號", "phone": "02-29922404", "district": "新莊區"}, "geometry": {"type": "Point", "coordinates": [121.4543759, 25.04987755]}}, {"type": "Feature", "properties": {"name": "蘇藥局", "address": "新北市新莊區中平路6巷37號", "phone": "02-29917818", "district": "新莊區"}, "geometry": {"type": "Point", "coordinates": [121.4460253, 25.04283499]}}, {"type": "Feature", "properties": {"name": "二安藥局", "address": "新北市新莊區中港路65號", "phone": "02-29914527", "district": "新莊區"}, "geometry": {"type": "Point", "coordinates": [121.4553404, 25.03862269]}}, {"type": "Feature", "properties": {"name": "喜來樂中西藥局", "address": "新北市新莊區昌平街20號1樓", "phone": "02-29912068", "district": "新莊區"}, "geometry": {"type": "Point", "coordinates": [121.4548897, 25.05279562]}}, {"type": "Feature", "properties": {"name": "家安藥局", "address": "新北市新莊區昌明街38-1號", "phone": "02-29911764", "district": "新莊區"}, "geometry": {"type": "Point", "coordinates": [121.4564946, 25.05237086]}}, {"type": "Feature", "properties": {"name": "新川藥局", "address": "新北市新莊區幸福路90號及92號1樓", "phone": "02-29910407", "district": "新莊區"}, "geometry": {"type": "Point", "coordinates": [121.4562276, 25.04947941]}}, {"type": "Feature", "properties": {"name": "環球藥局", "address": "新北市新莊區中港路436號1、2樓", "phone": "02-29901934", "district": "新莊區"}, "geometry": {"type": "Point", "coordinates": [121.451994, 25.05105409]}}, {"type": "Feature", "properties": {"name": "微笑埔銓藥局", "address": "新北市新莊區中平路77號", "phone": "02-29901680", "district": "新莊區"}, "geometry": {"type": "Point", "coordinates": [121.4446891, 25.04507178]}}, {"type": "Feature", "properties": {"name": "樂寶兒藥局", "address": "新北市新莊區中正路82-2號1樓", "phone": "02-29900185", "district": "新莊區"}, "geometry": {"type": "Point", "coordinates": [121.457849, 25.03777177]}}, {"type": "Feature", "properties": {"name": "聖安藥局", "address": "新北市三重區自強路2段48號", "phone": "02-29899576", "district": "三重區"}, "geometry": {"type": "Point", "coordinates": [121.4889562, 25.06956243]}}, {"type": "Feature", "properties": {"name": "聖泰藥局", "address": "新北市三重區仁義街229號", "phone": "02-29899187", "district": "三重區"}, "geometry": {"type": "Point", "coordinates": [121.4965142, 25.08228316]}}, {"type": "Feature", "properties": {"name": "興安藥局", "address": "新北市三重區正義北路275-1號", "phone": "02-29898140", "district": "三重區"}, "geometry": {"type": "Point", "coordinates": [121.4953091, 25.07020216]}}, {"type": "Feature", "properties": {"name": "合眾藥局", "address": "新北市三重區文化北路102巷39號", "phone": "02-29897379", "district": "三重區"}, "geometry": {"type": "Point", "coordinates": [121.4972461, 25.06597294]}}, {"type": "Feature", "properties": {"name": "禮隆藥局", "address": "新北市三重區自強路4段6４號", "phone": "02-29894735", "district": "三重區"}, "geometry": {"type": "Point", "coordinates": [121.4901302, 25.07852945]}}, {"type": "Feature", "properties": {"name": "向上藥局", "address": "新北市三重區正義北路191號2樓", "phone": "02-29883398", "district": "三重區"}, "geometry": {"type": "Point", "coordinates": [121.4963181, 25.06806868]}}, {"type": "Feature", "properties": {"name": "開元藥局", "address": "新北市三重區正義北路324號2樓", "phone": "02-29873976", "district": "三重區"}, "geometry": {"type": "Point", "coordinates": [121.4948622, 25.07038823]}}, {"type": "Feature", "properties": {"name": "禾華藥局", "address": "新北市三重區自強路5段8號1樓", "phone": "02-29871888", "district": "三重區"}, "geometry": {"type": "Point", "coordinates": [121.4921718, 25.08043711]}}, {"type": "Feature", "properties": {"name": "德河藥局", "address": "新北市三重區自強路1段320號", "phone": "02-29869850", "district": "三重區"}, "geometry": {"type": "Point", "coordinates": [121.4909963, 25.06852867]}}, {"type": "Feature", "properties": {"name": "匯豐藥局", "address": "新北市三重區大榮街50號", "phone": "02-29862127", "district": "三重區"}, "geometry": {"type": "Point", "coordinates": [121.4990816, 25.06363297]}}, {"type": "Feature", "properties": {"name": "松泰藥師藥局", "address": "新北市三重區大同北路65號", "phone": "02-29859593", "district": "三重區"}, "geometry": {"type": "Point", "coordinates": [121.4951545, 25.06356637]}}, {"type": "Feature", "properties": {"name": "優達藥局", "address": "新北市三重區大智街108號1樓", "phone": "02-29859159", "district": "三重區"}, "geometry": {"type": "Point", "coordinates": [121.4931899, 25.06667477]}}, {"type": "Feature", "properties": {"name": "力健藥局", "address": "新北市三重區自強路3段38號", "phone": "02-29856255", "district": "三重區"}, "geometry": {"type": "Point", "coordinates": [121.4867746, 25.07266396]}}, {"type": "Feature", "properties": {"name": "名成藥局", "address": "新北市三重區力行路1段182號", "phone": "02-29847828", "district": "三重區"}, "geometry": {"type": "Point", "coordinates": [121.4819506, 25.07160116]}}, {"type": "Feature", "properties": {"name": "德林藥局", "address": "新北市三重區中正北路572號", "phone": "02-29832019", "district": "三重區"}, "geometry": {"type": "Point", "coordinates": [121.4705142, 25.07205255]}}, {"type": "Feature", "properties": {"name": "三民藥師藥局", "address": "新北市三重區三民街134號", "phone": "02-29829328", "district": "三重區"}, "geometry": {"type": "Point", "coordinates": [121.482829, 25.065031]}}, {"type": "Feature", "properties": {"name": "佑民藥局", "address": "新北市三重區頂崁街211號", "phone": "02-29827022", "district": "三重區"}, "geometry": {"type": "Point", "coordinates": [121.4772853, 25.06778276]}}, {"type": "Feature", "properties": {"name": "江村藥局", "address": "新北市三重區重新路3段9號1樓", "phone": "02-29821515", "district": "三重區"}, "geometry": {"type": "Point", "coordinates": [121.4952753, 25.06164763]}}, {"type": "Feature", "properties": {"name": "福昌大藥局", "address": "新北市三重區溪尾街205號", "phone": "02-29814337", "district": "三重區"}, "geometry": {"type": "Point", "coordinates": [121.488595, 25.08080569]}}, {"type": "Feature", "properties": {"name": "祥順藥局", "address": "新北市三重區名源街20號1樓", "phone": "02-29811571", "district": "三重區"}, "geometry": {"type": "Point", "coordinates": [121.4819466, 25.06052845]}}, {"type": "Feature", "properties": {"name": "久洲藥局", "address": "新北市三重區長元街51-9號", "phone": "02-29791679", "district": "三重區"}, "geometry": {"type": "Point", "coordinates": [121.499886, 25.06595345]}}, {"type": "Feature", "properties": {"name": "承都藥局", "address": "新北市三重區中央南路44號1樓", "phone": "02-29785989", "district": "三重區"}, "geometry": {"type": "Point", "coordinates": [121.5014413, 25.06202142]}}, {"type": "Feature", "properties": {"name": "文慶藥局", "address": "新北市三重區泉州街78號", "phone": "02-29783154", "district": "三重區"}, "geometry": {"type": "Point", "coordinates": [121.4947579, 25.05457487]}}, {"type": "Feature", "properties": {"name": "東裕藥局", "address": "新北市三重區重新路4段122號", "phone": "02-29773255", "district": "三重區"}, "geometry": {"type": "Point", "coordinates": [121.4870126, 25.05652177]}}, {"type": "Feature", "properties": {"name": "甜心健康生活藥局", "address": "新北市三重區福祉里集美街45號1樓", "phone": "02-29762223", "district": "三重區"}, "geometry": {"type": "Point", "coordinates": [121.4880311, 25.05542135]}}, {"type": "Feature", "properties": {"name": "佳仁藥局", "address": "新北市三重區大同南路76號", "phone": "02-29759141", "district": "三重區"}, "geometry": {"type": "Point", "coordinates": [121.4961672, 25.05931645]}}, {"type": "Feature", "properties": {"name": "久泰藥局", "address": "新北市三重區仁愛街36號", "phone": "02-29751735", "district": "三重區"}, "geometry": {"type": "Point", "coordinates": [121.4963544, 25.07192612]}}, {"type": "Feature", "properties": {"name": "博安藥局", "address": "新北市三重區正義南路32號", "phone": "02-29751590", "district": "三重區"}, "geometry": {"type": "Point", "coordinates": [121.4982257, 25.06116966]}}, {"type": "Feature", "properties": {"name": "豐安藥局", "address": "新北市三重區三和路2段154巷18號1樓", "phone": "02-29746701", "district": "三重區"}, "geometry": {"type": "Point", "coordinates": [121.4984399, 25.06819523]}}, {"type": "Feature", "properties": {"name": "德慈藥局", "address": "新北市三重區重新路3段16號1樓", "phone": "02-29736693", "district": "三重區"}, "geometry": {"type": "Point", "coordinates": [121.4951251, 25.06137745]}}, {"type": "Feature", "properties": {"name": "仁厚藥局", "address": "新北市三重區仁賢街34號", "phone": "02-29736625", "district": "三重區"}, "geometry": {"type": "Point", "coordinates": [121.496516, 25.07495808]}}, {"type": "Feature", "properties": {"name": "吉本藥局", "address": "新北市三重區大同南路156號", "phone": "02-29736043", "district": "三重區"}, "geometry": {"type": "Point", "coordinates": [121.4965872, 25.05767156]}}, {"type": "Feature", "properties": {"name": "忠信藥局", "address": "新北市三重區仁興街32號", "phone": "02-29730020", "district": "三重區"}, "geometry": {"type": "Point", "coordinates": [121.4990712, 25.07552358]}}, {"type": "Feature", "properties": {"name": "義榮藥局", "address": "新北市三重區三和路2段142號1樓", "phone": "02-29727598", "district": "三重區"}, "geometry": {"type": "Point", "coordinates": [121.4995403, 25.06825423]}}, {"type": "Feature", "properties": {"name": "鴻成藥局", "address": "新北市三重區同安街113號", "phone": "02-29727025", "district": "三重區"}, "geometry": {"type": "Point", "coordinates": [121.4942653, 25.05639902]}}, {"type": "Feature", "properties": {"name": "吳廣隆藥局", "address": "新北市三重區長壽西街5-1號", "phone": "02-29715020", "district": "三重區"}, "geometry": {"type": "Point", "coordinates": [121.498021, 25.06765328]}}, {"type": "Feature", "properties": {"name": "建宏藥局", "address": "新北市三重區名源街16號", "phone": "02-29714533", "district": "三重區"}, "geometry": {"type": "Point", "coordinates": [121.4818989, 25.0606509]}}, {"type": "Feature", "properties": {"name": "國光藥師藥局", "address": "新北市板橋區國光路172號1樓", "phone": "02-29698217", "district": "板橋區"}, "geometry": {"type": "Point", "coordinates": [121.4604916, 25.01824649]}}, {"type": "Feature", "properties": {"name": "友虹藥師藥局", "address": "新北市板橋區國光路16號", "phone": "02-29691181", "district": "板橋區"}, "geometry": {"type": "Point", "coordinates": [121.4570044, 25.01738776]}}, {"type": "Feature", "properties": {"name": "快安藥局", "address": "新北市板橋區漢生西路31號1樓", "phone": "02-29685792", "district": "板橋區"}, "geometry": {"type": "Point", "coordinates": [121.4631568, 25.01829374]}}, {"type": "Feature", "properties": {"name": "長弘藥局", "address": "新北市板橋區龍泉街110號", "phone": "02-29674640", "district": "板橋區"}, "geometry": {"type": "Point", "coordinates": [121.4568208, 25.02454227]}}, {"type": "Feature", "properties": {"name": "一誠藥局", "address": "新北市板橋區府中路62號", "phone": "02-29673956", "district": "板橋區"}, "geometry": {"type": "Point", "coordinates": [121.456857, 25.00964704]}}, {"type": "Feature", "properties": {"name": "華傳綜合大藥局", "address": "新北市板橋區大智街40號", "phone": "02-29670029", "district": "板橋區"}, "geometry": {"type": "Point", "coordinates": [121.4550243, 25.0151493]}}, {"type": "Feature", "properties": {"name": "柏元藥局", "address": "新北市板橋區新生街25號", "phone": "02-29665768", "district": "板橋區"}, "geometry": {"type": "Point", "coordinates": [121.4562163, 25.02127502]}}, {"type": "Feature", "properties": {"name": "埔墘藥局", "address": "新北市板橋區中山路2段227號", "phone": "02-29646705", "district": "板橋區"}, "geometry": {"type": "Point", "coordinates": [121.4769634, 25.01740994]}}, {"type": "Feature", "properties": {"name": "欣祥藥局", "address": "新北市中和區民德路74-1號", "phone": "02-29646442", "district": "中和區"}, "geometry": {"type": "Point", "coordinates": [121.4686894, 25.00167662]}}, {"type": "Feature", "properties": {"name": "萬壽藥局", "address": "新北市板橋區四川路1段251號", "phone": "02-29617476", "district": "板橋區"}, "geometry": {"type": "Point", "coordinates": [121.4598656, 25.002564]}}, {"type": "Feature", "properties": {"name": "文德藥局", "address": "新北市板橋區國光路43號B1", "phone": "02-29603312", "district": "板橋區"}, "geometry": {"type": "Point", "coordinates": [121.4576982, 25.01783112]}}, {"type": "Feature", "properties": {"name": "翰林藥局", "address": "新北市板橋區中正路240號", "phone": "02-29602748", "district": "板橋區"}, "geometry": {"type": "Point", "coordinates": [121.4556571, 25.01906129]}}, {"type": "Feature", "properties": {"name": "家家藥局", "address": "新北市中和區民德路43號", "phone": "02-29590964", "district": "中和區"}, "geometry": {"type": "Point", "coordinates": [121.4689823, 25.00219047]}}, {"type": "Feature", "properties": {"name": "皇安藥局", "address": "新北市板橋區中山路2段241號", "phone": "02-29590929", "district": "板橋區"}, "geometry": {"type": "Point", "coordinates": [121.4772446, 25.0175714]}}, {"type": "Feature", "properties": {"name": "天立藥局", "address": "新北市中和區莒光路122號", "phone": "02-29578831", "district": "中和區"}, "geometry": {"type": "Point", "coordinates": [121.4723804, 25.00173322]}}, {"type": "Feature", "properties": {"name": "眾安大藥局", "address": "新北市板橋區長安街331巷78號", "phone": "02-29550742", "district": "板橋區"}, "geometry": {"type": "Point", "coordinates": [121.4724302, 25.01304669]}}, {"type": "Feature", "properties": {"name": "瑞益藥局", "address": "新北市土城區廣明街63巷4號", "phone": "02-29538598", "district": "土城區"}, "geometry": {"type": "Point", "coordinates": [121.4545844, 24.99355741]}}, {"type": "Feature", "properties": {"name": "盛宏藥局", "address": "新北市中和區華褔街54號", "phone": "02-29513273", "district": "中和區"}, "geometry": {"type": "Point", "coordinates": [121.5007369, 24.99852093]}}, {"type": "Feature", "properties": {"name": "顧藥局", "address": "新北市中和區圓通路140號", "phone": "02-29498215", "district": "中和區"}, "geometry": {"type": "Point", "coordinates": [121.498293, 24.99583143]}}, {"type": "Feature", "properties": {"name": "仙正藥局", "address": "新北市中和區福美路309號", "phone": "02-29498215", "district": "中和區"}, "geometry": {"type": "Point", "coordinates": [121.4969182, 25.00472376]}}, {"type": "Feature", "properties": {"name": "梓芳大藥局", "address": "新北市中和區圓通路278號", "phone": "02-29498215", "district": "中和區"}, "geometry": {"type": "Point", "coordinates": [121.4917928, 24.99075568]}}, {"type": "Feature", "properties": {"name": "建昌大藥局", "address": "新北市中和區華新街232巷17號", "phone": "02-29471537", "district": "中和區"}, "geometry": {"type": "Point", "coordinates": [121.5057241, 24.98205688]}}, {"type": "Feature", "properties": {"name": "亮安藥局", "address": "新北市中和區宜安路2號", "phone": "02-29469898", "district": "中和區"}, "geometry": {"type": "Point", "coordinates": [121.5135983, 24.99555023]}}, {"type": "Feature", "properties": {"name": "華新藥局", "address": "新北市中和區華新街73號", "phone": "02-29448345", "district": "中和區"}, "geometry": {"type": "Point", "coordinates": [121.5082434, 24.98391922]}}, {"type": "Feature", "properties": {"name": "民康藥局", "address": "新北市中和區忠孝街122號-1", "phone": "02-29434163", "district": "中和區"}, "geometry": {"type": "Point", "coordinates": [121.5122009, 24.98581002]}}, {"type": "Feature", "properties": {"name": "易安堂藥局", "address": "新北市永和區民光街22巷2號", "phone": "02-29431932", "district": "永和區"}, "geometry": {"type": "Point", "coordinates": [121.515906, 24.99569816]}}, {"type": "Feature", "properties": {"name": "信隆大藥局", "address": "新北市中和區安樂路6號", "phone": "02-29426196", "district": "中和區"}, "geometry": {"type": "Point", "coordinates": [121.5117759, 24.9916767]}}, {"type": "Feature", "properties": {"name": "慶華藥師藥局", "address": "新北市中和區華新街90號1樓", "phone": "02-29420666", "district": "中和區"}, "geometry": {"type": "Point", "coordinates": [121.5084501, 24.98319951]}}, {"type": "Feature", "properties": {"name": "義豐西藥局", "address": "新北市中和區景新街383巷4號", "phone": "02-29420169", "district": "中和區"}, "geometry": {"type": "Point", "coordinates": [121.5128765, 24.99035375]}}, {"type": "Feature", "properties": {"name": "劉永安藥局", "address": "新北市中和區景安路227號", "phone": "02-29408588", "district": "中和區"}, "geometry": {"type": "Point", "coordinates": [121.5043033, 24.99122653]}}, {"type": "Feature", "properties": {"name": "上元藥局", "address": "新北市中和區景平路160號2樓", "phone": "02-29408050", "district": "中和區"}, "geometry": {"type": "Point", "coordinates": [121.5173524, 24.99224301]}}, {"type": "Feature", "properties": {"name": "宏信藥局", "address": "新北市中和區永貞路262巷4號", "phone": "02-29294976", "district": "中和區"}, "geometry": {"type": "Point", "coordinates": [121.5138965, 25.00390542]}}, {"type": "Feature", "properties": {"name": "成功藥局", "address": "新北市永和區成功路1段133號", "phone": "02-29293622", "district": "永和區"}, "geometry": {"type": "Point", "coordinates": [121.5269284, 25.00170616]}}, {"type": "Feature", "properties": {"name": "友辰藥局", "address": "新北市永和區中正路380號1樓", "phone": "02-29267131", "district": "永和區"}, "geometry": {"type": "Point", "coordinates": [121.5177152, 25.00123074]}}, {"type": "Feature", "properties": {"name": "華特健康藥局", "address": "新北市永和區永貞路362號1樓", "phone": "02-29264391", "district": "永和區"}, "geometry": {"type": "Point", "coordinates": [121.5101761, 25.0066708]}}, {"type": "Feature", "properties": {"name": "台大藥局", "address": "新北市永和區保平路240號1樓", "phone": "02-29242484", "district": "永和區"}, "geometry": {"type": "Point", "coordinates": [121.509104, 25.00542041]}}, {"type": "Feature", "properties": {"name": "仁愛藥局", "address": "新北市永和區文化路63號", "phone": "02-29241687", "district": "永和區"}, "geometry": {"type": "Point", "coordinates": [121.514005, 25.01505817]}}, {"type": "Feature", "properties": {"name": "宗茂藥局", "address": "新北市永和區自由街35號", "phone": "02-29241687", "district": "永和區"}, "geometry": {"type": "Point", "coordinates": [121.5140634, 25.00623382]}}, {"type": "Feature", "properties": {"name": "仲景藥局", "address": "新北市永和區竹林路213巷1號", "phone": "02-29241687", "district": "永和區"}, "geometry": {"type": "Point", "coordinates": [121.5210287, 25.0089271]}}, {"type": "Feature", "properties": {"name": "御生藥局", "address": "新北市永和區中山路1段279號1樓", "phone": "02-29235658", "district": "永和區"}, "geometry": {"type": "Point", "coordinates": [121.5071039, 25.00706231]}}, {"type": "Feature", "properties": {"name": "新昇大藥局", "address": "新北市永和區永亨路122號", "phone": "02-29233161", "district": "永和區"}, "geometry": {"type": "Point", "coordinates": [121.5243365, 25.00402985]}}, {"type": "Feature", "properties": {"name": "林德興藥局", "address": "新北市中和區永貞路242巷9號", "phone": "02-29228026", "district": "中和區"}, "geometry": {"type": "Point", "coordinates": [121.514125, 25.00401212]}}, {"type": "Feature", "properties": {"name": "承德藥局", "address": "新北市永和區竹林路113號", "phone": "02-29216405", "district": "永和區"}, "geometry": {"type": "Point", "coordinates": [121.5199072, 25.0117608]}}, {"type": "Feature", "properties": {"name": "永達大藥局", "address": "新北市永和區大新街2號", "phone": "02-29213326", "district": "永和區"}, "geometry": {"type": "Point", "coordinates": [121.5144743, 25.00852454]}}, {"type": "Feature", "properties": {"name": "佳民藥局", "address": "新北市永和區永貞路238號", "phone": "02-29201678", "district": "永和區"}, "geometry": {"type": "Point", "coordinates": [121.5147625, 25.0039679]}}, {"type": "Feature", "properties": {"name": "維春藥局", "address": "新北市新店區民權路32號", "phone": "02-29185213", "district": "新店區"}, "geometry": {"type": "Point", "coordinates": [121.5408973, 24.98302863]}}, {"type": "Feature", "properties": {"name": "禾宜藥局", "address": "新北市新店區北新路3段128號1樓", "phone": "02-29150411", "district": "新店區"}, "geometry": {"type": "Point", "coordinates": [121.5416962, 24.9818906]}}, {"type": "Feature", "properties": {"name": "仁淵藥局", "address": "新北市新店區北宜路1段77號", "phone": "02-29128204", "district": "新店區"}, "geometry": {"type": "Point", "coordinates": [121.5386112, 24.95635568]}}, {"type": "Feature", "properties": {"name": "活元藥局", "address": "新北市新店區民族路49號1樓", "phone": "02-29125526", "district": "新店區"}, "geometry": {"type": "Point", "coordinates": [121.5403209, 24.97854075]}}, {"type": "Feature", "properties": {"name": "南和藥局", "address": "新北市新店區中正路58號", "phone": "02-29124220", "district": "新店區"}, "geometry": {"type": "Point", "coordinates": [121.5443738, 24.97014189]}}, {"type": "Feature", "properties": {"name": "大誠藥局", "address": "新北市新店區明德里北新路3段41號", "phone": "02-29113135", "district": "新店區"}, "geometry": {"type": "Point", "coordinates": [121.541833, 24.98033396]}}, {"type": "Feature", "properties": {"name": "華特藥局", "address": "新北市泰山區明志路1段260號", "phone": "02-29095662", "district": "泰山區"}, "geometry": {"type": "Point", "coordinates": [121.4320894, 25.0605246]}}, {"type": "Feature", "properties": {"name": "善耕藥局", "address": "新北市泰山區明志路2段362號", "phone": "02-29086656", "district": "泰山區"}, "geometry": {"type": "Point", "coordinates": [121.4256446, 25.04515838]}}, {"type": "Feature", "properties": {"name": "北安藥妝健康廣場佳康藥局", "address": "新北市新莊區雙鳳路27號1樓", "phone": "02-29069899", "district": "新莊區"}, "geometry": {"type": "Point", "coordinates": [121.416511, 25.02702456]}}, {"type": "Feature", "properties": {"name": "紅豆藥局", "address": "新北市新莊區龍安路78號1樓", "phone": "02-29047700", "district": "新莊區"}, "geometry": {"type": "Point", "coordinates": [121.4173533, 25.02089262]}}, {"type": "Feature", "properties": {"name": "富國藥局", "address": "新北市新莊區富國路31號", "phone": "02-29039334", "district": "新莊區"}, "geometry": {"type": "Point", "coordinates": [121.4188948, 25.02644814]}}, {"type": "Feature", "properties": {"name": "忠山藥局", "address": "新北市新莊區雙鳳路2號", "phone": "02-29027588", "district": "新莊區"}, "geometry": {"type": "Point", "coordinates": [121.4175349, 25.02687614]}}, {"type": "Feature", "properties": {"name": "旭生藥局", "address": "新北市新莊區裕民街42號1樓", "phone": "02-29021289", "district": "新莊區"}, "geometry": {"type": "Point", "coordinates": [121.4187951, 25.02502025]}}, {"type": "Feature", "properties": {"name": "晉成藥局", "address": "新北市新莊區中正路700-23號", "phone": "02-29017469", "district": "新莊區"}, "geometry": {"type": "Point", "coordinates": [121.4187029, 25.02789239]}}, {"type": "Feature", "properties": {"name": "睿康健保藥局", "address": "新北市新莊區龍安路49號1樓", "phone": "02-29015579", "district": "新莊區"}, "geometry": {"type": "Point", "coordinates": [121.4158171, 25.02151028]}}, {"type": "Feature", "properties": {"name": "建昌藥局", "address": "新北市新莊區中正路557號", "phone": "02-29015422", "district": "新莊區"}, "geometry": {"type": "Point", "coordinates": [121.4283029, 25.03232152]}}, {"type": "Feature", "properties": {"name": "三恩藥局", "address": "新北市三峽區復興路451號1樓", "phone": "02-28670737", "district": "三峽區"}, "geometry": {"type": "Point", "coordinates": [121.3624558, 24.93840995]}}, {"type": "Feature", "properties": {"name": "景安藥局", "address": "新北市中和區景德街141號1樓及景平路111巷60弄56號1樓", "phone": "02-28668215", "district": "中和區"}, "geometry": {"type": "Point", "coordinates": [121.5172631, 24.99156484]}}, {"type": "Feature", "properties": {"name": "保成藥局", "address": "新北市蘆洲區中華街49號", "phone": "02-28479802", "district": "蘆洲區"}, "geometry": {"type": "Point", "coordinates": [121.4627181, 25.0810732]}}, {"type": "Feature", "properties": {"name": "上全藥局", "address": "新北市淡水區民族路36號", "phone": "02-28098022", "district": "淡水區"}, "geometry": {"type": "Point", "coordinates": [121.4613543, 25.13621913]}}, {"type": "Feature", "properties": {"name": "竹圍春天生活藥局", "address": "新北市淡水區民權路89號1、2樓", "phone": "02-28082179", "district": "淡水區"}, "geometry": {"type": "Point", "coordinates": [121.459943, 25.13832138]}}, {"type": "Feature", "properties": {"name": "品康藥局", "address": "新北市汐止區湖前街47號1樓", "phone": "02-26957942", "district": "汐止區"}, "geometry": {"type": "Point", "coordinates": [121.6319554, 25.07004913]}}, {"type": "Feature", "properties": {"name": "博昱明峰大藥局", "address": "新北市汐止區明峰街129號1樓", "phone": "02-26955758", "district": "汐止區"}, "geometry": {"type": "Point", "coordinates": [121.6305182, 25.07067308]}}, {"type": "Feature", "properties": {"name": "全家藥局", "address": "新北市汐止區明峰街143號1樓", "phone": "02-26954990", "district": "汐止區"}, "geometry": {"type": "Point", "coordinates": [121.6296736, 25.070602]}}, {"type": "Feature", "properties": {"name": "巧能藥局", "address": "新北市汐止區福德一路209號1樓", "phone": "02-26942858", "district": "汐止區"}, "geometry": {"type": "Point", "coordinates": [121.6350459, 25.06540985]}}, {"type": "Feature", "properties": {"name": "湖前中西藥局", "address": "新北市汐止區湖前街45號1樓", "phone": "02-26925850", "district": "汐止區"}, "geometry": {"type": "Point", "coordinates": [121.6319809, 25.07000379]}}, {"type": "Feature", "properties": {"name": "汐芷藥局", "address": "新北市汐止區福德一路255號", "phone": "02-26924087", "district": "汐止區"}, "geometry": {"type": "Point", "coordinates": [121.6334537, 25.06446853]}}, {"type": "Feature", "properties": {"name": "江北藥局", "address": "新北市汐止區汐萬路1段33號", "phone": "02-26918870", "district": "汐止區"}, "geometry": {"type": "Point", "coordinates": [121.6556839, 25.06786274]}}, {"type": "Feature", "properties": {"name": "明川藥師藥局", "address": "新北市樹林區三福街1號", "phone": "02-26894728", "district": "樹林區"}, "geometry": {"type": "Point", "coordinates": [121.4092688, 25.01689953]}}, {"type": "Feature", "properties": {"name": "惠林藥局", "address": "新北市板橋區篤行路3段90號", "phone": "02-26878651", "district": "板橋區"}, "geometry": {"type": "Point", "coordinates": [121.4262465, 24.98490662]}}, {"type": "Feature", "properties": {"name": "聖和藥局", "address": "新北市樹林區太元街50號", "phone": "02-26836609", "district": "樹林區"}, "geometry": {"type": "Point", "coordinates": [121.4183399, 24.97966644]}}, {"type": "Feature", "properties": {"name": "鴻真藥局", "address": "新北市樹林區保安街1段20巷6號", "phone": "02-26828977", "district": "樹林區"}, "geometry": {"type": "Point", "coordinates": [121.4276924, 24.99363128]}}, {"type": "Feature", "properties": {"name": "新欣藥局", "address": "新北市板橋區金門街128號", "phone": "02-26828061", "district": "板橋區"}, "geometry": {"type": "Point", "coordinates": [121.4327689, 24.99117134]}}, {"type": "Feature", "properties": {"name": "博生藥師藥局", "address": "新北市樹林區文化街34號", "phone": "02-26825798", "district": "樹林區"}, "geometry": {"type": "Point", "coordinates": [121.4189871, 24.98819272]}}, {"type": "Feature", "properties": {"name": "耀鴻藥局", "address": "新北市樹林區中山路3段76號1樓", "phone": "02-26808989", "district": "樹林區"}, "geometry": {"type": "Point", "coordinates": [121.3935953, 24.9723936]}}, {"type": "Feature", "properties": {"name": "正宜藥局", "address": "新北市樹林區佳園路1段39號", "phone": "02-26805678", "district": "樹林區"}, "geometry": {"type": "Point", "coordinates": [121.3930731, 24.97085659]}}, {"type": "Feature", "properties": {"name": "藥濟藥局", "address": "新北市鶯歌區國慶街１50號", "phone": "02-26783377", "district": "鶯歌區"}, "geometry": {"type": "Point", "coordinates": [121.3509111, 24.95328033]}}, {"type": "Feature", "properties": {"name": "林政德西藥局", "address": "新北市鶯歌區建國路256號1樓", "phone": "02-26781412", "district": "鶯歌區"}, "geometry": {"type": "Point", "coordinates": [121.3476674, 24.95354031]}}, {"type": "Feature", "properties": {"name": "文瑞藥局", "address": "新北市鶯歌區尖山路296號", "phone": "02-26780589", "district": "鶯歌區"}, "geometry": {"type": "Point", "coordinates": [121.340605, 24.94436967]}}, {"type": "Feature", "properties": {"name": "大慶藥局", "address": "新北市樹林區鎮前街42-1號", "phone": "02-26759212", "district": "樹林區"}, "geometry": {"type": "Point", "coordinates": [121.4258256, 24.99276975]}}, {"type": "Feature", "properties": {"name": "久青藥局", "address": "新北市樹林區東華街33號", "phone": "02-26754326", "district": "樹林區"}, "geometry": {"type": "Point", "coordinates": [121.4151017, 24.98177198]}}, {"type": "Feature", "properties": {"name": "盛加藥局", "address": "新北市三峽區民生街49號1樓", "phone": "02-26739797", "district": "三峽區"}, "geometry": {"type": "Point", "coordinates": [121.3755173, 24.93620175]}}, {"type": "Feature", "properties": {"name": "惠慈藥局", "address": "新北市三峽區復興路66號", "phone": "02-26738688", "district": "三峽區"}, "geometry": {"type": "Point", "coordinates": [121.3734365, 24.93724236]}}, {"type": "Feature", "properties": {"name": "勝全藥局", "address": "新北市三峽區大同路27-1號1樓", "phone": "02-26736186", "district": "三峽區"}, "geometry": {"type": "Point", "coordinates": [121.3769969, 24.92839958]}}, {"type": "Feature", "properties": {"name": "盛禾藥局", "address": "新北市三峽區中山路243號1樓", "phone": "02-26735999", "district": "三峽區"}, "geometry": {"type": "Point", "coordinates": [121.3625536, 24.93719158]}}, {"type": "Feature", "properties": {"name": "升威藥局", "address": "新北市三峽區文化路23號1樓", "phone": "02-26731120", "district": "三峽區"}, "geometry": {"type": "Point", "coordinates": [121.3730707, 24.93585404]}}, {"type": "Feature", "properties": {"name": "恆豐藥局", "address": "新北市三峽區信義街24號", "phone": "02-26711325", "district": "三峽區"}, "geometry": {"type": "Point", "coordinates": [121.3708077, 24.93553718]}}, {"type": "Feature", "properties": {"name": "進安大藥局", "address": "新北市三峽區民生街174號", "phone": "02-26711125", "district": "三峽區"}, "geometry": {"type": "Point", "coordinates": [121.3712627, 24.93493008]}}, {"type": "Feature", "properties": {"name": "信東深坑北深藥局", "address": "新北市深坑區北深路3段103號1樓", "phone": "02-26648315", "district": "深坑區"}, "geometry": {"type": "Point", "coordinates": [121.6055696, 25.0017114]}}, {"type": "Feature", "properties": {"name": "介新大藥局", "address": "新北市深坑區文化街94號", "phone": "02-26648149", "district": "深坑區"}, "geometry": {"type": "Point", "coordinates": [121.6172103, 25.0019969]}}, {"type": "Feature", "properties": {"name": "福康藥粧藥局", "address": "新北市深坑區北深路3段175號1樓", "phone": "02-26646529", "district": "深坑區"}, "geometry": {"type": "Point", "coordinates": [121.6016776, 25.00351266]}}, {"type": "Feature", "properties": {"name": "永源藥局", "address": "新北市深坑區北深路3段174號1樓", "phone": "02-26643768", "district": "深坑區"}, "geometry": {"type": "Point", "coordinates": [121.602284, 25.00354001]}}, {"type": "Feature", "properties": {"name": "怡恩藥局", "address": "新北市深坑區埔新街67號", "phone": "02-26620285", "district": "深坑區"}, "geometry": {"type": "Point", "coordinates": [121.6200682, 25.00235999]}}, {"type": "Feature", "properties": {"name": "裕和藥局", "address": "新北市汐止區宜興街4號1樓", "phone": "02-26609119", "district": "汐止區"}, "geometry": {"type": "Point", "coordinates": [121.621101, 25.04125934]}}, {"type": "Feature", "properties": {"name": "幸福藥局", "address": "新北市汐止區大同路2段332號1、2樓", "phone": "02-26490127", "district": "汐止區"}, "geometry": {"type": "Point", "coordinates": [121.6564612, 25.06694279]}}, {"type": "Feature", "properties": {"name": "向日葵藥局", "address": "新北市汐止區大同路2段368號1樓", "phone": "02-26488877", "district": "汐止區"}, "geometry": {"type": "Point", "coordinates": [121.6575835, 25.06704969]}}, {"type": "Feature", "properties": {"name": "麒豐藥局", "address": "新北市汐止區樟樹一路135巷2號", "phone": "02-26434737", "district": "汐止區"}, "geometry": {"type": "Point", "coordinates": [121.6421149, 25.06560426]}}, {"type": "Feature", "properties": {"name": "天祥藥局", "address": "新北市汐止區鄉友街31號", "phone": "02-26433730", "district": "汐止區"}, "geometry": {"type": "Point", "coordinates": [121.6685241, 25.08137535]}}, {"type": "Feature", "properties": {"name": "秀峰藥局", "address": "新北市汐止區秀峰路65號1樓", "phone": "02-26433066", "district": "汐止區"}, "geometry": {"type": "Point", "coordinates": [121.6599173, 25.06457917]}}, {"type": "Feature", "properties": {"name": "青苗藥局", "address": "新北市汐止區忠孝東路242號1樓", "phone": "02-26425888", "district": "汐止區"}, "geometry": {"type": "Point", "coordinates": [121.6627177, 25.06710984]}}, {"type": "Feature", "properties": {"name": "德昌藥局", "address": "新北市汐止區中興路4號", "phone": "02-26423382", "district": "汐止區"}, "geometry": {"type": "Point", "coordinates": [121.6374476, 25.05919233]}}, {"type": "Feature", "properties": {"name": "春德堂藥局", "address": "新北市汐止區新台五路1段220號", "phone": "02-26422048", "district": "汐止區"}, "geometry": {"type": "Point", "coordinates": [121.6561336, 25.06310782]}}, {"type": "Feature", "properties": {"name": "永瑞藥局", "address": "新北市汐止區汐萬路1段10號", "phone": "02-26421863", "district": "汐止區"}, "geometry": {"type": "Point", "coordinates": [121.6562198, 25.06743214]}}, {"type": "Feature", "properties": {"name": "躍獅大同藥局", "address": "新北市汐止區新興路7號1樓", "phone": "02-26418399", "district": "汐止區"}, "geometry": {"type": "Point", "coordinates": [121.6564631, 25.06493261]}}, {"type": "Feature", "properties": {"name": "必進藥局", "address": "新北市汐止區茄苳路33號", "phone": "02-26416382", "district": "汐止區"}, "geometry": {"type": "Point", "coordinates": [121.6654505, 25.07092726]}}, {"type": "Feature", "properties": {"name": "汐止中西大藥局", "address": "新北市汐止區中正路四號", "phone": "02-26411746", "district": "汐止區"}, "geometry": {"type": "Point", "coordinates": [121.6631594, 25.07017205]}}, {"type": "Feature", "properties": {"name": "吉安康健保藥師藥局", "address": "新北市汐止區宜興街11號1樓", "phone": "02-26405881", "district": "汐止區"}, "geometry": {"type": "Point", "coordinates": [121.6212721, 25.04160271]}}, {"type": "Feature", "properties": {"name": "日昇藥局", "address": "新北市三芝區中山路1段54", "phone": "02-26362131", "district": "三芝區"}, "geometry": {"type": "Point", "coordinates": [121.5024483, 25.25587576]}}, {"type": "Feature", "properties": {"name": "璉恩藥局", "address": "新北市淡水區北新路131、133號", "phone": "02-26298454", "district": "淡水區"}, "geometry": {"type": "Point", "coordinates": [121.4492286, 25.17892066]}}, {"type": "Feature", "properties": {"name": "貝比爾藥局", "address": "新北市淡水區中山北路1段171號1樓", "phone": "02-26261577", "district": "淡水區"}, "geometry": {"type": "Point", "coordinates": [121.4434248, 25.17783872]}}, {"type": "Feature", "properties": {"name": "淡水春天生活藥局", "address": "新北市淡水區中山北路1段49號", "phone": "02-26257059", "district": "淡水區"}, "geometry": {"type": "Point", "coordinates": [121.4416367, 25.17551859]}}, {"type": "Feature", "properties": {"name": "伯宇藥局", "address": "新北市淡水區新春街103號-8", "phone": "02-26236006", "district": "淡水區"}, "geometry": {"type": "Point", "coordinates": [121.440112, 25.18229671]}}, {"type": "Feature", "properties": {"name": "尚運藥局", "address": "新北市淡水區學府路51巷1弄20號", "phone": "02-26225149", "district": "淡水區"}, "geometry": {"type": "Point", "coordinates": [121.4473108, 25.16891761]}}, {"type": "Feature", "properties": {"name": "正明藥局", "address": "新北市淡水區長興街42號", "phone": "02-26224025", "district": "淡水區"}, "geometry": {"type": "Point", "coordinates": [121.4442425, 25.17148464]}}, {"type": "Feature", "properties": {"name": "昇運藥局", "address": "新北市淡水區中山路157-1號", "phone": "02-26222083", "district": "淡水區"}, "geometry": {"type": "Point", "coordinates": [121.4404744, 25.17281444]}}, {"type": "Feature", "properties": {"name": "匯民藥局", "address": "新北市淡水區中山北路1段101號2樓", "phone": "02-26202620", "district": "淡水區"}, "geometry": {"type": "Point", "coordinates": [121.4423937, 25.17646247]}}, {"type": "Feature", "properties": {"name": "寶格麗藥局", "address": "新北市八里區華峰一街16號1樓", "phone": "02-26193008", "district": "八里區"}, "geometry": {"type": "Point", "coordinates": [121.3993381, 25.1468729]}}, {"type": "Feature", "properties": {"name": "小蘋果藥局", "address": "新北市八里區中山路1段229號", "phone": "02-26108206", "district": "八里區"}, "geometry": {"type": "Point", "coordinates": [121.4109827, 25.15759576]}}, {"type": "Feature", "properties": {"name": "大愛嘉安藥局", "address": "新北市八里區中山路2段422號1樓", "phone": "02-26107790", "district": "八里區"}, "geometry": {"type": "Point", "coordinates": [121.3998531, 25.1476006]}}, {"type": "Feature", "properties": {"name": "天康八里藥局", "address": "新北市八里區中山路2段367號", "phone": "02-26101569", "district": "八里區"}, "geometry": {"type": "Point", "coordinates": [121.3988157, 25.14700902]}}, {"type": "Feature", "properties": {"name": "狀元葯師藥局", "address": "新北市林口區文化二路1段62號1樓-1", "phone": "02-26096215", "district": "林口區"}, "geometry": {"type": "Point", "coordinates": [121.3654443, 25.06825601]}}, {"type": "Feature", "properties": {"name": "存明藥局", "address": "新北市林口區中山路91號", "phone": "02-26035658", "district": "林口區"}, "geometry": {"type": "Point", "coordinates": [121.3897571, 25.07868997]}}, {"type": "Feature", "properties": {"name": "長康藥局", "address": "新北市林口區中山路166號1樓", "phone": "02-26012661", "district": "林口區"}, "geometry": {"type": "Point", "coordinates": [121.3901729, 25.07894322]}}, {"type": "Feature", "properties": {"name": "宏宇藥局", "address": "新北市林口區中正路288號1樓", "phone": "02-26011878", "district": "林口區"}, "geometry": {"type": "Point", "coordinates": [121.3887115, 25.07776164]}}, {"type": "Feature", "properties": {"name": "麗園藥局", "address": "新北市林口區東勢里麗園一街6巷1-4號1樓", "phone": "02-26009405", "district": "林口區"}, "geometry": {"type": "Point", "coordinates": [121.3766058, 25.07012159]}}, {"type": "Feature", "properties": {"name": "旺林藥局", "address": "新北市林口區文化二路1段228號", "phone": "02-26000186", "district": "林口區"}, "geometry": {"type": "Point", "coordinates": [121.3697081, 25.0724017]}}, {"type": "Feature", "properties": {"name": "仁又堂藥局", "address": "新北市金山區信義路17號", "phone": "02-24982368", "district": "金山區"}, "geometry": {"type": "Point", "coordinates": [121.637324, 25.22090807]}}, {"type": "Feature", "properties": {"name": "崇德藥局", "address": "新北市瑞芳區明燈路3段39-11號1樓", "phone": "02-24976051", "district": "瑞芳區"}, "geometry": {"type": "Point", "coordinates": [121.8068048, 25.10785126]}}, {"type": "Feature", "properties": {"name": "瑞聯藥局", "address": "新北市瑞芳區明燈路3段11號", "phone": "02-24975852", "district": "瑞芳區"}, "geometry": {"type": "Point", "coordinates": [121.8086144, 25.10742591]}}, {"type": "Feature", "properties": {"name": "松南藥局", "address": "新北市雙溪區中華路29號", "phone": "02-24931085", "district": "雙溪區"}, "geometry": {"type": "Point", "coordinates": [121.8660562, 25.03718079]}}, {"type": "Feature", "properties": {"name": "瑞慶藥局", "address": "新北市瑞芳區大埔路130號", "phone": "02-24586386", "district": "瑞芳區"}, "geometry": {"type": "Point", "coordinates": [121.7634994, 25.10134115]}}, {"type": "Feature", "properties": {"name": "中正藥局", "address": "新北市永和區中正路439號", "phone": "02-23247318", "district": "永和區"}, "geometry": {"type": "Point", "coordinates": [121.5170952, 25.00519237]}}, {"type": "Feature", "properties": {"name": "健康藥師藥局", "address": "新北市泰山區明志路2段323號", "phone": "02-22972121", "district": "泰山區"}, "geometry": {"type": "Point", "coordinates": [121.4264302, 25.04599962]}}, {"type": "Feature", "properties": {"name": "北安藥妝藥局", "address": "新北市泰山區明志路2段61號", "phone": "02-22967199", "district": "泰山區"}, "geometry": {"type": "Point", "coordinates": [121.4291926, 25.05260082]}}, {"type": "Feature", "properties": {"name": "千家藥局", "address": "新北市泰山區明志路2段199號", "phone": "02-22962319", "district": "泰山區"}, "geometry": {"type": "Point", "coordinates": [121.4275679, 25.04912996]}}, {"type": "Feature", "properties": {"name": "立豪藥師藥局", "address": "新北市五股區工商路189號1樓", "phone": "02-22952479", "district": "五股區"}, "geometry": {"type": "Point", "coordinates": [121.4337501, 25.08700461]}}, {"type": "Feature", "properties": {"name": "五股聯成藥局", "address": "新北市五股區成泰路2段118號", "phone": "02-22942767", "district": "五股區"}, "geometry": {"type": "Point", "coordinates": [121.4379739, 25.08338214]}}, {"type": "Feature", "properties": {"name": "虹元藥局", "address": "新北市五股區自強路56號", "phone": "02-22925067", "district": "五股區"}, "geometry": {"type": "Point", "coordinates": [121.4331031, 25.07364522]}}, {"type": "Feature", "properties": {"name": "成泰藥局", "address": "新北市五股區成泰路1段143號1樓", "phone": "02-22924305", "district": "五股區"}, "geometry": {"type": "Point", "coordinates": [121.4353575, 25.07307666]}}, {"type": "Feature", "properties": {"name": "泰明藥局", "address": "新北市蘆洲區長榮路67號", "phone": "02-22898655", "district": "蘆洲區"}, "geometry": {"type": "Point", "coordinates": [121.4621958, 25.08350867]}}, {"type": "Feature", "properties": {"name": "上群藥師藥局", "address": "新北市蘆洲區民族路287號1樓", "phone": "02-22898275", "district": "蘆洲區"}, "geometry": {"type": "Point", "coordinates": [121.4754919, 25.09096117]}}, {"type": "Feature", "properties": {"name": "施藥局", "address": "新北市蘆洲區信義路230號", "phone": "02-22898116", "district": "蘆洲區"}, "geometry": {"type": "Point", "coordinates": [121.478752, 25.08586142]}}, {"type": "Feature", "properties": {"name": "華信藥局", "address": "新北市蘆洲區民族路154號1樓", "phone": "02-22898116", "district": "蘆洲區"}, "geometry": {"type": "Point", "coordinates": [121.4795946, 25.08611155]}}, {"type": "Feature", "properties": {"name": "群欣藥局", "address": "新北市蘆洲區長安街118號2樓", "phone": "02-22894815", "district": "蘆洲區"}, "geometry": {"type": "Point", "coordinates": [121.460722, 25.08172346]}}, {"type": "Feature", "properties": {"name": "華興藥師藥局", "address": "新北市蘆洲區中山一路184號1樓", "phone": "02-22893899", "district": "蘆洲區"}, "geometry": {"type": "Point", "coordinates": [121.4738682, 25.08104304]}}, {"type": "Feature", "properties": {"name": "百分百藥局", "address": "新北市蘆洲區中山二路48號2樓", "phone": "02-22890237", "district": "蘆洲區"}, "geometry": {"type": "Point", "coordinates": [121.473914, 25.08224867]}}, {"type": "Feature", "properties": {"name": "乙安藥局", "address": "新北市蘆洲區長安街179號1樓", "phone": "02-22888277", "district": "蘆洲區"}, "geometry": {"type": "Point", "coordinates": [121.4606518, 25.08157632]}}, {"type": "Feature", "properties": {"name": "松展多利日式連鎖藥粧藥局", "address": "新北市蘆洲區民族路161號", "phone": "02-22882586", "district": "蘆洲區"}, "geometry": {"type": "Point", "coordinates": [121.4793328, 25.08816463]}}, {"type": "Feature", "properties": {"name": "家福藥局", "address": "新北市三重區仁愛街682號", "phone": "02-22877692", "district": "三重區"}, "geometry": {"type": "Point", "coordinates": [121.4817424, 25.08026398]}}, {"type": "Feature", "properties": {"name": "三興藥局", "address": "新北市三重區三和路4段390巷24號", "phone": "02-22874139", "district": "三重區"}, "geometry": {"type": "Point", "coordinates": [121.4813408, 25.07879822]}}, {"type": "Feature", "properties": {"name": "義中藥局", "address": "新北市三重區大同北路107號", "phone": "02-22874139", "district": "三重區"}, "geometry": {"type": "Point", "coordinates": [121.494201, 25.06421011]}}, {"type": "Feature", "properties": {"name": "合康健保藥局", "address": "新北市三重區三和路4段384號1樓", "phone": "02-22869999", "district": "三重區"}, "geometry": {"type": "Point", "coordinates": [121.4823746, 25.07889758]}}, {"type": "Feature", "properties": {"name": "慈生藥局", "address": "新北市三重區車路頭街110號", "phone": "02-22860619", "district": "三重區"}, "geometry": {"type": "Point", "coordinates": [121.4842286, 25.0749549]}}, {"type": "Feature", "properties": {"name": "周興隆藥局", "address": "新北市三重區三和路4段181巷48號", "phone": "02-22860084", "district": "三重區"}, "geometry": {"type": "Point", "coordinates": [121.4835808, 25.07935657]}}, {"type": "Feature", "properties": {"name": "和泰藥師藥局", "address": "新北市蘆洲區復興路69號1樓", "phone": "02-22859818", "district": "蘆洲區"}, "geometry": {"type": "Point", "coordinates": [121.4760443, 25.08732746]}}, {"type": "Feature", "properties": {"name": "龍安藥局", "address": "新北市蘆洲區復興路67號1樓", "phone": "02-22850310", "district": "蘆洲區"}, "geometry": {"type": "Point", "coordinates": [121.4760049, 25.08730847]}}, {"type": "Feature", "properties": {"name": "全佑藥局", "address": "新北市蘆洲區三民路11號1樓", "phone": "02-22833032", "district": "蘆洲區"}, "geometry": {"type": "Point", "coordinates": [121.475695, 25.08217065]}}, {"type": "Feature", "properties": {"name": "天士藥局", "address": "新北市蘆洲區中正路36號", "phone": "02-22818227", "district": "蘆洲區"}, "geometry": {"type": "Point", "coordinates": [121.4712665, 25.0823679]}}, {"type": "Feature", "properties": {"name": "世全藥局", "address": "新北市蘆洲區民生街133號1樓", "phone": "02-22817386", "district": "蘆洲區"}, "geometry": {"type": "Point", "coordinates": [121.4725348, 25.07918076]}}, {"type": "Feature", "properties": {"name": "蘋果藥妝藥局", "address": "新北市蘆洲區光華路172號1樓", "phone": "02-22812162", "district": "蘆洲區"}, "geometry": {"type": "Point", "coordinates": [121.4652248, 25.08221558]}}, {"type": "Feature", "properties": {"name": "大政藥局", "address": "新北市蘆洲區中山二路75號１樓", "phone": "02-22811126", "district": "蘆洲區"}, "geometry": {"type": "Point", "coordinates": [121.4733037, 25.0819003]}}, {"type": "Feature", "properties": {"name": "欣泰藥局", "address": "新北市蘆洲區民族路407號", "phone": "02-22810177", "district": "蘆洲區"}, "geometry": {"type": "Point", "coordinates": [121.4690425, 25.08979205]}}, {"type": "Feature", "properties": {"name": "祥和藥局", "address": "新北市三重區三和路4段374號2樓", "phone": "02-22807522", "district": "三重區"}, "geometry": {"type": "Point", "coordinates": [121.4826595, 25.07874479]}}, {"type": "Feature", "properties": {"name": "新莊健業藥局", "address": "新北市新莊區昌平街37號1樓至2樓", "phone": "02-22798088", "district": "新莊區"}, "geometry": {"type": "Point", "coordinates": [121.4546574, 25.05221316]}}, {"type": "Feature", "properties": {"name": "健業藥妝藥局", "address": "新北市新莊區中和街130號1樓", "phone": "02-22796279", "district": "新莊區"}, "geometry": {"type": "Point", "coordinates": [121.4475041, 25.04808578]}}, {"type": "Feature", "properties": {"name": "心安藥局", "address": "新北市新莊區新泰路193號2樓", "phone": "02-22779773", "district": "新莊區"}, "geometry": {"type": "Point", "coordinates": [121.4472093, 25.03797161]}}, {"type": "Feature", "properties": {"name": "陽光連鎖藥局", "address": "新北市新莊區中信街40號1樓", "phone": "02-22774399", "district": "新莊區"}, "geometry": {"type": "Point", "coordinates": [121.4497828, 25.05089225]}}, {"type": "Feature", "properties": {"name": "永安藥局", "address": "新北市新莊區中港路321號2樓", "phone": "02-22765900", "district": "新莊區"}, "geometry": {"type": "Point", "coordinates": [121.452436, 25.04492603]}}, {"type": "Feature", "properties": {"name": "仁耀藥局", "address": "新北市板橋區板橋大觀路2段19巷93號1樓", "phone": "02-22755417", "district": "板橋區"}, "geometry": {"type": "Point", "coordinates": [121.4590657, 25.00961339]}}, {"type": "Feature", "properties": {"name": "旭成藥局", "address": "新北市板橋區大觀路2段37巷36號", "phone": "02-22755327", "district": "板橋區"}, "geometry": {"type": "Point", "coordinates": [121.4485217, 25.00265756]}}, {"type": "Feature", "properties": {"name": "家泰藥局", "address": "新北市土城區青雲路181號1、2樓", "phone": "02-22749490", "district": "土城區"}, "geometry": {"type": "Point", "coordinates": [121.4593058, 24.98284865]}}, {"type": "Feature", "properties": {"name": "小倉藥局", "address": "新北市土城區青雲路190號1樓", "phone": "02-22744257", "district": "土城區"}, "geometry": {"type": "Point", "coordinates": [121.459072, 24.98220628]}}, {"type": "Feature", "properties": {"name": "元蒼藥局", "address": "新北市土城區學府路1段69號1樓", "phone": "02-22733868", "district": "土城區"}, "geometry": {"type": "Point", "coordinates": [121.4571222, 24.98825444]}}, {"type": "Feature", "properties": {"name": "三豐藥局", "address": "新北市土城區永豐路135巷8號", "phone": "02-22733766", "district": "土城區"}, "geometry": {"type": "Point", "coordinates": [121.4671968, 24.98333447]}}, {"type": "Feature", "properties": {"name": "瑞明藥局", "address": "新北市板橋區文化路1段17號", "phone": "02-22728467", "district": "板橋區"}, "geometry": {"type": "Point", "coordinates": [121.4577845, 25.01023604]}}, {"type": "Feature", "properties": {"name": "志仁藥局", "address": "新北市土城區學府路1段102號", "phone": "02-22727222", "district": "土城區"}, "geometry": {"type": "Point", "coordinates": [121.4559097, 24.98790499]}}, {"type": "Feature", "properties": {"name": "凱一藥局", "address": "新北市土城區裕民路92巷21弄8號1樓", "phone": "02-22707679", "district": "土城區"}, "geometry": {"type": "Point", "coordinates": [121.450139, 24.98628822]}}, {"type": "Feature", "properties": {"name": "成康藥局", "address": "新北市土城區學府路1段188號1樓", "phone": "02-22706596", "district": "土城區"}, "geometry": {"type": "Point", "coordinates": [121.4532298, 24.98613488]}}, {"type": "Feature", "properties": {"name": "健業藥局", "address": "新北市土城區中央路2段223-10號", "phone": "02-22704798", "district": "土城區"}, "geometry": {"type": "Point", "coordinates": [121.4419119, 24.97529626]}}, {"type": "Feature", "properties": {"name": "順儷學府藥局", "address": "新北市土城區學府路1段144巷2號1樓", "phone": "02-22701979", "district": "土城區"}, "geometry": {"type": "Point", "coordinates": [121.4549493, 24.98728152]}}, {"type": "Feature", "properties": {"name": "振鑫中西藥局", "address": "新北市土城區中央路4段210號1樓", "phone": "02-22686663", "district": "土城區"}, "geometry": {"type": "Point", "coordinates": [121.4157517, 24.95741692]}}, {"type": "Feature", "properties": {"name": "頂埔藥局", "address": "新北市土城區中央路4段170號", "phone": "02-22682915", "district": "土城區"}, "geometry": {"type": "Point", "coordinates": [121.4167784, 24.95812314]}}, {"type": "Feature", "properties": {"name": "正仁藥局", "address": "新北市土城區中央路4段240號", "phone": "02-22682516", "district": "土城區"}, "geometry": {"type": "Point", "coordinates": [121.4152823, 24.95709305]}}, {"type": "Feature", "properties": {"name": "全家健康藥局", "address": "新北市土城區中央路4段288號", "phone": "02-22678143", "district": "土城區"}, "geometry": {"type": "Point", "coordinates": [121.4142609, 24.95639334]}}, {"type": "Feature", "properties": {"name": "誠安藥局", "address": "新北市土城區中央路4段36號1樓", "phone": "02-22677737", "district": "土城區"}, "geometry": {"type": "Point", "coordinates": [121.4207001, 24.9608811]}}, {"type": "Feature", "properties": {"name": "景紀大藥局", "address": "新北市土城區學成路34號", "phone": "02-22668550", "district": "土城區"}, "geometry": {"type": "Point", "coordinates": [121.4526738, 24.98729725]}}, {"type": "Feature", "properties": {"name": "盛安大藥局", "address": "新北市土城區中央路1段258號1樓", "phone": "02-22668525", "district": "土城區"}, "geometry": {"type": "Point", "coordinates": [121.4442037, 24.98435578]}}, {"type": "Feature", "properties": {"name": "大眾藥局", "address": "新北市土城區明街6巷1號", "phone": "02-22666057", "district": "土城區"}, "geometry": {"type": "Point", "coordinates": [121.4419917, 24.9748628]}}, {"type": "Feature", "properties": {"name": "誠恩藥局", "address": "新北市土城區金城路3段137號1樓", "phone": "02-22665533", "district": "土城區"}, "geometry": {"type": "Point", "coordinates": [121.4681676, 24.98818411]}}, {"type": "Feature", "properties": {"name": "崇愛藥局", "address": "新北市土城區永豐路17號", "phone": "02-22665506", "district": "土城區"}, "geometry": {"type": "Point", "coordinates": [121.462601, 24.98824943]}}, {"type": "Feature", "properties": {"name": "祥發藥局", "address": "新北市土城區青雲路255號", "phone": "02-22655056", "district": "土城區"}, "geometry": {"type": "Point", "coordinates": [121.4591564, 24.98089853]}}, {"type": "Feature", "properties": {"name": "協成藥局", "address": "新北市土城區延吉街333號", "phone": "02-22653212", "district": "土城區"}, "geometry": {"type": "Point", "coordinates": [121.4651543, 24.9841136]}}, {"type": "Feature", "properties": {"name": "大欣藥局", "address": "新北市土城區裕民路251號", "phone": "02-22653208", "district": "土城區"}, "geometry": {"type": "Point", "coordinates": [121.4546421, 24.9830509]}}, {"type": "Feature", "properties": {"name": "尚安藥師藥局", "address": "新北市土城區中央路2段223-3號1樓", "phone": "02-22647622", "district": "土城區"}, "geometry": {"type": "Point", "coordinates": [121.4419119, 24.97529626]}}, {"type": "Feature", "properties": {"name": "城安大藥局", "address": "新北市土城區金城路3段40號", "phone": "02-22646561", "district": "土城區"}, "geometry": {"type": "Point", "coordinates": [121.4655853, 24.98639052]}}, {"type": "Feature", "properties": {"name": "裕民藥局", "address": "新北市土城區裕民路255-5號1樓", "phone": "02-22645874", "district": "土城區"}, "geometry": {"type": "Point", "coordinates": [121.4547903, 24.98289614]}}, {"type": "Feature", "properties": {"name": "順儷明德藥局", "address": "新北市土城區明德路2段139、141號1樓", "phone": "02-22644779", "district": "土城區"}, "geometry": {"type": "Point", "coordinates": [121.4486981, 24.98271152]}}, {"type": "Feature", "properties": {"name": "元崇藥局", "address": "新北市土城區金城路3段176-1號2樓", "phone": "02-22643076", "district": "土城區"}, "geometry": {"type": "Point", "coordinates": [121.4677353, 24.98755229]}}, {"type": "Feature", "properties": {"name": "鄭家藥局", "address": "新北市土城區清水路127號1樓", "phone": "02-22640005", "district": "土城區"}, "geometry": {"type": "Point", "coordinates": [121.457902, 24.98169628]}}, {"type": "Feature", "properties": {"name": "立康藥局", "address": "新北市土城區中央路2段238號2樓", "phone": "02-22636123", "district": "土城區"}, "geometry": {"type": "Point", "coordinates": [121.4418619, 24.97496625]}}, {"type": "Feature", "properties": {"name": "土城金城藥局", "address": "新北市土城區裕民路280號1、2樓", "phone": "02-22631616", "district": "土城區"}, "geometry": {"type": "Point", "coordinates": [121.455422, 24.98200628]}}, {"type": "Feature", "properties": {"name": "樂利藥局", "address": "新北市土城區裕民路77號1樓", "phone": "02-22630092", "district": "土城區"}, "geometry": {"type": "Point", "coordinates": [121.4498194, 24.98750626]}}, {"type": "Feature", "properties": {"name": "祥安大藥局", "address": "新北市土城區立德路42-1號1樓", "phone": "02-22629707", "district": "土城區"}, "geometry": {"type": "Point", "coordinates": [121.4635654, 24.98730145]}}, {"type": "Feature", "properties": {"name": "城康藥局", "address": "新北市土城區中央路2段2號1、2樓", "phone": "02-22628171", "district": "土城區"}, "geometry": {"type": "Point", "coordinates": [121.4429119, 24.98090628]}}, {"type": "Feature", "properties": {"name": "大業藥局", "address": "新北市土城區青仁路41號1樓", "phone": "02-22626791", "district": "土城區"}, "geometry": {"type": "Point", "coordinates": [121.4599391, 24.9785384]}}, {"type": "Feature", "properties": {"name": "裕生藥局", "address": "新北市土城區裕生路4號", "phone": "02-22624919", "district": "土城區"}, "geometry": {"type": "Point", "coordinates": [121.4483589, 24.98779804]}}, {"type": "Feature", "properties": {"name": "博盛健保藥局", "address": "新北市土城區立德路66號2樓", "phone": "02-22622331", "district": "土城區"}, "geometry": {"type": "Point", "coordinates": [121.4639995, 24.98682003]}}, {"type": "Feature", "properties": {"name": "順儷金城藥局", "address": "新北市土城區金城路3段147號1樓", "phone": "02-22621590", "district": "土城區"}, "geometry": {"type": "Point", "coordinates": [121.468432, 24.9883329]}}, {"type": "Feature", "properties": {"name": "博惠藥局", "address": "新北市土城區中央路1段249巷20號", "phone": "02-22618337", "district": "土城區"}, "geometry": {"type": "Point", "coordinates": [121.4462596, 24.98538312]}}, {"type": "Feature", "properties": {"name": "學府實和藥局", "address": "新北市土城區學府路1段121號", "phone": "02-22612111", "district": "土城區"}, "geometry": {"type": "Point", "coordinates": [121.4553203, 24.98727146]}}, {"type": "Feature", "properties": {"name": "學安藥師藥局", "address": "新北市土城區學府路1段211號1樓", "phone": "02-22610565", "district": "土城區"}, "geometry": {"type": "Point", "coordinates": [121.4516304, 24.98446929]}}, {"type": "Feature", "properties": {"name": "儷生藥局", "address": "新北市土城區金城路2段390號1樓", "phone": "02-22609911", "district": "土城區"}, "geometry": {"type": "Point", "coordinates": [121.4636263, 24.98557427]}}, {"type": "Feature", "properties": {"name": "久達藥局", "address": "新北市土城區中央路3段47號", "phone": "02-22606982", "district": "土城區"}, "geometry": {"type": "Point", "coordinates": [121.4390967, 24.96976755]}}, {"type": "Feature", "properties": {"name": "惠蒼藥局", "address": "新北市土城區中央路2段216號1樓", "phone": "02-22606812", "district": "土城區"}, "geometry": {"type": "Point", "coordinates": [121.4419119, 24.97548626]}}, {"type": "Feature", "properties": {"name": "心中外藥局", "address": "新北市土城區中央路2段157號", "phone": "02-22603023", "district": "土城區"}, "geometry": {"type": "Point", "coordinates": [121.4421126, 24.97648612]}}, {"type": "Feature", "properties": {"name": "宏吉藥局", "address": "新北市板橋區自由路54號", "phone": "02-22570407", "district": "板橋區"}, "geometry": {"type": "Point", "coordinates": [121.4657951, 25.02357774]}}, {"type": "Feature", "properties": {"name": "友祥藥局", "address": "新北市板橋區裕民街107號", "phone": "02-22566497", "district": "板橋區"}, "geometry": {"type": "Point", "coordinates": [121.459861, 25.0277346]}}, {"type": "Feature", "properties": {"name": "立昇藥局", "address": "新北市板橋區新海路72巷8號", "phone": "02-22564539", "district": "板橋區"}, "geometry": {"type": "Point", "coordinates": [121.4623604, 25.02196888]}}, {"type": "Feature", "properties": {"name": "義友藥局", "address": "新北市板橋區陽明街8號", "phone": "02-22563455", "district": "板橋區"}, "geometry": {"type": "Point", "coordinates": [121.4667411, 25.02173428]}}, {"type": "Feature", "properties": {"name": "新埔藥局", "address": "新北市板橋區自由路2號", "phone": "02-22558878", "district": "板橋區"}, "geometry": {"type": "Point", "coordinates": [121.4654479, 25.02221608]}}, {"type": "Feature", "properties": {"name": "宏周藥局", "address": "新北市板橋區文化路2段5號", "phone": "02-22551438", "district": "板橋區"}, "geometry": {"type": "Point", "coordinates": [121.4684662, 25.02426212]}}, {"type": "Feature", "properties": {"name": "優良藥局", "address": "新北市板橋區莊敬路93號", "phone": "02-22550251", "district": "板橋區"}, "geometry": {"type": "Point", "coordinates": [121.4726824, 25.02628176]}}, {"type": "Feature", "properties": {"name": "廣益藥局", "address": "新北市板橋區自由路21號", "phone": "02-22547485", "district": "板橋區"}, "geometry": {"type": "Point", "coordinates": [121.4654455, 25.02296136]}}, {"type": "Feature", "properties": {"name": "杏泰藥局", "address": "新北市板橋區雙十路2段4-7號", "phone": "02-22511834", "district": "板橋區"}, "geometry": {"type": "Point", "coordinates": [121.4772486, 25.02552467]}}, {"type": "Feature", "properties": {"name": "福雄藥局", "address": "新北市中和區景平路540號", "phone": "02-22499894", "district": "中和區"}, "geometry": {"type": "Point", "coordinates": [121.5024858, 24.99480943]}}, {"type": "Feature", "properties": {"name": "大榮藥局", "address": "新北市中山路2段127號", "phone": "02-22497965", "district": ""}, "geometry": {"type": "Point", "coordinates": [121.4653487, 25.01216836]}}, {"type": "Feature", "properties": {"name": "惠民藥局", "address": "新北市中和區中興街153號1樓", "phone": "02-22475303", "district": "中和區"}, "geometry": {"type": "Point", "coordinates": [121.5000239, 24.99104749]}}, {"type": "Feature", "properties": {"name": "悅聖藥局", "address": "新北市中和區圓通路149號1樓", "phone": "02-22470133", "district": "中和區"}, "geometry": {"type": "Point", "coordinates": [121.4983526, 24.9956688]}}, {"type": "Feature", "properties": {"name": "宏恩藥局", "address": "新北市永和區中正路143號", "phone": "02-22452450", "district": "永和區"}, "geometry": {"type": "Point", "coordinates": [121.5162074, 24.99827185]}}, {"type": "Feature", "properties": {"name": "安康藥局", "address": "新北市中和區圓通路309號", "phone": "02-22450837", "district": "中和區"}, "geometry": {"type": "Point", "coordinates": [121.4932419, 24.99074332]}}, {"type": "Feature", "properties": {"name": "藥安藥局", "address": "新北市中和區廣福路16號1樓", "phone": "02-22447066", "district": "中和區"}, "geometry": {"type": "Point", "coordinates": [121.5051562, 25.00276747]}}, {"type": "Feature", "properties": {"name": "建琳藥局", "address": "新北市中和區景安路202-1號", "phone": "02-22427887", "district": "中和區"}, "geometry": {"type": "Point", "coordinates": [121.5040294, 24.99122507]}}, {"type": "Feature", "properties": {"name": "三越藥局", "address": "新北市中和區復興路277號1樓", "phone": "02-22427215", "district": "中和區"}, "geometry": {"type": "Point", "coordinates": [121.5023828, 24.99019646]}}, {"type": "Feature", "properties": {"name": "安華藥局", "address": "新北市中和區圓通路293-2號2樓", "phone": "02-22426010", "district": "中和區"}, "geometry": {"type": "Point", "coordinates": [121.494973, 24.99249238]}}, {"type": "Feature", "properties": {"name": "田邊藥局", "address": "新北市中和區泰和街43號1樓", "phone": "02-22407725", "district": "中和區"}, "geometry": {"type": "Point", "coordinates": [121.4991094, 24.99942241]}}, {"type": "Feature", "properties": {"name": "新雙和藥師藥局", "address": "新北市中和區中正路281-8號1樓", "phone": "02-22404276", "district": "中和區"}, "geometry": {"type": "Point", "coordinates": [121.4948614, 24.99370739]}}, {"type": "Feature", "properties": {"name": "上安藥局", "address": "新北市永和區仁愛路62號1樓", "phone": "02-22328565", "district": "永和區"}, "geometry": {"type": "Point", "coordinates": [121.5133829, 25.01344018]}}, {"type": "Feature", "properties": {"name": "宏瑞藥局", "address": "新北市永和區文化路78號", "phone": "02-22311663", "district": "永和區"}, "geometry": {"type": "Point", "coordinates": [121.5140848, 25.01522784]}}, {"type": "Feature", "properties": {"name": "瑞發藥局", "address": "新北市中和區民享街56-1號", "phone": "02-22235319", "district": "中和區"}, "geometry": {"type": "Point", "coordinates": [121.4739812, 25.00240237]}}, {"type": "Feature", "properties": {"name": "欣大藥局", "address": "新北市中和區連城路372-3號3樓", "phone": "02-22217036", "district": "中和區"}, "geometry": {"type": "Point", "coordinates": [121.4817026, 24.99543561]}}, {"type": "Feature", "properties": {"name": "國新藥局", "address": "新北市中和區員山路146-4號", "phone": "02-22212322", "district": "中和區"}, "geometry": {"type": "Point", "coordinates": [121.4809931, 24.99629115]}}, {"type": "Feature", "properties": {"name": "吉順藥局", "address": "新北市新店區安康路2段225號", "phone": "02-22119587", "district": "新店區"}, "geometry": {"type": "Point", "coordinates": [121.5086387, 24.95871125]}}, {"type": "Feature", "properties": {"name": "碧潭大藥局", "address": "新北市新店區碧潭路41號1樓", "phone": "02-22112271", "district": "新店區"}, "geometry": {"type": "Point", "coordinates": [121.5341574, 24.95641977]}}, {"type": "Feature", "properties": {"name": "記安大藥局", "address": "新北市新莊區天祥街46號1樓", "phone": "02-22095331", "district": "新莊區"}, "geometry": {"type": "Point", "coordinates": [121.4167821, 25.02893449]}}, {"type": "Feature", "properties": {"name": "春元藥局", "address": "新北市新莊區龍安路278巷2號1樓", "phone": "02-22085202", "district": "新莊區"}, "geometry": {"type": "Point", "coordinates": [121.4221527, 25.01918824]}}, {"type": "Feature", "properties": {"name": "招安藥師藥局", "address": "新北市新莊區西盛街338號1樓", "phone": "02-22085138", "district": "新莊區"}, "geometry": {"type": "Point", "coordinates": [121.4279616, 25.01436404]}}, {"type": "Feature", "properties": {"name": "禾佳藥局", "address": "新北市新莊區民安西路154號1樓", "phone": "02-22080189", "district": "新莊區"}, "geometry": {"type": "Point", "coordinates": [121.4260643, 25.01641614]}}, {"type": "Feature", "properties": {"name": "鼎極藥局", "address": "新北市新莊區民安西路376號-1、-3", "phone": "02-22073228", "district": "新莊區"}, "geometry": {"type": "Point", "coordinates": [121.4275031, 25.01061888]}}, {"type": "Feature", "properties": {"name": "八德藥局", "address": "新北市新莊區八德街3號2樓", "phone": "02-22071315", "district": "新莊區"}, "geometry": {"type": "Point", "coordinates": [121.4255618, 25.02269926]}}, {"type": "Feature", "properties": {"name": "健安藥局", "address": "新北市新莊區民安西路209號1樓", "phone": "02-22070391", "district": "新莊區"}, "geometry": {"type": "Point", "coordinates": [121.4260604, 25.01470225]}}, {"type": "Feature", "properties": {"name": "立威藥局", "address": "新北市新莊區民安西路6號1樓", "phone": "02-22068690", "district": "新莊區"}, "geometry": {"type": "Point", "coordinates": [121.4264449, 25.02180602]}}, {"type": "Feature", "properties": {"name": "世鴻藥局", "address": "新北市新莊區民安路137巷2弄2號1樓", "phone": "02-22066722", "district": "新莊區"}, "geometry": {"type": "Point", "coordinates": [121.4254102, 25.02423284]}}, {"type": "Feature", "properties": {"name": "吉田藥局", "address": "新北市新莊區西盛街313號", "phone": "02-22065185", "district": "新莊區"}, "geometry": {"type": "Point", "coordinates": [121.4281333, 25.01516344]}}, {"type": "Feature", "properties": {"name": "福營藥局", "address": "新北市新莊區富國路107號2樓", "phone": "02-22059697", "district": "新莊區"}, "geometry": {"type": "Point", "coordinates": [121.4234339, 25.02506562]}}, {"type": "Feature", "properties": {"name": "躍獅新豐藥局", "address": "新北市新莊區豐年街16號1樓", "phone": "02-22058055", "district": "新莊區"}, "geometry": {"type": "Point", "coordinates": [121.4462881, 25.03279187]}}, {"type": "Feature", "properties": {"name": "日榮藥局", "address": "新北市新莊區龍安路461號1樓", "phone": "02-22056955", "district": "新莊區"}, "geometry": {"type": "Point", "coordinates": [121.4248361, 25.01860061]}}, {"type": "Feature", "properties": {"name": "康民藥局", "address": "新北市新莊區富國路110號1樓", "phone": "02-22054439", "district": "新莊區"}, "geometry": {"type": "Point", "coordinates": [121.4219851, 25.02520235]}}, {"type": "Feature", "properties": {"name": "瑞豐大藥局", "address": "新北市新莊區後港一路105號1樓", "phone": "02-22049932", "district": "新莊區"}, "geometry": {"type": "Point", "coordinates": [121.4283307, 25.02716609]}}, {"type": "Feature", "properties": {"name": "恩泰藥局", "address": "新北市新莊區民安西路265號-1", "phone": "02-22049650", "district": "新莊區"}, "geometry": {"type": "Point", "coordinates": [121.4262434, 25.01289299]}}, {"type": "Feature", "properties": {"name": "宏發藥局", "address": "新北市新莊區民安西路263號1樓", "phone": "02-22048303", "district": "新莊區"}, "geometry": {"type": "Point", "coordinates": [121.4261811, 25.01306516]}}, {"type": "Feature", "properties": {"name": "喜悅藥局", "address": "新北市新莊區後港一路55號1樓", "phone": "02-22047442", "district": "新莊區"}, "geometry": {"type": "Point", "coordinates": [121.4261859, 25.02650627]}}, {"type": "Feature", "properties": {"name": "紫竹藥師藥局", "address": "新北市新莊區龍安路323號1樓", "phone": "02-22046595", "district": "新莊區"}, "geometry": {"type": "Point", "coordinates": [121.4217617, 25.01959105]}}, {"type": "Feature", "properties": {"name": "大愛藥師藥局", "address": "新北市新莊區後港一路69號1樓", "phone": "02-22042119", "district": "新莊區"}, "geometry": {"type": "Point", "coordinates": [121.4266898, 25.02666367]}}, {"type": "Feature", "properties": {"name": "大林藥局", "address": "新北市新莊區後港一路31巷1弄1號", "phone": "02-22040519", "district": "新莊區"}, "geometry": {"type": "Point", "coordinates": [121.4251138, 25.02640616]}}, {"type": "Feature", "properties": {"name": "羽豐藥局", "address": "新北市新莊區新莊路382號1樓", "phone": "02-22029812", "district": "新莊區"}, "geometry": {"type": "Point", "coordinates": [121.449102, 25.03355156]}}, {"type": "Feature", "properties": {"name": "森活藥局", "address": "新北市新莊區民安路220-1號", "phone": "02-22027927", "district": "新莊區"}, "geometry": {"type": "Point", "coordinates": [121.4259809, 25.02259176]}}, {"type": "Feature", "properties": {"name": "真安綜合大藥局", "address": "新北市新莊區四維路205號1樓", "phone": "02-22026188", "district": "新莊區"}, "geometry": {"type": "Point", "coordinates": [121.4219227, 25.02037486]}}, {"type": "Feature", "properties": {"name": "德翰藥局", "address": "新北市新莊區四維路171巷1至3號", "phone": "02-22025576", "district": "新莊區"}, "geometry": {"type": "Point", "coordinates": [121.4226638, 25.02147258]}}, {"type": "Feature", "properties": {"name": "凱盛藥局", "address": "新北市新莊區西盛街199號", "phone": "02-22024914", "district": "新莊區"}, "geometry": {"type": "Point", "coordinates": [121.4282028, 25.01706227]}}, {"type": "Feature", "properties": {"name": "可樂藥局", "address": "新北市新莊區建安街45號1樓", "phone": "02-22023885", "district": "新莊區"}, "geometry": {"type": "Point", "coordinates": [121.4287306, 25.02553855]}}, {"type": "Feature", "properties": {"name": "海山藥局", "address": "新北市新莊區景德路425號", "phone": "02-22019804", "district": "新莊區"}, "geometry": {"type": "Point", "coordinates": [121.4446747, 25.0333133]}}, {"type": "Feature", "properties": {"name": "錦安藥局", "address": "新北市新莊區民安路201號1樓", "phone": "02-22011242", "district": "新莊區"}, "geometry": {"type": "Point", "coordinates": [121.4262619, 25.02245899]}}, {"type": "Feature", "properties": {"name": "新杏藥局", "address": "新北市新莊區新泰路99號1樓", "phone": "02-22011012", "district": "新莊區"}, "geometry": {"type": "Point", "coordinates": [121.4490285, 25.03496829]}}, {"type": "Feature", "properties": {"name": "雙十健保藥局", "address": "新北市板橋區雙十路2段138號2樓", "phone": "02-82537713", "district": "板橋區"}, "geometry": {"type": "Point", "coordinates": [121.4737964, 25.02905804]}}, {"type": "Feature", "properties": {"name": "樂心藥局", "address": "新北市板橋區中山路2段160號1樓", "phone": "02-29636339", "district": "板橋區"}, "geometry": {"type": "Point", "coordinates": [121.4768732, 25.01705536]}}, {"type": "Feature", "properties": {"name": "仁泰藥局", "address": "新北市板橋區四川路2段33號1樓", "phone": "02-89672133", "district": "板橋區"}, "geometry": {"type": "Point", "coordinates": [121.4543391, 24.99536549]}}, {"type": "Feature", "properties": {"name": "晉麟藥局", "address": "新北市板橋區懷德街78巷4號", "phone": "02-22509069", "district": "板橋區"}, "geometry": {"type": "Point", "coordinates": [121.4780476, 25.03163614]}}, {"type": "Feature", "properties": {"name": "長欣藥師藥局", "address": "新北市板橋區中山路2段505巷36號", "phone": "02-29585308", "district": "板橋區"}, "geometry": {"type": "Point", "coordinates": [121.4820988, 25.02245633]}}, {"type": "Feature", "properties": {"name": "谷全藥局", "address": "新北市板橋區裕民街49號", "phone": "02-22561856", "district": "板橋區"}, "geometry": {"type": "Point", "coordinates": [121.4613459, 25.02850779]}}, {"type": "Feature", "properties": {"name": "擎天藥局", "address": "新北市板橋區重慶路235號1樓", "phone": "02-89525981", "district": "板橋區"}, "geometry": {"type": "Point", "coordinates": [121.4631611, 25.00089693]}}, {"type": "Feature", "properties": {"name": "汐止健康人生藥局", "address": "新北市汐止區忠孝東路269號", "phone": "02-86421820", "district": "汐止區"}, "geometry": {"type": "Point", "coordinates": [121.6633132, 25.06808563]}}, {"type": "Feature", "properties": {"name": "建忠藥局", "address": "新北市汐止區建成路37巷11號1樓", "phone": "02-26422101", "district": "汐止區"}, "geometry": {"type": "Point", "coordinates": [121.6635275, 25.07244647]}}, {"type": "Feature", "properties": {"name": "健康小站藥局", "address": "新北市深坑區埔新里北深路2段75號", "phone": "02-26629568", "district": "深坑區"}, "geometry": {"type": "Point", "coordinates": [121.6183585, 25.00373462]}}, {"type": "Feature", "properties": {"name": "唱安藥局", "address": "新北市瑞芳區魚坑路43號", "phone": "02-24977838", "district": "瑞芳區"}, "geometry": {"type": "Point", "coordinates": [121.790434, 25.10976703]}}, {"type": "Feature", "properties": {"name": "麗安藥局", "address": "新北市瑞芳區明燈路3段56號", "phone": "02-24970823", "district": "瑞芳區"}, "geometry": {"type": "Point", "coordinates": [121.806939, 25.10803995]}}, {"type": "Feature", "properties": {"name": "伊達藥局", "address": "新北市瑞芳區明燈路3段36號", "phone": "02-24969654", "district": "瑞芳區"}, "geometry": {"type": "Point", "coordinates": [121.8077104, 25.10787649]}}, {"type": "Feature", "properties": {"name": "大埔藥局", "address": "新北市瑞芳區大埔路128-3號1樓", "phone": "02-24587020", "district": "瑞芳區"}, "geometry": {"type": "Point", "coordinates": [121.7620411, 25.10095382]}}, {"type": "Feature", "properties": {"name": "瑞芳東亞大藥局", "address": "新北市瑞芳區中正路84號", "phone": "02-24961079", "district": "瑞芳區"}, "geometry": {"type": "Point", "coordinates": [121.8054718, 25.10773301]}}, {"type": "Feature", "properties": {"name": "揚明藥局", "address": "新北市瑞芳區民族街2號1樓", "phone": "02-24970925", "district": "瑞芳區"}, "geometry": {"type": "Point", "coordinates": [121.8069356, 25.10759883]}}, {"type": "Feature", "properties": {"name": "本平藥局", "address": "新北市瑞芳區瑞芳街45號", "phone": "02-24972167", "district": "瑞芳區"}, "geometry": {"type": "Point", "coordinates": [121.8021457, 25.11007427]}}, {"type": "Feature", "properties": {"name": "金美藥局", "address": "新北市新店區北新路3段138號1樓", "phone": "02-29146365", "district": "新店區"}, "geometry": {"type": "Point", "coordinates": [121.5416396, 24.9821249]}}, {"type": "Feature", "properties": {"name": "信龍大藥局", "address": "新北市新店區安康路2段五十六號", "phone": "02-22115533", "district": "新店區"}, "geometry": {"type": "Point", "coordinates": [121.5150485, 24.96385164]}}, {"type": "Feature", "properties": {"name": "佳泰藥局", "address": "新北市新店區建國路224號1樓", "phone": "02-89193422", "district": "新店區"}, "geometry": {"type": "Point", "coordinates": [121.5378035, 24.9813828]}}, {"type": "Feature", "properties": {"name": "玫瑰健保藥局", "address": "新北市新店區玫瑰路36號1樓", "phone": "02-22140036", "district": "新店區"}, "geometry": {"type": "Point", "coordinates": [121.4954045, 24.95002967]}}, {"type": "Feature", "properties": {"name": "安和藥局", "address": "新北市新店區安和路3段137號1樓", "phone": "02-86685309", "district": "新店區"}, "geometry": {"type": "Point", "coordinates": [121.5169768, 24.98530209]}}, {"type": "Feature", "properties": {"name": "康杏安藥局", "address": "新北市永和區保平路60號1樓", "phone": "02-29298968", "district": "永和區"}, "geometry": {"type": "Point", "coordinates": [121.5110905, 25.00691687]}}, {"type": "Feature", "properties": {"name": "博昇藥局", "address": "新北市永和區仁愛路22號1樓", "phone": "02-29267273", "district": "永和區"}, "geometry": {"type": "Point", "coordinates": [121.514771, 25.01360678]}}, {"type": "Feature", "properties": {"name": "宸安藥局", "address": "新北市永和區得和路385號1樓", "phone": "02-22328274", "district": "永和區"}, "geometry": {"type": "Point", "coordinates": [121.525101, 24.99942531]}}, {"type": "Feature", "properties": {"name": "竹林藥局", "address": "新北市永和區竹林路181號2樓", "phone": "02-89266818", "district": "永和區"}, "geometry": {"type": "Point", "coordinates": [121.5206485, 25.00969048]}}, {"type": "Feature", "properties": {"name": "德美藥局", "address": "新北市永和區中正路455號1樓", "phone": "02-29274951", "district": "永和區"}, "geometry": {"type": "Point", "coordinates": [121.5169715, 25.00569204]}}, {"type": "Feature", "properties": {"name": "威安藥局", "address": "新北市中和區景新街328號1樓", "phone": "02-29485117", "district": "中和區"}, "geometry": {"type": "Point", "coordinates": [121.5117736, 24.99104693]}}, {"type": "Feature", "properties": {"name": "杏安藥局", "address": "新北市中和區莊敬路35號1樓", "phone": "02-22430281", "district": "中和區"}, "geometry": {"type": "Point", "coordinates": [121.5006862, 25.00502643]}}, {"type": "Feature", "properties": {"name": "璟福藥局", "address": "新北市中和區安平路76號1樓", "phone": "02-29408669", "district": "中和區"}, "geometry": {"type": "Point", "coordinates": [121.5110397, 24.99651825]}}, {"type": "Feature", "properties": {"name": "健鼎藥局", "address": "新北市土城區學府路1段117號", "phone": "02-22633469", "district": "土城區"}, "geometry": {"type": "Point", "coordinates": [121.4554358, 24.98734773]}}, {"type": "Feature", "properties": {"name": "學府松藥局", "address": "新北市土城區學府路1段38號1、2樓", "phone": "02-82628665", "district": "土城區"}, "geometry": {"type": "Point", "coordinates": [121.4580272, 24.98854426]}}, {"type": "Feature", "properties": {"name": "陽光活力藥局", "address": "新北市土城區延和路103號1樓", "phone": "02-22610590", "district": "土城區"}, "geometry": {"type": "Point", "coordinates": [121.4675423, 24.99024037]}}, {"type": "Feature", "properties": {"name": "優嘉藥師連鎖藥局", "address": "新北市土城區中央路2段117號1樓", "phone": "02-82629788", "district": "土城區"}, "geometry": {"type": "Point", "coordinates": [121.4421602, 24.97749867]}}, {"type": "Feature", "properties": {"name": "佑安藥局", "address": "新北市土城區清水路334號2樓", "phone": "02-22643960", "district": "土城區"}, "geometry": {"type": "Point", "coordinates": [121.4641405, 24.98558047]}}, {"type": "Feature", "properties": {"name": "大家好學成藥局", "address": "新北市三峽區大學路87號1樓", "phone": "02-26747022", "district": "三峽區"}, "geometry": {"type": "Point", "coordinates": [121.3758925, 24.94170726]}}, {"type": "Feature", "properties": {"name": "大新藥局", "address": "新北市三峽區大義路259號1樓", "phone": "9.22E+08", "district": "三峽區"}, "geometry": {"type": "Point", "coordinates": [121.3773983, 24.94638519]}}, {"type": "Feature", "properties": {"name": "盛台藥局", "address": "新北市三峽區大學路108號1、2樓", "phone": "02-26722730", "district": "三峽區"}, "geometry": {"type": "Point", "coordinates": [121.3749568, 24.94380295]}}, {"type": "Feature", "properties": {"name": "悅兒藥局", "address": "新北市三峽區學成路329號1樓", "phone": "02-86741633", "district": "三峽區"}, "geometry": {"type": "Point", "coordinates": [121.3770399, 24.94491922]}}, {"type": "Feature", "properties": {"name": "有新藥局", "address": "新北市三峽區學勤路18號1樓", "phone": "02-26710769", "district": "三峽區"}, "geometry": {"type": "Point", "coordinates": [121.3741564, 24.94539925]}}, {"type": "Feature", "properties": {"name": "三峽藥局", "address": "新北市三峽區介壽路1段27號1樓", "phone": "02-26738868", "district": "三峽區"}, "geometry": {"type": "Point", "coordinates": [121.375674, 24.93321504]}}, {"type": "Feature", "properties": {"name": "益銘藥師藥局", "address": "新北市三峽區大德路181號1樓", "phone": "02-26723662", "district": "三峽區"}, "geometry": {"type": "Point", "coordinates": [121.3753233, 24.94573157]}}, {"type": "Feature", "properties": {"name": "中園藥局", "address": "新北市三峽區弘園街37號1樓", "phone": "02-26733237", "district": "三峽區"}, "geometry": {"type": "Point", "coordinates": [121.3671974, 24.92753179]}}, {"type": "Feature", "properties": {"name": "三峽大昌藥局", "address": "新北市三峽區民生街56號", "phone": "02-26711560", "district": "三峽區"}, "geometry": {"type": "Point", "coordinates": [121.3751941, 24.93637547]}}, {"type": "Feature", "properties": {"name": "前回春藥局", "address": "新北市樹林區中山路1段56號", "phone": "02-26812167", "district": "樹林區"}, "geometry": {"type": "Point", "coordinates": [121.4236426, 24.99205275]}}, {"type": "Feature", "properties": {"name": "弘昌藥師藥局", "address": "新北市樹林區保安街1段65號1樓", "phone": "02-26871276", "district": "樹林區"}, "geometry": {"type": "Point", "coordinates": [121.4232366, 24.99491225]}}, {"type": "Feature", "properties": {"name": "琉璃水藥師藥局", "address": "新北市樹林區龍興街21號1樓", "phone": "02-26764262", "district": "樹林區"}, "geometry": {"type": "Point", "coordinates": [121.4029847, 25.01613604]}}, {"type": "Feature", "properties": {"name": "彰安藥局", "address": "新北市樹林區千歲街82號", "phone": "02-26827341", "district": "樹林區"}, "geometry": {"type": "Point", "coordinates": [121.4264369, 24.99771613]}}, {"type": "Feature", "properties": {"name": "嘉泰藥師藥局", "address": "新北市鶯歌區鶯桃路2段31號1樓", "phone": "02-26709668", "district": "鶯歌區"}, "geometry": {"type": "Point", "coordinates": [121.3253717, 24.97248284]}}, {"type": "Feature", "properties": {"name": "祐兒藥局", "address": "新北市鶯歌區南鶯里建國路171號1樓", "phone": "02-86781907", "district": "鶯歌區"}, "geometry": {"type": "Point", "coordinates": [121.3500346, 24.95339499]}}, {"type": "Feature", "properties": {"name": "安泰藥局", "address": "新北市三重區正義北路300-3號2樓", "phone": "02-89815379", "district": "三重區"}, "geometry": {"type": "Point", "coordinates": [121.4953917, 25.06966747]}}, {"type": "Feature", "properties": {"name": "上好藥局", "address": "新北市三重區力行路2段134號", "phone": "02-22865622", "district": "三重區"}, "geometry": {"type": "Point", "coordinates": [121.4822269, 25.07557297]}}, {"type": "Feature", "properties": {"name": "惠理藥局", "address": "新北市三重區重陽路1段152號", "phone": "02-29856710", "district": "三重區"}, "geometry": {"type": "Point", "coordinates": [121.4866167, 25.06110364]}}, {"type": "Feature", "properties": {"name": "馥佑藥局", "address": "新北市三重區力行路1段89巷7號", "phone": "02-89818716", "district": "三重區"}, "geometry": {"type": "Point", "coordinates": [121.4867891, 25.06837614]}}, {"type": "Feature", "properties": {"name": "迪化藥局", "address": "新北市三重區中華路77號", "phone": "02-29834445", "district": "三重區"}, "geometry": {"type": "Point", "coordinates": [121.4836105, 25.06267099]}}, {"type": "Feature", "properties": {"name": "一安藥局", "address": "新北市新莊區新泰路268號", "phone": "02-29941618", "district": "新莊區"}, "geometry": {"type": "Point", "coordinates": [121.4460342, 25.04028602]}}, {"type": "Feature", "properties": {"name": "明仁健保藥局", "address": "新北市新莊區民安西路195號1樓", "phone": "02-22085175", "district": "新莊區"}, "geometry": {"type": "Point", "coordinates": [121.4260881, 25.0153431]}}, {"type": "Feature", "properties": {"name": "洋欣藥局", "address": "新北市新莊區中平路277號1樓", "phone": "02-89927489", "district": "新莊區"}, "geometry": {"type": "Point", "coordinates": [121.4446875, 25.0501805]}}, {"type": "Feature", "properties": {"name": "一心春天藥局", "address": "新北市新莊區中和街13號1樓、地下室", "phone": "02-89929482", "district": "新莊區"}, "geometry": {"type": "Point", "coordinates": [121.4482142, 25.04340886]}}, {"type": "Feature", "properties": {"name": "合康藥師藥局", "address": "新北市新莊區中平路306號", "phone": "02-29924496", "district": "新莊區"}, "geometry": {"type": "Point", "coordinates": [121.4448094, 25.05192619]}}, {"type": "Feature", "properties": {"name": "東京大藥局", "address": "新北市新莊區民安路176號1樓", "phone": "02-22063806", "district": "新莊區"}, "geometry": {"type": "Point", "coordinates": [121.4251439, 25.02392109]}}, {"type": "Feature", "properties": {"name": "富安藥局", "address": "新北市新莊區復興路1段25號-1(2樓)", "phone": "02-22767620", "district": "新莊區"}, "geometry": {"type": "Point", "coordinates": [121.4461469, 25.04193698]}}, {"type": "Feature", "properties": {"name": "揚明藥師藥局", "address": "新北市新莊區中港路154號", "phone": "02-29921473", "district": "新莊區"}, "geometry": {"type": "Point", "coordinates": [121.4551671, 25.0413123]}}, {"type": "Feature", "properties": {"name": "蒲陽藥局", "address": "新北市新莊區中港路514號1樓", "phone": "02-29930069", "district": "新莊區"}, "geometry": {"type": "Point", "coordinates": [121.4517688, 25.05187171]}}, {"type": "Feature", "properties": {"name": "鶴田藥局", "address": "新北市新莊區自信街27號1樓", "phone": "02-22796718", "district": "新莊區"}, "geometry": {"type": "Point", "coordinates": [121.4540656, 25.04834512]}}, {"type": "Feature", "properties": {"name": "鍵豐藥局", "address": "新北市新莊區中和街158號1樓", "phone": "02-29917452", "district": "新莊區"}, "geometry": {"type": "Point", "coordinates": [121.4474464, 25.04877868]}}, {"type": "Feature", "properties": {"name": "天給藥局", "address": "新北市新莊區幸福路670巷2弄19號1樓", "phone": "02-29921451", "district": "新莊區"}, "geometry": {"type": "Point", "coordinates": [121.4518928, 25.0495731]}}, {"type": "Feature", "properties": {"name": "新莊大東藥局", "address": "新北市新莊區幸福路806號1樓", "phone": "02-22766026", "district": "新莊區"}, "geometry": {"type": "Point", "coordinates": [121.446045, 25.04916713]}}, {"type": "Feature", "properties": {"name": "泰安藥局", "address": "新北市泰山區明志路2段62號2樓", "phone": "02-85313097", "district": "泰山區"}, "geometry": {"type": "Point", "coordinates": [121.4290296, 25.05269836]}}, {"type": "Feature", "properties": {"name": "台灣藥局", "address": "新北市泰山區明志路1段282-286號", "phone": "02-22971969", "district": "泰山區"}, "geometry": {"type": "Point", "coordinates": [121.4319145, 25.06002111]}}, {"type": "Feature", "properties": {"name": "紅葉藥局", "address": "新北市泰山區楓江路8號2樓", "phone": "02-22960328", "district": "泰山區"}, "geometry": {"type": "Point", "coordinates": [121.4335082, 25.06243841]}}, {"type": "Feature", "properties": {"name": "旭晨藥局", "address": "新北市泰山區仁愛路90號1樓", "phone": "02-22970013", "district": "泰山區"}, "geometry": {"type": "Point", "coordinates": [121.4330837, 25.05529815]}}, {"type": "Feature", "properties": {"name": "喜樂藥師藥局", "address": "新北市林口區公園路15號1樓", "phone": "02-26005566", "district": "林口區"}, "geometry": {"type": "Point", "coordinates": [121.3664687, 25.06761675]}}, {"type": "Feature", "properties": {"name": "安康藥局", "address": "新北市林口區仁愛路2段60號", "phone": "02-26030356", "district": "林口區"}, "geometry": {"type": "Point", "coordinates": [121.3845897, 25.07570175]}}, {"type": "Feature", "properties": {"name": "家欣藥師藥局", "address": "新北市林口區文化二路1段567號1樓", "phone": "02-26025388", "district": "林口區"}, "geometry": {"type": "Point", "coordinates": [121.3751323, 25.07793842]}}, {"type": "Feature", "properties": {"name": "蘆洲陳大藥局", "address": "新北市蘆洲區長安街95號", "phone": "02-22836224", "district": "蘆洲區"}, "geometry": {"type": "Point", "coordinates": [121.4618674, 25.08050002]}}, {"type": "Feature", "properties": {"name": "蓁美健康藥局", "address": "新北市蘆洲區九芎街90巷21號", "phone": "02-22827527", "district": "蘆洲區"}, "geometry": {"type": "Point", "coordinates": [121.4647249, 25.08116129]}}, {"type": "Feature", "properties": {"name": "常喜藥局", "address": "新北市蘆洲區中正路140號", "phone": "02-82862976", "district": "蘆洲區"}, "geometry": {"type": "Point", "coordinates": [121.4690956, 25.0852445]}}, {"type": "Feature", "properties": {"name": "陽光樂活藥局", "address": "新北市五股區成泰路2段101-2號1樓", "phone": "02-22928799", "district": "五股區"}, "geometry": {"type": "Point", "coordinates": [121.4383297, 25.08435713]}}, {"type": "Feature", "properties": {"name": "三合藥局", "address": "新北市五股區中興路1段75號1樓", "phone": "02-29846055", "district": "五股區"}, "geometry": {"type": "Point", "coordinates": [121.4674733, 25.07266172]}}, {"type": "Feature", "properties": {"name": "百成中西藥師藥局", "address": "新北市五股區五福里五福路20號1樓", "phone": "02-22915531", "district": "五股區"}, "geometry": {"type": "Point", "coordinates": [121.4342813, 25.08880867]}}, {"type": "Feature", "properties": {"name": "三好連鎖藥師藥局", "address": "新北市五股區西雲路86號1樓", "phone": "02-22952357", "district": "五股區"}, "geometry": {"type": "Point", "coordinates": [121.4438164, 25.09231223]}}, {"type": "Feature", "properties": {"name": "八里藥師藥局", "address": "新北市八里區中山路2段226號1樓", "phone": "02-26101212", "district": "八里區"}, "geometry": {"type": "Point", "coordinates": [121.4051782, 25.15150821]}}, {"type": "Feature", "properties": {"name": "日揚藥局", "address": "新北市淡水區民族路30巷5號", "phone": "02-26242059", "district": "淡水區"}, "geometry": {"type": "Point", "coordinates": [121.4611863, 25.13622814]}}, {"type": "Feature", "properties": {"name": "伯聯藥局", "address": "新北市淡水區清水街9-10號1樓", "phone": "02-26255847", "district": "淡水區"}, "geometry": {"type": "Point", "coordinates": [121.4448975, 25.17031976]}}, {"type": "Feature", "properties": {"name": "聖元社區藥局", "address": "新北市淡水區北新路117-3號1樓", "phone": "02-26263227", "district": "淡水區"}, "geometry": {"type": "Point", "coordinates": [121.4484971, 25.17867179]}}, {"type": "Feature", "properties": {"name": "大忠聯合藥局", "address": "新北市淡水區大忠街113巷31號1樓", "phone": "02-26200021", "district": "淡水區"}, "geometry": {"type": "Point", "coordinates": [121.4476845, 25.17755855]}}, {"type": "Feature", "properties": {"name": "北新藥局", "address": "新北市淡水區北新路182巷63號", "phone": "02-26293205", "district": "淡水區"}, "geometry": {"type": "Point", "coordinates": [121.4477479, 25.17733119]}}, {"type": "Feature", "properties": {"name": "吉利安健保藥師藥局", "address": "新北市淡水區中山北路1段100號1樓", "phone": "02-26295693", "district": "淡水區"}, "geometry": {"type": "Point", "coordinates": [121.4425951, 25.17639361]}}, {"type": "Feature", "properties": {"name": "吳光祥藥局", "address": "新北市淡水區中山路104號", "phone": "02-26213020", "district": "淡水區"}, "geometry": {"type": "Point", "coordinates": [121.4423705, 25.1706855]}}, {"type": "Feature", "properties": {"name": "天文大藥局", "address": "新北市淡水區新春街136號", "phone": "02-86312050", "district": "淡水區"}, "geometry": {"type": "Point", "coordinates": [121.4414608, 25.18166389]}}, {"type": "Feature", "properties": {"name": "長佑藥局", "address": "新北市淡水區新市一路3段36號", "phone": "02-26202022", "district": "淡水區"}, "geometry": {"type": "Point", "coordinates": [121.4457652, 25.18281929]}}, {"type": "Feature", "properties": {"name": "護鄰藥局", "address": "新北市淡水區油車里淡海路47號", "phone": "02-77498406", "district": "淡水區"}, "geometry": {"type": "Point", "coordinates": [121.4230575, 25.17983712]}}, {"type": "Feature", "properties": {"name": "淡水健康人生藥局", "address": "新北市淡水區清水街9-2號1樓", "phone": "02-26269679", "district": "淡水區"}, "geometry": {"type": "Point", "coordinates": [121.4448975, 25.17031976]}}, {"type": "Feature", "properties": {"name": "優德仕藥局", "address": "新北市淡水區中山北路2段167號1樓", "phone": "02-26236573", "district": "淡水區"}, "geometry": {"type": "Point", "coordinates": [121.4441706, 25.18438275]}}, {"type": "Feature", "properties": {"name": "淡水聯合藥局", "address": "新北市淡水區英專路94號2樓", "phone": "02-86317699", "district": "淡水區"}, "geometry": {"type": "Point", "coordinates": [121.4458699, 25.17171233]}}]}