Date,County,Town,Village,VillageID,VillageLon,VillageLat
2024/12/01,台北市,萬華區,綠堤里,6300700-017,121.4917076,25.03061412
2024/12/02,台北市,中山區,行孝里,6300400-026,121.5366496,25.06669597
2024/12/03,台北市,松山區,三民里,6300100-004,121.5622431,25.0599258
2024/12/03,台北市,松山區,三民里,6300100-004,121.5622431,25.0599258
2024/12/04,台北市,士林區,社園里,6301100-021,121.5069745,25.09234171
2024/12/04,台北市,南港區,鴻福里,6300900-013,121.5852907,25.04331624
2024/12/04,台北市,士林區,忠誠里,6301100-030,121.5273017,25.10603118
2024/12/04,台北市,中山區,江山里,6300400-029,121.54057,25.05896832
2024/12/04,台北市,士林區,名山里,6301100-026,121.5294765,25.10258847
2024/12/04,台北市,萬華區,和德里,6300700-024,121.4909326,25.02654046
2024/12/04,台北市,士林區,永倫里,6301100-022,121.5014557,25.09263064
2024/12/05,台北市,文山區,樟林里,6300800-030,121.557074,24.98504162
2024/12/05,台北市,士林區,東山里,6301100-032,121.5432181,25.12156896
2024/12/05,台北市,中山區,新福里,6300400-020,121.5304739,25.06365325
2024/12/05,台北市,士林區,芝山里,6301100-031,121.5428253,25.11151427
2024/12/05,台北市,士林區,翠山里,6301100-050,121.5650405,25.10618348
2024/12/05,台北市,士林區,臨溪里,6301100-051,121.5526626,25.10098041
2024/12/05,台北市,文山區,興泰里,6300800-021,121.5552148,25.00639496
2024/12/06,台北市,士林區,蘭興里,6301100-035,121.5231146,25.10797242
2024/12/06,台北市,中山區,埤頭里,6300400-037,121.5402611,25.04572283
2024/12/06,台北市,士林區,蘭雅里,6301100-034,121.527319,25.10955957
2024/12/10,台北市,南港區,聯成里,6300900-015,121.5882516,25.04792811
2024/12/11,台北市,萬華區,西門里,6300700-003,121.5050277,25.04275702
2024/12/12,台北市,松山區,復盛里,6300100-025,121.5608244,25.04744209
2024/12/12,台北市,萬華區,青山里,6300700-006,121.4959427,25.03919154
2024/12/13,台北市,萬華區,菜園里,6300700-005,121.4992275,25.04238883
2024/12/15,台北市,文山區,華興里,6300800-024,121.5524183,24.98978166
2024/12/16,台北市,萬華區,忠德里,6300700-022,121.4954548,25.02583885
2024/12/17,台北市,松山區,富泰里,6300100-008,121.5647503,25.05794827
2024/12/17,台北市,松山區,福成里,6300100-034,121.547822,25.04661211
2024/12/17,台北市,萬華區,壽德里,6300700-030,121.5005333,25.02307313
2024/12/18,台北市,文山區,萬和里,6300800-011,121.5344315,25.00237956
2024/12/18,台北市,松山區,美仁里,6300100-028,121.5517075,25.04993809
2024/12/19,台北市,文山區,興邦里,6300800-042,121.5479833,25.00270031
2024/12/20,台北市,南港區,鴻福里,6300900-013,121.5852907,25.04331624
2024/12/23,台北市,南港區,百福里,6300900-014,121.5907187,25.03594101
2024/12/26,台北市,南港區,仁福里,6300900-019,121.5939856,25.03699884
2025/01/02,台北市,信義區,中興里,6300200-004,121.5584557,25.03273525
2025/01/02,台北市,中山區,松江里,6300400-021,121.5350577,25.06013598
2025/01/03,台北市,中山區,復華里,6300400-040,121.5404493,25.05327163
2025/01/03,台北市,大同區,星明里,6300600-007,121.5162133,25.05541448
2025/01/03,台北市,大同區,光能里,6300600-008,121.5193057,25.05517039
2025/01/03,台北市,南港區,南港里,6300900-001,121.6088199,25.05618828
2025/01/06,台北市,中山區,江寧里,6300400-028,121.5406321,25.06127327
2025/01/06,台北市,松山區,新益里,6300100-005,121.5670892,25.06169525
2025/01/07,台北市,大同區,民權里,6300600-013,121.516483,25.06134055
2025/01/07,台北市,中正區,龍福里,6300500-020,121.5158271,25.03273698
2025/01/07,台北市,北投區,福興里,6301200-004,121.509934,25.11097963
2025/01/07,台北市,信義區,惠安里,6300200-029,121.5659502,25.02194279
2025/01/07,台北市,大同區,雙連里,6300600-011,121.5172236,25.05858299
2025/01/07,台北市,北投區,永明里,6301200-011,121.5152307,25.11762287
2025/01/07,台北市,中正區,富水里,6300500-002,121.5280827,25.01425115
2025/01/07,台北市,中正區,南福里,6300500-019,121.5186073,25.02861623
2025/01/08,台北市,文山區,景行里,6300800-001,121.5415245,24.99050456
2025/01/08,台北市,中正區,愛國里,6300500-016,121.5067864,25.03457628
2025/01/08,台北市,中正區,南門里,6300500-017,121.51024,25.03336112
2025/01/08,台北市,中正區,新營里,6300500-021,121.5202617,25.03178215
2025/01/08,台北市,北投區,建民里,6301200-001,121.5133424,25.10432825
2025/01/08,台北市,中正區,板溪里,6300500-008,121.5210838,25.02570779
2025/01/08,台北市,中山區,大佳里,6300400-017,121.5414029,25.0731321
2025/01/08,台北市,文山區,試院里,6300800-023,121.5470181,24.98679127
2025/01/08,台北市,中正區,三愛里,6300500-031,121.5305931,25.03582866
2025/01/08,台北市,中正區,文祥里,6300500-030,121.5265315,25.03607121
2025/01/08,台北市,北投區,榮華里,6301200-006,121.5226707,25.1135279
2025/01/08,台北市,信義區,大仁里,6300200-027,121.581175,25.03841337
2025/01/08,台北市,松山區,東勢里,6300100-014,121.5548622,25.05247398
2025/01/09,台北市,南港區,東新里,6300900-005,121.6007714,25.0558638
2025/01/09,台北市,大同區,建明里,6300600-002,121.5164918,25.04985482
2025/01/09,台北市,北投區,文林里,6301200-002,121.5150591,25.10849405
2025/01/09,台北市,文山區,興安里,6300800-018,121.5497672,24.99758171
2025/01/09,台北市,大同區,建泰里,6300600-004,121.5179834,25.05188123
2025/01/09,台北市,北投區,石牌里,6301200-003,121.5170734,25.10955034
2025/01/09,台北市,松山區,民福里,6300100-017,121.5467725,25.06365256
2025/01/10,台北市,信義區,永春里,6300200-018,121.5793917,25.04353027
2025/01/12,台北市,信義區,泰和里,6300200-033,121.5708977,25.01772398
2025/01/13,台北市,信義區,惠安里,6300200-029,121.5659502,25.02194279
2025/01/13,台北市,信義區,泰和里,6300200-033,121.5708977,25.01772398
2025/01/14,台北市,中正區,建國里,6300500-022,121.5120069,25.03842478
2025/01/14,台北市,信義區,三張里,6300200-030,121.5665441,25.02885663
2025/01/14,台北市,文山區,政大里,6300800-040,121.5918759,24.98647838
2025/01/15,台北市,大安區,義安里,6300300-030,121.5503994,25.03098688
2025/01/15,台北市,信義區,惠安里,6300200-029,121.5659502,25.02194279
2025/01/15,台北市,大安區,德安里,6300300-001,121.5474052,25.03554382
2025/01/15,台北市,文山區,木新里,6300800-028,121.5702182,24.98629756
2025/01/15,台北市,大安區,錦華里,6300300-021,121.5239511,25.02810176
2025/01/15,台北市,中山區,行政里,6300400-024,121.5348841,25.06460605
2025/01/15,台北市,松山區,吉祥里,6300100-022,121.5609834,25.04993282
2025/01/16,台北市,大安區,黎和里,6300300-048,121.5607277,25.01330788
2025/01/28,台北市,信義區,敦厚里,6300200-007,121.5684657,25.04420216
2025/02/01,台北市,中正區,文北里,6300500-029,121.527544,25.03924682
2025/02/04,台北市,大同區,老師里,6300600-024,121.509979,25.07561526
2025/02/04,台北市,大同區,鄰江里,6300600-021,121.5099603,25.07054046
2025/02/04,台北市,松山區,新東里,6300100-007,121.5692567,25.05809733
2025/02/05,台北市,松山區,安平里,6300100-019,121.5670665,25.0527737
2025/02/06,台北市,大同區,南芳里,6300600-012,121.5094632,25.06183676
2025/02/06,台北市,文山區,萬興里,6300800-035,121.5839457,24.99478626
2025/02/06,台北市,士林區,福林里,6301100-003,121.5352805,25.09233269
2025/02/06,台北市,士林區,永福里,6301100-043,121.5474382,25.10709347
2025/02/06,台北市,大同區,隆和里,6300600-015,121.5126572,25.06437057
2025/02/06,台北市,士林區,福佳里,6301100-007,121.5190856,25.0965144
2025/02/06,台北市,大同區,民權里,6300600-013,121.516483,25.06134055
2025/02/06,台北市,萬華區,頂碩里,6300700-011,121.5025843,25.03162318
2025/02/06,台北市,松山區,龍田里,6300100-012,121.5565624,25.05494453
2025/02/06,台北市,大同區,民權里,6300600-013,121.516483,25.06134055
2025/02/06,台北市,萬華區,新起里,6300700-004,121.5051727,25.04065461
2025/02/07,台北市,士林區,公館里,6301100-044,121.5611242,25.12612616
2025/02/10,台北市,士林區,聖山里,6301100-029,121.5314551,25.10738491
2025/02/10,台北市,中正區,永功里,6300500-011,121.5122571,25.02646391
2025/02/10,台北市,中正區,林興里,6300500-004,121.5249162,25.01803999
2025/02/10,台北市,中正區,永功里,6300500-011,121.5122571,25.02646391
2025/02/10,台北市,大同區,蓬萊里,6300600-016,121.5167645,25.06448456
2025/02/10,台北市,士林區,岩山里,6301100-025,121.5356815,25.10392777
2025/02/10,台北市,大同區,斯文里,6300600-020,121.5176591,25.06723988
2025/02/10,台北市,中山區,新喜里,6300400-018,121.5318296,25.06648066
2025/02/10,台北市,信義區,松隆里,6300200-021,121.580893,25.03058834
2025/02/10,台北市,中正區,東門里,6300500-028,121.5212799,25.03804816
2025/02/11,台北市,中正區,文盛里,6300500-003,121.5304732,25.01728049
2025/02/11,台北市,中正區,河堤里,6300500-005,121.5219929,25.02136885
2025/02/11,台北市,中正區,螢圃里,6300500-009,121.5182163,25.02515648
2025/02/11,台北市,萬華區,忠德里,6300700-022,121.4954548,25.02583885
2025/02/11,台北市,萬華區,日善里,6300700-020,121.4981054,25.02753426
2025/02/12,台北市,松山區,中正里,6300100-026,121.5464258,25.0512182
2025/02/12,台北市,士林區,天母里,6301100-042,121.5360845,25.13094421
2025/02/12,台北市,文山區,木柵里,6300800-027,121.5667368,24.99151736
2025/02/12,台北市,南港區,合成里,6300900-010,121.5849349,25.04831969
2025/02/12,台北市,中山區,劍潭里,6300400-013,121.535788,25.08236099
2025/02/12,台北市,士林區,德行里,6301100-027,121.5241155,25.10253301
2025/02/12,台北市,士林區,德華里,6301100-028,121.5205372,25.10110185
2025/02/12,台北市,文山區,景東里,6300800-002,121.5464564,24.99312185
2025/02/12,台北市,信義區,六合里,6300200-032,121.5774752,25.02146458
2025/02/12,台北市,士林區,天玉里,6301100-041,121.5278805,25.12029407
2025/02/12,台北市,信義區,六合里,6300200-032,121.5774752,25.02146458
2025/02/13,台北市,中正區,龍光里,6300500-018,121.5132469,25.02979342
2025/02/13,台北市,中正區,網溪里,6300500-007,121.5186531,25.02199609
2025/02/13,台北市,中正區,龍興里,6300500-013,121.5097652,25.02912218
2025/02/14,台北市,萬華區,西門里,6300700-003,121.5050277,25.04275702
2025/02/14,台北市,中山區,朱崙里,6300400-038,121.5396534,25.04745176
2025/02/14,台北市,文山區,興家里,6300800-015,121.560902,24.99424654
2025/02/14,台北市,萬華區,西門里,6300700-003,121.5050277,25.04275702
2025/02/14,台北市,文山區,明義里,6300800-025,121.5602158,24.98847427
2025/02/17,台北市,大安區,龍淵里,6300300-040,121.54126,25.02307159
2025/02/17,台北市,南港區,萬福里,6300900-012,121.5844192,25.04579174
2025/02/17,台北市,大安區,和安里,6300300-003,121.5407225,25.03570236
2025/02/17,台北市,大安區,華聲里,6300300-054,121.555935,25.04313118
2025/02/17,台北市,信義區,永春里,6300200-018,121.5793917,25.04353027
2025/02/17,台北市,大安區,龍陣里,6300300-026,121.5421172,25.02788837
2025/02/18,台北市,中正區,螢雪里,6300500-010,121.5147468,25.02390727
2025/02/18,台北市,中正區,廈安里,6300500-015,121.5057845,25.0314291
2025/02/18,台北市,中正區,頂東里,6300500-006,121.5244559,25.02305412
2025/02/18,台北市,中山區,下埤里,6300400-027,121.5425198,25.06493056
2025/02/18,台北市,中正區,忠勤里,6300500-014,121.5066014,25.02900999
2025/02/19,台北市,文山區,政大里,6300800-040,121.5918759,24.98647838
2025/02/19,台北市,中正區,建國里,6300500-022,121.5120069,25.03842478
2025/02/20,台北市,信義區,黎平里,6300200-039,121.5562112,25.02272608
2025/02/20,台北市,萬華區,孝德里,6300700-023,121.4923904,25.02263723
2025/02/21,台北市,萬華區,凌霄里,6300700-035,121.507765,25.02544865
2025/02/22,台北市,萬華區,凌霄里,6300700-035,121.507765,25.02544865
2025/02/24,台北市,南港區,新光里,6300900-006,121.59783,25.0451017
2025/02/26,台北市,萬華區,菜園里,6300700-005,121.4992275,25.04238883
2025/02/27,台北市,文山區,樟林里,6300800-030,121.557074,24.98504162
2025/03/03,台北市,士林區,東山里,6301100-032,121.5432181,25.12156896
2025/03/03,台北市,士林區,永倫里,6301100-022,121.5014557,25.09263064
2025/03/03,台北市,士林區,仁勇里,6301100-001,121.5258074,25.08968212
2025/03/03,台北市,士林區,社園里,6301100-021,121.5069745,25.09234171
2025/03/03,台北市,士林區,義信里,6301100-002,121.5239389,25.08751832
2025/03/03,台北市,士林區,芝山里,6301100-031,121.5428253,25.11151427
2025/03/05,台北市,中山區,新福里,6300400-020,121.5304739,25.06365325
2025/03/05,台北市,士林區,名山里,6301100-026,121.5294765,25.10258847
2025/03/05,台北市,士林區,忠誠里,6301100-030,121.5273017,25.10603118
2025/03/05,台北市,文山區,樟樹里,6300800-043,121.5608097,24.9830253
2025/03/06,台北市,士林區,三玉里,6301100-033,121.5343364,25.11346543
2025/03/06,台北市,士林區,前港里,6301100-010,121.5212949,25.08603868
2025/03/06,台北市,萬華區,錦德里,6300700-025,121.4918495,25.02416562
2025/03/06,台北市,士林區,舊佳里,6301100-006,121.5257002,25.09756982
2025/03/06,台北市,士林區,承德里,6301100-012,121.5229668,25.08252994
2025/03/06,台北市,松山區,東光里,6300100-011,121.5605469,25.05270643
2025/03/06,台北市,萬華區,和德里,6300700-024,121.4909326,25.02654046
2025/03/06,台北市,士林區,福志里,6301100-005,121.5313734,25.09858285
2025/03/06,台北市,士林區,天福里,6301100-036,121.5314905,25.11620734
2025/03/07,台北市,大同區,建明里,6300600-002,121.5164918,25.04985482
2025/03/07,台北市,士林區,葫東里,6301100-018,121.5119366,25.08586253
2025/03/07,台北市,士林區,福順里,6301100-015,121.5127785,25.08160371
2025/03/07,台北市,大同區,建泰里,6300600-004,121.5179834,25.05188123
2025/03/07,台北市,南港區,新富里,6300900-003,121.6176531,25.05312187
2025/03/10,台北市,士林區,社新里,6301100-020,121.5037799,25.08755939
2025/03/10,台北市,中山區,正守里,6300400-001,121.5280918,25.04749422
2025/03/10,台北市,松山區,新聚里,6300100-024,121.5670213,25.05013795
2025/03/10,台北市,士林區,社子里,6301100-019,121.5104768,25.09106456
2025/03/11,台北市,中正區,黎明里,6300500-024,121.5162029,25.04439896
2025/03/11,台北市,中正區,光復里,6300500-023,121.5112186,25.04535113
2025/03/11,台北市,大同區,永樂里,6300600-005,121.5092835,25.05491433
2025/03/11,台北市,萬華區,全德里,6300700-026,121.4988226,25.02427433
2025/03/11,台北市,萬華區,保德里,6300700-027,121.4969284,25.02259065
2025/03/11,台北市,中正區,建國里,6300500-022,121.5120069,25.03842478
2025/03/11,台北市,大同區,玉泉里,6300600-001,121.5085011,25.05087293
2025/03/11,台北市,中正區,梅花里,6300500-025,121.5266711,25.04548838
2025/03/12,台北市,大同區,延平里,6300600-010,121.5125434,25.05882307
2025/03/12,台北市,大同區,大有里,6300600-009,121.5085168,25.05867707
2025/03/12,台北市,士林區,福華里,6301100-013,121.5180773,25.0818041
2025/03/12,台北市,中山區,北安里,6300400-042,121.5526807,25.08796485
2025/03/12,台北市,士林區,明勝里,6301100-014,121.5219572,25.0786721
2025/03/12,台北市,文山區,明興里,6300800-026,121.5619778,24.99098425
2025/03/13,台北市,大同區,建功里,6300600-003,121.5137986,25.05205637
2025/03/13,台北市,大同區,朝陽里,6300600-006,121.5127632,25.05490839
2025/03/13,台北市,中山區,埤頭里,6300400-037,121.5402611,25.04572283
2025/03/13,台北市,中正區,廈安里,6300500-015,121.5057845,25.0314291
2025/03/14,台北市,士林區,臨溪里,6301100-051,121.5526626,25.10098041
2025/03/14,台北市,士林區,翠山里,6301100-050,121.5650405,25.10618348
2025/03/14,台北市,南港區,成福里,6300900-011,121.590522,25.04304856
2025/03/14,台北市,士林區,天和里,6301100-039,121.5362001,25.12147843
2025/03/14,台北市,士林區,天山里,6301100-040,121.5325367,25.12076104
2025/03/14,台北市,萬華區,柳鄉里,6300700-019,121.4899156,25.03817534
2025/03/17,台北市,中正區,龍福里,6300500-020,121.5158271,25.03273698
2025/03/17,台北市,南港區,中南里,6300900-002,121.607069,25.04628414
2025/03/17,台北市,信義區,五全里,6300200-013,121.5737394,25.04443832
2025/03/17,台北市,大安區,義村里,6300300-006,121.5406864,25.03986737
2025/03/17,台北市,大安區,全安里,6300300-035,121.5503412,25.02622283
2025/03/17,台北市,大安區,龍安里,6300300-015,121.5325902,25.02807242
2025/03/17,台北市,信義區,廣居里,6300200-008,121.5736767,25.0399152
2025/03/17,台北市,中正區,螢雪里,6300500-010,121.5147468,25.02390727
2025/03/18,台北市,中正區,幸福里,6300500-026,121.5243916,25.04323583
2025/03/18,台北市,信義區,松隆里,6300200-021,121.580893,25.03058834
2025/03/19,台北市,信義區,黎安里,6300200-041,121.5656873,25.01389869
2025/03/19,台北市,松山區,中華里,6300100-015,121.5509319,25.05400486
2025/03/19,台北市,文山區,景華里,6300800-006,121.5430441,24.99511511
2025/03/20,台北市,信義區,松光里,6300200-023,121.5792133,25.03981693
2025/03/20,台北市,中正區,新營里,6300500-021,121.5202617,25.03178215
2025/03/20,台北市,中正區,頂東里,6300500-006,121.5244559,25.02305412
2025/03/20,台北市,士林區,菁山里,6301100-047,121.568535,25.16241142
2025/03/20,台北市,文山區,興福里,6300800-019,121.5461532,24.9972053
2025/03/21,台北市,南港區,中研里,6300900-017,121.6137711,25.0429392
2025/03/24,台北市,信義區,松友里,6300200-022,121.5766893,25.03209448
2025/03/24,台北市,大安區,黎元里,6300300-046,121.5530466,25.01607639
2025/03/26,台北市,文山區,木新里,6300800-028,121.5702182,24.98629756
2025/03/27,台北市,信義區,六藝里,6300200-010,121.5710995,25.04407753
2025/03/28,台北市,中正區,龍興里,6300500-013,121.5097652,25.02912218
2025/04/01,台北市,士林區,福德里,6301100-004,121.52268,25.09240243
2025/04/01,台北市,大同區,蓬萊里,6300600-016,121.5167645,25.06448456
2025/04/01,台北市,士林區,後港里,6301100-008,121.5150614,25.0929896
2025/04/01,台北市,大同區,斯文里,6300600-020,121.5176591,25.06723988
2025/04/02,台北市,中正區,東門里,6300500-028,121.5212799,25.03804816
2025/04/02,台北市,松山區,精忠里,6300100-010,121.5536794,25.06614037
2025/04/02,台北市,中正區,河堤里,6300500-005,121.5219929,25.02136885
2025/04/02,台北市,中正區,文北里,6300500-029,121.527544,25.03924682
2025/04/02,台北市,內湖區,石潭里,6301000-028,121.5923698,25.06234204
2025/04/02,台北市,士林區,蘭雅里,6301100-034,121.527319,25.10955957
2025/04/02,台北市,士林區,蘭興里,6301100-035,121.5231146,25.10797242
2025/04/02,台北市,內湖區,港富里,6301000-007,121.5797094,25.08314536
2025/04/02,台北市,中山區,恆安里,6300400-010,121.5250689,25.06379125
2025/04/03,台北市,士林區,聖山里,6301100-029,121.5314551,25.10738491
2025/04/03,台北市,士林區,岩山里,6301100-025,121.5356815,25.10392777
2025/04/07,台北市,中正區,南福里,6300500-019,121.5186073,25.02861623
2025/04/07,台北市,士林區,天祿里,6301100-037,121.5287421,25.11348385
2025/04/07,台北市,士林區,德行里,6301100-027,121.5241155,25.10253301
2025/04/07,台北市,中正區,愛國里,6300500-016,121.5067864,25.03457628
2025/04/07,台北市,文山區,博嘉里,6300800-034,121.5830232,25.00652681
2025/04/07,台北市,大安區,大學里,6300300-043,121.5321879,25.01969683
2025/04/07,台北市,中正區,南門里,6300500-017,121.51024,25.03336112
2025/04/07,台北市,中正區,板溪里,6300500-008,121.5210838,25.02570779
2025/04/07,台北市,松山區,慈祐里,6300100-018,121.5753186,25.05077753
2025/04/07,台北市,中山區,中庄里,6300400-023,121.5303864,25.05912538
2025/04/07,台北市,士林區,天壽里,6301100-038,121.5265162,25.11650435
2025/04/07,台北市,中正區,螢圃里,6300500-009,121.5182163,25.02515648
2025/04/07,台北市,信義區,正和里,6300200-002,121.5590483,25.03662947
2025/04/07,台北市,中正區,網溪里,6300500-007,121.5186531,25.02199609
2025/04/07,台北市,士林區,德華里,6301100-028,121.5205372,25.10110185
2025/04/07,台北市,信義區,興雅里,6300200-006,121.5671211,25.04095886
2025/04/07,台北市,松山區,新益里,6300100-005,121.5670892,25.06169525
2025/04/08,台北市,大安區,龍生里,6300300-028,121.5401358,25.02634344
2025/04/08,台北市,士林區,溪山里,6301100-049,121.5864139,25.12568066
2025/04/08,台北市,中正區,龍興里,6300500-013,121.5097652,25.02912218
2025/04/08,台北市,內湖區,金龍里,6301000-013,121.5937081,25.08573487
2025/04/08,台北市,士林區,富光里,6301100-016,121.5074616,25.08036765
2025/04/08,台北市,中正區,龍光里,6300500-018,121.5132469,25.02979342
2025/04/08,台北市,中正區,文盛里,6300500-003,121.5304732,25.01728049
2025/04/08,台北市,士林區,葫蘆里,6301100-017,121.506211,25.08395006
2025/04/08,台北市,大同區,延平里,6300600-010,121.5125434,25.05882307
2025/04/08,台北市,大同區,蓬萊里,6300600-016,121.5167645,25.06448456
2025/04/08,台北市,士林區,平等里,6301100-048,121.5791324,25.14486493
2025/04/08,台北市,中正區,頂東里,6300500-006,121.5244559,25.02305412
2025/04/08,台北市,大安區,錦安里,6300300-016,121.5283301,25.02821314
2025/04/09,台北市,大安區,民輝里,6300300-007,121.5350354,25.04132699
2025/04/09,台北市,大安區,住安里,6300300-029,121.5461393,25.03211912
2025/04/09,台北市,內湖區,康寧里,6301000-035,121.612229,25.07492982
2025/04/09,台北市,內湖區,湖興里,6301000-029,121.5870109,25.07057373
2025/04/09,台北市,南港區,新光里,6300900-006,121.59783,25.0451017
2025/04/09,台北市,內湖區,西康里,6301000-002,121.5594676,25.0895994
2025/04/09,台北市,大安區,群英里,6300300-037,121.5456331,25.02691364
2025/04/09,台北市,松山區,新東里,6300100-007,121.5692567,25.05809733
2025/04/09,台北市,中山區,朱園里,6300400-036,121.5347774,25.04871226
2025/04/10,台北市,士林區,福佳里,6301100-007,121.5190856,25.0965144
2025/04/10,台北市,士林區,福林里,6301100-003,121.5352805,25.09233269
2025/04/10,台北市,大同區,民權里,6300600-013,121.516483,25.06134055
2025/04/10,台北市,士林區,天玉里,6301100-041,121.5278805,25.12029407
2025/04/10,台北市,大同區,大有里,6300600-009,121.5085168,25.05867707
2025/04/10,台北市,士林區,天母里,6301100-042,121.5360845,25.13094421
2025/04/10,台北市,信義區,長春里,6300200-015,121.5749713,25.04267387
2025/04/11,台北市,大安區,法治里,6300300-034,121.553182,25.02678315
2025/04/11,台北市,南港區,東明里,6300900-007,121.6007893,25.05358215
2025/04/11,台北市,中正區,建國里,6300500-022,121.5120069,25.03842478
2025/04/11,台北市,大同區,永樂里,6300600-005,121.5092835,25.05491433
2025/04/11,台北市,士林區,福安里,6301100-023,121.4908826,25.10462299
2025/04/11,台北市,中山區,聚葉里,6300400-009,121.5252252,25.06149259
2025/04/11,台北市,大安區,群賢里,6300300-036,121.5462758,25.0262485
2025/04/11,台北市,中山區,中央里,6300400-033,121.5349371,25.0549304
2025/04/11,台北市,信義區,大仁里,6300200-027,121.581175,25.03841337
2025/04/11,台北市,大同區,雙連里,6300600-011,121.5172236,25.05858299
2025/04/11,台北市,大同區,景星里,6300600-014,121.508918,25.06442939
2025/04/11,台北市,士林區,富洲里,6301100-024,121.4732145,25.10668433
2025/04/11,台北市,大同區,隆和里,6300600-015,121.5126572,25.06437057
2025/04/14,台北市,文山區,樟腳里,6300800-032,121.5639773,24.98154918
2025/04/14,台北市,中山區,大直里,6300400-014,121.5462227,25.08622912
2025/04/14,台北市,大同區,國順里,6300600-017,121.5088957,25.06723437
2025/04/14,台北市,文山區,萬有里,6300800-007,121.5420479,24.99901992
2025/04/14,台北市,大同區,國慶里,6300600-018,121.5124997,25.0678997
2025/04/14,台北市,大同區,永樂里,6300600-005,121.5092835,25.05491433
2025/04/14,台北市,大同區,玉泉里,6300600-001,121.5085011,25.05087293
2025/04/14,台北市,文山區,忠順里,6300800-038,121.5644158,24.98588112
2025/04/15,台北市,信義區,黎順里,6300200-038,121.5573545,25.02436093
2025/04/15,台北市,中山區,行孝里,6300400-026,121.5366496,25.06669597
2025/04/15,台北市,大安區,龍坡里,6300300-011,121.5329339,25.0241876
2025/04/15,台北市,南港區,西新里,6300900-008,121.5914962,25.05408787
2025/04/15,台北市,士林區,陽明里,6301100-046,121.5484641,25.13871447
2025/04/15,台北市,大安區,新龍里,6300300-023,121.539266,25.02944738
2025/04/15,台北市,文山區,萬祥里,6300800-008,121.5400851,25.00226504
2025/04/15,台北市,士林區,新安里,6301100-045,121.5542372,25.12620588
2025/04/15,台北市,大安區,光武里,6300300-010,121.5463553,25.04331799
2025/04/15,台北市,大安區,古風里,6300300-013,121.5296211,25.02184596
2025/04/16,台北市,文山區,萬年里,6300800-010,121.5360435,25.0073535
2025/04/16,台北市,內湖區,樂康里,6301000-024,121.619389,25.07103858
2025/04/16,台北市,大同區,建明里,6300600-002,121.5164918,25.04985482
2025/04/16,台北市,大安區,龍雲里,6300300-027,121.5461897,25.02959684
2025/04/16,台北市,中山區,成功里,6300400-015,121.5532085,25.08075737
2025/04/16,台北市,文山區,萬隆里,6300800-009,121.5377638,25.00060306
2025/04/16,台北市,內湖區,瑞陽里,6301000-020,121.5817277,25.07653032
2025/04/16,台北市,信義區,景聯里,6300200-034,121.5595128,25.03043027
2025/04/16,台北市,南港區,玉成里,6300900-009,121.5843093,25.05173218
2025/04/16,台北市,松山區,復源里,6300100-031,121.5546182,25.04615655
2025/04/17,台北市,文山區,萬美里,6300800-039,121.5661857,25.00096809
2025/04/17,台北市,中山區,力行里,6300400-039,121.5403778,25.05009646
2025/04/17,台北市,信義區,黎順里,6300200-038,121.5573545,25.02436093
2025/04/17,台北市,士林區,百齡里,6301100-011,121.5170706,25.08403906
2025/04/17,台北市,內湖區,安湖里,6301000-031,121.6142943,25.07120627
2025/04/17,台北市,士林區,公館里,6301100-044,121.5611242,25.12612616
2025/04/17,台北市,南港區,合成里,6300900-010,121.5849349,25.04831969
2025/04/17,台北市,萬華區,榮德里,6300700-029,121.4919617,25.0190025
2025/04/17,台北市,大安區,敦安里,6300300-051,121.5505763,25.03537322
2025/04/17,台北市,士林區,福中里,6301100-009,121.5165754,25.08717267
2025/04/17,台北市,大安區,龍圖里,6300300-022,121.5409161,25.03155865
2025/04/17,台北市,士林區,永福里,6301100-043,121.5474382,25.10709347
2025/04/17,台北市,內湖區,湖濱里,6301000-010,121.5849797,25.08326462
2025/04/17,台北市,松山區,民有里,6300100-016,121.5470292,25.05992499
2025/04/17,台北市,萬華區,銘德里,6300700-028,121.4921764,25.02106617
2025/04/18,台北市,南港區,成福里,6300900-011,121.590522,25.04304856
2025/04/18,台北市,大安區,敦煌里,6300300-053,121.5536229,25.03528734
2025/04/18,台北市,萬華區,壽德里,6300700-030,121.5005333,25.02307313
2025/04/18,台北市,中山區,正得里,6300400-003,121.5232155,25.04995517
2025/04/18,台北市,萬華區,興德里,6300700-031,121.4988117,25.01536968
2025/04/21,台北市,信義區,安康里,6300200-009,121.5720165,25.03597672
2025/04/21,台北市,文山區,樟文里,6300800-041,121.5562847,24.98197093
2025/04/21,台北市,萬華區,華中里,6300700-032,121.4932696,25.01491825
2025/04/21,台北市,文山區,樟新里,6300800-031,121.5559843,24.97885806
2025/04/21,台北市,南港區,萬福里,6300900-012,121.5844192,25.04579174
2025/04/21,台北市,萬華區,新忠里,6300700-013,121.5031565,25.02897952
2025/04/21,台北市,中山區,江山里,6300400-029,121.54057,25.05896832
2025/04/22,台北市,信義區,新仁里,6300200-005,121.5628559,25.04462022
2025/04/22,台北市,萬華區,新和里,6300700-014,121.5047576,25.02706985
2025/04/22,台北市,中正區,黎明里,6300500-024,121.5162029,25.04439896
2025/04/22,台北市,萬華區,新安里,6300700-021,121.5016352,25.0271476
2025/04/22,台北市,中山區,新生里,6300400-022,121.5303517,25.06140441
2025/04/22,台北市,松山區,吉仁里,6300100-029,121.5532321,25.04632393
2025/04/22,台北市,萬華區,西門里,6300700-003,121.5050277,25.04275702
2025/04/23,台北市,中山區,朱馥里,6300400-034,121.5395137,25.05620078
2025/04/23,台北市,南港區,玉成里,6300900-009,121.5843093,25.05173218
2025/04/23,台北市,大安區,仁慈里,6300300-002,121.5448036,25.03561342
2025/04/23,台北市,大同區,建明里,6300600-002,121.5164918,25.04985482
2025/04/23,台北市,萬華區,萬壽里,6300700-002,121.5049306,25.04500496
2025/04/24,台北市,中山區,中山里,6300400-006,121.5251753,25.05645296
2025/04/24,台北市,大安區,龍圖里,6300300-022,121.5409161,25.03155865
2025/04/24,台北市,內湖區,清白里,6301000-017,121.5971086,25.08138549
2025/04/24,台北市,文山區,興旺里,6300800-020,121.5496698,25.00634636
2025/04/24,台北市,萬華區,日祥里,6300700-033,121.502856,25.01922585
2025/04/24,台北市,文山區,興昌里,6300800-022,121.560075,25.00638958
2025/04/24,台北市,大安區,敦煌里,6300300-053,121.5536229,25.03528734
2025/04/24,台北市,信義區,泰和里,6300200-033,121.5708977,25.01772398
2025/04/25,台北市,中正區,河堤里,6300500-005,121.5219929,25.02136885
2025/04/25,台北市,萬華區,忠貞里,6300700-034,121.5023426,25.02393601
2025/04/28,台北市,萬華區,凌霄里,6300700-035,121.507765,25.02544865
2025/04/28,台北市,文山區,興豐里,6300800-013,121.544974,25.00110345
2025/04/28,台北市,南港區,重陽里,6300900-020,121.5977636,25.05765116
2025/04/28,台北市,文山區,興邦里,6300800-042,121.5479833,25.00270031
2025/04/28,台北市,文山區,萬芳里,6300800-033,121.5704852,24.99849746
2025/04/29,台北市,大安區,光明里,6300300-019,121.5250988,25.0333862
2025/04/29,台北市,大安區,黎孝里,6300300-047,121.5556859,25.01750231
2025/04/29,台北市,萬華區,騰雲里,6300700-036,121.5068318,25.02263711
2025/04/29,台北市,內湖區,週美里,6301000-026,121.5829743,25.05727284
2025/04/30,台北市,大安區,錦泰里,6300300-020,121.5244078,25.0305944
2025/04/30,台北市,信義區,五全里,6300200-013,121.5737394,25.04443832
2025/04/30,台北市,內湖區,港華里,6301000-008,121.5746505,25.08767679
2025/04/30,台北市,松山區,福成里,6300100-034,121.547822,25.04661211
2025/05/01,台北市,萬華區,雙園里,6300700-012,121.4985666,25.03091789
2025/05/02,台北市,信義區,六合里,6300200-032,121.5774752,25.02146458
2025/05/02,台北市,大安區,通化里,6300300-031,121.5558757,25.03142004
2025/05/02,台北市,萬華區,糖廍里,6300700-015,121.4958936,25.03393876
2025/05/03,台北市,松山區,三民里,6300100-004,121.5622431,25.0599258
2025/05/05,台北市,大安區,黎孝里,6300300-047,121.5556859,25.01750231
2025/05/05,台北市,萬華區,和平里,6300700-016,121.4949933,25.03048708
2025/05/05,台北市,中山區,晴光里,6300400-011,121.5249873,25.06577286
2025/05/05,台北市,中正區,新營里,6300500-021,121.5202617,25.03178215
2025/05/05,台北市,大安區,光明里,6300300-019,121.5250988,25.0333862
2025/05/05,台北市,松山區,富錦里,6300100-006,121.5643443,25.06083455
2025/05/05,台北市,大安區,車層里,6300300-055,121.5538213,25.04044263
2025/05/05,台北市,中正區,文祥里,6300500-030,121.5265315,25.03607121
2025/05/05,台北市,中正區,幸市里,6300500-027,121.531148,25.04045275
2025/05/05,台北市,中正區,三愛里,6300500-031,121.5305931,25.03582866
2025/05/05,台北市,萬華區,綠堤里,6300700-017,121.4917076,25.03061412
2025/05/05,台北市,松山區,東榮里,6300100-003,121.5580501,25.06025196
2025/05/06,台北市,中正區,龍福里,6300500-020,121.5158271,25.03273698
2025/05/06,台北市,松山區,介壽里,6300100-009,121.5585152,25.05746054
2025/05/06,台北市,信義區,中興里,6300200-004,121.5584557,25.03273525
2025/05/06,台北市,大安區,永康里,6300300-018,121.5282679,25.03193097
2025/05/06,台北市,大安區,義安里,6300300-030,121.5503994,25.03098688
2025/05/06,台北市,文山區,樟林里,6300800-030,121.557074,24.98504162
2025/05/06,台北市,中山區,正義里,6300400-002,121.5268098,25.05006522
2025/05/06,台北市,中正區,螢雪里,6300500-010,121.5147468,25.02390727
2025/05/06,台北市,松山區,東昌里,6300100-013,121.554202,25.05713826
2025/05/06,台北市,中正區,永功里,6300500-011,121.5122571,25.02646391
2025/05/06,台北市,中正區,永昌里,6300500-012,121.5090825,25.02666564
2025/05/06,台北市,大安區,古莊里,6300300-014,121.5262712,25.02467682
2025/05/06,台北市,大安區,華聲里,6300300-054,121.555935,25.04313118
2025/05/07,台北市,信義區,西村里,6300200-001,121.5643359,25.03567041
2025/05/07,台北市,文山區,景行里,6300800-001,121.5415245,24.99050456
2025/05/07,台北市,文山區,景行里,6300800-001,121.5415245,24.99050456
2025/05/07,台北市,南港區,東新里,6300900-005,121.6007714,25.0558638
2025/05/08,台北市,文山區,景東里,6300800-002,121.5464564,24.99312185
2025/05/08,台北市,大安區,民炤里,6300300-004,121.5352722,25.03580754
2025/05/08,台北市,中山區,永安里,6300400-016,121.5483214,25.07847286
2025/05/08,台北市,大安區,通化里,6300300-031,121.5558757,25.03142004
2025/05/08,台北市,大安區,錦華里,6300300-021,121.5239511,25.02810176
2025/05/08,台北市,大安區,建安里,6300300-049,121.5508744,25.04308412
2025/05/08,台北市,文山區,興泰里,6300800-021,121.5552148,25.00639496
2025/05/09,台北市,中山區,行政里,6300400-024,121.5348841,25.06460605
2025/05/09,台北市,文山區,萬興里,6300800-035,121.5839457,24.99478626
2025/05/09,台北市,萬華區,忠貞里,6300700-034,121.5023426,25.02393601
2025/05/09,台北市,文山區,景美里,6300800-003,121.5381272,24.99117573
2025/05/09,台北市,中正區,黎明里,6300500-024,121.5162029,25.04439896
2025/05/09,台北市,大安區,正聲里,6300300-052,121.5562389,25.03963449
2025/05/12,台北市,松山區,鵬程里,6300100-020,121.5675333,25.05572658
2025/05/12,台北市,大安區,臥龍里,6300300-039,121.5455225,25.02225324
2025/05/12,台北市,南港區,南港里,6300900-001,121.6088199,25.05618828
2025/05/12,台北市,松山區,復盛里,6300100-025,121.5608244,25.04744209
2025/05/12,台北市,中山區,龍洲里,6300400-035,121.5431587,25.05615685
2025/05/12,台北市,大安區,福住里,6300300-017,121.5313353,25.03171771
2025/05/12,台北市,大安區,德安里,6300300-001,121.5474052,25.03554382
2025/05/12,台北市,中山區,興亞里,6300400-032,121.5308669,25.04963588
2025/05/13,台北市,松山區,中崙里,6300100-027,121.545326,25.04648809
2025/05/13,台北市,萬華區,頂碩里,6300700-011,121.5025843,25.03162318
2025/05/13,台北市,南港區,三重里,6300900-004,121.6160554,25.05922076
2025/05/13,台北市,信義區,松光里,6300200-023,121.5792133,25.03981693
2025/05/13,台北市,中山區,中原里,6300400-031,121.5288422,25.0550257
2025/05/13,台北市,松山區,敦化里,6300100-030,121.550719,25.04644855
2025/05/14,台北市,大安區,通安里,6300300-032,121.5529492,25.03042669
2025/05/14,台北市,松山區,復建里,6300100-032,121.5564997,25.0465473
2025/05/14,台北市,萬華區,忠德里,6300700-022,121.4954548,25.02583885
2025/05/14,台北市,大安區,通化里,6300300-031,121.5558757,25.03142004
2025/05/14,台北市,萬華區,福星里,6300700-001,121.5063258,25.04737416
2025/05/14,台北市,萬華區,日善里,6300700-020,121.4981054,25.02753426
2025/05/14,台北市,中正區,廈安里,6300500-015,121.5057845,25.0314291
2025/05/14,台北市,信義區,景勤里,6300200-035,121.5599977,25.02715368
2025/05/14,台北市,中山區,金泰里,6300400-041,121.5614839,25.07801755
2025/05/14,台北市,中正區,忠勤里,6300500-014,121.5066014,25.02900999
2025/05/15,台北市,大安區,誠安里,6300300-009,121.5422695,25.04318216
2025/05/15,台北市,大安區,光信里,6300300-056,121.5560913,25.03566613
2025/05/15,台北市,大安區,仁愛里,6300300-005,121.546277,25.03971374
2025/05/15,台北市,中山區,圓山里,6300400-012,121.5238053,25.07095635
2025/05/15,台北市,文山區,興得里,6300800-016,121.5557982,24.99559297
2025/05/15,台北市,文山區,木新里,6300800-028,121.5702182,24.98629756
2025/05/15,台北市,大安區,芳和里,6300300-044,121.550727,25.02064549
2025/05/15,台北市,南港區,鴻福里,6300900-013,121.5852907,25.04331624
2025/05/16,台北市,信義區,五常里,6300200-012,121.5734266,25.04646013
2025/05/16,台北市,南港區,百福里,6300900-014,121.5907187,25.03594101
2025/05/16,台北市,信義區,雙和里,6300200-036,121.5626547,25.02391504
2025/05/16,台北市,中山區,行仁里,6300400-025,121.5393452,25.06496466
2025/05/19,台北市,南港區,聯成里,6300900-015,121.5882516,25.04792811
2025/05/19,台北市,萬華區,孝德里,6300700-023,121.4923904,25.02263723
2025/05/19,台北市,中山區,民安里,6300400-004,121.5212841,25.05315716
2025/05/19,台北市,大安區,臥龍里,6300300-039,121.5455225,25.02225324
2025/05/19,台北市,信義區,永吉里,6300200-014,121.5791077,25.04730478
2025/05/19,台北市,大安區,龍陣里,6300300-026,121.5421172,25.02788837
2025/05/20,台北市,中正區,林興里,6300500-004,121.5249162,25.01803999
2025/05/20,台北市,信義區,永春里,6300200-018,121.5793917,25.04353027
2025/05/20,台北市,中山區,新庄里,6300400-019,121.5303345,25.07151721
2025/05/20,台北市,中正區,富水里,6300500-002,121.5280827,25.01425115
2025/05/20,台北市,萬華區,和德里,6300700-024,121.4909326,25.02654046
2025/05/21,台北市,文山區,順興里,6300800-029,121.5650308,24.98384854
2025/05/21,台北市,中山區,集英里,6300400-008,121.5211201,25.06342697
2025/05/21,台北市,文山區,華興里,6300800-024,121.5524183,24.98978166
2025/05/21,台北市,文山區,興安里,6300800-018,121.5497672,24.99758171
2025/05/21,台北市,信義區,黎忠里,6300200-040,121.5593244,25.02028582
2025/05/21,台北市,大安區,黎和里,6300300-048,121.5607277,25.01330788
2025/05/21,台北市,信義區,三張里,6300200-030,121.5665441,25.02885663
2025/05/21,台北市,萬華區,錦德里,6300700-025,121.4918495,25.02416562
2025/05/21,台北市,萬華區,全德里,6300700-026,121.4988226,25.02427433
2025/05/22,台北市,中山區,正守里,6300400-001,121.5280918,25.04749422
2025/05/22,台北市,萬華區,保德里,6300700-027,121.4969284,25.02259065
2025/05/22,台北市,大安區,芳和里,6300300-044,121.550727,25.02064549
2025/05/22,台北市,大安區,光信里,6300300-056,121.5560913,25.03566613
2025/05/22,台北市,信義區,中行里,6300200-025,121.5876279,25.03458354
2025/05/26,台北市,信義區,敦厚里,6300200-007,121.5684657,25.04420216
2025/05/26,台北市,文山區,試院里,6300800-023,121.5470181,24.98679127
2025/05/26,台北市,大安區,臥龍里,6300300-039,121.5455225,25.02225324
2025/05/26,台北市,大安區,永康里,6300300-018,121.5282679,25.03193097
2025/05/27,台北市,大安區,黎和里,6300300-048,121.5607277,25.01330788
2025/05/27,台北市,大安區,芳和里,6300300-044,121.550727,25.02064549
2025/05/28,台北市,文山區,木柵里,6300800-027,121.5667368,24.99151736
2025/05/28,台北市,信義區,富台里,6300200-019,121.5736898,25.0415733
2025/06/02,台北市,松山區,三民里,6300100-004,121.5622431,25.0599258
2025/06/02,台北市,松山區,三民里,6300100-004,121.5622431,25.0599258
2025/06/02,台北市,中山區,中吉里,6300400-030,121.5315877,25.05498557
2025/06/03,台北市,中山區,劍潭里,6300400-013,121.535788,25.08236099
2025/06/03,台北市,中正區,東門里,6300500-028,121.5212799,25.03804816
2025/06/03,台北市,中正區,文北里,6300500-029,121.527544,25.03924682
2025/06/04,台北市,中正區,梅花里,6300500-025,121.5266711,25.04548838
2025/06/04,台北市,中正區,幸福里,6300500-026,121.5243916,25.04323583
2025/06/04,台北市,中山區,大佳里,6300400-017,121.5414029,25.0731321
2025/06/05,台北市,中山區,埤頭里,6300400-037,121.5402611,25.04572283
2025/06/05,台北市,文山區,景華里,6300800-006,121.5430441,24.99511511
2025/06/06,台北市,中山區,松江里,6300400-021,121.5350577,25.06013598
2025/06/06,台北市,南港區,中南里,6300900-002,121.607069,25.04628414
2025/06/09,台北市,南港區,新富里,6300900-003,121.6176531,25.05312187
2025/06/09,台北市,中正區,網溪里,6300500-007,121.5186531,25.02199609
2025/06/09,台北市,中正區,河堤里,6300500-005,121.5219929,25.02136885
2025/06/09,台北市,中山區,新福里,6300400-020,121.5304739,25.06365325
2025/06/09,台北市,松山區,復勢里,6300100-033,121.5561594,25.0497264
2025/06/10,台北市,中正區,龍光里,6300500-018,121.5132469,25.02979342
2025/06/10,台北市,松山區,新東里,6300100-007,121.5692567,25.05809733
2025/06/10,台北市,中正區,螢圃里,6300500-009,121.5182163,25.02515648
2025/06/10,台北市,松山區,東光里,6300100-011,121.5605469,25.05270643
2025/06/10,台北市,中山區,江寧里,6300400-028,121.5406321,25.06127327
2025/06/11,台北市,中正區,頂東里,6300500-006,121.5244559,25.02305412
2025/06/11,台北市,南港區,東明里,6300900-007,121.6007893,25.05358215
2025/06/11,台北市,中山區,北安里,6300400-042,121.5526807,25.08796485
2025/06/11,台北市,中正區,龍興里,6300500-013,121.5097652,25.02912218
2025/06/12,台北市,中山區,朱崙里,6300400-038,121.5396534,25.04745176
2025/06/12,台北市,南港區,西新里,6300900-008,121.5914962,25.05408787
2025/06/13,台北市,南港區,玉成里,6300900-009,121.5843093,25.05173218
2025/06/13,台北市,中正區,愛國里,6300500-016,121.5067864,25.03457628
2025/06/13,台北市,中山區,聚盛里,6300400-007,121.5252342,25.05913117
2025/06/13,台北市,中正區,南福里,6300500-019,121.5186073,25.02861623
2025/06/13,台北市,文山區,順興里,6300800-029,121.5650308,24.98384854
2025/06/13,台北市,中正區,光復里,6300500-023,121.5112186,25.04535113
2025/06/13,台北市,中正區,文祥里,6300500-030,121.5265315,25.03607121
2025/06/16,台北市,大安區,虎嘯里,6300300-038,121.5489795,25.02314603
2025/06/16,台北市,文山區,明興里,6300800-026,121.5619778,24.99098425
2025/06/16,台北市,大安區,龍雲里,6300300-027,121.5461897,25.02959684
2025/06/16,台北市,松山區,中華里,6300100-015,121.5509319,25.05400486
2025/06/16,台北市,中山區,復華里,6300400-040,121.5404493,25.05327163
2025/06/16,台北市,中正區,光復里,6300500-023,121.5112186,25.04535113
2025/06/16,台北市,大安區,龍門里,6300300-041,121.5362427,25.02789272
2025/06/16,台北市,松山區,吉祥里,6300100-022,121.5609834,25.04993282
2025/06/16,台北市,南港區,中研里,6300900-017,121.6137711,25.0429392
2025/06/16,台北市,大安區,龍泉里,6300300-012,121.5299423,25.02497945
2025/06/16,台北市,中正區,板溪里,6300500-008,121.5210838,25.02570779
2025/06/17,台北市,文山區,萬隆里,6300800-009,121.5377638,25.00060306
2025/06/17,台北市,中山區,新喜里,6300400-018,121.5318296,25.06648066
2025/06/17,台北市,中正區,黎明里,6300500-024,121.5162029,25.04439896
2025/06/18,台北市,南港區,九如里,6300900-018,121.6016117,25.02551953
2025/06/18,台北市,中山區,下埤里,6300400-027,121.5425198,25.06493056
2025/06/18,台北市,文山區,明義里,6300800-025,121.5602158,24.98847427
2025/06/18,台北市,文山區,興家里,6300800-015,121.560902,24.99424654
2025/06/18,台北市,松山區,新聚里,6300100-024,121.5670213,25.05013795
2025/06/18,台北市,文山區,興光里,6300800-014,121.5599425,24.99954819
2025/06/19,台北市,文山區,萬興里,6300800-035,121.5839457,24.99478626
2025/06/19,台北市,中山區,康樂里,6300400-005,121.5250959,25.05350012
2025/06/19,台北市,中正區,光復里,6300500-023,121.5112186,25.04535113
2025/06/20,台北市,松山區,東勢里,6300100-014,121.5548622,25.05247398
2025/06/20,台北市,南港區,重陽里,6300900-020,121.5977636,25.05765116
2025/06/20,台北市,大安區,龍門里,6300300-041,121.5362427,25.02789272
2025/06/23,台北市,中正區,三愛里,6300500-031,121.5305931,25.03582866
2025/06/24,台北市,松山區,中正里,6300100-026,121.5464258,25.0512182
2025/06/29,台北市,大安區,住安里,6300300-029,121.5461393,25.03211912
2025/06/30,台北市,中正區,黎明里,6300500-024,121.5162029,25.04439896
2025/06/30,台北市,文山區,景慶里,6300800-004,121.534896,24.99499358
2025/07/01,台北市,士林區,忠誠里,6301100-030,121.5273017,25.10603118
2025/07/01,台北市,中正區,廈安里,6300500-015,121.5057845,25.0314291
2025/07/01,台北市,士林區,舊佳里,6301100-006,121.5257002,25.09756982
2025/07/01,台北市,士林區,福志里,6301100-005,121.5313734,25.09858285
2025/07/01,台北市,士林區,名山里,6301100-026,121.5294765,25.10258847
2025/07/01,台北市,士林區,菁山里,6301100-047,121.568535,25.16241142
2025/07/02,台北市,士林區,社子里,6301100-019,121.5104768,25.09106456
2025/07/02,台北市,中正區,永昌里,6300500-012,121.5090825,25.02666564
2025/07/02,台北市,中正區,林興里,6300500-004,121.5249162,25.01803999
2025/07/02,台北市,松山區,莊敬里,6300100-002,121.5640263,25.07065837
2025/07/02,台北市,士林區,社新里,6301100-020,121.5037799,25.08755939
2025/07/02,台北市,中正區,富水里,6300500-002,121.5280827,25.01425115
2025/07/03,台北市,中正區,愛國里,6300500-016,121.5067864,25.03457628
2025/07/03,台北市,中正區,南門里,6300500-017,121.51024,25.03336112
2025/07/03,台北市,松山區,富錦里,6300100-006,121.5643443,25.06083455
2025/07/03,台北市,南港區,百福里,6300900-014,121.5907187,25.03594101
2025/07/03,台北市,萬華區,銘德里,6300700-028,121.4921764,25.02106617
2025/07/04,台北市,萬華區,壽德里,6300700-030,121.5005333,25.02307313
2025/07/04,台北市,萬華區,榮德里,6300700-029,121.4919617,25.0190025
2025/07/07,台北市,士林區,社園里,6301100-021,121.5069745,25.09234171
2025/07/07,台北市,士林區,義信里,6301100-002,121.5239389,25.08751832
2025/07/07,台北市,士林區,芝山里,6301100-031,121.5428253,25.11151427
2025/07/07,台北市,士林區,仁勇里,6301100-001,121.5258074,25.08968212
2025/07/07,台北市,松山區,東榮里,6300100-003,121.5580501,25.06025196
2025/07/07,台北市,中正區,忠勤里,6300500-014,121.5066014,25.02900999
2025/07/07,台北市,士林區,永倫里,6301100-022,121.5014557,25.09263064
2025/07/07,台北市,士林區,東山里,6301100-032,121.5432181,25.12156896
2025/07/08,台北市,中正區,龍福里,6300500-020,121.5158271,25.03273698
2025/07/08,台北市,萬華區,華中里,6300700-032,121.4932696,25.01491825
2025/07/08,台北市,萬華區,興德里,6300700-031,121.4988117,25.01536968
2025/07/08,台北市,中正區,螢雪里,6300500-010,121.5147468,25.02390727
2025/07/09,台北市,中正區,新營里,6300500-021,121.5202617,25.03178215
2025/07/09,台北市,大同區,大有里,6300600-009,121.5085168,25.05867707
2025/07/09,台北市,南港區,西新里,6300900-008,121.5914962,25.05408787
2025/07/09,台北市,中正區,文祥里,6300500-030,121.5265315,25.03607121
2025/07/09,台北市,萬華區,新忠里,6300700-013,121.5031565,25.02897952
2025/07/09,台北市,南港區,新光里,6300900-006,121.59783,25.0451017
2025/07/10,台北市,大同區,雙連里,6300600-011,121.5172236,25.05858299
2025/07/10,台北市,萬華區,新和里,6300700-014,121.5047576,25.02706985
2025/07/10,台北市,士林區,承德里,6301100-012,121.5229668,25.08252994
2025/07/10,台北市,松山區,鵬程里,6300100-020,121.5675333,25.05572658
2025/07/10,台北市,文山區,興家里,6300800-015,121.560902,24.99424654
2025/07/10,台北市,士林區,前港里,6301100-010,121.5212949,25.08603868
2025/07/10,台北市,南港區,玉成里,6300900-009,121.5843093,25.05173218
2025/07/11,台北市,南港區,合成里,6300900-010,121.5849349,25.04831969
2025/07/11,台北市,萬華區,新安里,6300700-021,121.5016352,25.0271476
2025/07/11,台北市,中正區,幸市里,6300500-027,121.531148,25.04045275
2025/07/11,台北市,中正區,三愛里,6300500-031,121.5305931,25.03582866
2025/07/11,台北市,信義區,惠安里,6300200-029,121.5659502,25.02194279
2025/07/11,台北市,中正區,文盛里,6300500-003,121.5304732,25.01728049
2025/07/11,台北市,中正區,水源里,6300500-001,121.5324181,25.01199337
2025/07/14,台北市,士林區,明勝里,6301100-014,121.5219572,25.0786721
2025/07/14,台北市,士林區,福華里,6301100-013,121.5180773,25.0818041
2025/07/14,台北市,南港區,成福里,6300900-011,121.590522,25.04304856
2025/07/15,台北市,大安區,學府里,6300300-057,121.5429479,25.01473232
2025/07/15,台北市,士林區,翠山里,6301100-050,121.5650405,25.10618348
2025/07/15,台北市,士林區,臨溪里,6301100-051,121.5526626,25.10098041
2025/07/15,台北市,大安區,臨江里,6300300-033,121.5553459,25.02879543
2025/07/15,台北市,大安區,昌隆里,6300300-008,121.5387038,25.0432099
2025/07/15,台北市,松山區,民有里,6300100-016,121.5470292,25.05992499
2025/07/15,台北市,大安區,建倫里,6300300-050,121.5508828,25.03960783
2025/07/16,台北市,南港區,萬福里,6300900-012,121.5844192,25.04579174
2025/07/16,台北市,士林區,葫東里,6301100-018,121.5119366,25.08586253
2025/07/16,台北市,萬華區,騰雲里,6300700-036,121.5068318,25.02263711
2025/07/16,台北市,大同區,建明里,6300600-002,121.5164918,25.04985482
2025/07/16,台北市,士林區,天福里,6301100-036,121.5314905,25.11620734
2025/07/16,台北市,松山區,自強里,6300100-021,121.5629291,25.05543617
2025/07/16,台北市,士林區,福順里,6301100-015,121.5127785,25.08160371
2025/07/16,台北市,士林區,三玉里,6301100-033,121.5343364,25.11346543
2025/07/17,台北市,松山區,吉仁里,6300100-029,121.5532321,25.04632393
2025/07/17,台北市,文山區,木柵里,6300800-027,121.5667368,24.99151736
2025/07/17,台北市,中正區,頂東里,6300500-006,121.5244559,25.02305412
2025/07/17,台北市,信義區,雙和里,6300200-036,121.5626547,25.02391504
2025/07/17,台北市,萬華區,忠貞里,6300700-034,121.5023426,25.02393601
2025/07/18,台北市,萬華區,凌霄里,6300700-035,121.507765,25.02544865
2025/07/18,台北市,中正區,梅花里,6300500-025,121.5266711,25.04548838
2025/07/18,台北市,中山區,行孝里,6300400-026,121.5366496,25.06669597
2025/07/21,台北市,大安區,學府里,6300300-057,121.5429479,25.01473232
2025/07/21,台北市,大安區,建倫里,6300300-050,121.5508828,25.03960783
2025/07/22,台北市,大同區,建明里,6300600-002,121.5164918,25.04985482
2025/07/22,台北市,信義區,中興里,6300200-004,121.5584557,25.03273525
2025/07/22,台北市,士林區,三玉里,6301100-033,121.5343364,25.11346543
2025/07/22,台北市,大同區,朝陽里,6300600-006,121.5127632,25.05490839
2025/07/22,台北市,大同區,永樂里,6300600-005,121.5092835,25.05491433
2025/07/23,台北市,士林區,三玉里,6301100-033,121.5343364,25.11346543
2025/07/23,台北市,松山區,福成里,6300100-034,121.547822,25.04661211
2025/07/23,台北市,中山區,中吉里,6300400-030,121.5315877,25.05498557
2025/07/24,台北市,文山區,萬芳里,6300800-033,121.5704852,24.99849746
2025/07/24,台北市,中正區,螢雪里,6300500-010,121.5147468,25.02390727
2025/07/25,台北市,文山區,萬美里,6300800-039,121.5661857,25.00096809
2025/07/25,台北市,南港區,重陽里,6300900-020,121.5977636,25.05765116
2025/07/27,台北市,信義區,雙和里,6300200-036,121.5626547,25.02391504
2025/07/28,台北市,內湖區,紫星里,6301000-011,121.5915613,25.07823758
2025/07/28,台北市,中正區,建國里,6300500-022,121.5120069,25.03842478
2025/07/28,台北市,萬華區,日祥里,6300700-033,121.502856,25.01922585
2025/07/29,台北市,萬華區,保德里,6300700-027,121.4969284,25.02259065
2025/07/30,台北市,松山區,介壽里,6300100-009,121.5585152,25.05746054
2025/07/30,台北市,松山區,慈祐里,6300100-018,121.5753186,25.05077753
2025/07/30,台北市,松山區,復源里,6300100-031,121.5546182,25.04615655
2025/07/31,台北市,大安區,敦安里,6300300-051,121.5505763,25.03537322
2025/08/01,台北市,士林區,岩山里,6301100-025,121.5356815,25.10392777
2025/08/01,台北市,士林區,新安里,6301100-045,121.5542372,25.12620588
2025/08/01,台北市,士林區,陽明里,6301100-046,121.5484641,25.13871447
2025/08/01,台北市,士林區,聖山里,6301100-029,121.5314551,25.10738491
2025/08/04,台北市,士林區,蘭興里,6301100-035,121.5231146,25.10797242
2025/08/04,台北市,士林區,蘭雅里,6301100-034,121.527319,25.10955957
2025/08/05,台北市,士林區,德華里,6301100-028,121.5205372,25.10110185
2025/08/05,台北市,松山區,松基里,6300100-035,121.5465642,25.05607719
2025/08/05,台北市,大同區,玉泉里,6300600-001,121.5085011,25.05087293
2025/08/05,台北市,士林區,後港里,6301100-008,121.5150614,25.0929896
2025/08/05,台北市,士林區,福德里,6301100-004,121.52268,25.09240243
2025/08/05,台北市,士林區,德行里,6301100-027,121.5241155,25.10253301
2025/08/05,台北市,松山區,復盛里,6300100-025,121.5608244,25.04744209
2025/08/05,台北市,松山區,吉仁里,6300100-029,121.5532321,25.04632393
2025/08/06,台北市,士林區,葫蘆里,6301100-017,121.506211,25.08395006
2025/08/06,台北市,士林區,福林里,6301100-003,121.5352805,25.09233269
2025/08/06,台北市,士林區,福佳里,6301100-007,121.5190856,25.0965144
2025/08/06,台北市,士林區,富光里,6301100-016,121.5074616,25.08036765
2025/08/06,台北市,松山區,東勢里,6300100-014,121.5548622,25.05247398
2025/08/07,台北市,南港區,中南里,6300900-002,121.607069,25.04628414
2025/08/07,台北市,大同區,國慶里,6300600-018,121.5124997,25.0678997
2025/08/07,台北市,大同區,國順里,6300600-017,121.5088957,25.06723437
2025/08/07,台北市,士林區,溪山里,6301100-049,121.5864139,25.12568066
2025/08/07,台北市,士林區,富洲里,6301100-024,121.4732145,25.10668433
2025/08/07,台北市,士林區,福中里,6301100-009,121.5165754,25.08717267
2025/08/07,台北市,萬華區,華江里,6300700-018,121.4882733,25.03239939
2025/08/07,台北市,內湖區,清白里,6301000-017,121.5971086,25.08138549
2025/08/07,台北市,士林區,百齡里,6301100-011,121.5170706,25.08403906
2025/08/07,台北市,士林區,平等里,6301100-048,121.5791324,25.14486493
2025/08/07,台北市,士林區,福安里,6301100-023,121.4908826,25.10462299
2025/08/08,台北市,南港區,新富里,6300900-003,121.6176531,25.05312187
2025/08/08,台北市,士林區,天祿里,6301100-037,121.5287421,25.11348385
2025/08/08,台北市,文山區,萬芳里,6300800-033,121.5704852,24.99849746
2025/08/08,台北市,萬華區,福星里,6300700-001,121.5063258,25.04737416
2025/08/08,台北市,士林區,天壽里,6301100-038,121.5265162,25.11650435
2025/08/11,台北市,大同區,景星里,6300600-014,121.508918,25.06442939
2025/08/11,台北市,大同區,隆和里,6300600-015,121.5126572,25.06437057
2025/08/11,台北市,松山區,三民里,6300100-004,121.5622431,25.0599258
2025/08/11,台北市,士林區,天玉里,6301100-041,121.5278805,25.12029407
2025/08/11,台北市,萬華區,萬壽里,6300700-002,121.5049306,25.04500496
2025/08/11,台北市,士林區,天母里,6301100-042,121.5360845,25.13094421
2025/08/12,台北市,南港區,鴻福里,6300900-013,121.5852907,25.04331624
2025/08/12,台北市,萬華區,西門里,6300700-003,121.5050277,25.04275702
2025/08/12,台北市,士林區,公館里,6301100-044,121.5611242,25.12612616
2025/08/12,台北市,大同區,保安里,6300600-026,121.5169705,25.07317658
2025/08/12,台北市,士林區,永福里,6301100-043,121.5474382,25.10709347
2025/08/13,台北市,大同區,雙連里,6300600-011,121.5172236,25.05858299
2025/08/13,台北市,大同區,星明里,6300600-007,121.5162133,25.05541448
2025/08/13,台北市,萬華區,新起里,6300700-004,121.5051727,25.04065461
2025/08/13,台北市,南港區,百福里,6300900-014,121.5907187,25.03594101
2025/08/13,台北市,松山區,富泰里,6300100-008,121.5647503,25.05794827
2025/08/13,台北市,內湖區,石潭里,6301000-028,121.5923698,25.06234204
2025/08/14,台北市,內湖區,港富里,6301000-007,121.5797094,25.08314536
2025/08/14,台北市,松山區,東昌里,6300100-013,121.554202,25.05713826
2025/08/14,台北市,大同區,蓬萊里,6300600-016,121.5167645,25.06448456
2025/08/14,台北市,松山區,復建里,6300100-032,121.5564997,25.0465473
2025/08/14,台北市,萬華區,菜園里,6300700-005,121.4992275,25.04238883
2025/08/14,台北市,萬華區,綠堤里,6300700-017,121.4917076,25.03061412
2025/08/14,台北市,萬華區,青山里,6300700-006,121.4959427,25.03919154
2025/08/14,台北市,南港區,聯成里,6300900-015,121.5882516,25.04792811
2025/08/15,台北市,大安區,福住里,6300300-017,121.5313353,25.03171771
2025/08/15,台北市,大安區,住安里,6300300-029,121.5461393,25.03211912
2025/08/15,台北市,大安區,臥龍里,6300300-039,121.5455225,25.02225324
2025/08/15,台北市,大同區,朝陽里,6300600-006,121.5127632,25.05490839
2025/08/15,台北市,大安區,通化里,6300300-031,121.5558757,25.03142004
2025/08/15,台北市,內湖區,金瑞里,6301000-014,121.5771115,25.09687602
2025/08/18,台北市,內湖區,西湖里,6301000-001,121.5676522,25.08214193
2025/08/18,台北市,南港區,九如里,6300900-018,121.6016117,25.02551953
2025/08/18,台北市,松山區,中崙里,6300100-027,121.545326,25.04648809
2025/08/19,台北市,松山區,美仁里,6300100-028,121.5517075,25.04993809
2025/08/19,台北市,松山區,復勢里,6300100-033,121.5561594,25.0497264
2025/08/19,台北市,萬華區,富民里,6300700-007,121.5006056,25.03769927
2025/08/19,台北市,萬華區,新安里,6300700-021,121.5016352,25.0271476
2025/08/19,台北市,中山區,恆安里,6300400-010,121.5250689,25.06379125
2025/08/19,台北市,萬華區,西門里,6300700-003,121.5050277,25.04275702
2025/08/20,台北市,松山區,敦化里,6300100-030,121.550719,25.04644855
2025/08/20,台北市,南港區,中研里,6300900-017,121.6137711,25.0429392
2025/08/20,台北市,萬華區,福音里,6300700-008,121.5026581,25.03757753
2025/08/20,台北市,中山區,江山里,6300400-029,121.54057,25.05896832
2025/08/21,台北市,萬華區,富福里,6300700-010,121.5024527,25.03451639
2025/08/21,台北市,內湖區,內湖里,6301000-009,121.5917282,25.08356514
2025/08/21,台北市,萬華區,仁德里,6300700-009,121.5053707,25.03791625
2025/08/22,台北市,萬華區,仁德里,6300700-009,121.5053707,25.03791625
2025/08/22,台北市,萬華區,柳鄉里,6300700-019,121.4899156,25.03817534
2025/08/25,台北市,中山區,中山里,6300400-006,121.5251753,25.05645296
2025/08/25,台北市,內湖區,金龍里,6301000-013,121.5937081,25.08573487
2025/08/25,台北市,大安區,大學里,6300300-043,121.5321879,25.01969683
2025/08/25,台北市,大安區,黎孝里,6300300-047,121.5556859,25.01750231
2025/08/27,台北市,內湖區,五分里,6301000-022,121.6141527,25.06630127
2025/08/27,台北市,內湖區,蘆洲里,6301000-037,121.6036871,25.06185058
2025/08/27,台北市,中山區,中山里,6300400-006,121.5251753,25.05645296
2025/08/27,台北市,中山區,中山里,6300400-006,121.5251753,25.05645296
2025/08/27,台北市,南港區,仁福里,6300900-019,121.5939856,25.03699884
2025/08/28,台北市,中山區,中山里,6300400-006,121.5251753,25.05645296
2025/08/29,台北市,文山區,萬興里,6300800-035,121.5839457,24.99478626
2025/09/01,台北市,大同區,保安里,6300600-026,121.5169705,25.07317658
2025/09/01,台北市,大同區,保安里,6300600-026,121.5169705,25.07317658
2025/09/01,台北市,中正區,文北里,6300500-029,121.527544,25.03924682
2025/09/01,台北市,中正區,東門里,6300500-028,121.5212799,25.03804816
2025/09/02,台北市,松山區,中華里,6300100-015,121.5509319,25.05400486
2025/09/02,台北市,松山區,精忠里,6300100-010,121.5536794,25.06614037
2025/09/02,台北市,內湖區,大湖里,6301000-012,121.6027405,25.09160207
2025/09/03,台北市,內湖區,明湖里,6301000-036,121.6114925,25.07156449
2025/09/03,台北市,松山區,富錦里,6300100-006,121.5643443,25.06083455
2025/09/03,台北市,松山區,東光里,6300100-011,121.5605469,25.05270643
2025/09/03,台北市,大同區,揚雅里,6300600-019,121.5148153,25.06719633
2025/09/03,台北市,大同區,至聖里,6300600-022,121.5167791,25.0702536
2025/09/03,台北市,內湖區,港都里,6301000-006,121.575773,25.08154831
2025/09/03,台北市,萬華區,頂碩里,6300700-011,121.5025843,25.03162318
2025/09/04,台北市,中山區,復華里,6300400-040,121.5404493,25.05327163
2025/09/04,台北市,大同區,雙連里,6300600-011,121.5172236,25.05858299
2025/09/04,台北市,大同區,民權里,6300600-013,121.516483,25.06134055
2025/09/04,台北市,萬華區,雙園里,6300700-012,121.4985666,25.03091789
2025/09/04,台北市,內湖區,紫雲里,6301000-016,121.597111,25.07757404
2025/09/05,台北市,萬華區,糖廍里,6300700-015,121.4958936,25.03393876
2025/09/05,台北市,內湖區,碧山里,6301000-015,121.5895172,25.10142231
2025/09/05,台北市,松山區,福成里,6300100-034,121.547822,25.04661211
2025/09/05,台北市,萬華區,和平里,6300700-016,121.4949933,25.03048708
2025/09/05,台北市,松山區,莊敬里,6300100-002,121.5640263,25.07065837
2025/09/05,台北市,大同區,光能里,6300600-008,121.5193057,25.05517039
2025/09/05,台北市,大同區,星明里,6300600-007,121.5162133,25.05541448
2025/09/07,台北市,松山區,復勢里,6300100-033,121.5561594,25.0497264
2025/09/07,台北市,大安區,福住里,6300300-017,121.5313353,25.03171771
2025/09/08,台北市,中正區,幸福里,6300500-026,121.5243916,25.04323583
2025/09/08,台北市,中正區,梅花里,6300500-025,121.5266711,25.04548838
2025/09/08,台北市,內湖區,瑞光里,6301000-021,121.580295,25.07432193
2025/09/09,台北市,大同區,永樂里,6300600-005,121.5092835,25.05491433
2025/09/09,台北市,大同區,大有里,6300600-009,121.5085168,25.05867707
2025/09/09,台北市,中正區,網溪里,6300500-007,121.5186531,25.02199609
2025/09/09,台北市,大同區,國慶里,6300600-018,121.5124997,25.0678997
2025/09/09,台北市,中正區,河堤里,6300500-005,121.5219929,25.02136885
2025/09/09,台北市,萬華區,綠堤里,6300700-017,121.4917076,25.03061412
2025/09/09,台北市,內湖區,湖濱里,6301000-010,121.5849797,25.08326462
2025/09/09,台北市,萬華區,頂碩里,6300700-011,121.5025843,25.03162318
2025/09/09,台北市,內湖區,紫陽里,6301000-019,121.5866299,25.0769323
2025/09/10,台北市,萬華區,頂碩里,6300700-011,121.5025843,25.03162318
2025/09/10,台北市,萬華區,日善里,6300700-020,121.4981054,25.02753426
2025/09/10,台北市,大同區,老師里,6300600-024,121.509979,25.07561526
2025/09/10,台北市,大同區,鄰江里,6300600-021,121.5099603,25.07054046
2025/09/11,台北市,內湖區,港華里,6301000-008,121.5746505,25.08767679
2025/09/11,台北市,萬華區,忠德里,6300700-022,121.4954548,25.02583885
2025/09/11,台北市,中山區,劍潭里,6300400-013,121.535788,25.08236099
2025/09/11,台北市,大同區,建明里,6300600-002,121.5164918,25.04985482
2025/09/11,台北市,中正區,螢圃里,6300500-009,121.5182163,25.02515648
2025/09/11,台北市,中正區,龍光里,6300500-018,121.5132469,25.02979342
2025/09/11,台北市,大同區,建功里,6300600-003,121.5137986,25.05205637
2025/09/12,台北市,萬華區,孝德里,6300700-023,121.4923904,25.02263723
2025/09/12,台北市,中正區,龍興里,6300500-013,121.5097652,25.02912218
2025/09/12,台北市,中山區,新喜里,6300400-018,121.5318296,25.06648066
2025/09/12,台北市,內湖區,瑞陽里,6301000-020,121.5817277,25.07653032
2025/09/12,台北市,中正區,頂東里,6300500-006,121.5244559,25.02305412
2025/09/13,台北市,中山區,聚葉里,6300400-009,121.5252252,25.06149259
2025/09/15,台北市,大安區,民輝里,6300300-007,121.5350354,25.04132699
2025/09/15,台北市,大安區,大學里,6300300-043,121.5321879,25.01969683
2025/09/15,台北市,大安區,光明里,6300300-019,121.5250988,25.0333862
2025/09/15,台北市,大安區,建安里,6300300-049,121.5508744,25.04308412
2025/09/15,台北市,中山區,龍洲里,6300400-035,121.5431587,25.05615685
2025/09/16,台北市,中正區,龍福里,6300500-020,121.5158271,25.03273698
2025/09/16,台北市,松山區,龍田里,6300100-012,121.5565624,25.05494453
2025/09/16,台北市,中山區,民安里,6300400-004,121.5212841,25.05315716
2025/09/16,台北市,內湖區,葫洲里,6301000-018,121.6065127,25.07055539
2025/09/16,台北市,中正區,螢雪里,6300500-010,121.5147468,25.02390727
2025/09/17,台北市,內湖區,西康里,6301000-002,121.5594676,25.0895994
2025/09/17,台北市,松山區,安平里,6300100-019,121.5670665,25.0527737
2025/09/17,台北市,中山區,金泰里,6300400-041,121.5614839,25.07801755
2025/09/18,台北市,內湖區,五分里,6301000-022,121.6141527,25.06630127
2025/09/18,台北市,萬華區,和德里,6300700-024,121.4909326,25.02654046
2025/09/18,台北市,中正區,光復里,6300500-023,121.5112186,25.04535113
2025/09/18,台北市,松山區,復源里,6300100-031,121.5546182,25.04615655
2025/09/19,台北市,萬華區,錦德里,6300700-025,121.4918495,25.02416562
2025/09/19,台北市,萬華區,全德里,6300700-026,121.4988226,25.02427433
2025/09/20,台北市,萬華區,華中里,6300700-032,121.4932696,25.01491825
2025/09/20,台北市,萬華區,西門里,6300700-003,121.5050277,25.04275702
2025/09/22,台北市,中正區,光復里,6300500-023,121.5112186,25.04535113
2025/09/22,台北市,萬華區,保德里,6300700-027,121.4969284,25.02259065
2025/09/22,台北市,中正區,建國里,6300500-022,121.5120069,25.03842478
2025/09/23,台北市,大安區,建安里,6300300-049,121.5508744,25.04308412
2025/09/23,台北市,萬華區,萬壽里,6300700-002,121.5049306,25.04500496
2025/09/24,台北市,大安區,大學里,6300300-043,121.5321879,25.01969683
2025/09/24,台北市,文山區,木柵里,6300800-027,121.5667368,24.99151736
2025/09/25,台北市,松山區,新聚里,6300100-024,121.5670213,25.05013795
2025/09/26,台北市,內湖區,紫陽里,6301000-019,121.5866299,25.0769323
2025/09/26,台北市,中正區,南福里,6300500-019,121.5186073,25.02861623
2025/10/01,台北市,士林區,福德里,6301100-004,121.52268,25.09240243
2025/10/01,台北市,士林區,後港里,6301100-008,121.5150614,25.0929896
2025/10/01,台北市,士林區,蘭興里,6301100-035,121.5231146,25.10797242
2025/10/01,台北市,士林區,天和里,6301100-039,121.5362001,25.12147843
2025/10/01,台北市,松山區,民福里,6300100-017,121.5467725,25.06365256
2025/10/01,台北市,萬華區,榮德里,6300700-029,121.4919617,25.0190025
2025/10/01,台北市,萬華區,銘德里,6300700-028,121.4921764,25.02106617
2025/10/01,台北市,中正區,黎明里,6300500-024,121.5162029,25.04439896
2025/10/01,台北市,士林區,蘭雅里,6301100-034,121.527319,25.10955957
2025/10/01,台北市,松山區,新益里,6300100-005,121.5670892,25.06169525
2025/10/01,台北市,中正區,黎明里,6300500-024,121.5162029,25.04439896
2025/10/01,台北市,中山區,北安里,6300400-042,121.5526807,25.08796485
2025/10/02,台北市,中正區,幸市里,6300500-027,121.531148,25.04045275
2025/10/02,台北市,中山區,行仁里,6300400-025,121.5393452,25.06496466
2025/10/02,台北市,士林區,岩山里,6301100-025,121.5356815,25.10392777
2025/10/02,台北市,中正區,三愛里,6300500-031,121.5305931,25.03582866
2025/10/02,台北市,松山區,新東里,6300100-007,121.5692567,25.05809733
2025/10/02,台北市,士林區,新安里,6301100-045,121.5542372,25.12620588
2025/10/02,台北市,中正區,文祥里,6300500-030,121.5265315,25.03607121
2025/10/02,台北市,士林區,福中里,6301100-009,121.5165754,25.08717267
2025/10/02,台北市,松山區,慈祐里,6300100-018,121.5753186,25.05077753
2025/10/02,台北市,士林區,陽明里,6301100-046,121.5484641,25.13871447
2025/10/02,台北市,萬華區,壽德里,6300700-030,121.5005333,25.02307313
2025/10/02,台北市,士林區,聖山里,6301100-029,121.5314551,25.10738491
2025/10/02,台北市,士林區,天和里,6301100-039,121.5362001,25.12147843
2025/10/02,台北市,士林區,百齡里,6301100-011,121.5170706,25.08403906
2025/10/03,台北市,內湖區,行善里,6301000-027,121.5759801,25.0541791
2025/10/03,台北市,士林區,天和里,6301100-039,121.5362001,25.12147843
2025/10/03,台北市,士林區,葫蘆里,6301100-017,121.506211,25.08395006
2025/10/03,台北市,萬華區,興德里,6300700-031,121.4988117,25.01536968
2025/10/03,台北市,中山區,朱園里,6300400-036,121.5347774,25.04871226
2025/10/03,台北市,中正區,文盛里,6300500-003,121.5304732,25.01728049
2025/10/03,台北市,中正區,水源里,6300500-001,121.5324181,25.01199337
2025/10/03,台北市,士林區,富光里,6301100-016,121.5074616,25.08036765
2025/10/04,台北市,士林區,天和里,6301100-039,121.5362001,25.12147843
2025/10/06,台北市,士林區,天和里,6301100-039,121.5362001,25.12147843
2025/10/07,台北市,士林區,平等里,6301100-048,121.5791324,25.14486493
2025/10/07,台北市,士林區,德行里,6301100-027,121.5241155,25.10253301
2025/10/07,台北市,中山區,行政里,6300400-024,121.5348841,25.06460605
2025/10/07,台北市,士林區,天和里,6301100-039,121.5362001,25.12147843
2025/10/07,台北市,士林區,天祿里,6301100-037,121.5287421,25.11348385
2025/10/07,台北市,中正區,黎明里,6300500-024,121.5162029,25.04439896
2025/10/07,台北市,信義區,四維里,6300200-017,121.5766077,25.04434473
2025/10/07,台北市,士林區,天壽里,6301100-038,121.5265162,25.11650435
2025/10/07,台北市,大同區,國順里,6300600-017,121.5088957,25.06723437
2025/10/07,台北市,北投區,溫泉里,6301200-025,121.5062314,25.13384249
2025/10/07,台北市,士林區,德華里,6301100-028,121.5205372,25.10110185
2025/10/07,台北市,北投區,林泉里,6301200-026,121.5168252,25.13892787
2025/10/07,台北市,中正區,黎明里,6300500-024,121.5162029,25.04439896
2025/10/07,台北市,內湖區,週美里,6301000-026,121.5829743,25.05727284
2025/10/07,台北市,大同區,國慶里,6300600-018,121.5124997,25.0678997
2025/10/07,台北市,士林區,溪山里,6301100-049,121.5864139,25.12568066
2025/10/08,台北市,信義區,正和里,6300200-002,121.5590483,25.03662947
2025/10/08,台北市,中山區,永安里,6300400-016,121.5483214,25.07847286
2025/10/08,台北市,中正區,河堤里,6300500-005,121.5219929,25.02136885
2025/10/08,台北市,士林區,富洲里,6301100-024,121.4732145,25.10668433
2025/10/08,台北市,文山區,興業里,6300800-017,121.5523041,24.9995431
2025/10/08,台北市,北投區,中庸里,6301200-028,121.5000919,25.13862299
2025/10/08,台北市,信義區,泰和里,6300200-033,121.5708977,25.01772398
2025/10/08,台北市,大同區,老師里,6300600-024,121.509979,25.07561526
2025/10/08,台北市,士林區,天和里,6301100-039,121.5362001,25.12147843
2025/10/08,台北市,中正區,永功里,6300500-011,121.5122571,25.02646391
2025/10/08,台北市,北投區,中心里,6301200-027,121.5092798,25.14054436
2025/10/08,台北市,士林區,福安里,6301100-023,121.4908826,25.10462299
2025/10/08,台北市,大同區,鄰江里,6300600-021,121.5099603,25.07054046
2025/10/09,台北市,中正區,愛國里,6300500-016,121.5067864,25.03457628
2025/10/09,台北市,南港區,新富里,6300900-003,121.6176531,25.05312187
2025/10/09,台北市,士林區,天母里,6301100-042,121.5360845,25.13094421
2025/10/09,台北市,士林區,天和里,6301100-039,121.5362001,25.12147843
2025/10/09,台北市,內湖區,秀湖里,6301000-032,121.6020406,25.0825216
2025/10/09,台北市,內湖區,西安里,6301000-003,121.5658924,25.09212185
2025/10/09,台北市,中山區,正得里,6300400-003,121.5232155,25.04995517
2025/10/09,台北市,信義區,三犁里,6300200-031,121.5721641,25.02929261
2025/10/09,台北市,中正區,黎明里,6300500-024,121.5162029,25.04439896
2025/10/09,台北市,文山區,明興里,6300800-026,121.5619778,24.99098425
2025/10/09,台北市,文山區,興安里,6300800-018,121.5497672,24.99758171
2025/10/09,台北市,中正區,光復里,6300500-023,121.5112186,25.04535113
2025/10/09,台北市,中正區,河堤里,6300500-005,121.5219929,25.02136885
2025/10/09,台北市,萬華區,華中里,6300700-032,121.4932696,25.01491825
2025/10/09,台北市,士林區,天玉里,6301100-041,121.5278805,25.12029407
2025/10/09,台北市,士林區,福佳里,6301100-007,121.5190856,25.0965144
2025/10/09,台北市,中正區,忠勤里,6300500-014,121.5066014,25.02900999
2025/10/09,台北市,中正區,黎明里,6300500-024,121.5162029,25.04439896
2025/10/09,台北市,士林區,福林里,6301100-003,121.5352805,25.09233269
2025/10/11,台北市,士林區,天和里,6301100-039,121.5362001,25.12147843
2025/10/11,台北市,大安區,福住里,6300300-017,121.5313353,25.03171771
2025/10/11,台北市,大安區,福住里,6300300-017,121.5313353,25.03171771
2025/10/13,台北市,中正區,林興里,6300500-004,121.5249162,25.01803999
2025/10/13,台北市,內湖區,大湖里,6301000-012,121.6027405,25.09160207
2025/10/13,台北市,大同區,大有里,6300600-009,121.5085168,25.05867707
2025/10/13,台北市,中山區,朱馥里,6300400-034,121.5395137,25.05620078
2025/10/13,台北市,松山區,自強里,6300100-021,121.5629291,25.05543617
2025/10/13,台北市,大同區,永樂里,6300600-005,121.5092835,25.05491433
2025/10/13,台北市,士林區,天和里,6301100-039,121.5362001,25.12147843
2025/10/13,台北市,南港區,東明里,6300900-007,121.6007893,25.05358215
2025/10/13,台北市,內湖區,康寧里,6301000-035,121.612229,25.07492982
2025/10/13,台北市,松山區,吉仁里,6300100-029,121.5532321,25.04632393
2025/10/13,台北市,萬華區,新忠里,6300700-013,121.5031565,25.02897952
2025/10/13,台北市,中正區,水源里,6300500-001,121.5324181,25.01199337
2025/10/14,台北市,中正區,黎明里,6300500-024,121.5162029,25.04439896
2025/10/14,台北市,中山區,興亞里,6300400-032,121.5308669,25.04963588
2025/10/14,台北市,士林區,永福里,6301100-043,121.5474382,25.10709347
2025/10/14,台北市,大同區,斯文里,6300600-020,121.5176591,25.06723988
2025/10/14,台北市,萬華區,新和里,6300700-014,121.5047576,25.02706985
2025/10/14,台北市,大同區,蓬萊里,6300600-016,121.5167645,25.06448456
2025/10/14,台北市,松山區,復建里,6300100-032,121.5564997,25.0465473
2025/10/14,台北市,信義區,景新里,6300200-028,121.5630809,25.03087407
2025/10/14,台北市,士林區,公館里,6301100-044,121.5611242,25.12612616
2025/10/14,台北市,士林區,天和里,6301100-039,121.5362001,25.12147843
2025/10/14,台北市,中正區,新營里,6300500-021,121.5202617,25.03178215
2025/10/15,台北市,內湖區,港富里,6301000-007,121.5797094,25.08314536
2025/10/15,台北市,大安區,通安里,6300300-032,121.5529492,25.03042669
2025/10/15,台北市,南港區,西新里,6300900-008,121.5914962,25.05408787
2025/10/15,台北市,大安區,通安里,6300300-032,121.5529492,25.03042669
2025/10/15,台北市,士林區,天和里,6301100-039,121.5362001,25.12147843
2025/10/15,台北市,北投區,湖田里,6301200-042,121.548029,25.17959723
2025/10/15,台北市,大同區,建明里,6300600-002,121.5164918,25.04985482
2025/10/15,台北市,大安區,民炤里,6300300-004,121.5352722,25.03580754
2025/10/15,台北市,大安區,永康里,6300300-018,121.5282679,25.03193097
2025/10/15,台北市,北投區,大屯里,6301200-041,121.5058218,25.16040606
2025/10/15,台北市,中山區,成功里,6300400-015,121.5532085,25.08075737
2025/10/15,台北市,中正區,螢圃里,6300500-009,121.5182163,25.02515648
2025/10/15,台北市,大安區,永康里,6300300-018,121.5282679,25.03193097
2025/10/15,台北市,大安區,民炤里,6300300-004,121.5352722,25.03580754
2025/10/15,台北市,中正區,網溪里,6300500-007,121.5186531,25.02199609
2025/10/15,台北市,大同區,建功里,6300600-003,121.5137986,25.05205637
2025/10/15,台北市,萬華區,頂碩里,6300700-011,121.5025843,25.03162318
2025/10/15,台北市,大安區,群英里,6300300-037,121.5456331,25.02691364
2025/10/15,台北市,北投區,湖山里,6301200-040,121.5395684,25.14927086
2025/10/15,台北市,大安區,群英里,6300300-037,121.5456331,25.02691364
2025/10/16,台北市,中正區,螢圃里,6300500-009,121.5182163,25.02515648
2025/10/16,台北市,中正區,文盛里,6300500-003,121.5304732,25.01728049
2025/10/16,台北市,松山區,三民里,6300100-004,121.5622431,25.0599258
2025/10/16,台北市,內湖區,麗山里,6301000-038,121.5717608,25.08311443
2025/10/16,台北市,大同區,延平里,6300600-010,121.5125434,25.05882307
2025/10/16,台北市,大同區,南芳里,6300600-012,121.5094632,25.06183676
2025/10/16,台北市,中山區,新庄里,6300400-019,121.5303345,25.07151721
2025/10/16,台北市,中正區,南福里,6300500-019,121.5186073,25.02861623
2025/10/16,台北市,松山區,吉祥里,6300100-022,121.5609834,25.04993282
2025/10/16,台北市,士林區,天和里,6301100-039,121.5362001,25.12147843
2025/10/16,台北市,南港區,玉成里,6300900-009,121.5843093,25.05173218
2025/10/16,台北市,中正區,富水里,6300500-002,121.5280827,25.01425115
2025/10/16,台北市,信義區,松光里,6300200-023,121.5792133,25.03981693
2025/10/17,台北市,中正區,南福里,6300500-019,121.5186073,25.02861623
2025/10/17,台北市,大同區,朝陽里,6300600-006,121.5127632,25.05490839
2025/10/17,台北市,大安區,法治里,6300300-034,121.553182,25.02678315
2025/10/17,台北市,大安區,法治里,6300300-034,121.553182,25.02678315
2025/10/17,台北市,信義區,嘉興里,6300200-037,121.5572284,25.02754681
2025/10/17,台北市,士林區,天和里,6301100-039,121.5362001,25.12147843
2025/10/17,台北市,內湖區,湖元里,6301000-030,121.5774141,25.0648452
2025/10/17,台北市,中正區,龍光里,6300500-018,121.5132469,25.02979342
2025/10/17,台北市,大同區,星明里,6300600-007,121.5162133,25.05541448
2025/10/17,台北市,內湖區,金湖里,6301000-034,121.6036451,25.07459026
2025/10/17,台北市,中正區,螢圃里,6300500-009,121.5182163,25.02515648
2025/10/17,台北市,中山區,集英里,6300400-008,121.5211201,25.06342697
2025/10/18,台北市,士林區,天和里,6301100-039,121.5362001,25.12147843
2025/10/20,台北市,北投區,開明里,6301200-029,121.5040437,25.14318382
2025/10/20,台北市,南港區,中研里,6300900-017,121.6137711,25.0429392
2025/10/20,台北市,北投區,文化里,6301200-033,121.4945263,25.14010632
2025/10/20,台北市,北投區,豐年里,6301200-034,121.4902626,25.13400733
2025/10/21,台北市,萬華區,西門里,6300700-003,121.5050277,25.04275702
2025/10/21,台北市,北投區,泉源里,6301200-039,121.5207967,25.15315279
2025/10/21,台北市,北投區,稻香里,6301200-035,121.4868916,25.14537115
2025/10/21,台北市,北投區,桃源里,6301200-036,121.4820303,25.13831334
2025/10/22,台北市,南港區,九如里,6300900-018,121.6016117,25.02551953
2025/10/22,台北市,北投區,中和里,6301200-030,121.4993361,25.1441518
2025/10/23,台北市,北投區,秀山里,6301200-032,121.4935245,25.15214455
2025/10/23,台北市,南港區,重陽里,6300900-020,121.5977636,25.05765116
2025/10/23,台北市,北投區,智仁里,6301200-031,121.4959586,25.14313329
2025/10/24,台北市,萬華區,新和里,6300700-014,121.5047576,25.02706985
2025/10/25,台北市,松山區,中正里,6300100-026,121.5464258,25.0512182
2025/10/25,台北市,文山區,興家里,6300800-015,121.560902,24.99424654
2025/10/25,台北市,大安區,新龍里,6300300-023,121.539266,25.02944738
2025/10/25,台北市,大安區,新龍里,6300300-023,121.539266,25.02944738
2025/10/27,台北市,中正區,永昌里,6300500-012,121.5090825,25.02666564
2025/10/27,台北市,士林區,天和里,6301100-039,121.5362001,25.12147843
2025/10/27,台北市,中正區,南門里,6300500-017,121.51024,25.03336112
2025/10/27,台北市,萬華區,日祥里,6300700-033,121.502856,25.01922585
2025/10/27,台北市,中正區,永昌里,6300500-012,121.5090825,25.02666564
2025/10/27,台北市,中正區,幸福里,6300500-026,121.5243916,25.04323583
2025/10/27,台北市,萬華區,新安里,6300700-021,121.5016352,25.0271476
2025/10/27,台北市,南港區,中南里,6300900-002,121.607069,25.04628414
2025/10/27,台北市,內湖區,樂康里,6301000-024,121.619389,25.07103858
2025/10/27,台北市,大同區,斯文里,6300600-020,121.5176591,25.06723988
2025/10/27,台北市,信義區,大道里,6300200-026,121.5824097,25.04175028
2025/10/27,台北市,信義區,雙和里,6300200-036,121.5626547,25.02391504
2025/10/27,台北市,中正區,幸市里,6300500-027,121.531148,25.04045275
2025/10/28,台北市,中正區,龍福里,6300500-020,121.5158271,25.03273698
2025/10/28,台北市,信義區,六藝里,6300200-010,121.5710995,25.04407753
2025/10/28,台北市,大安區,通安里,6300300-032,121.5529492,25.03042669
2025/10/28,台北市,文山區,景華里,6300800-006,121.5430441,24.99511511
2025/10/28,台北市,大安區,通安里,6300300-032,121.5529492,25.03042669
2025/10/29,台北市,中山區,中央里,6300400-033,121.5349371,25.0549304
2025/10/29,台北市,中山區,聚盛里,6300400-007,121.5252342,25.05913117
2025/10/29,台北市,中山區,中吉里,6300400-030,121.5315877,25.05498557
2025/10/29,台北市,信義區,中坡里,6300200-024,121.5847391,25.03165307
2025/10/29,台北市,中正區,幸市里,6300500-027,121.531148,25.04045275
2025/10/29,台北市,中正區,三愛里,6300500-031,121.5305931,25.03582866
2025/10/29,台北市,松山區,東榮里,6300100-003,121.5580501,25.06025196
2025/10/29,台北市,萬華區,凌霄里,6300700-035,121.507765,25.02544865
2025/10/29,台北市,中正區,三愛里,6300500-031,121.5305931,25.03582866
2025/10/30,台北市,萬華區,騰雲里,6300700-036,121.5068318,25.02263711
2025/10/30,台北市,內湖區,內溝里,6301000-025,121.6154524,25.09394161
2025/10/30,台北市,內湖區,安湖里,6301000-031,121.6142943,25.07120627
2025/10/31,台北市,信義區,永春里,6300200-018,121.5793917,25.04353027
2025/10/31,台北市,文山區,景行里,6300800-001,121.5415245,24.99050456
2025/10/31,台北市,信義區,四育里,6300200-016,121.5757183,25.0477709
2025/10/31,台北市,信義區,興雅里,6300200-006,121.5671211,25.04095886
2025/11/01,台北市,萬華區,西門里,6300700-003,121.5050277,25.04275702
2025/11/03,台北市,士林區,東山里,6301100-032,121.5432181,25.12156896
2025/11/03,台北市,士林區,福志里,6301100-005,121.5313734,25.09858285
2025/11/03,台北市,文山區,景東里,6300800-002,121.5464564,24.99312185
2025/11/03,台北市,士林區,名山里,6301100-026,121.5294765,25.10258847
2025/11/03,台北市,大安區,全安里,6300300-035,121.5503412,25.02622283
2025/11/03,台北市,士林區,芝山里,6301100-031,121.5428253,25.11151427
2025/11/03,台北市,大安區,大學里,6300300-043,121.5321879,25.01969683
2025/11/03,台北市,大同區,朝陽里,6300600-006,121.5127632,25.05490839
2025/11/03,台北市,大同區,延平里,6300600-010,121.5125434,25.05882307
2025/11/03,台北市,士林區,忠誠里,6301100-030,121.5273017,25.10603118
2025/11/03,台北市,大安區,龍安里,6300300-015,121.5325902,25.02807242
2025/11/03,台北市,大安區,大學里,6300300-043,121.5321879,25.01969683
2025/11/03,台北市,大安區,光明里,6300300-019,121.5250988,25.0333862
2025/11/03,台北市,士林區,舊佳里,6301100-006,121.5257002,25.09756982
2025/11/03,台北市,大安區,全安里,6300300-035,121.5503412,25.02622283
2025/11/03,台北市,中山區,中原里,6300400-031,121.5288422,25.0550257
2025/11/03,台北市,大安區,龍安里,6300300-015,121.5325902,25.02807242
2025/11/03,台北市,大安區,光明里,6300300-019,121.5250988,25.0333862
2025/11/04,台北市,大安區,車層里,6300300-055,121.5538213,25.04044263
2025/11/04,台北市,文山區,興昌里,6300800-022,121.560075,25.00638958
2025/11/04,台北市,文山區,景行里,6300800-001,121.5415245,24.99050456
2025/11/04,台北市,大安區,車層里,6300300-055,121.5538213,25.04044263
2025/11/04,台北市,中山區,中庄里,6300400-023,121.5303864,25.05912538
2025/11/04,台北市,大同區,至聖里,6300600-022,121.5167791,25.0702536
2025/11/04,台北市,大同區,保安里,6300600-026,121.5169705,25.07317658
2025/11/05,台北市,中山區,大直里,6300400-014,121.5462227,25.08622912
2025/11/05,台北市,文山區,萬興里,6300800-035,121.5839457,24.99478626
2025/11/05,台北市,大安區,法治里,6300300-034,121.553182,25.02678315
2025/11/05,台北市,萬華區,福星里,6300700-001,121.5063258,25.04737416
2025/11/05,台北市,士林區,社子里,6301100-019,121.5104768,25.09106456
2025/11/05,台北市,大安區,法治里,6300300-034,121.553182,25.02678315
2025/11/05,台北市,士林區,社新里,6301100-020,121.5037799,25.08755939
2025/11/05,台北市,松山區,莊敬里,6300100-002,121.5640263,25.07065837
2025/11/06,台北市,文山區,萬隆里,6300800-009,121.5377638,25.00060306
2025/11/06,台北市,中正區,梅花里,6300500-025,121.5266711,25.04548838
2025/11/06,台北市,大安區,龍坡里,6300300-011,121.5329339,25.0241876
2025/11/06,台北市,中正區,幸福里,6300500-026,121.5243916,25.04323583
2025/11/06,台北市,大安區,龍坡里,6300300-011,121.5329339,25.0241876
2025/11/06,台北市,內湖區,湖濱里,6301000-010,121.5849797,25.08326462
2025/11/06,台北市,中正區,文北里,6300500-029,121.527544,25.03924682
2025/11/06,台北市,大同區,揚雅里,6300600-019,121.5148153,25.06719633
2025/11/06,台北市,中山區,正義里,6300400-002,121.5268098,25.05006522
2025/11/06,台北市,中正區,網溪里,6300500-007,121.5186531,25.02199609
2025/11/06,台北市,大同區,斯文里,6300600-020,121.5176591,25.06723988
2025/11/06,台北市,萬華區,萬壽里,6300700-002,121.5049306,25.04500496
2025/11/07,台北市,士林區,天山里,6301100-040,121.5325367,25.12076104
2025/11/07,台北市,大同區,民權里,6300600-013,121.516483,25.06134055
2025/11/07,台北市,內湖區,湖元里,6301000-030,121.5774141,25.0648452
2025/11/07,台北市,中正區,東門里,6300500-028,121.5212799,25.03804816
2025/11/07,台北市,內湖區,港都里,6301000-006,121.575773,25.08154831
2025/11/07,台北市,南港區,新光里,6300900-006,121.59783,25.0451017
2025/11/07,台北市,內湖區,安泰里,6301000-033,121.6148531,25.08221736
2025/11/07,台北市,中正區,龍興里,6300500-013,121.5097652,25.02912218
2025/11/07,台北市,文山區,景美里,6300800-003,121.5381272,24.99117573
2025/11/07,台北市,文山區,試院里,6300800-023,121.5470181,24.98679127
2025/11/07,台北市,文山區,景仁里,6300800-005,121.5372481,24.99750068
2025/11/07,台北市,大同區,南芳里,6300600-012,121.5094632,25.06183676
2025/11/07,台北市,大安區,敦安里,6300300-051,121.5505763,25.03537322
2025/11/07,台北市,中山區,新生里,6300400-022,121.5303517,25.06140441
2025/11/07,台北市,士林區,天和里,6301100-039,121.5362001,25.12147843
2025/11/07,台北市,大安區,敦安里,6300300-051,121.5505763,25.03537322
2025/11/08,台北市,南港區,聯成里,6300900-015,121.5882516,25.04792811
2025/11/10,台北市,士林區,三玉里,6301100-033,121.5343364,25.11346543
2025/11/10,台北市,大同區,蓬萊里,6300600-016,121.5167645,25.06448456
2025/11/10,台北市,文山區,萬年里,6300800-010,121.5360435,25.0073535
2025/11/10,台北市,中正區,黎明里,6300500-024,121.5162029,25.04439896
2025/11/10,台北市,大同區,隆和里,6300600-015,121.5126572,25.06437057
2025/11/10,台北市,士林區,天福里,6301100-036,121.5314905,25.11620734
2025/11/11,台北市,士林區,明勝里,6301100-014,121.5219572,25.0786721
2025/11/11,台北市,士林區,福華里,6301100-013,121.5180773,25.0818041
2025/11/11,台北市,北投區,吉利里,6301200-013,121.5117485,25.11639505
2025/11/11,台北市,北投區,尊賢里,6301200-015,121.5082563,25.11690247
2025/11/11,台北市,大同區,永樂里,6300600-005,121.5092835,25.05491433
2025/11/11,台北市,大同區,大有里,6300600-009,121.5085168,25.05867707
2025/11/12,台北市,內湖區,西湖里,6301000-001,121.5676522,25.08214193
2025/11/12,台北市,萬華區,西門里,6300700-003,121.5050277,25.04275702
2025/11/12,台北市,文山區,萬和里,6300800-011,121.5344315,25.00237956
2025/11/12,台北市,松山區,中正里,6300100-026,121.5464258,25.0512182
2025/11/12,台北市,中正區,頂東里,6300500-006,121.5244559,25.02305412
2025/11/12,台北市,北投區,立農里,6301200-017,121.5055933,25.1186404
2025/11/12,台北市,內湖區,西康里,6301000-002,121.5594676,25.0895994
2025/11/12,台北市,中正區,東門里,6300500-028,121.5212799,25.03804816
2025/11/12,台北市,信義區,國業里,6300200-020,121.5769237,25.03729603
2025/11/12,台北市,松山區,復勢里,6300100-033,121.5561594,25.0497264
2025/11/12,台北市,中正區,螢圃里,6300500-009,121.5182163,25.02515648
2025/11/12,台北市,內湖區,南湖里,6301000-040,121.6080651,25.06740321
2025/11/12,台北市,北投區,立賢里,6301200-016,121.5026111,25.11439288
2025/11/12,台北市,信義區,松友里,6300200-022,121.5766893,25.03209448
2025/11/12,台北市,中山區,中山里,6300400-006,121.5251753,25.05645296
2025/11/13,台北市,松山區,中崙里,6300100-027,121.545326,25.04648809
2025/11/13,台北市,大同區,光能里,6300600-008,121.5193057,25.05517039
2025/11/13,台北市,大同區,雙連里,6300600-011,121.5172236,25.05858299
2025/11/13,台北市,信義區,大仁里,6300200-027,121.581175,25.03841337
2025/11/13,台北市,萬華區,新起里,6300700-004,121.5051727,25.04065461
2025/11/13,台北市,文山區,萬盛里,6300800-012,121.5420111,25.00586283
2025/11/13,台北市,南港區,成福里,6300900-011,121.590522,25.04304856
2025/11/13,台北市,士林區,承德里,6301100-012,121.5229668,25.08252994
2025/11/13,台北市,文山區,景行里,6300800-001,121.5415245,24.99050456
2025/11/13,台北市,松山區,復盛里,6300100-025,121.5608244,25.04744209
2025/11/13,台北市,南港區,合成里,6300900-010,121.5849349,25.04831969
2025/11/13,台北市,中山區,江寧里,6300400-028,121.5406321,25.06127327
2025/11/13,台北市,士林區,前港里,6301100-010,121.5212949,25.08603868
2025/11/14,台北市,中山區,大佳里,6300400-017,121.5414029,25.0731321
2025/11/14,台北市,北投區,奇岩里,6301200-020,121.5117359,25.12910888
2025/11/14,台北市,北投區,洲美里,6301200-019,121.502876,25.10292385
2025/11/14,台北市,信義區,興隆里,6300200-003,121.5605912,25.03928328
2025/11/14,台北市,北投區,八仙里,6301200-018,121.4881931,25.11996663
2025/11/14,台北市,文山區,樟新里,6300800-031,121.5559843,24.97885806
2025/11/14,台北市,文山區,萬有里,6300800-007,121.5420479,24.99901992
2025/11/14,台北市,文山區,萬祥里,6300800-008,121.5400851,25.00226504
2025/11/17,台北市,大同區,揚雅里,6300600-019,121.5148153,25.06719633
2025/11/17,台北市,萬華區,菜園里,6300700-005,121.4992275,25.04238883
2025/11/17,台北市,內湖區,寶湖里,6301000-039,121.5957465,25.06995494
2025/11/17,台北市,萬華區,青山里,6300700-006,121.4959427,25.03919154
2025/11/17,台北市,中正區,龍福里,6300500-020,121.5158271,25.03273698
2025/11/17,台北市,中山區,圓山里,6300400-012,121.5238053,25.07095635
2025/11/17,台北市,中山區,力行里,6300400-039,121.5403778,25.05009646
2025/11/17,台北市,北投區,石牌里,6301200-003,121.5170734,25.10955034
2025/11/17,台北市,大安區,車層里,6300300-055,121.5538213,25.04044263
2025/11/17,台北市,中山區,聚葉里,6300400-009,121.5252252,25.06149259
2025/11/17,台北市,中正區,螢雪里,6300500-010,121.5147468,25.02390727
2025/11/17,台北市,大安區,車層里,6300300-055,121.5538213,25.04044263
2025/11/17,台北市,文山區,興旺里,6300800-020,121.5496698,25.00634636
2025/11/18,台北市,大安區,錦安里,6300300-016,121.5283301,25.02821314
2025/11/18,台北市,大安區,古莊里,6300300-014,121.5262712,25.02467682
2025/11/18,台北市,中山區,正守里,6300400-001,121.5280918,25.04749422
2025/11/18,台北市,文山區,景行里,6300800-001,121.5415245,24.99050456
2025/11/18,台北市,松山區,松基里,6300100-035,121.5465642,25.05607719
2025/11/18,台北市,大安區,錦安里,6300300-016,121.5283301,25.02821314
2025/11/18,台北市,大安區,古莊里,6300300-014,121.5262712,25.02467682
2025/11/18,台北市,松山區,鵬程里,6300100-020,121.5675333,25.05572658
2025/11/18,台北市,信義區,五常里,6300200-012,121.5734266,25.04646013
2025/11/18,台北市,信義區,五全里,6300200-013,121.5737394,25.04443832
2025/11/19,台北市,南港區,萬福里,6300900-012,121.5844192,25.04579174
2025/11/19,台北市,北投區,中央里,6301200-022,121.4985994,25.12952272
2025/11/19,台北市,大安區,龍淵里,6300300-040,121.54126,25.02307159
2025/11/19,台北市,文山區,興福里,6300800-019,121.5461532,24.9972053
2025/11/19,台北市,大安區,龍淵里,6300300-040,121.54126,25.02307159
2025/11/19,台北市,大安區,龍圖里,6300300-022,121.5409161,25.03155865
2025/11/19,台北市,大安區,龍圖里,6300300-022,121.5409161,25.03155865
2025/11/19,台北市,文山區,興安里,6300800-018,121.5497672,24.99758171
2025/11/19,台北市,中山區,晴光里,6300400-011,121.5249873,25.06577286
2025/11/19,台北市,萬華區,福星里,6300700-001,121.5063258,25.04737416
2025/11/19,台北市,北投區,清江里,6301200-021,121.5023916,25.12858581
2025/11/19,台北市,萬華區,西門里,6300700-003,121.5050277,25.04275702
2025/11/20,台北市,內湖區,碧山里,6301000-015,121.5895172,25.10142231
2025/11/20,台北市,萬華區,富民里,6300700-007,121.5006056,25.03769927
2025/11/20,台北市,北投區,長安里,6301200-023,121.5017125,25.13553328
2025/11/20,台北市,中正區,建國里,6300500-022,121.5120069,25.03842478
2025/11/20,台北市,中山區,康樂里,6300400-005,121.5250959,25.05350012
2025/11/20,台北市,中正區,光復里,6300500-023,121.5112186,25.04535113
2025/11/20,台北市,北投區,大同里,6301200-024,121.4943289,25.13081376
2025/11/20,台北市,北投區,溫泉里,6301200-025,121.5062314,25.13384249
2025/11/21,台北市,信義區,雅祥里,6300200-011,121.5702734,25.04750139
2025/11/21,台北市,中正區,龍興里,6300500-013,121.5097652,25.02912218
2025/11/21,台北市,松山區,富泰里,6300100-008,121.5647503,25.05794827
2025/11/21,台北市,內湖區,蘆洲里,6301000-037,121.6036871,25.06185058
2025/11/21,台北市,北投區,林泉里,6301200-026,121.5168252,25.13892787
2025/11/21,台北市,萬華區,福音里,6300700-008,121.5026581,25.03757753
2025/11/21,台北市,文山區,興業里,6300800-017,121.5523041,24.9995431
2025/11/21,台北市,北投區,中心里,6301200-027,121.5092798,25.14054436
2025/11/21,台北市,士林區,翠山里,6301100-050,121.5650405,25.10618348
2025/11/21,台北市,中正區,南福里,6300500-019,121.5186073,25.02861623
2025/11/21,台北市,文山區,萬美里,6300800-039,121.5661857,25.00096809
2025/11/21,台北市,文山區,興昌里,6300800-022,121.560075,25.00638958
2025/11/21,台北市,松山區,新聚里,6300100-024,121.5670213,25.05013795
2025/11/21,台北市,士林區,臨溪里,6301100-051,121.5526626,25.10098041
2025/11/24,台北市,信義區,惠安里,6300200-029,121.5659502,25.02194279
2025/11/24,台北市,信義區,景勤里,6300200-035,121.5599977,25.02715368
2025/11/24,台北市,內湖區,紫陽里,6301000-019,121.5866299,25.0769323
2025/11/24,台北市,文山區,樟林里,6300800-030,121.557074,24.98504162
2025/11/24,台北市,文山區,樟樹里,6300800-043,121.5608097,24.9830253
2025/11/24,台北市,文山區,景仁里,6300800-005,121.5372481,24.99750068
2025/11/24,台北市,文山區,景行里,6300800-001,121.5415245,24.99050456
2025/11/24,台北市,萬華區,仁德里,6300700-009,121.5053707,25.03791625
2025/11/24,台北市,信義區,景聯里,6300200-034,121.5595128,25.03043027
2025/11/25,台北市,文山區,萬芳里,6300800-033,121.5704852,24.99849746
2025/11/25,台北市,內湖區,湖興里,6301000-029,121.5870109,25.07057373
2025/11/25,台北市,內湖區,紫星里,6301000-011,121.5915613,25.07823758
2025/11/25,台北市,大安區,龍淵里,6300300-040,121.54126,25.02307159
2025/11/25,台北市,中正區,龍光里,6300500-018,121.5132469,25.02979342
2025/11/25,台北市,士林區,菁山里,6301100-047,121.568535,25.16241142
2025/11/25,台北市,萬華區,富福里,6300700-010,121.5024527,25.03451639
2025/11/25,台北市,萬華區,柳鄉里,6300700-019,121.4899156,25.03817534
2025/11/25,台北市,大安區,龍淵里,6300300-040,121.54126,25.02307159
2025/11/25,台北市,文山區,樟腳里,6300800-032,121.5639773,24.98154918
2025/11/25,台北市,中正區,河堤里,6300500-005,121.5219929,25.02136885
2025/11/26,台北市,信義區,黎忠里,6300200-040,121.5593244,25.02028582
2025/11/26,台北市,萬華區,華江里,6300700-018,121.4882733,25.03239939
2025/11/26,台北市,信義區,黎安里,6300200-041,121.5656873,25.01389869
2025/11/26,台北市,文山區,興家里,6300800-015,121.560902,24.99424654
2025/11/26,台北市,南港區,合成里,6300900-010,121.5849349,25.04831969
2025/11/26,台北市,文山區,興得里,6300800-016,121.5557982,24.99559297
2025/11/27,台北市,信義區,廣居里,6300200-008,121.5736767,25.0399152
2025/11/27,台北市,信義區,安康里,6300200-009,121.5720165,25.03597672
2025/11/27,台北市,文山區,興豐里,6300800-013,121.544974,25.00110345
2025/11/28,台北市,文山區,景慶里,6300800-004,121.534896,24.99499358
2025/11/29,台北市,大安區,龍淵里,6300300-040,121.54126,25.02307159
2025/11/29,台北市,中山區,中庄里,6300400-023,121.5303864,25.05912538
2025/11/29,台北市,大安區,龍淵里,6300300-040,121.54126,25.02307159
2025/12/01,台北市,中正區,永功里,6300500-011,121.5122571,25.02646391
2025/12/01,台北市,中正區,永昌里,6300500-012,121.5090825,25.02666564
2025/12/02,台北市,中正區,黎明里,6300500-024,121.5162029,25.04439896
2025/12/02,台北市,中正區,新營里,6300500-021,121.5202617,25.03178215
2025/12/02,台北市,大同區,老師里,6300600-024,121.509979,25.07561526
2025/12/02,台北市,大同區,鄰江里,6300600-021,121.5099603,25.07054046
2025/12/04,台北市,大同區,國慶里,6300600-018,121.5124997,25.0678997
2025/12/04,台北市,大同區,國順里,6300600-017,121.5088957,25.06723437
2025/12/08,台北市,中正區,三愛里,6300500-031,121.5305931,25.03582866
2025/12/09,台北市,大同區,玉泉里,6300600-001,121.5085011,25.05087293
2025/12/09,台北市,大同區,建功里,6300600-003,121.5137986,25.05205637
2025/12/10,台北市,中正區,水源里,6300500-001,121.5324181,25.01199337
2025/12/10,台北市,中正區,林興里,6300500-004,121.5249162,25.01803999
2025/12/11,台北市,大同區,延平里,6300600-010,121.5125434,25.05882307
2025/12/11,台北市,大同區,朝陽里,6300600-006,121.5127632,25.05490839
2025/12/12,台北市,大同區,國慶里,6300600-018,121.5124997,25.0678997
2025/12/15,台北市,中正區,文盛里,6300500-003,121.5304732,25.01728049
2025/12/15,台北市,中正區,富水里,6300500-002,121.5280827,25.01425115
2025/12/16,台北市,中正區,愛國里,6300500-016,121.5067864,25.03457628
2025/12/16,台北市,中正區,南門里,6300500-017,121.51024,25.03336112
2025/12/16,台北市,中正區,廈安里,6300500-015,121.5057845,25.0314291
2025/12/16,台北市,中正區,忠勤里,6300500-014,121.5066014,25.02900999
2025/12/17,台北市,中正區,幸市里,6300500-027,121.531148,25.04045275
2025/12/17,台北市,中正區,幸福里,6300500-026,121.5243916,25.04323583
2024/12/10,新北市,鶯歌區,建國里,6500800-020,121.3450981,24.95503157
2024/12/10,新北市,鶯歌區,南靖里,6500800-009,121.3553044,24.94555135
2024/12/10,新北市,鶯歌區,中湖里,6500800-018,121.3448018,24.97017151
2024/12/10,新北市,鶯歌區,大湖里,6500800-014,121.3365585,24.97721163
2024/12/17,新北市,瑞芳區,龍潭里,6501200-001,121.8079888,25.10851482
2024/12/25,新北市,中和區,員山里,6500300-057,121.4782385,25.00746213
2024/12/26,新北市,瑞芳區,龍興里,6501200-002,121.8073904,25.10701262
2024/12/26,新北市,瑞芳區,龍山里,6501200-005,121.8031785,25.11707767
2024/12/26,新北市,瑞芳區,東和里,6501200-009,121.8025537,25.10312451
2024/12/26,新北市,瑞芳區,龍川里,6501200-004,121.8017874,25.1086158
2024/12/30,新北市,瑞芳區,銅山里,6501200-025,121.8622343,25.10233147
2024/12/30,新北市,瑞芳區,瓜山里,6501200-024,121.8525566,25.10315944
2025/01/02,新北市,貢寮區,雙玉里,6502600-003,121.9254508,25.00186136
2025/01/02,新北市,中和區,橫路里,6500300-041,121.4891932,24.972958
2025/01/02,新北市,貢寮區,雙玉里,6502600-003,121.9254508,25.00186136
2025/01/02,新北市,中和區,員山里,6500300-057,121.4782385,25.00746213
2025/01/02,新北市,蘆洲區,中華里,6501400-025,121.4692632,25.08164082
2025/01/02,新北市,中和區,南山里,6500300-026,121.5032057,24.99658774
2025/01/02,新北市,貢寮區,雙玉里,6502600-003,121.9254508,25.00186136
2025/01/02,新北市,中和區,景平里,6500300-047,121.5116161,24.99292631
2025/01/02,新北市,三重區,錦江里,6500200-067,121.5029988,25.07077328
2025/01/02,新北市,貢寮區,雙玉里,6502600-003,121.9254508,25.00186136
2025/01/02,新北市,貢寮區,雙玉里,6502600-003,121.9254508,25.00186136
2025/01/02,新北市,貢寮區,雙玉里,6502600-003,121.9254508,25.00186136
2025/01/02,新北市,中和區,清穗里,6500300-065,121.4681303,24.99797926
2025/01/02,新北市,三重區,錦江里,6500200-067,121.5029988,25.07077328
2025/01/02,新北市,中和區,景平里,6500300-047,121.5116161,24.99292631
2025/01/02,新北市,貢寮區,雙玉里,6502600-003,121.9254508,25.00186136
2025/01/02,新北市,貢寮區,雙玉里,6502600-003,121.9254508,25.00186136
2025/01/02,新北市,新店區,復興里,6500600-062,121.5345807,24.98534743
2025/01/02,新北市,貢寮區,雙玉里,6502600-003,121.9254508,25.00186136
2025/01/02,新北市,貢寮區,雙玉里,6502600-003,121.9254508,25.00186136
2025/01/02,新北市,新店區,復興里,6500600-062,121.5345807,24.98534743
2025/01/02,新北市,新店區,復興里,6500600-062,121.5345807,24.98534743
2025/01/02,新北市,貢寮區,雙玉里,6502600-003,121.9254508,25.00186136
2025/01/02,新北市,新店區,明德里,6500600-002,121.5406127,24.97859569
2025/01/02,新北市,新店區,德安里,6500600-017,121.5004935,24.95818565
2025/01/02,新北市,新店區,百忍里,6500600-047,121.5355633,24.97379787
2025/01/02,新北市,中和區,復興里,6500300-045,121.5019701,24.99146515
2025/01/02,新北市,貢寮區,美豐里,6502600-010,121.8984332,25.0626036
2025/01/02,新北市,貢寮區,貢寮里,6502600-001,121.9024757,25.02755513
2025/01/02,新北市,瑞芳區,新峰里,6501200-034,121.8198984,25.09608828
2025/01/02,新北市,瑞芳區,爪峯里,6501200-007,121.8099714,25.09620242
2025/01/02,新北市,三峽區,礁溪里,6500900-007,121.3781033,24.9324773
2025/01/02,新北市,新店區,下城里,6500600-013,121.5215508,24.95582736
2025/01/02,新北市,貢寮區,美豐里,6502600-010,121.8984332,25.0626036
2025/01/02,新北市,三峽區,嘉添里,6500900-011,121.3932393,24.90384911
2025/01/02,新北市,中和區,秀士里,6500300-077,121.5153577,24.99131701
2025/01/02,新北市,三峽區,成福里,6500900-020,121.4274609,24.93126894
2025/01/02,新北市,貢寮區,龍崗里,6502600-004,121.9060126,24.99897869
2025/01/02,新北市,板橋區,建國里,6500100-019,121.4588043,25.01719603
2025/01/02,新北市,蘆洲區,正義里,6501400-001,121.4617268,25.08993004
2025/01/02,新北市,中和區,平河里,6500300-002,121.4858581,24.99979807
2025/01/02,新北市,新店區,國校里,6500600-033,121.5419978,24.9538313
2025/01/03,新北市,汐止區,福德里,6501100-034,121.6351184,25.06615619
2025/01/03,新北市,新店區,中正里,6500600-044,121.5389302,24.97159997
2025/01/03,新北市,三重區,大園里,6500200-042,121.4940035,25.06480596
2025/01/03,新北市,新莊區,福營里,6500500-068,121.4326965,25.03001057
2025/01/03,新北市,板橋區,景星里,6500100-075,121.4607458,25.00649945
2025/01/03,新北市,新莊區,光正里,6500500-083,121.4270837,25.01620488
2025/01/03,新北市,新莊區,光和里,6500500-084,121.426996,25.0139354
2025/01/03,新北市,新莊區,光明里,6500500-044,121.4251158,25.01537227
2025/01/03,新北市,三重區,福民里,6500200-009,121.4903133,25.05238019
2025/01/03,新北市,新莊區,中信里,6500500-054,121.4500118,25.05149526
2025/01/03,新北市,永和區,忠義里,6500400-010,121.5076601,25.01540691
2025/01/03,新北市,淡水區,大庄里,6501000-042,121.4285024,25.18650626
2025/01/03,新北市,板橋區,民族里,6500100-072,121.4695496,25.00808341
2025/01/03,新北市,三重區,永德里,6500200-087,121.4869828,25.07312268
2025/01/03,新北市,新莊區,和平里,6500500-033,121.4588311,25.05374834
2025/01/03,新北市,新莊區,建安里,6500500-070,121.4322251,25.02570763
2025/01/03,新北市,三重區,崇德里,6500200-082,121.4964797,25.07461822
2025/01/03,新北市,永和區,秀得里,6500400-050,121.5258809,25.00019797
2025/01/03,新北市,泰山區,全興里,6501600-017,121.4331708,25.05470984
2025/01/03,新北市,新莊區,民全里,6500500-081,121.4285482,25.02254543
2025/01/03,新北市,永和區,店街里,6500400-056,121.5159718,25.00612411
2025/01/03,新北市,三重區,國隆里,6500200-043,121.4925897,25.06352861
2025/01/03,新北市,新店區,中華里,6500600-045,121.5359833,24.96701501
2025/01/03,新北市,新莊區,中原里,6500500-053,121.4459822,25.05643128
2025/01/03,新北市,新莊區,後港里,6500500-009,121.4265673,25.02551053
2025/01/03,新北市,新莊區,榮和里,6500500-016,121.452723,25.0351305
2025/01/03,新北市,新莊區,光榮里,6500500-041,121.4286179,25.01508677
2025/01/03,新北市,新莊區,昌隆里,6500500-074,121.4537745,25.05207343
2025/01/04,新北市,林口區,南勢里,6501700-008,121.356816,25.07524604
2025/01/06,新北市,雙溪區,上林里,6502500-009,121.8288476,25.02801267
2025/01/06,新北市,雙溪區,共和里,6502500-002,121.8579403,25.02150894
2025/01/06,新北市,雙溪區,長源里,6502500-011,121.7895715,25.00035031
2025/01/06,新北市,板橋區,海山里,6500100-057,121.4739838,25.01014733
2025/01/06,新北市,三重區,田心里,6500200-015,121.4816714,25.06425129
2025/01/06,新北市,新店區,中正里,6500600-044,121.5389302,24.97159997
2025/01/06,新北市,雙溪區,魚行里,6502500-004,121.8726707,25.01627688
2025/01/06,新北市,板橋區,重慶里,6500100-080,121.4607381,24.99656178
2025/01/06,新北市,板橋區,福星里,6500100-076,121.4612174,25.00293685
2025/01/06,新北市,三重區,重明里,6500200-012,121.4842203,25.05706069
2025/01/07,新北市,汐止區,白雲里,6501100-021,121.6568643,25.04378776
2025/01/07,新北市,平溪區,十分里,6502400-011,121.7726327,25.04412248
2025/01/07,新北市,金山區,大同里,6502700-002,121.6410679,25.22111098
2025/01/07,新北市,三重區,田安里,6500200-018,121.4831237,25.06235904
2025/01/07,新北市,新店區,寶福里,6500600-058,121.5522352,24.97437919
2025/01/07,新北市,瑞芳區,柑坪里,6501200-008,121.8264288,25.10760851
2025/01/07,新北市,三峽區,龍恩里,6500900-028,121.3677539,24.94295358
2025/01/07,新北市,泰山區,福興里,6501600-016,121.4346588,25.05719924
2025/01/07,新北市,三峽區,金圳里,6500900-013,121.3842384,24.87643007
2025/01/07,新北市,新店區,復興里,6500600-062,121.5345807,24.98534743
2025/01/07,新北市,平溪區,南山里,6502400-009,121.7926238,25.04179867
2025/01/07,新北市,板橋區,鄉雲里,6500100-077,121.4579992,25.0020485
2025/01/07,新北市,金山區,磺港里,6502700-004,121.6433514,25.22739681
2025/01/07,新北市,金山區,重和里,6502700-007,121.5895813,25.19810355
2025/01/07,新北市,板橋區,公舘里,6500100-021,121.4629093,25.0191938
2025/01/07,新北市,三峽區,五寮里,6500900-014,121.3664345,24.85504129
2025/01/07,新北市,新店區,日興里,6500600-019,121.4713413,24.94312781
2025/01/08,新北市,鶯歌區,二橋里,6500800-011,121.3281113,24.93753773
2025/01/08,新北市,金山區,重和里,6502700-007,121.5895813,25.19810355
2025/01/08,新北市,板橋區,社後里,6500100-008,121.4561515,25.01585785
2025/01/08,新北市,板橋區,華興里,6500100-084,121.4560413,25.00366107
2025/01/08,新北市,板橋區,江翠里,6500100-029,121.4694316,25.03034618
2025/01/08,新北市,板橋區,松翠里,6500100-040,121.4744824,25.0306118
2025/01/08,新北市,三重區,永豐里,6500200-115,121.4797944,25.07437356
2025/01/08,新北市,板橋區,新埔里,6500100-027,121.4667642,25.02301258
2025/01/08,新北市,金山區,重和里,6502700-007,121.5895813,25.19810355
2025/01/08,新北市,鶯歌區,西鶯里,6500800-002,121.3501864,24.96003729
2025/01/08,新北市,金山區,金美里,6502700-015,121.6350871,25.21964253
2025/01/08,新北市,金山區,金美里,6502700-015,121.6350871,25.21964253
2025/01/08,新北市,板橋區,介壽里,6500100-026,121.4689969,25.01968903
2025/01/08,新北市,板橋區,華福里,6500100-111,121.4579799,25.00503303
2025/01/08,新北市,坪林區,粗窟里,6502000-001,121.6742474,24.90247613
2025/01/08,新北市,三重區,民生里,6500200-045,121.491458,25.06648671
2025/01/08,新北市,板橋區,柏翠里,6500100-041,121.4776741,25.03636594
2025/01/08,新北市,金山區,重和里,6502700-007,121.5895813,25.19810355
2025/01/08,新北市,三重區,中興里,6500200-005,121.4694277,25.04851182
2025/01/08,新北市,板橋區,溪頭里,6500100-031,121.467752,25.03526179
2025/01/08,新北市,坪林區,坪林里,6502000-002,121.7106387,24.94298766
2025/01/08,新北市,板橋區,溪福里,6500100-124,121.4307939,24.9807353
2025/01/08,新北市,金山區,美田里,6502700-005,121.6330463,25.22460492
2025/01/08,新北市,板橋區,溪北里,6500100-100,121.428795,24.99013642
2025/01/08,新北市,板橋區,華江里,6500100-028,121.4697802,25.02236941
2025/01/08,新北市,板橋區,福丘里,6500100-070,121.4640658,25.01146535
2025/01/08,新北市,板橋區,仁愛里,6500100-081,121.4594152,24.99866005
2025/01/08,新北市,三重區,永福里,6500200-089,121.4811456,25.07668397
2025/01/08,新北市,金山區,永興里,6502700-014,121.6249848,25.26101229
2025/01/08,新北市,板橋區,溪洲里,6500100-099,121.4264059,24.98800716
2025/01/08,新北市,板橋區,純翠里,6500100-030,121.4658822,25.03002501
2025/01/08,新北市,板橋區,明翠里,6500100-039,121.4650548,25.02618931
2025/01/08,新北市,板橋區,滿翠里,6500100-038,121.4637762,25.02939553
2025/01/09,新北市,土城區,青雲里,6501300-032,121.4580421,24.98039206
2025/01/09,新北市,永和區,保安里,6500400-013,121.5064081,25.00916749
2025/01/09,新北市,汐止區,東勢里,6501100-039,121.6317985,25.04089784
2025/01/09,新北市,土城區,永寧里,6501300-021,121.4317936,24.95482643
2025/01/09,新北市,三重區,仁義里,6500200-034,121.4976113,25.05802748
2025/01/09,新北市,中和區,興南里,6500300-078,121.5117736,24.98908065
2025/01/09,新北市,中和區,安順里,6500300-075,121.5117682,24.99534174
2025/01/09,新北市,中和區,頂南里,6500300-034,121.5054155,24.98276693
2025/01/09,新北市,中和區,頂南里,6500300-034,121.5054155,24.98276693
2025/01/09,新北市,中和區,景本里,6500300-079,121.5135129,24.99023909
2025/01/09,新北市,中和區,景南里,6500300-040,121.5153259,24.98837374
2025/01/09,新北市,中和區,景平里,6500300-047,121.5116161,24.99292631
2025/01/10,新北市,八里區,荖阡里,6502300-008,121.4048839,25.13217202
2025/01/10,新北市,泰山區,義學里,6501600-007,121.4251627,25.05211861
2025/01/10,新北市,板橋區,港德里,6500100-017,121.4580548,25.01908586
2025/01/10,新北市,八里區,頂罟里,6502300-005,121.4027201,25.15953053
2025/01/10,新北市,板橋區,聚安里,6500100-096,121.4403248,25.00272804
2025/01/10,新北市,八里區,舊城里,6502300-006,121.4075524,25.14452426
2025/01/10,新北市,板橋區,大豐里,6500100-079,121.4614932,25.00016423
2025/01/10,新北市,林口區,南勢里,6501700-008,121.356816,25.07524604
2025/01/10,新北市,永和區,永成里,6500400-009,121.5093912,25.01670009
2025/01/10,新北市,八里區,舊城里,6502300-006,121.4075524,25.14452426
2025/01/10,新北市,中和區,中興里,6500300-081,121.4999422,24.98841243
2025/01/10,新北市,板橋區,民安里,6500100-115,121.4592539,25.01488135
2025/01/12,新北市,新店區,達觀里,6500600-068,121.504797,24.9415708
2025/01/13,新北市,土城區,員仁里,6501300-004,121.4369001,24.97421533
2025/01/13,新北市,汐止區,北峰里,6501100-019,121.6277645,25.07026032
2025/01/13,新北市,新店區,公崙里,6500600-016,121.5129649,24.95267703
2025/01/13,新北市,金山區,五湖里,6502700-006,121.6174289,25.21089509
2025/01/13,新北市,烏來區,烏來里,6502900-001,121.553487,24.85514321
2025/01/13,新北市,汐止區,湖蓮里,6501100-049,121.6317261,25.07575578
2025/01/13,新北市,汐止區,智慧里,6501100-003,121.6497831,25.06654664
2025/01/13,新北市,汐止區,鄉長里,6501100-013,121.6630108,25.08331448
2025/01/13,新北市,汐止區,茄苳里,6501100-009,121.681647,25.05598737
2025/01/13,新北市,蘆洲區,保佑里,6501400-005,121.4680076,25.08836044
2025/01/13,新北市,蘆洲區,仁愛里,6501400-022,121.4731882,25.08825519
2025/01/13,新北市,新店區,美城里,6500600-063,121.5308259,24.94915589
2025/01/13,新北市,中和區,錦和里,6500300-052,121.4893532,24.98502569
2025/01/14,新北市,永和區,秀和里,6500400-047,121.5226545,25.00471208
2025/01/14,新北市,萬里區,萬里里,6502800-001,121.6943568,25.17498705
2025/01/14,新北市,鶯歌區,永吉里,6500800-017,121.3343502,24.95826939
2025/01/14,新北市,三重區,三安里,6500200-072,121.4963458,25.06990474
2025/01/14,新北市,新莊區,中平里,6500500-075,121.4463443,25.05105155
2025/01/14,新北市,五股區,水碓里,6501500-019,121.4349251,25.07304781
2025/01/14,新北市,深坑區,阿柔里,6501800-005,121.6081323,24.98711516
2025/01/14,新北市,三重區,厚德里,6500200-083,121.4911376,25.07296673
2025/01/14,新北市,永和區,中興里,6500400-018,121.5173155,25.0127101
2025/01/14,新北市,永和區,光復里,6500400-036,121.5179351,25.01628271
2025/01/14,新北市,三重區,福安里,6500200-073,121.4934381,25.06965502
2025/01/14,新北市,鶯歌區,東鶯里,6500800-001,121.3572128,24.9527475
2025/01/14,新北市,三重區,福安里,6500200-073,121.4934381,25.06965502
2025/01/14,新北市,三重區,福祉里,6500200-008,121.4856528,25.05464341
2025/01/14,新北市,五股區,五福里,6501500-009,121.4370668,25.08932039
2025/01/14,新北市,永和區,仁愛里,6500400-005,121.5119976,25.01337408
2025/01/14,新北市,三重區,介壽里,6500200-065,121.4995004,25.06969052
2025/01/15,新北市,三重區,中山里,6500200-041,121.4920679,25.06181003
2025/01/15,新北市,三重區,仁華里,6500200-118,121.4833934,25.08218012
2025/01/15,新北市,永和區,文化里,6500400-002,121.5105691,25.01493655
2025/01/15,新北市,林口區,東勢里,6501700-009,121.3794306,25.06967369
2025/01/15,新北市,泰山區,明志里,6501600-008,121.4217983,25.04731619
2025/01/15,新北市,三重區,幸福里,6500200-076,121.4883454,25.06708155
2025/01/15,新北市,林口區,麗林里,6501700-016,121.3673548,25.06799911
2025/01/16,新北市,三重區,六福里,6500200-078,121.4840441,25.06771252
2025/01/16,新北市,土城區,沛陂里,6501300-022,121.421484,24.96558381
2025/01/16,新北市,永和區,豫溪里,6500400-003,121.5172362,25.00952129
2025/01/16,新北市,瑞芳區,濂新里,6501200-027,121.8668475,25.11480264
2025/01/16,新北市,土城區,沛陂里,6501300-022,121.421484,24.96558381
2025/01/16,新北市,土城區,貨饒里,6501300-008,121.4491925,24.99054981
2025/01/16,新北市,土城區,貨饒里,6501300-008,121.4491925,24.99054981
2025/01/16,新北市,土城區,貨饒里,6501300-008,121.4491925,24.99054981
2025/01/16,新北市,林口區,南勢里,6501700-008,121.356816,25.07524604
2025/01/16,新北市,土城區,延和里,6501300-040,121.4644553,24.98800521
2025/01/16,新北市,土城區,復興里,6501300-035,121.455318,24.99120604
2025/01/16,新北市,土城區,貨饒里,6501300-008,121.4491925,24.99054981
2025/01/16,新北市,土城區,復興里,6501300-035,121.455318,24.99120604
2025/01/16,新北市,土城區,青雲里,6501300-032,121.4580421,24.98039206
2025/01/16,新北市,土城區,埤林里,6501300-010,121.4531477,24.98769175
2025/01/16,新北市,新店區,公崙里,6500600-016,121.5129649,24.95267703
2025/01/16,新北市,土城區,大安里,6501300-020,121.4438331,24.95530524
2025/01/17,新北市,土城區,頂埔里,6501300-023,121.422012,24.95500243
2025/01/17,新北市,土城區,永寧里,6501300-021,121.4317936,24.95482643
2025/01/17,新北市,新莊區,立泰里,6500500-059,121.4428905,25.04316611
2025/01/17,新北市,汐止區,福安里,6501100-045,121.6648641,25.06529998
2025/01/17,新北市,蘆洲區,恆德里,6501400-009,121.4793651,25.08220737
2025/01/17,新北市,新莊區,立言里,6500500-031,121.4443854,25.03914333
2025/01/17,新北市,新莊區,祥鳳里,6500500-080,121.4132953,25.02903776
2025/01/17,新北市,土城區,頂福里,6501300-024,121.4139294,24.95616757
2025/01/17,新北市,新莊區,營盤里,6500500-040,121.434524,25.03613013
2025/01/17,新北市,三峽區,添福里,6500900-012,121.3796565,24.89744576
2025/01/17,新北市,新莊區,丹鳳里,6500500-043,121.4066355,25.0372922
2025/01/17,新北市,永和區,秀朗里,6500400-020,121.5260498,25.00344659
2025/01/17,新北市,土城區,頂福里,6501300-024,121.4139294,24.95616757
2025/01/17,新北市,蘆洲區,恆德里,6501400-009,121.4793651,25.08220737
2025/01/17,新北市,土城區,頂福里,6501300-024,121.4139294,24.95616757
2025/01/17,新北市,汐止區,長安里,6501100-010,121.6701079,25.07707421
2025/01/17,新北市,三峽區,三峽里,6500900-001,121.3692527,24.93332583
2025/01/17,新北市,汐止區,烘內里,6501100-016,121.632029,25.1189116
2025/01/17,新北市,蘆洲區,復興里,6501400-020,121.4819002,25.09368637
2025/01/17,新北市,蘆洲區,永康里,6501400-017,121.4574104,25.0843878
2025/01/17,新北市,蘆洲區,鷺江里,6501400-008,121.4762263,25.08581184
2025/01/17,新北市,蘆洲區,忠孝里,6501400-033,121.4740124,25.08986397
2025/01/17,新北市,深坑區,萬福里,6501800-007,121.6082404,25.01119881
2025/01/17,新北市,土城區,祖田里,6501300-026,121.4251804,24.94377101
2025/01/17,新北市,土城區,祖田里,6501300-026,121.4251804,24.94377101
2025/01/17,新北市,五股區,成功里,6501500-006,121.4455418,25.09389748
2025/01/17,新北市,土城區,祖田里,6501300-026,121.4251804,24.94377101
2025/01/17,新北市,土城區,祖田里,6501300-026,121.4251804,24.94377101
2025/01/17,新北市,汐止區,大同里,6501100-041,121.655378,25.06580231
2025/01/17,新北市,三峽區,鳶山里,6500900-008,121.3412822,24.9258379
2025/01/17,新北市,新莊區,合鳳里,6500500-046,121.4158686,25.02822602
2025/01/18,新北市,瑞芳區,濂洞里,6501200-028,121.8600604,25.12173646
2025/01/20,新北市,三重區,菜寮里,6500200-024,121.492093,25.05845592
2025/01/20,新北市,樹林區,樹北里,6500700-027,121.4258086,24.99179155
2025/01/20,新北市,樹林區,保安里,6500700-005,121.4274293,24.99544139
2025/01/20,新北市,平溪區,菁桐里,6502400-002,121.7197442,25.02959672
2025/01/20,新北市,樹林區,樹西里,6500700-009,121.4213672,24.99047306
2025/01/20,新北市,土城區,青雲里,6501300-032,121.4580421,24.98039206
2025/01/20,新北市,樹林區,樹興里,6500700-029,121.4172158,24.99117151
2025/01/20,新北市,淡水區,大庄里,6501000-042,121.4285024,25.18650626
2025/01/20,新北市,土城區,瑞興里,6501300-011,121.4552736,24.994286
2025/01/20,新北市,土城區,貨饒里,6501300-008,121.4491925,24.99054981
2025/01/20,新北市,土城區,廣興里,6501300-044,121.4572988,24.9893182
2025/01/20,新北市,土城區,瑞興里,6501300-011,121.4552736,24.994286
2025/01/21,新北市,瑞芳區,龍安里,6501200-006,121.8014716,25.11072569
2025/01/21,新北市,永和區,頂溪里,6500400-029,121.5149052,25.01614801
2025/01/21,新北市,瑞芳區,龍鎮里,6501200-003,121.810817,25.11075457
2025/01/21,新北市,萬里區,雙興里,6502800-006,121.6335007,25.17589068
2025/01/21,新北市,林口區,西林里,6501700-003,121.3869658,25.07424262
2025/01/21,新北市,永和區,信義里,6500400-057,121.5130474,25.01132849
2025/01/21,新北市,萬里區,中幅里,6502800-009,121.6761346,25.17095154
2025/01/21,新北市,永和區,民治里,6500400-008,121.5173815,24.99831551
2025/01/21,新北市,汐止區,湖光里,6501100-027,121.6342002,25.07546914
2025/01/21,新北市,汐止區,信望里,6501100-004,121.661928,25.0691527
2025/01/22,新北市,永和區,永安里,6500400-015,121.5152661,25.00486562
2025/01/22,新北市,土城區,祖田里,6501300-026,121.4251804,24.94377101
2025/01/22,新北市,三重區,福隆里,6500200-094,121.488874,25.07690939
2025/01/22,新北市,三重區,溪美里,6500200-093,121.4917811,25.07796713
2025/01/22,新北市,新店區,公崙里,6500600-016,121.5129649,24.95267703
2025/01/22,新北市,土城區,頂埔里,6501300-023,121.422012,24.95500243
2025/01/22,新北市,土城區,埤塘里,6501300-001,121.4481909,24.96619483
2025/01/22,新北市,五股區,集福里,6501500-003,121.4515975,25.11283034
2025/01/23,新北市,中和區,內南里,6500300-042,121.501119,24.9771884
2025/01/24,新北市,三重區,福利里,6500200-038,121.5009825,25.05992749
2025/01/24,新北市,三重區,光輝里,6500200-036,121.4994765,25.05946842
2025/01/24,新北市,三芝區,古庄里,6502100-003,121.4893395,25.26314997
2025/01/24,新北市,三重區,清和里,6500200-039,121.5023379,25.06153817
2025/01/24,新北市,三芝區,埔坪里,6502100-005,121.5164106,25.24524418
2025/01/24,新北市,三芝區,埔頭里,6502100-002,121.4996097,25.25701907
2025/01/26,新北市,中和區,景平里,6500300-047,121.5116161,24.99292631
2025/01/27,新北市,汐止區,東勢里,6501100-039,121.6317985,25.04089784
2025/01/30,新北市,汐止區,城中里,6501100-048,121.6617303,25.07205014
2025/01/31,新北市,新店區,公崙里,6500600-016,121.5129649,24.95267703
2025/02/01,新北市,新店區,文中里,6500600-034,121.5423519,24.9578097
2025/02/01,新北市,新店區,太平里,6500600-011,121.5325244,24.95513469
2025/02/02,新北市,淡水區,水源里,6501000-013,121.4958595,25.18151277
2025/02/02,新北市,淡水區,水源里,6501000-013,121.4958595,25.18151277
2025/02/02,新北市,新店區,香坡里,6500600-060,121.4800609,24.95896335
2025/02/02,新北市,新店區,安昌里,6500600-064,121.5105513,24.96151479
2025/02/02,新北市,鶯歌區,大湖里,6500800-014,121.3365585,24.97721163
2025/02/03,新北市,新店區,建國里,6500600-061,121.5391504,24.97456073
2025/02/03,新北市,新店區,國豐里,6500600-001,121.5404077,24.97664601
2025/02/03,新北市,新店區,德安里,6500600-017,121.5004935,24.95818565
2025/02/03,新北市,泰山區,福泰里,6501600-004,121.4348544,25.05917189
2025/02/03,新北市,新店區,百和里,6500600-048,121.5363638,24.97677211
2025/02/04,新北市,新店區,張北里,6500600-040,121.5454159,24.97240012
2025/02/04,新北市,瑞芳區,龍川里,6501200-004,121.8017874,25.1086158
2025/02/04,新北市,板橋區,廣福里,6500100-083,121.4614257,24.99179636
2025/02/04,新北市,中和區,崇南里,6500300-039,121.5135715,24.98648867
2025/02/04,新北市,中和區,錦和里,6500300-052,121.4893532,24.98502569
2025/02/04,新北市,中和區,忠孝里,6500300-038,121.5091972,24.98517171
2025/02/04,新北市,中和區,秀福里,6500300-029,121.5240989,24.99605907
2025/02/04,新北市,板橋區,信義里,6500100-088,121.4575675,24.99304968
2025/02/04,新北市,中和區,中山里,6500300-083,121.4893092,24.99516419
2025/02/04,新北市,板橋區,鄉雲里,6500100-077,121.4579992,25.0020485
2025/02/04,新北市,中和區,興南里,6500300-078,121.5117736,24.98908065
2025/02/04,新北市,中和區,福和里,6500300-018,121.5036718,25.00309895
2025/02/04,新北市,板橋區,五權里,6500100-123,121.4648492,24.99307561
2025/02/04,新北市,中和區,秀成里,6500300-028,121.5234071,24.99333505
2025/02/04,新北市,板橋區,重慶里,6500100-080,121.4607381,24.99656178
2025/02/04,新北市,板橋區,和平里,6500100-082,121.4619798,24.99409002
2025/02/04,新北市,板橋區,大豐里,6500100-079,121.4614932,25.00016423
2025/02/04,新北市,三重區,大有里,6500200-001,121.4730118,25.07041375
2025/02/04,新北市,中和區,自強里,6500300-066,121.4698427,24.99953399
2025/02/04,新北市,貢寮區,吉林里,6502600-002,121.8831923,24.98419761
2025/02/04,新北市,中和區,瓦磘里,6500300-017,121.5067549,25.00404159
2025/02/04,新北市,新莊區,思源里,6500500-025,121.4597824,25.04253135
2025/02/05,新北市,三重區,錦通里,6500200-054,121.5001751,25.06411848
2025/02/05,新北市,貢寮區,貢寮里,6502600-001,121.9024757,25.02755513
2025/02/05,新北市,貢寮區,貢寮里,6502600-001,121.9024757,25.02755513
2025/02/05,新北市,貢寮區,美豐里,6502600-010,121.8984332,25.0626036
2025/02/05,新北市,貢寮區,福連里,6502600-009,121.9846206,25.00655985
2025/02/05,新北市,平溪區,平溪里,6502400-005,121.7268716,25.03838302
2025/02/05,新北市,三重區,尚德里,6500200-085,121.4938176,25.07249694
2025/02/05,新北市,板橋區,仁愛里,6500100-081,121.4594152,24.99866005
2025/02/05,新北市,貢寮區,真理里,6502600-008,121.922338,25.0647005
2025/02/05,新北市,三重區,長元里,6500200-061,121.5016109,25.06757014
2025/02/05,新北市,平溪區,石底里,6502400-004,121.7333589,25.02123701
2025/02/05,新北市,中和區,信和里,6500300-003,121.4831119,24.99840175
2025/02/05,新北市,貢寮區,仁里里,6502600-007,121.919766,25.04551227
2025/02/05,新北市,貢寮區,和美里,6502600-011,121.902957,25.09617943
2025/02/05,新北市,貢寮區,仁里里,6502600-007,121.919766,25.04551227
2025/02/05,新北市,貢寮區,福隆里,6502600-006,121.9547326,25.00687338
2025/02/05,新北市,貢寮區,仁里里,6502600-007,121.919766,25.04551227
2025/02/05,新北市,三重區,長江里,6500200-062,121.5034956,25.06789433
2025/02/06,新北市,金山區,西湖里,6502700-013,121.6152258,25.24680105
2025/02/06,新北市,蘆洲區,光明里,6501400-029,121.4653995,25.08312222
2025/02/06,新北市,板橋區,光華里,6500100-013,121.4534552,25.01070039
2025/02/06,新北市,金山區,萬壽里,6502700-012,121.6324495,25.24122842
2025/02/06,新北市,板橋區,新埔里,6500100-027,121.4667642,25.02301258
2025/02/06,新北市,金山區,兩湖里,6502700-008,121.5937074,25.23185407
2025/02/06,新北市,金山區,磺港里,6502700-004,121.6433514,25.22739681
2025/02/06,新北市,金山區,兩湖里,6502700-008,121.5937074,25.23185407
2025/02/06,新北市,金山區,兩湖里,6502700-008,121.5937074,25.23185407
2025/02/06,新北市,三重區,五常里,6500200-095,121.4973794,25.07897898
2025/02/06,新北市,板橋區,國光里,6500100-014,121.4588056,25.01837827
2025/02/06,新北市,板橋區,龍安里,6500100-097,121.4395734,24.99957092
2025/02/06,新北市,金山區,兩湖里,6502700-008,121.5937074,25.23185407
2025/02/06,新北市,金山區,萬壽里,6502700-012,121.6324495,25.24122842
2025/02/06,新北市,金山區,西湖里,6502700-013,121.6152258,25.24680105
2025/02/06,新北市,金山區,重和里,6502700-007,121.5895813,25.19810355
2025/02/06,新北市,金山區,西湖里,6502700-013,121.6152258,25.24680105
2025/02/06,新北市,金山區,西湖里,6502700-013,121.6152258,25.24680105
2025/02/06,新北市,金山區,重和里,6502700-007,121.5895813,25.19810355
2025/02/06,新北市,板橋區,福星里,6500100-076,121.4612174,25.00293685
2025/02/06,新北市,金山區,永興里,6502700-014,121.6249848,25.26101229
2025/02/06,新北市,板橋區,浮洲里,6500100-089,121.4487607,25.00989884
2025/02/06,新北市,三重區,五順里,6500200-119,121.4951111,25.08068947
2025/02/06,新北市,板橋區,廣德里,6500100-078,121.4647007,25.00020913
2025/02/06,新北市,金山區,永興里,6502700-014,121.6249848,25.26101229
2025/02/06,新北市,板橋區,自強里,6500100-011,121.4551312,25.01340852
2025/02/06,新北市,蘆洲區,光華里,6501400-004,121.46873,25.0839002
2025/02/06,新北市,金山區,永興里,6502700-014,121.6249848,25.26101229
2025/02/06,新北市,深坑區,昇高里,6501800-004,121.6279054,24.99051551
2025/02/07,新北市,新莊區,福興里,6500500-072,121.4575907,25.06505809
2025/02/07,新北市,三重區,龍門里,6500200-069,121.4983392,25.07278849
2025/02/07,新北市,板橋區,華中里,6500100-090,121.4441985,25.01528555
2025/02/07,新北市,新莊區,國泰里,6500500-003,121.4408001,25.03040237
2025/02/07,新北市,新莊區,中原里,6500500-053,121.4459822,25.05643128
2025/02/07,新北市,新莊區,泰豐里,6500500-077,121.4490724,25.03002373
2025/02/07,新北市,新莊區,建安里,6500500-070,121.4322251,25.02570763
2025/02/07,新北市,三重區,奕壽里,6500200-071,121.4986487,25.07122083
2025/02/07,新北市,新莊區,中隆里,6500500-052,121.4516685,25.05640056
2025/02/07,新北市,泰山區,楓樹里,6501600-005,121.440156,25.06233883
2025/02/07,新北市,新莊區,福基里,6500500-005,121.4615869,25.06187743
2025/02/07,新北市,新莊區,昌平里,6500500-064,121.4555465,25.05733202
2025/02/07,新北市,新莊區,豐年里,6500500-006,121.4453743,25.03059164
2025/02/07,新北市,新莊區,瓊林里,6500500-018,121.4402128,25.02106264
2025/02/07,新北市,三重區,崇德里,6500200-082,121.4964797,25.07461822
2025/02/07,新北市,永和區,光明里,6500400-004,121.5186597,25.00832763
2025/02/08,新北市,永和區,福林里,6500400-001,121.5225975,25.00877345
2025/02/08,新北市,板橋區,幸福里,6500100-023,121.4603033,25.02205294
2025/02/08,新北市,新莊區,光和里,6500500-084,121.426996,25.0139354
2025/02/10,新北市,淡水區,民安里,6501000-029,121.4379143,25.16818039
2025/02/10,新北市,淡水區,清文里,6501000-025,121.4417549,25.17084001
2025/02/10,新北市,板橋區,中山里,6500100-092,121.4486765,24.99997428
2025/02/10,新北市,土城區,日和里,6501300-007,121.4430975,24.98341481
2025/02/10,新北市,淡水區,新生里,6501000-030,121.4351965,25.17045419
2025/02/10,新北市,淡水區,協元里,6501000-027,121.4406304,25.17344985
2025/02/10,新北市,雙溪區,平林里,6502500-008,121.847855,25.0378468
2025/02/10,新北市,板橋區,復興里,6500100-093,121.4450753,25.00202978
2025/02/10,新北市,板橋區,堂春里,6500100-112,121.4353736,24.98805928
2025/02/10,新北市,三峽區,安坑里,6500900-021,121.4658622,24.91445105
2025/02/10,新北市,板橋區,歡園里,6500100-126,121.4407434,25.0083472
2025/02/10,新北市,雙溪區,雙溪里,6502500-001,121.8655049,25.03597374
2025/02/10,新北市,土城區,員福里,6501300-033,121.4388031,24.9798995
2025/02/10,新北市,板橋區,僑中里,6500100-091,121.4446814,25.00646599
2025/02/10,新北市,淡水區,文化里,6501000-031,121.4323576,25.17403992
2025/02/10,新北市,三重區,仁忠里,6500200-097,121.4945987,25.08122282
2025/02/10,新北市,淡水區,長庚里,6501000-024,121.4441563,25.17028164
2025/02/10,新北市,板橋區,大觀里,6500100-125,121.445733,25.01008422
2025/02/10,新北市,板橋區,崑崙里,6500100-098,121.4313325,24.99407725
2025/02/10,新北市,板橋區,成和里,6500100-113,121.434561,24.9948951
2025/02/10,新北市,淡水區,草東里,6501000-026,121.4416077,25.16663556
2025/02/10,新北市,雙溪區,牡丹里,6502500-006,121.8632672,25.0664536
2025/02/10,新北市,板橋區,大安里,6500100-094,121.4470626,25.00191702
2025/02/10,新北市,雙溪區,新基里,6502500-003,121.8787123,25.04192504
2025/02/10,新北市,淡水區,永吉里,6501000-028,121.4400627,25.1715828
2025/02/10,新北市,三峽區,竹崙里,6500900-022,121.4360374,24.89926643
2025/02/10,新北市,土城區,員林里,6501300-003,121.4449699,24.97789261
2025/02/10,新北市,三峽區,八張里,6500900-003,121.3686533,24.92958535
2025/02/10,新北市,三峽區,永舘里,6500900-006,121.3707669,24.93623659
2025/02/10,新北市,板橋區,聚安里,6500100-096,121.4403248,25.00272804
2025/02/10,新北市,雙溪區,牡丹里,6502500-006,121.8632672,25.0664536
2025/02/11,新北市,蘆洲區,玉清里,6501400-019,121.4813424,25.08624812
2025/02/11,新北市,中和區,壽南里,6500300-043,121.5080747,24.98812368
2025/02/11,新北市,金山區,美田里,6502700-005,121.6330463,25.22460492
2025/02/11,新北市,三重區,富福里,6500200-107,121.4901202,25.08402847
2025/02/11,新北市,永和區,民富里,6500400-059,121.5263387,24.99844851
2025/02/11,新北市,中和區,華南里,6500300-037,121.5121597,24.98243543
2025/02/11,新北市,三重區,慈祐里,6500200-103,121.4903117,25.08165161
2025/02/11,新北市,樹林區,潭底里,6500700-006,121.4188974,24.99718426
2025/02/11,新北市,蘆洲區,樹德里,6501400-011,121.4739032,25.08051129
2025/02/11,新北市,八里區,訊塘里,6502300-007,121.3947435,25.15159646
2025/02/11,新北市,汐止區,自強里,6501100-031,121.6566062,25.06177256
2025/02/11,新北市,三重區,三民里,6500200-019,121.4858517,25.06393745
2025/02/11,新北市,金山區,大同里,6502700-002,121.6410679,25.22111098
2025/02/11,新北市,深坑區,土庫里,6501800-003,121.6352888,25.01682705
2025/02/11,新北市,土城區,員信里,6501300-037,121.4437702,24.97488507
2025/02/11,新北市,蘆洲區,民和里,6501400-032,121.475353,25.07728465
2025/02/11,新北市,中和區,正南里,6500300-092,121.5071234,24.98371747
2025/02/11,新北市,金山區,金美里,6502700-015,121.6350871,25.21964253
2025/02/11,新北市,金山區,金美里,6502700-015,121.6350871,25.21964253
2025/02/11,新北市,八里區,荖阡里,6502300-008,121.4048839,25.13217202
2025/02/11,新北市,金山區,金美里,6502700-015,121.6350871,25.21964253
2025/02/11,新北市,蘆洲區,中原里,6501400-002,121.4656384,25.08569746
2025/02/11,新北市,汐止區,樟樹里,6501100-018,121.6346684,25.05867002
2025/02/11,新北市,土城區,土城里,6501300-002,121.4421025,24.97362263
2025/02/11,新北市,中和區,忠孝里,6500300-038,121.5091972,24.98517171
2025/02/11,新北市,八里區,頂罟里,6502300-005,121.4027201,25.15953053
2025/02/11,新北市,中和區,橫路里,6500300-041,121.4891932,24.972958
2025/02/11,新北市,中和區,景平里,6500300-047,121.5116161,24.99292631
2025/02/11,新北市,中和區,內南里,6500300-042,121.501119,24.9771884
2025/02/11,新北市,中和區,景福里,6500300-049,121.5074847,24.99163683
2025/02/11,新北市,三重區,田中里,6500200-017,121.4816198,25.06695071
2025/02/11,新北市,金山區,金美里,6502700-015,121.6350871,25.21964253
2025/02/11,新北市,中和區,忠孝里,6500300-038,121.5091972,24.98517171
2025/02/11,新北市,中和區,吉興里,6500300-082,121.5053484,24.9907526
2025/02/12,新北市,永和區,永元里,6500400-011,121.5207504,25.00120166
2025/02/12,新北市,永和區,上林里,6500400-051,121.5199875,25.01381211
2025/02/12,新北市,烏來區,忠治里,6502900-002,121.5269206,24.87120425
2025/02/12,新北市,汐止區,城中里,6501100-048,121.6617303,25.07205014
2025/02/12,新北市,永和區,保安里,6500400-013,121.5064081,25.00916749
2025/02/12,新北市,三重區,過田里,6500200-010,121.4882833,25.05946695
2025/02/12,新北市,林口區,菁湖里,6501700-004,121.3893499,25.08337073
2025/02/12,新北市,淡水區,幸福里,6501000-040,121.4458145,25.16555792
2025/02/12,新北市,汐止區,康福里,6501100-036,121.6382133,25.06928685
2025/02/12,新北市,淡水區,中興里,6501000-023,121.447339,25.17441447
2025/02/12,新北市,新店區,寶興里,6500600-006,121.5465061,24.98051835
2025/02/13,新北市,瑞芳區,龍興里,6501200-002,121.8073904,25.10701262
2025/02/13,新北市,土城區,日新里,6501300-006,121.4440636,24.98661666
2025/02/13,新北市,土城區,裕生里,6501300-036,121.4445471,24.98933211
2025/02/13,新北市,瑞芳區,龍潭里,6501200-001,121.8079888,25.10851482
2025/02/14,新北市,永和區,永元里,6500400-011,121.5207504,25.00120166
2025/02/14,新北市,新店區,新和里,6500600-066,121.520082,24.98696981
2025/02/14,新北市,永和區,店街里,6500400-056,121.5159718,25.00612411
2025/02/14,新北市,永和區,潭墘里,6500400-030,121.51573,25.001553
2025/02/14,新北市,三重區,大同里,6500200-028,121.4941331,25.06075329
2025/02/14,新北市,永和區,秀元里,6500400-060,121.5236444,25.00036773
2025/02/14,新北市,三重區,仁德里,6500200-032,121.4969876,25.06097931
2025/02/16,新北市,中和區,明穗里,6500300-064,121.4725468,24.99643081
2025/02/16,新北市,中和區,清穗里,6500300-065,121.4681303,24.99797926
2025/02/16,新北市,中和區,明穗里,6500300-064,121.4725468,24.99643081
2025/02/16,新北市,中和區,明穗里,6500300-064,121.4725468,24.99643081
2025/02/17,新北市,瑞芳區,龍山里,6501200-005,121.8031785,25.11707767
2025/02/17,新北市,永和區,河濱里,6500400-048,121.5255825,25.0068159
2025/02/17,新北市,萬里區,野柳里,6502800-003,121.6705718,25.19979598
2025/02/17,新北市,汐止區,北山里,6501100-020,121.6229261,25.06916838
2025/02/17,新北市,五股區,興珍里,6501500-001,121.4577325,25.06944168
2025/02/17,新北市,蘆洲區,正義里,6501400-001,121.4617268,25.08993004
2025/02/17,新北市,萬里區,北基里,6502800-010,121.6822951,25.17726553
2025/02/17,新北市,蘆洲區,復興里,6501400-020,121.4819002,25.09368637
2025/02/17,新北市,五股區,成功里,6501500-006,121.4455418,25.09389748
2025/02/17,新北市,萬里區,龜吼里,6502800-002,121.6783319,25.18929192
2025/02/17,新北市,汐止區,義民里,6501100-001,121.6598686,25.06917569
2025/02/17,新北市,泰山區,山腳里,6501600-003,121.4284149,25.0633395
2025/02/17,新北市,新店區,新店里,6500600-031,121.537026,24.95428931
2025/02/17,新北市,新店區,文明里,6500600-036,121.5405224,24.96301536
2025/02/17,新北市,三重區,頂崁里,6500200-003,121.4703086,25.05964772
2025/02/17,新北市,新莊區,西盛里,6500500-015,121.4326259,25.01183892
2025/02/17,新北市,瑞芳區,基山里,6501200-018,121.8434752,25.11458353
2025/02/17,新北市,蘆洲區,保佑里,6501400-005,121.4680076,25.08836044
2025/02/18,新北市,三峽區,龍埔里,6500900-009,121.3840826,24.93962459
2025/02/18,新北市,深坑區,賴仲里,6501800-008,121.625653,25.01183014
2025/02/18,新北市,土城區,日和里,6501300-007,121.4430975,24.98341481
2025/02/18,新北市,永和區,福和里,6500400-038,121.5184532,25.00551137
2025/02/19,新北市,三重區,碧華里,6500200-108,121.4859892,25.08568073
2025/02/19,新北市,汐止區,拱北里,6501100-015,121.6508738,25.08820021
2025/02/19,新北市,林口區,東林里,6501700-001,121.4037833,25.08819328
2025/02/19,新北市,三峽區,介壽里,6500900-023,121.3863562,24.92118626
2025/02/19,新北市,汐止區,保新里,6501100-050,121.6891867,25.0676152
2025/02/19,新北市,三重區,慈化里,6500200-102,121.4884772,25.08332278
2025/02/19,新北市,坪林區,水德里,6502000-006,121.7327358,24.93041924
2025/02/19,新北市,瑞芳區,鼻頭里,6501200-033,121.9108146,25.12147823
2025/02/19,新北市,樹林區,東昇里,6500700-020,121.4124474,24.98374989
2025/02/19,新北市,林口區,林口里,6501700-002,121.3983939,25.0709913
2025/02/19,新北市,三峽區,弘道里,6500900-005,121.3445577,24.91345859
2025/02/19,新北市,三峽區,插角里,6500900-015,121.409877,24.86655264
2025/02/19,新北市,永和區,勵行里,6500400-019,121.5162976,25.01390586
2025/02/19,新北市,板橋區,華興里,6500100-084,121.4560413,25.00366107
2025/02/19,新北市,瑞芳區,南雅里,6501200-032,121.8819276,25.10941861
2025/02/19,新北市,三重區,立德里,6500200-116,121.4873159,25.070668
2025/02/19,新北市,永和區,豫溪里,6500400-003,121.5172362,25.00952129
2025/02/19,新北市,三重區,奕壽里,6500200-071,121.4986487,25.07122083
2025/02/19,新北市,板橋區,華貴里,6500100-085,121.456911,25.00228211
2025/02/20,新北市,平溪區,石底里,6502400-004,121.7333589,25.02123701
2025/02/20,新北市,平溪區,薯榔里,6502400-001,121.7118969,25.02084772
2025/02/20,新北市,三芝區,茂長里,6502100-006,121.5195179,25.25354771
2025/02/20,新北市,林口區,中湖里,6501700-005,121.3757446,25.09512476
2025/02/20,新北市,新莊區,昌明里,6500500-063,121.4567879,25.05302465
2025/02/20,新北市,土城區,廣福里,6501300-028,121.4567983,24.98706799
2025/02/20,新北市,泰山區,黎明里,6501600-002,121.413326,25.06882272
2025/02/20,新北市,中和區,東南里,6500300-036,121.511175,24.98596925
2025/02/20,新北市,汐止區,八連里,6501100-017,121.6318284,25.09837602
2025/02/20,新北市,汐止區,福德里,6501100-034,121.6351184,25.06615619
2025/02/21,新北市,土城區,廷寮里,6501300-019,121.4738266,24.97544884
2025/02/21,新北市,土城區,廷寮里,6501300-019,121.4738266,24.97544884
2025/02/21,新北市,土城區,頂埔里,6501300-023,121.422012,24.95500243
2025/02/21,新北市,土城區,頂福里,6501300-024,121.4139294,24.95616757
2025/02/21,新北市,新莊區,化成里,6500500-036,121.4633195,25.04565734
2025/02/21,新北市,土城區,廷寮里,6501300-019,121.4738266,24.97544884
2025/02/21,新北市,土城區,廷寮里,6501300-019,121.4738266,24.97544884
2025/02/21,新北市,土城區,永豐里,6501300-014,121.4623585,24.98159398
2025/02/21,新北市,土城區,廷寮里,6501300-019,121.4738266,24.97544884
2025/02/21,新北市,土城區,員福里,6501300-033,121.4388031,24.9798995
2025/02/21,新北市,土城區,日和里,6501300-007,121.4430975,24.98341481
2025/02/21,新北市,土城區,青山里,6501300-045,121.4659677,24.97752899
2025/02/21,新北市,土城區,員福里,6501300-033,121.4388031,24.9798995
2025/02/21,新北市,土城區,峯廷里,6501300-017,121.4690457,24.98523037
2025/02/21,新北市,土城區,安和里,6501300-031,121.4667048,24.98891522
2025/02/21,新北市,新莊區,文明里,6500500-022,121.4616305,25.03820588
2025/02/21,新北市,土城區,柑林里,6501300-009,121.453515,24.97760591
2025/02/21,新北市,土城區,延吉里,6501300-034,121.4739965,24.98755975
2025/02/21,新北市,土城區,沛陂里,6501300-022,121.421484,24.96558381
2025/02/21,新北市,土城區,祖田里,6501300-026,121.4251804,24.94377101
2025/02/22,新北市,五股區,福德里,6501500-020,121.4191613,25.07475749
2025/02/23,新北市,林口區,林口里,6501700-002,121.3983939,25.0709913
2025/02/24,新北市,瑞芳區,東和里,6501200-009,121.8025537,25.10312451
2025/02/24,新北市,新莊區,立人里,6500500-026,121.4544533,25.03790987
2025/02/24,新北市,新莊區,恆安里,6500500-008,121.4565332,25.03921027
2025/02/24,新北市,新店區,公崙里,6500600-016,121.5129649,24.95267703
2025/02/25,新北市,樹林區,樹南里,6500700-010,121.4177814,24.9865966
2025/02/25,新北市,永和區,永興里,6500400-054,121.5185434,25.01109349
2025/02/25,新北市,土城區,頂埔里,6501300-023,121.422012,24.95500243
2025/02/25,新北市,三芝區,店子里,6502100-012,121.5170873,25.20182839
2025/02/25,新北市,鶯歌區,北鶯里,6500800-004,121.3573762,24.95927747
2025/02/25,新北市,板橋區,福丘里,6500100-070,121.4640658,25.01146535
2025/02/25,新北市,三芝區,興華里,6502100-013,121.5051576,25.1970255
2025/02/25,新北市,樹林區,育英里,6500700-037,121.4207973,24.9882145
2025/02/25,新北市,鶯歌區,南鶯里,6500800-003,121.3497206,24.95455974
2025/02/26,新北市,鶯歌區,二甲里,6500800-012,121.3396694,24.93393375
2025/02/26,新北市,鶯歌區,尖山里,6500800-010,121.3389483,24.94708214
2025/02/26,新北市,三芝區,埔坪里,6502100-005,121.5164106,25.24524418
2025/02/26,新北市,三峽區,八張里,6500900-003,121.3686533,24.92958535
2025/02/27,新北市,三重區,福田里,6500200-016,121.4792914,25.06731362
2025/02/27,新北市,五股區,成德里,6501500-014,121.4561307,25.10228662
2025/03/03,新北市,新店區,中央里,6500600-054,121.5271563,24.9745933
2025/03/03,新北市,土城區,青雲里,6501300-032,121.4580421,24.98039206
2025/03/03,新北市,平溪區,菁桐里,6502400-002,121.7197442,25.02959672
2025/03/03,新北市,新店區,中央里,6500600-054,121.5271563,24.9745933
2025/03/03,新北市,板橋區,自立里,6500100-012,121.4529707,25.01474041
2025/03/03,新北市,瑞芳區,吉慶里,6501200-011,121.7693342,25.1105019
2025/03/03,新北市,土城區,青雲里,6501300-032,121.4580421,24.98039206
2025/03/03,新北市,板橋區,香雅里,6500100-101,121.451234,25.01618202
2025/03/03,新北市,板橋區,中正里,6500100-010,121.4520281,25.02577302
2025/03/03,新北市,瑞芳區,光復里,6501200-015,121.8225083,25.08554152
2025/03/03,新北市,泰山區,同榮里,6501600-006,121.4238846,25.0571602
2025/03/03,新北市,平溪區,望古里,6502400-008,121.7586436,25.0360451
2025/03/03,新北市,板橋區,公舘里,6500100-021,121.4629093,25.0191938
2025/03/03,新北市,瑞芳區,吉安里,6501200-012,121.7628167,25.10114001
2025/03/03,新北市,板橋區,光華里,6500100-013,121.4534552,25.01070039
2025/03/03,新北市,土城區,清和里,6501300-013,121.4628327,24.97443937
2025/03/03,新北市,新店區,百和里,6500600-048,121.5363638,24.97677211
2025/03/03,新北市,瑞芳區,碩仁里,6501200-017,121.8176253,25.06181894
2025/03/04,新北市,新莊區,民本里,6500500-035,121.4284988,25.02003462
2025/03/04,新北市,土城區,清溪里,6501300-016,121.4611531,24.98565886
2025/03/04,新北市,板橋區,國光里,6500100-014,121.4588056,25.01837827
2025/03/04,新北市,土城區,清溪里,6501300-016,121.4611531,24.98565886
2025/03/04,新北市,土城區,清溪里,6501300-016,121.4611531,24.98565886
2025/03/04,新北市,新莊區,民有里,6500500-082,121.4282644,25.01839256
2025/03/04,新北市,新莊區,八德里,6500500-012,121.4250715,25.02244152
2025/03/04,新北市,三重區,自強里,6500200-050,121.4945002,25.06797794
2025/03/04,新北市,中和區,安順里,6500300-075,121.5117682,24.99534174
2025/03/04,新北市,瑞芳區,基山里,6501200-018,121.8434752,25.11458353
2025/03/04,新北市,新店區,太平里,6500600-011,121.5325244,24.95513469
2025/03/04,新北市,三重區,光華里,6500200-057,121.5014422,25.0650206
2025/03/04,新北市,土城區,清溪里,6501300-016,121.4611531,24.98565886
2025/03/04,新北市,板橋區,松翠里,6500100-040,121.4744824,25.0306118
2025/03/04,新北市,中和區,秀明里,6500300-031,121.51588,24.9934348
2025/03/04,新北市,土城區,清溪里,6501300-016,121.4611531,24.98565886
2025/03/04,新北市,中和區,安樂里,6500300-020,121.5128355,25.00009142
2025/03/04,新北市,中和區,忠孝里,6500300-038,121.5091972,24.98517171
2025/03/04,新北市,中和區,秀明里,6500300-031,121.51588,24.9934348
2025/03/04,新北市,中和區,安和里,6500300-021,121.5093067,24.99651731
2025/03/04,新北市,板橋區,光榮里,6500100-114,121.4528704,25.01288948
2025/03/04,新北市,新店區,大鵬里,6500600-010,121.5353606,24.99244922
2025/03/04,新北市,中和區,嘉穗里,6500300-058,121.4778251,24.99616226
2025/03/04,新北市,淡水區,草東里,6501000-026,121.4416077,25.16663556
2025/03/04,新北市,土城區,永豐里,6501300-014,121.4623585,24.98159398
2025/03/04,新北市,中和區,新南里,6500300-025,121.5005344,24.99634596
2025/03/04,新北市,新莊區,民安里,6500500-032,121.4263167,25.01971226
2025/03/04,新北市,新店區,中央里,6500600-054,121.5271563,24.9745933
2025/03/04,新北市,中和區,秀仁里,6500300-033,121.518671,24.9949182
2025/03/04,新北市,中和區,華南里,6500300-037,121.5121597,24.98243543
2025/03/04,新北市,中和區,德穗里,6500300-067,121.4714765,25.00322568
2025/03/04,新北市,三重區,培德里,6500200-086,121.4831313,25.07028199
2025/03/04,新北市,板橋區,港尾里,6500100-015,121.4550417,25.02164004
2025/03/04,新北市,三重區,正安里,6500200-049,121.4952599,25.06705705
2025/03/04,新北市,中和區,德行里,6500300-073,121.4969807,24.99235917
2025/03/04,新北市,板橋區,福丘里,6500100-070,121.4640658,25.01146535
2025/03/04,新北市,中和區,景新里,6500300-048,121.5101168,24.99137656
2025/03/04,新北市,板橋區,幸福里,6500100-023,121.4603033,25.02205294
2025/03/04,新北市,中和區,東南里,6500300-036,121.511175,24.98596925
2025/03/04,新北市,中和區,華南里,6500300-037,121.5121597,24.98243543
2025/03/04,新北市,中和區,錦中里,6500300-085,121.4881467,24.99112046
2025/03/04,新北市,新莊區,四維里,6500500-055,121.42324,25.02223332
2025/03/04,新北市,新店區,忠孝里,6500600-009,121.5348853,24.98913968
2025/03/05,新北市,淡水區,福德里,6501000-017,121.4634333,25.13039274
2025/03/05,新北市,平溪區,平溪里,6502400-005,121.7268716,25.03838302
2025/03/05,新北市,新店區,中正里,6500600-044,121.5389302,24.97159997
2025/03/05,新北市,板橋區,自強里,6500100-011,121.4551312,25.01340852
2025/03/05,新北市,新店區,中正里,6500600-044,121.5389302,24.97159997
2025/03/05,新北市,板橋區,香社里,6500100-009,121.4499852,25.01974765
2025/03/05,新北市,新店區,新德里,6500600-039,121.5408367,24.96858959
2025/03/05,新北市,永和區,信義里,6500400-057,121.5130474,25.01132849
2025/03/05,新北市,板橋區,嵐翠里,6500100-045,121.4775305,25.03125329
2025/03/05,新北市,樹林區,獇寮里,6500700-007,121.4135316,25.0078293
2025/03/05,新北市,板橋區,社後里,6500100-008,121.4561515,25.01585785
2025/03/06,新北市,新店區,日興里,6500600-019,121.4713413,24.94312781
2025/03/06,新北市,五股區,水碓里,6501500-019,121.4349251,25.07304781
2025/03/06,新北市,新店區,日興里,6500600-019,121.4713413,24.94312781
2025/03/06,新北市,淡水區,崁頂里,6501000-008,121.433883,25.19695962
2025/03/06,新北市,瑞芳區,鼻頭里,6501200-033,121.9108146,25.12147823
2025/03/07,新北市,貢寮區,貢寮里,6502600-001,121.9024757,25.02755513
2025/03/07,新北市,貢寮區,美豐里,6502600-010,121.8984332,25.0626036
2025/03/07,新北市,貢寮區,美豐里,6502600-010,121.8984332,25.0626036
2025/03/07,新北市,貢寮區,美豐里,6502600-010,121.8984332,25.0626036
2025/03/07,新北市,貢寮區,美豐里,6502600-010,121.8984332,25.0626036
2025/03/07,新北市,貢寮區,美豐里,6502600-010,121.8984332,25.0626036
2025/03/07,新北市,貢寮區,美豐里,6502600-010,121.8984332,25.0626036
2025/03/07,新北市,貢寮區,美豐里,6502600-010,121.8984332,25.0626036
2025/03/07,新北市,貢寮區,美豐里,6502600-010,121.8984332,25.0626036
2025/03/07,新北市,貢寮區,美豐里,6502600-010,121.8984332,25.0626036
2025/03/07,新北市,貢寮區,美豐里,6502600-010,121.8984332,25.0626036
2025/03/07,新北市,貢寮區,美豐里,6502600-010,121.8984332,25.0626036
2025/03/07,新北市,貢寮區,美豐里,6502600-010,121.8984332,25.0626036
2025/03/07,新北市,貢寮區,雙玉里,6502600-003,121.9254508,25.00186136
2025/03/07,新北市,新店區,員潭里,6500600-023,121.5742648,24.9572917
2025/03/07,新北市,新店區,員潭里,6500600-023,121.5742648,24.9572917
2025/03/07,新北市,永和區,上溪里,6500400-022,121.5141752,25.01435592
2025/03/07,新北市,貢寮區,龍門里,6502600-005,121.9255959,25.03017096
2025/03/07,新北市,泰山區,同榮里,6501600-006,121.4238846,25.0571602
2025/03/07,新北市,新店區,員潭里,6500600-023,121.5742648,24.9572917
2025/03/08,新北市,板橋區,仁翠里,6500100-034,121.4617418,25.02891014
2025/03/08,新北市,板橋區,忠翠里,6500100-044,121.4736743,25.02667892
2025/03/08,新北市,板橋區,新埔里,6500100-027,121.4667642,25.02301258
2025/03/08,新北市,板橋區,港德里,6500100-017,121.4580548,25.01908586
2025/03/08,新北市,板橋區,吉翠里,6500100-036,121.4591722,25.02842158
2025/03/08,新北市,板橋區,龍翠里,6500100-042,121.4778544,25.02681849
2025/03/10,新北市,三重區,慈愛里,6500200-101,121.4835555,25.08037835
2025/03/10,新北市,新店區,張南里,6500600-032,121.537264,24.95931106
2025/03/10,新北市,三重區,五華里,6500200-104,121.4945277,25.08439077
2025/03/10,新北市,新店區,青潭里,6500600-030,121.5531873,24.94816007
2025/03/10,新北市,新店區,永平里,6500600-067,121.5161704,24.98301029
2025/03/10,新北市,土城區,員信里,6501300-037,121.4437702,24.97488507
2025/03/10,新北市,永和區,仁愛里,6500400-005,121.5119976,25.01337408
2025/03/10,新北市,三重區,五福里,6500200-096,121.4949428,25.08278099
2025/03/10,新北市,土城區,員林里,6501300-003,121.4449699,24.97789261
2025/03/10,新北市,鶯歌區,鳳鳴里,6500800-015,121.3345286,24.96889034
2025/03/10,新北市,新店區,粗坑里,6500600-025,121.5596732,24.93311073
2025/03/10,新北市,三重區,永發里,6500200-113,121.4782022,25.07190554
2025/03/10,新北市,三峽區,龍學里,6500900-027,121.375941,24.94512255
2025/03/10,新北市,新店區,國校里,6500600-033,121.5419978,24.9538313
2025/03/11,新北市,樹林區,東山里,6500700-018,121.4004282,24.98162518
2025/03/11,新北市,瑞芳區,石山里,6501200-026,121.8552212,25.11471881
2025/03/11,新北市,蘆洲區,九芎里,6501400-024,121.464085,25.08038862
2025/03/11,新北市,八里區,大崁里,6502300-003,121.4243586,25.15656277
2025/03/11,新北市,三重區,福民里,6500200-009,121.4903133,25.05238019
2025/03/11,新北市,新店區,廣明里,6500600-035,121.5405557,24.96029124
2025/03/11,新北市,新店區,長春里,6500600-065,121.5508019,24.96377886
2025/03/11,新北市,新莊區,中華里,6500500-051,121.4529958,25.04592957
2025/03/11,新北市,蘆洲區,仁復里,6501400-013,121.4738141,25.0829737
2025/03/11,新北市,蘆洲區,永樂里,6501400-016,121.4570318,25.09010037
2025/03/11,新北市,永和區,福林里,6500400-001,121.5225975,25.00877345
2025/03/11,新北市,樹林區,山佳里,6500700-035,121.39923,24.97261174
2025/03/11,新北市,永和區,民本里,6500400-034,121.5273157,24.99675896
2025/03/11,新北市,三重區,福田里,6500200-016,121.4792914,25.06731362
2025/03/11,新北市,中和區,安穗里,6500300-062,121.4820643,25.00169372
2025/03/11,新北市,汐止區,東勢里,6501100-039,121.6317985,25.04089784
2025/03/11,新北市,新店區,和平里,6500600-053,121.5279063,24.98135633
2025/03/11,新北市,新莊區,中隆里,6500500-052,121.4516685,25.05640056
2025/03/11,新北市,新店區,中興里,6500600-037,121.5451876,24.96142111
2025/03/11,新北市,汐止區,宜興里,6501100-025,121.6228196,25.04185854
2025/03/11,新北市,樹林區,彭興里,6500700-033,121.4225283,24.9744177
2025/03/11,新北市,八里區,米倉里,6502300-002,121.4395279,25.14790981
2025/03/11,新北市,新店區,寶安里,6500600-007,121.5432019,24.98177361
2025/03/11,新北市,中和區,文元里,6500300-059,121.4818644,24.99632799
2025/03/11,新北市,中和區,中山里,6500300-083,121.4893092,24.99516419
2025/03/11,新北市,汐止區,仁德里,6501100-028,121.6626371,25.07098563
2025/03/11,新北市,中和區,信和里,6500300-003,121.4831119,24.99840175
2025/03/11,新北市,新莊區,中美里,6500500-011,121.4542572,25.04186373
2025/03/11,新北市,中和區,仁和里,6500300-004,121.4843664,24.99457045
2025/03/11,新北市,三峽區,中埔里,6500900-004,121.3578839,24.92825342
2025/03/11,新北市,三重區,厚德里,6500200-083,121.4911376,25.07296673
2025/03/11,新北市,中和區,中正里,6500300-005,121.4870551,24.99508951
2025/03/11,新北市,汐止區,江北里,6501100-014,121.6540977,25.07457821
2025/03/11,新北市,深坑區,萬順里,6501800-002,121.6040638,25.00176661
2025/03/11,新北市,新莊區,中誠里,6500500-020,121.4513765,25.04819222
2025/03/11,新北市,瑞芳區,傑魚里,6501200-013,121.7942184,25.09569172
2025/03/11,新北市,八里區,龍源里,6502300-001,121.4454953,25.12884498
2025/03/11,新北市,新店區,百福里,6500600-050,121.5335832,24.97033736
2025/03/11,新北市,中和區,信和里,6500300-003,121.4831119,24.99840175
2025/03/11,新北市,新店區,大豐里,6500600-003,121.5375841,24.97918792
2025/03/12,新北市,永和區,秀和里,6500400-047,121.5226545,25.00471208
2025/03/12,新北市,汐止區,環河里,6501100-038,121.6245516,25.06175227
2025/03/12,新北市,板橋區,百壽里,6500100-025,121.4679162,25.01916203
2025/03/12,新北市,泰山區,福興里,6501600-016,121.4346588,25.05719924
2025/03/12,新北市,坪林區,粗窟里,6502000-001,121.6742474,24.90247613
2025/03/12,新北市,板橋區,長壽里,6500100-055,121.4815642,25.01616864
2025/03/12,新北市,三重區,萬壽里,6500200-066,121.5014748,25.07058473
2025/03/12,新北市,永和區,大同里,6500400-042,121.5065848,25.01366152
2025/03/12,新北市,鶯歌區,同慶里,6500800-007,121.3471297,24.95143656
2025/03/12,新北市,板橋區,居仁里,6500100-120,121.4807437,25.01417152
2025/03/12,新北市,板橋區,華興里,6500100-084,121.4560413,25.00366107
2025/03/12,新北市,板橋區,埔墘里,6500100-054,121.4811477,25.0198496
2025/03/12,新北市,板橋區,西安里,6500100-067,121.4719436,25.01611312
2025/03/12,新北市,板橋區,福壽里,6500100-056,121.4790579,25.01229252
2025/03/12,新北市,鶯歌區,永昌里,6500800-008,121.3397929,24.95274814
2025/03/12,新北市,三重區,慈惠里,6500200-100,121.4867479,25.08131897
2025/03/12,新北市,新店區,屈尺里,6500600-026,121.5636091,24.91840554
2025/03/12,新北市,汐止區,建成里,6501100-047,121.6631642,25.07481861
2025/03/12,新北市,板橋區,東丘里,6500100-068,121.4759187,25.01525419
2025/03/12,新北市,土城區,埤塘里,6501300-001,121.4481909,24.96619483
2025/03/12,新北市,瑞芳區,上天里,6501200-010,121.7747532,25.08899044
2025/03/12,新北市,板橋區,富貴里,6500100-107,121.4809668,25.01765076
2025/03/13,新北市,土城區,埤塘里,6501300-001,121.4481909,24.96619483
2025/03/13,新北市,新店區,小城里,6500600-059,121.4999929,24.94799262
2025/03/13,新北市,土城區,埤塘里,6501300-001,121.4481909,24.96619483
2025/03/13,新北市,土城區,埤塘里,6501300-001,121.4481909,24.96619483
2025/03/13,新北市,土城區,埤塘里,6501300-001,121.4481909,24.96619483
2025/03/13,新北市,永和區,仁愛里,6500400-005,121.5119976,25.01337408
2025/03/13,新北市,土城區,埤塘里,6501300-001,121.4481909,24.96619483
2025/03/13,新北市,三峽區,大埔里,6500900-010,121.3643172,24.89854128
2025/03/13,新北市,土城區,埤塘里,6501300-001,121.4481909,24.96619483
2025/03/13,新北市,土城區,長風里,6501300-005,121.4403173,24.97754342
2025/03/13,新北市,新店區,吉祥里,6500600-057,121.4971417,24.9464965
2025/03/13,新北市,三峽區,溪南里,6500900-018,121.3989905,24.92522224
2025/03/13,新北市,新莊區,昌平里,6500500-064,121.4555465,25.05733202
2025/03/13,新北市,新店區,柴埕里,6500600-014,121.5095845,24.96806042
2025/03/13,新北市,新店區,雙城里,6500600-018,121.489546,24.93860281
2025/03/14,新北市,土城區,清化里,6501300-015,121.4637217,24.9613197
2025/03/14,新北市,土城區,清化里,6501300-015,121.4637217,24.9613197
2025/03/14,新北市,泰山區,義仁里,6501600-012,121.4354427,25.04784093
2025/03/14,新北市,土城區,清化里,6501300-015,121.4637217,24.9613197
2025/03/14,新北市,土城區,清化里,6501300-015,121.4637217,24.9613197
2025/03/14,新北市,土城區,清化里,6501300-015,121.4637217,24.9613197
2025/03/14,新北市,土城區,清化里,6501300-015,121.4637217,24.9613197
2025/03/14,新北市,土城區,清化里,6501300-015,121.4637217,24.9613197
2025/03/14,新北市,土城區,清化里,6501300-015,121.4637217,24.9613197
2025/03/14,新北市,土城區,清化里,6501300-015,121.4637217,24.9613197
2025/03/14,新北市,土城區,清化里,6501300-015,121.4637217,24.9613197
2025/03/14,新北市,土城區,清化里,6501300-015,121.4637217,24.9613197
2025/03/14,新北市,土城區,埤塘里,6501300-001,121.4481909,24.96619483
2025/03/14,新北市,土城區,埤塘里,6501300-001,121.4481909,24.96619483
2025/03/14,新北市,土城區,埤塘里,6501300-001,121.4481909,24.96619483
2025/03/14,新北市,土城區,埤塘里,6501300-001,121.4481909,24.96619483
2025/03/14,新北市,土城區,埤塘里,6501300-001,121.4481909,24.96619483
2025/03/14,新北市,土城區,埤塘里,6501300-001,121.4481909,24.96619483
2025/03/14,新北市,土城區,埤塘里,6501300-001,121.4481909,24.96619483
2025/03/15,新北市,土城區,埤林里,6501300-010,121.4531477,24.98769175
2025/03/15,新北市,土城區,平和里,6501300-018,121.4678149,24.99085999
2025/03/17,新北市,萬里區,大鵬里,6502800-004,121.646328,25.21080649
2025/03/17,新北市,金山區,美田里,6502700-005,121.6330463,25.22460492
2025/03/17,新北市,新莊區,全泰里,6500500-060,121.4469827,25.03671411
2025/03/17,新北市,萬里區,磺潭里,6502800-005,121.6317534,25.19598411
2025/03/17,新北市,金山區,五湖里,6502700-006,121.6174289,25.21089509
2025/03/17,新北市,新莊區,文聖里,6500500-065,121.4489703,25.03729694
2025/03/17,新北市,金山區,大同里,6502700-002,121.6410679,25.22111098
2025/03/17,新北市,金山區,和平里,6502700-001,121.6407899,25.21923764
2025/03/17,新北市,金山區,和平里,6502700-001,121.6407899,25.21923764
2025/03/17,新北市,金山區,金美里,6502700-015,121.6350871,25.21964253
2025/03/17,新北市,新莊區,立德里,6500500-029,121.4493931,25.04108403
2025/03/17,新北市,金山區,金美里,6502700-015,121.6350871,25.21964253
2025/03/17,新北市,金山區,三界里,6502700-010,121.6106056,25.23719638
2025/03/17,新北市,永和區,民生里,6500400-049,121.5237935,24.99815125
2025/03/17,新北市,萬里區,萬里里,6502800-001,121.6943568,25.17498705
2025/03/17,新北市,金山區,金美里,6502700-015,121.6350871,25.21964253
2025/03/17,新北市,金山區,豐漁里,6502700-003,121.6476429,25.22403247
2025/03/17,新北市,新莊區,忠孝里,6500500-007,121.4438935,25.036178
2025/03/17,新北市,金山區,豐漁里,6502700-003,121.6476429,25.22403247
2025/03/18,新北市,淡水區,鄧公里,6501000-022,121.4525973,25.16940471
2025/03/18,新北市,土城區,青山里,6501300-045,121.4659677,24.97752899
2025/03/18,新北市,三重區,永吉里,6500200-112,121.4867589,25.07478354
2025/03/18,新北市,汐止區,興福里,6501100-035,121.6366905,25.06675568
2025/03/18,新北市,淡水區,民權里,6501000-039,121.4599223,25.13373384
2025/03/18,新北市,土城區,清和里,6501300-013,121.4628327,24.97443937
2025/03/18,新北市,淡水區,民生里,6501000-019,121.4698799,25.14372087
2025/03/18,新北市,土城區,清和里,6501300-013,121.4628327,24.97443937
2025/03/18,新北市,鶯歌區,永昌里,6500800-008,121.3397929,24.95274814
2025/03/18,新北市,永和區,永興里,6500400-054,121.5185434,25.01109349
2025/03/18,新北市,淡水區,竹圍里,6501000-018,121.4626751,25.13652432
2025/03/18,新北市,淡水區,竿蓁里,6501000-021,121.4575085,25.16355061
2025/03/18,新北市,汐止區,復興里,6501100-008,121.6537684,25.06352198
2025/03/18,新北市,永和區,民族里,6500400-016,121.5188848,24.99791349
2025/03/18,新北市,泰山區,大科里,6501600-001,121.4016705,25.05780307
2025/03/18,新北市,永和區,永成里,6500400-009,121.5093912,25.01670009
2025/03/18,新北市,平溪區,平溪里,6502400-005,121.7268716,25.03838302
2025/03/19,新北市,永和區,保安里,6500400-013,121.5064081,25.00916749
2025/03/19,新北市,蘆洲區,溪墘里,6501400-010,121.4774118,25.07993496
2025/03/19,新北市,土城區,學成里,6501300-039,121.4510963,24.98869141
2025/03/19,新北市,三重區,五谷里,6500200-109,121.4742873,25.0484159
2025/03/20,新北市,中和區,員山里,6500300-057,121.4782385,25.00746213
2025/03/20,新北市,五股區,陸一里,6501500-011,121.4315557,25.08946946
2025/03/20,新北市,蘆洲區,福安里,6501400-034,121.4766396,25.08864148
2025/03/20,新北市,蘆洲區,仁德里,6501400-027,121.477337,25.08390634
2025/03/20,新北市,蘆洲區,永德里,6501400-038,121.4583697,25.08293077
2025/03/20,新北市,五股區,成州里,6501500-005,121.4499549,25.09652125
2025/03/20,新北市,蘆洲區,樓厝里,6501400-007,121.4835227,25.08953061
2025/03/20,新北市,蘆洲區,仁德里,6501400-027,121.477337,25.08390634
2025/03/20,新北市,五股區,成功里,6501500-006,121.4455418,25.09389748
2025/03/20,新北市,永和區,安和里,6500400-025,121.5104946,25.0033842
2025/03/20,新北市,永和區,秀林里,6500400-012,121.5238784,25.00239542
2025/03/20,新北市,三重區,永春里,6500200-025,121.4932352,25.05664224
2025/03/20,新北市,三重區,二重里,6500200-002,121.4764577,25.0658842
2025/03/20,新北市,烏來區,烏來里,6502900-001,121.553487,24.85514321
2025/03/20,新北市,蘆洲區,忠義里,6501400-023,121.4619037,25.08225779
2025/03/21,新北市,土城區,頂埔里,6501300-023,121.422012,24.95500243
2025/03/21,新北市,新莊區,萬安里,6500500-066,121.421396,25.0246217
2025/03/21,新北市,土城區,頂福里,6501300-024,121.4139294,24.95616757
2025/03/21,新北市,深坑區,深坑里,6501800-001,121.6154941,25.00318096
2025/03/21,新北市,土城區,清化里,6501300-015,121.4637217,24.9613197
2025/03/21,新北市,新莊區,南港里,6500500-027,121.4219777,25.02191334
2025/03/21,新北市,新莊區,龍安里,6500500-067,121.41994,25.02075113
2025/03/21,新北市,土城區,祖田里,6501300-026,121.4251804,24.94377101
2025/03/21,新北市,土城區,清化里,6501300-015,121.4637217,24.9613197
2025/03/21,新北市,土城區,清化里,6501300-015,121.4637217,24.9613197
2025/03/21,新北市,土城區,清化里,6501300-015,121.4637217,24.9613197
2025/03/21,新北市,土城區,祖田里,6501300-026,121.4251804,24.94377101
2025/03/21,新北市,永和區,潭墘里,6500400-030,121.51573,25.001553
2025/03/21,新北市,土城區,清化里,6501300-015,121.4637217,24.9613197
2025/03/21,新北市,土城區,清化里,6501300-015,121.4637217,24.9613197
2025/03/21,新北市,新莊區,光華里,6500500-038,121.4278446,25.01127527
2025/03/21,新北市,土城區,清化里,6501300-015,121.4637217,24.9613197
2025/03/21,新北市,土城區,清化里,6501300-015,121.4637217,24.9613197
2025/03/21,新北市,土城區,清化里,6501300-015,121.4637217,24.9613197
2025/03/21,新北市,永和區,復興里,6500400-037,121.5180125,25.01529789
2025/03/21,新北市,新莊區,榮和里,6500500-016,121.452723,25.0351305
2025/03/21,新北市,新莊區,成德里,6500500-071,121.4236122,25.01918529
2025/03/21,新北市,土城區,清化里,6501300-015,121.4637217,24.9613197
2025/03/22,新北市,三峽區,安溪里,6500900-024,121.3707254,24.92719884
2025/03/22,新北市,三峽區,秀川里,6500900-002,121.3712599,24.93427711
2025/03/24,新北市,三重區,大安里,6500200-031,121.4956077,25.05740749
2025/03/24,新北市,汐止區,山光里,6501100-040,121.6450618,25.07232331
2025/03/24,新北市,汐止區,厚德里,6501100-029,121.6413163,25.06760077
2025/03/25,新北市,三芝區,埔頭里,6502100-002,121.4996097,25.25701907
2025/03/26,新北市,三重區,平和里,6500200-030,121.4952198,25.05889794
2025/03/26,新北市,三重區,吉利里,6500200-027,121.4940038,25.05793036
2025/03/26,新北市,三重區,忠孝里,6500200-033,121.4971829,25.05948263
2025/03/26,新北市,三重區,永春里,6500200-025,121.4932352,25.05664224
2025/03/26,新北市,三重區,永春里,6500200-025,121.4932352,25.05664224
2025/03/27,新北市,三重區,光明里,6500200-020,121.4904243,25.05585621
2025/03/27,新北市,三重區,龍濱里,6500200-068,121.5021873,25.07276173
2025/03/27,新北市,三芝區,後厝里,6502100-009,121.4726342,25.24502278
2025/03/27,新北市,三芝區,錫板里,6502100-008,121.4950596,25.24239317
2025/03/27,新北市,三重區,錦江里,6500200-067,121.5029988,25.07077328
2025/03/31,新北市,石門區,草里里,6502200-009,121.6080063,25.26865118
2025/03/31,新北市,石門區,茂林里,6502200-008,121.5950324,25.27086282
2025/03/31,新北市,泰山區,山腳里,6501600-003,121.4284149,25.0633395
2025/04/01,新北市,中和區,明穗里,6500300-064,121.4725468,24.99643081
2025/04/01,新北市,新店區,中華里,6500600-045,121.5359833,24.96701501
2025/04/01,新北市,泰山區,貴賢里,6501600-015,121.4278802,25.03973156
2025/04/01,新北市,新店區,青潭里,6500600-030,121.5531873,24.94816007
2025/04/01,新北市,中和區,員山里,6500300-057,121.4782385,25.00746213
2025/04/01,新北市,中和區,秀峰里,6500300-032,121.5189478,24.9899464
2025/04/01,新北市,中和區,員富里,6500300-088,121.4780157,25.0098621
2025/04/02,新北市,三重區,龍濱里,6500200-068,121.5021873,25.07276173
2025/04/02,新北市,新店區,寶福里,6500600-058,121.5522352,24.97437919
2025/04/02,新北市,新店區,廣興里,6500600-028,121.5091141,24.89202523
2025/04/02,新北市,板橋區,海山里,6500100-057,121.4739838,25.01014733
2025/04/02,新北市,板橋區,福星里,6500100-076,121.4612174,25.00293685
2025/04/02,新北市,新店區,直潭里,6500600-029,121.5353653,24.94124923
2025/04/02,新北市,板橋區,民權里,6500100-018,121.4596903,25.01606671
2025/04/02,新北市,三重區,龍門里,6500200-069,121.4983392,25.07278849
2025/04/02,新北市,永和區,保安里,6500400-013,121.5064081,25.00916749
2025/04/02,新北市,新店區,塗潭里,6500600-021,121.5153865,24.92147277
2025/04/02,新北市,中和區,福祥里,6500300-016,121.4990099,25.00500221
2025/04/02,新北市,三重區,福德里,6500200-111,121.4868342,25.05243509
2025/04/02,新北市,板橋區,陽明里,6500100-116,121.4646579,25.02378069
2025/04/02,新北市,板橋區,德翠里,6500100-037,121.456438,25.02462206
2025/04/02,新北市,新店區,龜山里,6500600-027,121.56108,24.89406362
2025/04/02,新北市,板橋區,文德里,6500100-103,121.4622698,25.02290705
2025/04/02,新北市,新店區,美城里,6500600-063,121.5308259,24.94915589
2025/04/02,新北市,土城區,樂利里,6501300-027,121.4506572,24.98589705
2025/04/07,新北市,中和區,秀明里,6500300-031,121.51588,24.9934348
2025/04/07,新北市,蘆洲區,信義里,6501400-018,121.478698,25.08743494
2025/04/07,新北市,中和區,秀水里,6500300-072,121.519311,24.99257957
2025/04/07,新北市,泰山區,貴和里,6501600-010,121.4221672,25.03395746
2025/04/07,新北市,中和區,秀仁里,6500300-033,121.518671,24.9949182
2025/04/08,新北市,板橋區,新生里,6500100-102,121.4569427,25.02165637
2025/04/08,新北市,板橋區,港尾里,6500100-015,121.4550417,25.02164004
2025/04/08,新北市,雙溪區,泰平里,6502500-012,121.821219,24.95134868
2025/04/08,新北市,雙溪區,牡丹里,6502500-006,121.8632672,25.0664536
2025/04/08,新北市,三重區,錦安里,6500200-055,121.4996337,25.06579939
2025/04/08,新北市,三重區,長生里,6500200-058,121.5006154,25.06693405
2025/04/08,新北市,板橋區,明翠里,6500100-039,121.4650548,25.02618931
2025/04/08,新北市,板橋區,新翠里,6500100-035,121.461892,25.02550183
2025/04/08,新北市,中和區,建和里,6500300-006,121.4916434,24.9953188
2025/04/08,新北市,雙溪區,新基里,6502500-003,121.8787123,25.04192504
2025/04/08,新北市,三重區,富華里,6500200-106,121.4944614,25.08577909
2025/04/08,新北市,三重區,碧華里,6500200-108,121.4859892,25.08568073
2025/04/08,新北市,永和區,民樂里,6500400-035,121.5278186,24.99999857
2025/04/08,新北市,鶯歌區,南靖里,6500800-009,121.3553044,24.94555135
2025/04/08,新北市,雙溪區,雙溪里,6502500-001,121.8655049,25.03597374
2025/04/08,新北市,板橋區,百壽里,6500100-025,121.4679162,25.01916203
2025/04/08,新北市,板橋區,介壽里,6500100-026,121.4689969,25.01968903
2025/04/08,新北市,永和區,水源里,6500400-026,121.51081,25.00529957
2025/04/08,新北市,淡水區,水碓里,6501000-011,121.4446782,25.17696433
2025/04/08,新北市,板橋區,港德里,6500100-017,121.4580548,25.01908586
2025/04/08,新北市,鶯歌區,建國里,6500800-020,121.3450981,24.95503157
2025/04/08,新北市,板橋區,朝陽里,6500100-117,121.4606576,25.02718221
2025/04/08,新北市,雙溪區,平林里,6502500-008,121.847855,25.0378468
2025/04/08,新北市,中和區,景安里,6500300-050,121.5071188,24.99475002
2025/04/08,新北市,中和區,景安里,6500300-050,121.5071188,24.99475002
2025/04/09,新北市,新店區,明德里,6500600-002,121.5406127,24.97859569
2025/04/09,新北市,萬里區,北基里,6502800-010,121.6822951,25.17726553
2025/04/09,新北市,新莊區,立功里,6500500-034,121.4462879,25.04270023
2025/04/09,新北市,鶯歌區,尖山里,6500800-010,121.3389483,24.94708214
2025/04/09,新北市,汐止區,保安里,6501100-011,121.679256,25.07038082
2025/04/09,新北市,新莊區,立德里,6500500-029,121.4493931,25.04108403
2025/04/09,新北市,中和區,中山里,6500300-083,121.4893092,24.99516419
2025/04/09,新北市,新店區,復興里,6500600-062,121.5345807,24.98534743
2025/04/09,新北市,新店區,福德里,6500600-049,121.5338439,24.97657727
2025/04/09,新北市,三重區,文化里,6500200-051,121.4983513,25.06404976
2025/04/09,新北市,中和區,仁和里,6500300-004,121.4843664,24.99457045
2025/04/09,新北市,蘆洲區,中路里,6501400-003,121.4672169,25.0804506
2025/04/09,新北市,新莊區,中和里,6500500-014,121.4504199,25.04418397
2025/04/09,新北市,永和區,上溪里,6500400-022,121.5141752,25.01435592
2025/04/09,新北市,新店區,江陵里,6500600-005,121.5360278,24.98131212
2025/04/09,新北市,中和區,灰磘里,6500300-054,121.4817459,24.98293022
2025/04/09,新北市,新店區,忠誠里,6500600-043,121.5422207,24.97499584
2025/04/09,新北市,新莊區,立泰里,6500500-059,121.4428905,25.04316611
2025/04/09,新北市,永和區,文化里,6500400-002,121.5105691,25.01493655
2025/04/09,新北市,三重區,承德里,6500200-080,121.5012246,25.074877
2025/04/09,新北市,新莊區,立言里,6500500-031,121.4443854,25.03914333
2025/04/09,新北市,新店區,信義里,6500600-008,121.5424967,24.98594245
2025/04/09,新北市,汐止區,橋東里,6501100-005,121.6660401,25.07309422
2025/04/09,新北市,新莊區,興漢里,6500500-013,121.4510131,25.03511301
2025/04/09,新北市,三重區,六合里,6500200-077,121.4884178,25.0694158
2025/04/09,新北市,新店區,大同里,6500600-004,121.5401908,24.98135079
2025/04/10,新北市,新店區,下城里,6500600-013,121.5215508,24.95582736
2025/04/10,新北市,泰山區,明志里,6501600-008,121.4217983,25.04731619
2025/04/11,新北市,中和區,華新里,6500300-035,121.5080564,24.97944975
2025/04/11,新北市,板橋區,忠翠里,6500100-044,121.4736743,25.02667892
2025/04/11,新北市,板橋區,東安里,6500100-122,121.4727365,25.01232329
2025/04/11,新北市,板橋區,香丘里,6500100-066,121.4689976,25.01493668
2025/04/11,新北市,三峽區,添福里,6500900-012,121.3796565,24.89744576
2025/04/11,新北市,新莊區,營盤里,6500500-040,121.434524,25.03613013
2025/04/11,新北市,三峽區,成福里,6500900-020,121.4274609,24.93126894
2025/04/11,新北市,板橋區,福丘里,6500100-070,121.4640658,25.01146535
2025/04/12,新北市,中和區,錦昌里,6500300-053,121.4941763,24.98551739
2025/04/12,新北市,中和區,錦和里,6500300-052,121.4893532,24.98502569
2025/04/13,新北市,新莊區,福基里,6500500-005,121.4615869,25.06187743
2025/04/13,新北市,中和區,錦昌里,6500300-053,121.4941763,24.98551739
2025/04/14,新北市,金山區,五湖里,6502700-006,121.6174289,25.21089509
2025/04/14,新北市,五股區,集福里,6501500-003,121.4515975,25.11283034
2025/04/14,新北市,金山區,永興里,6502700-014,121.6249848,25.26101229
2025/04/14,新北市,土城區,大安里,6501300-020,121.4438331,24.95530524
2025/04/14,新北市,金山區,永興里,6502700-014,121.6249848,25.26101229
2025/04/14,新北市,三重區,過田里,6500200-010,121.4882833,25.05946695
2025/04/14,新北市,土城區,頂埔里,6501300-023,121.422012,24.95500243
2025/04/14,新北市,新店區,明城里,6500600-055,121.5026953,24.94713031
2025/04/14,新北市,板橋區,長安里,6500100-069,121.4715594,25.01321458
2025/04/14,新北市,金山區,清泉里,6502700-011,121.6277351,25.23191211
2025/04/14,新北市,新店區,頂城里,6500600-012,121.5293129,24.96478151
2025/04/14,新北市,平溪區,平溪里,6502400-005,121.7268716,25.03838302
2025/04/14,新北市,金山區,五湖里,6502700-006,121.6174289,25.21089509
2025/04/14,新北市,金山區,清泉里,6502700-011,121.6277351,25.23191211
2025/04/14,新北市,板橋區,深丘里,6500100-065,121.4682716,25.01049556
2025/04/14,新北市,蘆洲區,仁義里,6501400-028,121.4809873,25.08444728
2025/04/14,新北市,土城區,大安里,6501300-020,121.4438331,24.95530524
2025/04/14,新北市,土城區,永寧里,6501300-021,121.4317936,24.95482643
2025/04/14,新北市,土城區,沛陂里,6501300-022,121.421484,24.96558381
2025/04/14,新北市,土城區,頂新里,6501300-025,121.4127944,24.95352334
2025/04/14,新北市,金山區,六股里,6502700-009,121.6134976,25.22575918
2025/04/14,新北市,金山區,萬壽里,6502700-012,121.6324495,25.24122842
2025/04/14,新北市,土城區,沛陂里,6501300-022,121.421484,24.96558381
2025/04/14,新北市,永和區,協和里,6500400-027,121.5121014,25.00754104
2025/04/14,新北市,金山區,兩湖里,6502700-008,121.5937074,25.23185407
2025/04/14,新北市,蘆洲區,中原里,6501400-002,121.4656384,25.08569746
2025/04/14,新北市,新店區,安和里,6500600-056,121.5171033,24.97455802
2025/04/14,新北市,土城區,祖田里,6501300-026,121.4251804,24.94377101
2025/04/14,新北市,新店區,永安里,6500600-015,121.5194216,24.98368204
2025/04/14,新北市,新店區,新和里,6500600-066,121.520082,24.98696981
2025/04/14,新北市,新店區,美城里,6500600-063,121.5308259,24.94915589
2025/04/14,新北市,土城區,祖田里,6501300-026,121.4251804,24.94377101
2025/04/14,新北市,土城區,祖田里,6501300-026,121.4251804,24.94377101
2025/04/14,新北市,平溪區,石底里,6502400-004,121.7333589,25.02123701
2025/04/14,新北市,金山區,六股里,6502700-009,121.6134976,25.22575918
2025/04/14,新北市,金山區,重和里,6502700-007,121.5895813,25.19810355
2025/04/14,新北市,金山區,西湖里,6502700-013,121.6152258,25.24680105
2025/04/14,新北市,金山區,西湖里,6502700-013,121.6152258,25.24680105
2025/04/14,新北市,金山區,萬壽里,6502700-012,121.6324495,25.24122842
2025/04/15,新北市,中和區,正行里,6500300-093,121.4985181,24.99461949
2025/04/15,新北市,板橋區,華福里,6500100-111,121.4579799,25.00503303
2025/04/15,新北市,樹林區,圳福里,6500700-028,121.4289792,25.00091691
2025/04/15,新北市,三重區,谷王里,6500200-004,121.4750672,25.05375696
2025/04/15,新北市,板橋區,華貴里,6500100-085,121.456911,25.00228211
2025/04/15,新北市,樹林區,文林里,6500700-034,121.4249421,24.99881798
2025/04/15,新北市,板橋區,廣福里,6500100-083,121.4614257,24.99179636
2025/04/15,新北市,板橋區,信義里,6500100-088,121.4575675,24.99304968
2025/04/15,新北市,八里區,頂罟里,6502300-005,121.4027201,25.15953053
2025/04/15,新北市,板橋區,華德里,6500100-086,121.4491632,24.99305027
2025/04/15,新北市,板橋區,華東里,6500100-087,121.4521149,24.99768242
2025/04/15,新北市,五股區,德泰里,6501500-013,121.4377879,25.06765869
2025/04/15,新北市,中和區,復興里,6500300-045,121.5019701,24.99146515
2025/04/15,新北市,八里區,大崁里,6502300-003,121.4243586,25.15656277
2025/04/15,新北市,八里區,埤頭里,6502300-004,121.4167859,25.15014261
2025/04/15,新北市,永和區,永成里,6500400-009,121.5093912,25.01670009
2025/04/16,新北市,汐止區,北峰里,6501100-019,121.6277645,25.07026032
2025/04/16,新北市,板橋區,和平里,6500100-082,121.4619798,24.99409002
2025/04/16,新北市,瑞芳區,深澳里,6501200-031,121.8116385,25.12870191
2025/04/16,新北市,中和區,新南里,6500300-025,121.5005344,24.99634596
2025/04/16,新北市,板橋區,五權里,6500100-123,121.4648492,24.99307561
2025/04/16,新北市,永和區,秀成里,6500400-021,121.5277049,25.00308075
2025/04/16,新北市,三重區,溪美里,6500200-093,121.4917811,25.07796713
2025/04/16,新北市,板橋區,重慶里,6500100-080,121.4607381,24.99656178
2025/04/16,新北市,瑞芳區,新山里,6501200-023,121.8495089,25.11103129
2025/04/16,新北市,永和區,民權里,6500400-017,121.5210663,24.99797957
2025/04/16,新北市,中和區,平河里,6500300-002,121.4858581,24.99979807
2025/04/16,新北市,汐止區,湖蓮里,6501100-049,121.6317261,25.07575578
2025/04/16,新北市,土城區,廣興里,6501300-044,121.4572988,24.9893182
2025/04/16,新北市,瑞芳區,瑞濱里,6501200-030,121.8174138,25.11889626
2025/04/16,新北市,瑞芳區,福住里,6501200-021,121.8399593,25.10561128
2025/04/16,新北市,中和區,信和里,6500300-003,121.4831119,24.99840175
2025/04/16,新北市,中和區,仁和里,6500300-004,121.4843664,24.99457045
2025/04/16,新北市,三重區,福樂里,6500200-117,121.4867988,25.07876511
2025/04/16,新北市,中和區,華新里,6500300-035,121.5080564,24.97944975
2025/04/16,新北市,中和區,景平里,6500300-047,121.5116161,24.99292631
2025/04/16,新北市,中和區,中正里,6500300-005,121.4870551,24.99508951
2025/04/16,新北市,瑞芳區,海濱里,6501200-029,121.8377875,25.12055011
2025/04/16,新北市,三重區,福隆里,6500200-094,121.488874,25.07690939
2025/04/16,新北市,瑞芳區,瓜山里,6501200-024,121.8525566,25.10315944
2025/04/16,新北市,中和區,崇南里,6500300-039,121.5135715,24.98648867
2025/04/16,新北市,汐止區,茄苳里,6501100-009,121.681647,25.05598737
2025/04/17,新北市,三重區,清和里,6500200-039,121.5023379,25.06153817
2025/04/17,新北市,汐止區,秀峰里,6501100-006,121.6603598,25.06506493
2025/04/17,新北市,蘆洲區,長安里,6501400-031,121.4597119,25.08094184
2025/04/17,新北市,汐止區,文化里,6501100-032,121.6474362,25.06014573
2025/04/17,新北市,三峽區,安溪里,6500900-024,121.3707254,24.92719884
2025/04/17,新北市,蘆洲區,保佑里,6501400-005,121.4680076,25.08836044
2025/04/17,新北市,烏來區,福山里,6502900-003,121.5123475,24.7491473
2025/04/17,新北市,三芝區,圓山里,6502100-011,121.5395843,25.21776864
2025/04/17,新北市,三峽區,溪北里,6500900-017,121.4021494,24.94262332
2025/04/17,新北市,三重區,仁德里,6500200-032,121.4969876,25.06097931
2025/04/17,新北市,三芝區,後厝里,6502100-009,121.4726342,25.24502278
2025/04/17,新北市,蘆洲區,得仁里,6501400-026,121.4720419,25.07622138
2025/04/17,新北市,三重區,忠孝里,6500200-033,121.4971829,25.05948263
2025/04/17,新北市,泰山區,新明里,6501600-014,121.4277321,25.04297066
2025/04/17,新北市,新店區,中央里,6500600-054,121.5271563,24.9745933
2025/04/18,新北市,新莊區,文聖里,6500500-065,121.4489703,25.03729694
2025/04/18,新北市,貢寮區,美豐里,6502600-010,121.8984332,25.0626036
2025/04/18,新北市,板橋區,民族里,6500100-072,121.4695496,25.00808341
2025/04/18,新北市,永和區,保安里,6500400-013,121.5064081,25.00916749
2025/04/18,新北市,貢寮區,龍崗里,6502600-004,121.9060126,24.99897869
2025/04/18,新北市,深坑區,埔新里,6501800-006,121.61944,25.00551798
2025/04/18,新北市,貢寮區,吉林里,6502600-002,121.8831923,24.98419761
2025/04/18,新北市,汐止區,八連里,6501100-017,121.6318284,25.09837602
2025/04/18,新北市,鶯歌區,南靖里,6500800-009,121.3553044,24.94555135
2025/04/18,新北市,三重區,龍濱里,6500200-068,121.5021873,25.07276173
2025/04/18,新北市,三重區,龍門里,6500200-069,121.4983392,25.07278849
2025/04/18,新北市,貢寮區,龍崗里,6502600-004,121.9060126,24.99897869
2025/04/18,新北市,新莊區,全泰里,6500500-060,121.4469827,25.03671411
2025/04/18,新北市,貢寮區,貢寮里,6502600-001,121.9024757,25.02755513
2025/04/18,新北市,貢寮區,和美里,6502600-011,121.902957,25.09617943
2025/04/18,新北市,汐止區,中興里,6501100-026,121.6314448,25.06468886
2025/04/18,新北市,貢寮區,雙玉里,6502600-003,121.9254508,25.00186136
2025/04/18,新北市,貢寮區,雙玉里,6502600-003,121.9254508,25.00186136
2025/04/18,新北市,貢寮區,雙玉里,6502600-003,121.9254508,25.00186136
2025/04/18,新北市,貢寮區,雙玉里,6502600-003,121.9254508,25.00186136
2025/04/18,新北市,三峽區,中正里,6500900-025,121.3741955,24.92011488
2025/04/18,新北市,板橋區,華興里,6500100-084,121.4560413,25.00366107
2025/04/18,新北市,貢寮區,雙玉里,6502600-003,121.9254508,25.00186136
2025/04/18,新北市,三重區,秀江里,6500200-070,121.4987613,25.07222873
2025/04/18,新北市,貢寮區,雙玉里,6502600-003,121.9254508,25.00186136
2025/04/18,新北市,貢寮區,雙玉里,6502600-003,121.9254508,25.00186136
2025/04/18,新北市,貢寮區,雙玉里,6502600-003,121.9254508,25.00186136
2025/04/18,新北市,貢寮區,雙玉里,6502600-003,121.9254508,25.00186136
2025/04/18,新北市,貢寮區,雙玉里,6502600-003,121.9254508,25.00186136
2025/04/19,新北市,永和區,永安里,6500400-015,121.5152661,25.00486562
2025/04/20,新北市,新店區,復興里,6500600-062,121.5345807,24.98534743
2025/04/21,新北市,土城區,清水里,6501300-012,121.4603217,24.97905331
2025/04/21,新北市,汐止區,秀山里,6501100-046,121.6655259,25.05911852
2025/04/21,新北市,萬里區,萬里里,6502800-001,121.6943568,25.17498705
2025/04/21,新北市,中和區,文元里,6500300-059,121.4818644,24.99632799
2025/04/21,新北市,土城區,學成里,6501300-039,121.4510963,24.98869141
2025/04/21,新北市,萬里區,崁脚里,6502800-008,121.6577323,25.15879608
2025/04/21,新北市,三峽區,鳶山里,6500900-008,121.3412822,24.9258379
2025/04/21,新北市,土城區,清水里,6501300-012,121.4603217,24.97905331
2025/04/21,新北市,泰山區,泰友里,6501600-013,121.4301851,25.04460594
2025/04/21,新北市,汐止區,福安里,6501100-045,121.6648641,25.06529998
2025/04/21,新北市,瑞芳區,頌德里,6501200-022,121.8376363,25.11108177
2025/04/22,新北市,三峽區,添福里,6500900-012,121.3796565,24.89744576
2025/04/22,新北市,烏來區,信賢里,6502900-004,121.5187377,24.82420724
2025/04/22,新北市,三峽區,三峽里,6500900-001,121.3692527,24.93332583
2025/04/22,新北市,土城區,峯廷里,6501300-017,121.4690457,24.98523037
2025/04/23,新北市,中和區,內南里,6500300-042,121.501119,24.9771884
2025/04/23,新北市,土城區,廣福里,6501300-028,121.4567983,24.98706799
2025/04/23,新北市,永和區,桂林里,6500400-055,121.5218973,25.01185251
2025/04/23,新北市,土城區,學府里,6501300-029,121.4521133,24.98363791
2025/04/23,新北市,土城區,中正里,6501300-041,121.4559704,24.98450457
2025/04/23,新北市,新店區,寶福里,6500600-058,121.5522352,24.97437919
2025/04/24,新北市,土城區,日新里,6501300-006,121.4440636,24.98661666
2025/04/24,新北市,三重區,信安里,6500200-074,121.4924916,25.07082674
2025/04/24,新北市,深坑區,土庫里,6501800-003,121.6352888,25.01682705
2025/04/24,新北市,三重區,福安里,6500200-073,121.4934381,25.06965502
2025/04/24,新北市,鶯歌區,二橋里,6500800-011,121.3281113,24.93753773
2025/04/24,新北市,中和區,民有里,6500300-087,121.4753404,25.00437076
2025/04/25,新北市,永和區,中溪里,6500400-014,121.5095014,25.01169742
2025/04/25,新北市,新莊區,合鳳里,6500500-046,121.4158686,25.02822602
2025/04/25,新北市,平溪區,白石里,6502400-003,121.7238297,25.0175565
2025/04/25,新北市,樹林區,東陽里,6500700-019,121.4148287,24.98204386
2025/04/25,新北市,新莊區,丹鳳里,6500500-043,121.4066355,25.0372922
2025/04/25,新北市,板橋區,溪福里,6500100-124,121.4307939,24.9807353
2025/04/25,新北市,樹林區,彭厝里,6500700-016,121.4165562,24.97231703
2025/04/26,新北市,中和區,秀山里,6500300-027,121.5215162,24.99358555
2025/04/27,新北市,新店區,中正里,6500600-044,121.5389302,24.97159997
2025/04/27,新北市,中和區,外南里,6500300-044,121.5045507,24.98868841
2025/04/28,新北市,中和區,廟美里,6500300-012,121.4994426,25.00110147
2025/04/28,新北市,新莊區,仁義里,6500500-061,121.458783,25.04793158
2025/04/28,新北市,中和區,連和里,6500300-007,121.4948158,25.00077021
2025/04/28,新北市,新莊區,幸福里,6500500-047,121.4544765,25.05010758
2025/04/28,新北市,中和區,瓦磘里,6500300-017,121.5067549,25.00404159
2025/04/28,新北市,新莊區,仁愛里,6500500-028,121.4569882,25.04817825
2025/04/28,新北市,新莊區,自信里,6500500-049,121.4543425,25.04878708
2025/04/28,新北市,新莊區,信義里,6500500-030,121.4572923,25.05081671
2025/04/28,新北市,中和區,連城里,6500300-008,121.4967726,24.99817542
2025/04/28,新北市,五股區,五股里,6501500-008,121.4382978,25.08306649
2025/04/29,新北市,土城區,柑林里,6501300-009,121.453515,24.97760591
2025/04/29,新北市,平溪區,東勢里,6502400-007,121.7452232,24.99560374
2025/04/29,新北市,五股區,更寮里,6501500-002,121.4515281,25.0782295
2025/04/29,新北市,中和區,秀義里,6500300-076,121.5252492,24.99423132
2025/04/29,新北市,五股區,興珍里,6501500-001,121.4577325,25.06944168
2025/04/30,新北市,三重區,大同里,6500200-028,121.4941331,25.06075329
2025/04/30,新北市,永和區,前溪里,6500400-043,121.5128307,25.0099555
2025/04/30,新北市,三重區,田心里,6500200-015,121.4816714,25.06425129
2025/04/30,新北市,三重區,福星里,6500200-037,121.5006878,25.06254814
2025/04/30,新北市,三重區,菜寮里,6500200-024,121.492093,25.05845592
2025/04/30,新北市,三重區,福利里,6500200-038,121.5009825,25.05992749
2025/04/30,新北市,三重區,田中里,6500200-017,121.4816198,25.06695071
2025/05/01,新北市,中和區,景南里,6500300-040,121.5153259,24.98837374
2025/05/01,新北市,板橋區,後埔里,6500100-110,121.4631215,25.00649576
2025/05/01,新北市,中和區,清穗里,6500300-065,121.4681303,24.99797926
2025/05/01,新北市,中和區,壽南里,6500300-043,121.5080747,24.98812368
2025/05/01,新北市,中和區,嘉穗里,6500300-058,121.4778251,24.99616226
2025/05/01,新北市,五股區,成泰里,6501500-018,121.4346747,25.0966337
2025/05/02,新北市,泰山區,貴子里,6501600-009,121.4175748,25.04098664
2025/05/02,新北市,瑞芳區,鼻頭里,6501200-033,121.9108146,25.12147823
2025/05/02,新北市,永和區,永成里,6500400-009,121.5093912,25.01670009
2025/05/02,新北市,鶯歌區,大湖里,6500800-014,121.3365585,24.97721163
2025/05/02,新北市,鶯歌區,中湖里,6500800-018,121.3448018,24.97017151
2025/05/02,新北市,深坑區,昇高里,6501800-004,121.6279054,24.99051551
2025/05/02,新北市,蘆洲區,永安里,6501400-035,121.4667892,25.0780602
2025/05/02,新北市,新店區,德安里,6500600-017,121.5004935,24.95818565
2025/05/02,新北市,新店區,文中里,6500600-034,121.5423519,24.9578097
2025/05/02,新北市,蘆洲區,忠孝里,6501400-033,121.4740124,25.08986397
2025/05/02,新北市,永和區,新生里,6500400-041,121.5058362,25.01399557
2025/05/02,新北市,蘆洲區,延平里,6501400-036,121.4627356,25.07905475
2025/05/02,新北市,新店區,美潭里,6500600-022,121.5560898,24.95812066
2025/05/02,新北市,中和區,安和里,6500300-021,121.5093067,24.99651731
2025/05/02,新北市,新店區,百和里,6500600-048,121.5363638,24.97677211
2025/05/02,新北市,新店區,太平里,6500600-011,121.5325244,24.95513469
2025/05/02,新北市,板橋區,江翠里,6500100-029,121.4694316,25.03034618
2025/05/02,新北市,新店區,新和里,6500600-066,121.520082,24.98696981
2025/05/04,新北市,中和區,秀成里,6500300-028,121.5234071,24.99333505
2025/05/04,新北市,中和區,秀福里,6500300-029,121.5240989,24.99605907
2025/05/04,新北市,板橋區,中山里,6500100-092,121.4486765,24.99997428
2025/05/04,新北市,新莊區,龍安里,6500500-067,121.41994,25.02075113
2025/05/04,新北市,土城區,峯廷里,6501300-017,121.4690457,24.98523037
2025/05/05,新北市,汐止區,宜興里,6501100-025,121.6228196,25.04185854
2025/05/05,新北市,板橋區,百壽里,6500100-025,121.4679162,25.01916203
2025/05/05,新北市,板橋區,介壽里,6500100-026,121.4689969,25.01968903
2025/05/05,新北市,永和區,中興里,6500400-018,121.5173155,25.0127101
2025/05/05,新北市,新店區,中山里,6500600-052,121.5272393,24.98076733
2025/05/05,新北市,新店區,五峯里,6500600-041,121.5452676,24.96778909
2025/05/05,新北市,新莊區,龍福里,6500500-079,121.4116542,25.02058885
2025/05/05,新北市,新店區,張北里,6500600-040,121.5454159,24.97240012
2025/05/05,新北市,新莊區,富民里,6500500-078,121.4218754,25.02745162
2025/05/05,新北市,板橋區,永安里,6500100-062,121.4762765,25.02334491
2025/05/05,新北市,新莊區,龍鳳里,6500500-050,121.4151866,25.02125075
2025/05/05,新北市,中和區,正南里,6500300-092,121.5071234,24.98371747
2025/05/05,新北市,新店區,達觀里,6500600-068,121.504797,24.9415708
2025/05/05,新北市,新莊區,富國里,6500500-024,121.4197339,25.02698365
2025/05/05,新北市,樹林區,樹興里,6500700-029,121.4172158,24.99117151
2025/05/05,新北市,板橋區,埤墘里,6500100-061,121.4734998,25.02220781
2025/05/05,新北市,中和區,東南里,6500300-036,121.511175,24.98596925
2025/05/05,新北市,新店區,寶興里,6500600-006,121.5465061,24.98051835
2025/05/05,新北市,板橋區,廣新里,6500100-064,121.4750758,25.02046407
2025/05/05,新北市,新店區,忠孝里,6500600-009,121.5348853,24.98913968
2025/05/05,新北市,永和區,忠義里,6500400-010,121.5076601,25.01540691
2025/05/05,新北市,新店區,雙坑里,6500600-024,121.5880035,24.94478
2025/05/05,新北市,三重區,永盛里,6500200-088,121.4850783,25.07649646
2025/05/05,新北市,板橋區,五權里,6500100-123,121.4648492,24.99307561
2025/05/06,新北市,新店區,屈尺里,6500600-026,121.5636091,24.91840554
2025/05/06,新北市,板橋區,溪洲里,6500100-099,121.4264059,24.98800716
2025/05/06,新北市,三重區,正德里,6500200-047,121.4963437,25.06374288
2025/05/06,新北市,新店區,下城里,6500600-013,121.5215508,24.95582736
2025/05/06,新北市,貢寮區,美豐里,6502600-010,121.8984332,25.0626036
2025/05/06,新北市,新店區,香坡里,6500600-060,121.4800609,24.95896335
2025/05/06,新北市,新店區,安昌里,6500600-064,121.5105513,24.96151479
2025/05/06,新北市,萬里區,野柳里,6502800-003,121.6705718,25.19979598
2025/05/06,新北市,新店區,華城里,6500600-069,121.5045365,24.92587758
2025/05/06,新北市,新店區,粗坑里,6500600-025,121.5596732,24.93311073
2025/05/06,新北市,板橋區,留侯里,6500100-001,121.4551047,25.00970744
2025/05/06,新北市,萬里區,溪底里,6502800-007,121.6164933,25.15230365
2025/05/06,新北市,板橋區,流芳里,6500100-002,121.4572633,25.00808197
2025/05/06,新北市,三峽區,竹崙里,6500900-022,121.4360374,24.89926643
2025/05/06,新北市,新店區,公崙里,6500600-016,121.5129649,24.95267703
2025/05/06,新北市,三重區,福祉里,6500200-008,121.4856528,25.05464341
2025/05/06,新北市,三重區,正義里,6500200-048,121.4954283,25.06562302
2025/05/06,新北市,板橋區,莊敬里,6500100-121,121.4718317,25.02034377
2025/05/06,新北市,板橋區,赤松里,6500100-003,121.4560229,25.00963157
2025/05/06,新北市,三重區,田中里,6500200-017,121.4816198,25.06695071
2025/05/06,新北市,三重區,長安里,6500200-056,121.4989342,25.06777916
2025/05/06,新北市,板橋區,挹秀里,6500100-005,121.4594573,25.01014015
2025/05/06,新北市,樹林區,樹東里,6500700-013,121.4248416,24.98643246
2025/05/06,新北市,板橋區,華福里,6500100-111,121.4579799,25.00503303
2025/05/06,新北市,板橋區,黃石里,6500100-004,121.4577527,25.01164083
2025/05/07,新北市,貢寮區,福隆里,6502600-006,121.9547326,25.00687338
2025/05/07,新北市,板橋區,信義里,6500100-088,121.4575675,24.99304968
2025/05/07,新北市,貢寮區,仁里里,6502600-007,121.919766,25.04551227
2025/05/07,新北市,板橋區,廣福里,6500100-083,121.4614257,24.99179636
2025/05/07,新北市,貢寮區,仁里里,6502600-007,121.919766,25.04551227
2025/05/07,新北市,板橋區,廣德里,6500100-078,121.4647007,25.00020913
2025/05/07,新北市,鶯歌區,中鶯里,6500800-005,121.3532976,24.95434939
2025/05/07,新北市,貢寮區,美豐里,6502600-010,121.8984332,25.0626036
2025/05/07,新北市,貢寮區,美豐里,6502600-010,121.8984332,25.0626036
2025/05/07,新北市,貢寮區,美豐里,6502600-010,121.8984332,25.0626036
2025/05/07,新北市,貢寮區,美豐里,6502600-010,121.8984332,25.0626036
2025/05/07,新北市,貢寮區,美豐里,6502600-010,121.8984332,25.0626036
2025/05/07,新北市,板橋區,重慶里,6500100-080,121.4607381,24.99656178
2025/05/07,新北市,貢寮區,福連里,6502600-009,121.9846206,25.00655985
2025/05/07,新北市,鶯歌區,東鶯里,6500800-001,121.3572128,24.9527475
2025/05/07,新北市,貢寮區,美豐里,6502600-010,121.8984332,25.0626036
2025/05/07,新北市,貢寮區,美豐里,6502600-010,121.8984332,25.0626036
2025/05/07,新北市,貢寮區,美豐里,6502600-010,121.8984332,25.0626036
2025/05/07,新北市,新店區,新生里,6500600-038,121.5387176,24.96465234
2025/05/07,新北市,貢寮區,美豐里,6502600-010,121.8984332,25.0626036
2025/05/07,新北市,板橋區,和平里,6500100-082,121.4619798,24.99409002
2025/05/07,新北市,貢寮區,美豐里,6502600-010,121.8984332,25.0626036
2025/05/08,新北市,樹林區,柑園里,6500700-026,121.3859216,24.95298191
2025/05/08,新北市,中和區,秀士里,6500300-077,121.5153577,24.99131701
2025/05/08,新北市,新店區,廣明里,6500600-035,121.5405557,24.96029124
2025/05/08,新北市,新莊區,中宏里,6500500-057,121.4477039,25.04789513
2025/05/08,新北市,永和區,民本里,6500400-034,121.5273157,24.99675896
2025/05/08,新北市,新莊區,中全里,6500500-058,121.449572,25.04711348
2025/05/08,新北市,土城區,頂福里,6501300-024,121.4139294,24.95616757
2025/05/08,新北市,土城區,頂埔里,6501300-023,121.422012,24.95500243
2025/05/08,新北市,金山區,美田里,6502700-005,121.6330463,25.22460492
2025/05/08,新北市,新莊區,中泰里,6500500-017,121.4498705,25.04580274
2025/05/08,新北市,土城區,學府里,6501300-029,121.4521133,24.98363791
2025/05/08,新北市,土城區,裕生里,6501300-036,121.4445471,24.98933211
2025/05/08,新北市,三峽區,八張里,6500900-003,121.3686533,24.92958535
2025/05/08,新北市,三重區,瑞德里,6500200-081,121.498582,25.0749924
2025/05/08,新北市,土城區,頂福里,6501300-024,121.4139294,24.95616757
2025/05/08,新北市,八里區,長坑里,6502300-009,121.3915177,25.11552957
2025/05/08,新北市,土城區,清溪里,6501300-016,121.4611531,24.98565886
2025/05/08,新北市,新莊區,中平里,6500500-075,121.4463443,25.05105155
2025/05/08,新北市,八里區,下罟里,6502300-010,121.3806319,25.1377991
2025/05/08,新北市,新店區,文明里,6500600-036,121.5405224,24.96301536
2025/05/08,新北市,土城區,柑林里,6501300-009,121.453515,24.97760591
2025/05/08,新北市,土城區,清溪里,6501300-016,121.4611531,24.98565886
2025/05/08,新北市,中和區,景平里,6500300-047,121.5116161,24.99292631
2025/05/08,新北市,新莊區,立廷里,6500500-076,121.4432263,25.05106763
2025/05/08,新北市,土城區,祖田里,6501300-026,121.4251804,24.94377101
2025/05/08,新北市,泰山區,全興里,6501600-017,121.4331708,25.05470984
2025/05/08,新北市,土城區,沛陂里,6501300-022,121.421484,24.96558381
2025/05/08,新北市,深坑區,阿柔里,6501800-005,121.6081323,24.98711516
2025/05/08,新北市,八里區,荖阡里,6502300-008,121.4048839,25.13217202
2025/05/08,新北市,土城區,明德里,6501300-043,121.4494142,24.98207547
2025/05/08,新北市,土城區,峯廷里,6501300-017,121.4690457,24.98523037
2025/05/08,新北市,三重區,崇德里,6500200-082,121.4964797,25.07461822
2025/05/08,新北市,新莊區,中和里,6500500-014,121.4504199,25.04418397
2025/05/08,新北市,新店區,新店里,6500600-031,121.537026,24.95428931
2025/05/09,新北市,中和區,佳和里,6500300-019,121.5026526,25.00531298
2025/05/09,新北市,土城區,延祿里,6501300-047,121.4698513,24.99000016
2025/05/09,新北市,樹林區,南園里,6500700-024,121.3871118,24.9481158
2025/05/09,新北市,土城區,延壽里,6501300-030,121.4719331,24.99208492
2025/05/09,新北市,三重區,安慶里,6500200-075,121.4942456,25.06874196
2025/05/09,新北市,蘆洲區,鷺江里,6501400-008,121.4762263,25.08581184
2025/05/09,新北市,板橋區,新埔里,6500100-027,121.4667642,25.02301258
2025/05/09,新北市,三重區,安慶里,6500200-075,121.4942456,25.06874196
2025/05/09,新北市,土城區,清溪里,6501300-016,121.4611531,24.98565886
2025/05/09,新北市,土城區,清溪里,6501300-016,121.4611531,24.98565886
2025/05/09,新北市,土城區,清溪里,6501300-016,121.4611531,24.98565886
2025/05/09,新北市,中和區,積穗里,6500300-055,121.4800755,25.0047111
2025/05/09,新北市,中和區,國光里,6500300-069,121.4686293,25.00258709
2025/05/09,新北市,中和區,積穗里,6500300-055,121.4800755,25.0047111
2025/05/10,新北市,新店區,柴埕里,6500600-014,121.5095845,24.96806042
2025/05/12,新北市,永和區,豫溪里,6500400-003,121.5172362,25.00952129
2025/05/12,新北市,土城區,延吉里,6501300-034,121.4739965,24.98755975
2025/05/12,新北市,淡水區,學府里,6501000-041,121.4601792,25.17251487
2025/05/12,新北市,土城區,安和里,6501300-031,121.4667048,24.98891522
2025/05/12,新北市,土城區,安和里,6501300-031,121.4667048,24.98891522
2025/05/12,新北市,土城區,清溪里,6501300-016,121.4611531,24.98565886
2025/05/12,新北市,新店區,張南里,6500600-032,121.537264,24.95931106
2025/05/12,新北市,淡水區,八勢里,6501000-020,121.463457,25.15239345
2025/05/12,新北市,土城區,延吉里,6501300-034,121.4739965,24.98755975
2025/05/12,新北市,新店區,國校里,6500600-033,121.5419978,24.9538313
2025/05/12,新北市,土城區,青雲里,6501300-032,121.4580421,24.98039206
2025/05/12,新北市,土城區,永豐里,6501300-014,121.4623585,24.98159398
2025/05/13,新北市,雙溪區,新基里,6502500-003,121.8787123,25.04192504
2025/05/13,新北市,三重區,田安里,6500200-018,121.4831237,25.06235904
2025/05/13,新北市,三重區,大有里,6500200-001,121.4730118,25.07041375
2025/05/13,新北市,雙溪區,牡丹里,6502500-006,121.8632672,25.0664536
2025/05/13,新北市,永和區,永福里,6500400-007,121.5235393,25.00750931
2025/05/13,新北市,雙溪區,魚行里,6502500-004,121.8726707,25.01627688
2025/05/13,新北市,三峽區,介壽里,6500900-023,121.3863562,24.92118626
2025/05/13,新北市,五股區,集賢里,6501500-016,121.4426773,25.11122533
2025/05/13,新北市,土城區,埤塘里,6501300-001,121.4481909,24.96619483
2025/05/13,新北市,淡水區,新興里,6501000-010,121.4412959,25.18033819
2025/05/13,新北市,新莊區,榮和里,6500500-016,121.452723,25.0351305
2025/05/13,新北市,三峽區,插角里,6500900-015,121.409877,24.86655264
2025/05/13,新北市,汐止區,中興里,6501100-026,121.6314448,25.06468886
2025/05/13,新北市,淡水區,新春里,6501000-035,121.4396417,25.18285951
2025/05/13,新北市,五股區,成德里,6501500-014,121.4561307,25.10228662
2025/05/13,新北市,新莊區,文德里,6500500-019,121.4554577,25.03490565
2025/05/13,新北市,三重區,光輝里,6500200-036,121.4994765,25.05946842
2025/05/13,新北市,新莊區,文明里,6500500-022,121.4616305,25.03820588
2025/05/13,新北市,三重區,富貴里,6500200-105,121.4904386,25.08812405
2025/05/13,新北市,雙溪區,上林里,6502500-009,121.8288476,25.02801267
2025/05/13,新北市,新莊區,立人里,6500500-026,121.4544533,25.03790987
2025/05/13,新北市,永和區,信義里,6500400-057,121.5130474,25.01132849
2025/05/13,新北市,永和區,永元里,6500400-011,121.5207504,25.00120166
2025/05/13,新北市,三重區,田中里,6500200-017,121.4816198,25.06695071
2025/05/13,新北市,五股區,五龍里,6501500-007,121.4129512,25.10255949
2025/05/13,新北市,淡水區,水碓里,6501000-011,121.4446782,25.17696433
2025/05/13,新北市,烏來區,孝義里,6502900-005,121.619141,24.83119624
2025/05/14,新北市,三峽區,安坑里,6500900-021,121.4658622,24.91445105
2025/05/14,新北市,板橋區,華貴里,6500100-085,121.456911,25.00228211
2025/05/14,新北市,蘆洲區,保和里,6501400-012,121.4721308,25.0856036
2025/05/14,新北市,中和區,瑞穗里,6500300-063,121.4729102,25.00561882
2025/05/14,新北市,淡水區,崁頂里,6501000-008,121.433883,25.19695962
2025/05/14,新北市,板橋區,宏翠里,6500100-033,121.4595201,25.03233546
2025/05/14,新北市,淡水區,協元里,6501000-027,121.4406304,25.17344985
2025/05/14,新北市,板橋區,廣福里,6500100-083,121.4614257,24.99179636
2025/05/14,新北市,瑞芳區,弓橋里,6501200-016,121.8417702,25.09345536
2025/05/14,新北市,蘆洲區,鷺江里,6501400-008,121.4762263,25.08581184
2025/05/14,新北市,土城區,清和里,6501300-013,121.4628327,24.97443937
2025/05/14,新北市,土城區,金城里,6501300-046,121.466157,24.98567735
2025/05/14,新北市,板橋區,文化里,6500100-104,121.4681712,25.02778679
2025/05/14,新北市,土城區,青山里,6501300-045,121.4659677,24.97752899
2025/05/14,新北市,中和區,冠穗里,6500300-090,121.4732984,25.00213085
2025/05/14,新北市,土城區,永富里,6501300-038,121.4652978,24.98254732
2025/05/14,新北市,土城區,埤林里,6501300-010,121.4531477,24.98769175
2025/05/14,新北市,板橋區,華中里,6500100-090,121.4441985,25.01528555
2025/05/14,新北市,瑞芳區,石山里,6501200-026,121.8552212,25.11471881
2025/05/14,新北市,淡水區,北投里,6501000-012,121.4611644,25.18183835
2025/05/14,新北市,永和區,雙和里,6500400-024,121.5081027,25.00102069
2025/05/14,新北市,土城區,青雲里,6501300-032,121.4580421,24.98039206
2025/05/14,新北市,板橋區,聚安里,6500100-096,121.4403248,25.00272804
2025/05/14,新北市,汐止區,福山里,6501100-024,121.6210678,25.04580058
2025/05/14,新北市,瑞芳區,銅山里,6501200-025,121.8622343,25.10233147
2025/05/14,新北市,板橋區,光復里,6500100-053,121.4860881,25.01921052
2025/05/14,新北市,板橋區,聯翠里,6500100-032,121.4679966,25.02536771
2025/05/14,新北市,土城區,員林里,6501300-003,121.4449699,24.97789261
2025/05/14,新北市,瑞芳區,猴硐里,6501200-014,121.8310001,25.07902871
2025/05/15,新北市,平溪區,十分里,6502400-011,121.7726327,25.04412248
2025/05/15,新北市,永和區,福和里,6500400-038,121.5184532,25.00551137
2025/05/15,新北市,瑞芳區,永慶里,6501200-019,121.8449289,25.10535174
2025/05/15,新北市,淡水區,新義里,6501000-034,121.4415985,25.17717526
2025/05/15,新北市,土城區,復興里,6501300-035,121.455318,24.99120604
2025/05/15,新北市,土城區,瑞興里,6501300-011,121.4552736,24.994286
2025/05/15,新北市,平溪區,嶺腳里,6502400-006,121.7411223,25.04003208
2025/05/15,新北市,中和區,碧河里,6500300-084,121.4906928,24.99963472
2025/05/15,新北市,土城區,復興里,6501300-035,121.455318,24.99120604
2025/05/15,新北市,汐止區,樟樹里,6501100-018,121.6346684,25.05867002
2025/05/15,新北市,淡水區,油車里,6501000-032,121.4269611,25.17916978
2025/05/15,新北市,新莊區,西盛里,6500500-015,121.4326259,25.01183892
2025/05/15,新北市,土城區,員福里,6501300-033,121.4388031,24.9798995
2025/05/15,新北市,永和區,民治里,6500400-008,121.5173815,24.99831551
2025/05/15,新北市,泰山區,福興里,6501600-016,121.4346588,25.05719924
2025/05/15,新北市,土城區,員福里,6501300-033,121.4388031,24.9798995
2025/05/15,新北市,新莊區,海山里,6500500-001,121.4445782,25.03294303
2025/05/16,新北市,三重區,慈生里,6500200-099,121.4854437,25.07987349
2025/05/16,新北市,三重區,慈愛里,6500200-101,121.4835555,25.08037835
2025/05/16,新北市,永和區,大同里,6500400-042,121.5065848,25.01366152
2025/05/16,新北市,三重區,慈生里,6500200-099,121.4854437,25.07987349
2025/05/16,新北市,永和區,信義里,6500400-057,121.5130474,25.01132849
2025/05/16,新北市,三重區,永清里,6500200-090,121.4805445,25.07839961
2025/05/16,新北市,三重區,永順里,6500200-114,121.4775308,25.0757023
2025/05/16,新北市,三重區,仁華里,6500200-118,121.4833934,25.08218012
2025/05/16,新北市,五股區,觀音里,6501500-004,121.4280441,25.11725193
2025/05/16,新北市,三重區,信安里,6500200-074,121.4924916,25.07082674
2025/05/18,新北市,三重區,溪美里,6500200-093,121.4917811,25.07796713
2025/05/19,新北市,金山區,五湖里,6502700-006,121.6174289,25.21089509
2025/05/19,新北市,泰山區,同興里,6501600-011,121.4315243,25.05669138
2025/05/19,新北市,金山區,清泉里,6502700-011,121.6277351,25.23191211
2025/05/19,新北市,金山區,美田里,6502700-005,121.6330463,25.22460492
2025/05/19,新北市,金山區,美田里,6502700-005,121.6330463,25.22460492
2025/05/19,新北市,三重區,錦田里,6500200-011,121.4879345,25.06254034
2025/05/19,新北市,金山區,金美里,6502700-015,121.6350871,25.21964253
2025/05/19,新北市,金山區,磺港里,6502700-004,121.6433514,25.22739681
2025/05/19,新北市,金山區,西湖里,6502700-013,121.6152258,25.24680105
2025/05/19,新北市,金山區,三界里,6502700-010,121.6106056,25.23719638
2025/05/19,新北市,金山區,磺港里,6502700-004,121.6433514,25.22739681
2025/05/20,新北市,蘆洲區,南港里,6501400-015,121.4587724,25.09316529
2025/05/20,新北市,汐止區,忠山里,6501100-037,121.6262951,25.07761562
2025/05/20,新北市,永和區,中興里,6500400-018,121.5173155,25.0127101
2025/05/20,新北市,石門區,老梅里,6502200-003,121.5517168,25.26169392
2025/05/20,新北市,石門區,富基里,6502200-002,121.5383493,25.28171213
2025/05/20,新北市,烏來區,信賢里,6502900-004,121.5187377,24.82420724
2025/05/20,新北市,蘆洲區,恆德里,6501400-009,121.4793651,25.08220737
2025/05/20,新北市,汐止區,崇德里,6501100-042,121.669839,25.06600355
2025/05/21,新北市,新店區,日興里,6500600-019,121.4713413,24.94312781
2025/05/22,新北市,新莊區,中平里,6500500-075,121.4463443,25.05105155
2025/05/22,新北市,平溪區,石底里,6502400-004,121.7333589,25.02123701
2025/05/22,新北市,新莊區,西盛里,6500500-015,121.4326259,25.01183892
2025/05/22,新北市,三重區,博愛里,6500200-110,121.476475,25.06772735
2025/05/22,新北市,汐止區,保長里,6501100-012,121.6769447,25.08079419
2025/05/22,新北市,林口區,麗園里,6501700-017,121.3734733,25.06834042
2025/05/23,新北市,板橋區,中正里,6500100-010,121.4520281,25.02577302
2025/05/23,新北市,中和區,安穗里,6500300-062,121.4820643,25.00169372
2025/05/23,新北市,汐止區,保新里,6501100-050,121.6891867,25.0676152
2025/05/23,新北市,汐止區,新昌里,6501100-007,121.6637454,25.06809608
2025/05/23,新北市,瑞芳區,崇文里,6501200-020,121.842691,25.10918225
2025/05/23,新北市,中和區,安平里,6500300-022,121.5095528,24.99919543
2025/05/24,新北市,汐止區,長青里,6501100-044,121.609925,25.11480338
2025/05/24,新北市,三峽區,秀川里,6500900-002,121.3712599,24.93427711
2025/05/26,新北市,深坑區,埔新里,6501800-006,121.61944,25.00551798
2025/05/28,新北市,三芝區,茂長里,6502100-006,121.5195179,25.25354771
2025/05/28,新北市,永和區,豫溪里,6500400-003,121.5172362,25.00952129
2025/05/28,新北市,三芝區,福德里,6502100-010,121.509257,25.23276771
2025/05/28,新北市,五股區,五福里,6501500-009,121.4370668,25.08932039
2025/05/30,新北市,三重區,大德里,6500200-060,121.5028046,25.06487926
2025/05/30,新北市,三重區,國隆里,6500200-043,121.4925897,25.06352861
2025/05/30,新北市,三重區,重陽里,6500200-044,121.4899647,25.06450778
2025/05/30,新北市,三重區,中山里,6500200-041,121.4920679,25.06181003
2025/05/30,新北市,三重區,重新里,6500200-046,121.4964855,25.06251726
2025/05/31,新北市,中和區,嘉穗里,6500300-058,121.4778251,24.99616226
2025/05/31,新北市,深坑區,埔新里,6501800-006,121.61944,25.00551798
2025/06/01,新北市,中和區,文元里,6500300-059,121.4818644,24.99632799
2025/06/01,新北市,永和區,光復里,6500400-036,121.5179351,25.01628271
2025/06/02,新北市,三重區,雙園里,6500200-053,121.4970782,25.06809324
2025/06/02,新北市,中和區,福南里,6500300-080,121.5057547,24.98620725
2025/06/02,新北市,永和區,保安里,6500400-013,121.5064081,25.00916749
2025/06/02,新北市,淡水區,賢孝里,6501000-003,121.4579252,25.22845729
2025/06/02,新北市,永和區,頂溪里,6500400-029,121.5149052,25.01614801
2025/06/02,新北市,汐止區,復興里,6501100-008,121.6537684,25.06352198
2025/06/02,新北市,泰山區,大科里,6501600-001,121.4016705,25.05780307
2025/06/02,新北市,中和區,秀峰里,6500300-032,121.5189478,24.9899464
2025/06/02,新北市,中和區,福祥里,6500300-016,121.4990099,25.00500221
2025/06/02,新北市,中和區,景安里,6500300-050,121.5071188,24.99475002
2025/06/02,新北市,中和區,壽德里,6500300-070,121.4659799,24.99489534
2025/06/02,新北市,中和區,內南里,6500300-042,121.501119,24.9771884
2025/06/02,新北市,淡水區,義山里,6501000-006,121.4438017,25.20773586
2025/06/02,新北市,中和區,文元里,6500300-059,121.4818644,24.99632799
2025/06/02,新北市,中和區,正行里,6500300-093,121.4985181,24.99461949
2025/06/02,新北市,中和區,宜安里,6500300-074,121.513618,24.99713208
2025/06/02,新北市,新莊區,西盛里,6500500-015,121.4326259,25.01183892
2025/06/02,新北市,淡水區,屯山里,6501000-002,121.4616572,25.23687989
2025/06/03,新北市,板橋區,陽明里,6500100-116,121.4646579,25.02378069
2025/06/03,新北市,土城區,清和里,6501300-013,121.4628327,24.97443937
2025/06/03,新北市,新莊區,自立里,6500500-045,121.4560754,25.04585577
2025/06/03,新北市,新店區,新德里,6500600-039,121.5408367,24.96858959
2025/06/03,新北市,土城區,柑林里,6501300-009,121.453515,24.97760591
2025/06/03,新北市,中和區,忠孝里,6500300-038,121.5091972,24.98517171
2025/06/03,新北市,土城區,清和里,6501300-013,121.4628327,24.97443937
2025/06/03,新北市,三重區,秀江里,6500200-070,121.4987613,25.07222873
2025/06/03,新北市,土城區,日和里,6501300-007,121.4430975,24.98341481
2025/06/03,新北市,新店區,文明里,6500600-036,121.5405224,24.96301536
2025/06/03,新北市,新莊區,頭前里,6500500-002,121.4638219,25.05330699
2025/06/03,新北市,新莊區,自強里,6500500-042,121.4541151,25.04668222
2025/06/03,新北市,土城區,清和里,6501300-013,121.4628327,24.97443937
2025/06/03,新北市,新店區,中正里,6500600-044,121.5389302,24.97159997
2025/06/03,新北市,中和區,華南里,6500300-037,121.5121597,24.98243543
2025/06/03,新北市,土城區,復興里,6501300-035,121.455318,24.99120604
2025/06/03,新北市,新莊區,仁愛里,6500500-028,121.4569882,25.04817825
2025/06/03,新北市,三重區,龍門里,6500200-069,121.4983392,25.07278849
2025/06/03,新北市,土城區,貨饒里,6501300-008,121.4491925,24.99054981
2025/06/03,新北市,土城區,貨饒里,6501300-008,121.4491925,24.99054981
2025/06/03,新北市,新莊區,自信里,6500500-049,121.4543425,25.04878708
2025/06/03,新北市,土城區,貨饒里,6501300-008,121.4491925,24.99054981
2025/06/03,新北市,新莊區,化成里,6500500-036,121.4633195,25.04565734
2025/06/03,新北市,土城區,貨饒里,6501300-008,121.4491925,24.99054981
2025/06/03,新北市,土城區,廣興里,6501300-044,121.4572988,24.9893182
2025/06/03,新北市,新店區,中正里,6500600-044,121.5389302,24.97159997
2025/06/03,新北市,板橋區,明翠里,6500100-039,121.4650548,25.02618931
2025/06/03,新北市,新莊區,仁義里,6500500-061,121.458783,25.04793158
2025/06/04,新北市,中和區,中安里,6500300-023,121.5120142,25.00254783
2025/06/04,新北市,三重區,中興里,6500200-005,121.4694277,25.04851182
2025/06/04,新北市,板橋區,滿翠里,6500100-038,121.4637762,25.02939553
2025/06/04,新北市,中和區,安樂里,6500300-020,121.5128355,25.00009142
2025/06/04,新北市,中和區,安和里,6500300-021,121.5093067,24.99651731
2025/06/04,新北市,中和區,安平里,6500300-022,121.5095528,24.99919543
2025/06/04,新北市,中和區,安順里,6500300-075,121.5117682,24.99534174
2025/06/04,新北市,中和區,宜安里,6500300-074,121.513618,24.99713208
2025/06/05,新北市,板橋區,振興里,6500100-051,121.4813546,25.02299315
2025/06/05,新北市,樹林區,彭福里,6500700-017,121.4228679,24.98051432
2025/06/05,新北市,樹林區,中華里,6500700-038,121.4174642,24.98017555
2025/06/05,新北市,三重區,大有里,6500200-001,121.4730118,25.07041375
2025/06/05,新北市,三重區,重新里,6500200-046,121.4964855,25.06251726
2025/06/05,新北市,烏來區,烏來里,6502900-001,121.553487,24.85514321
2025/06/05,新北市,新莊區,民安里,6500500-032,121.4263167,25.01971226
2025/06/05,新北市,板橋區,成和里,6500100-113,121.434561,24.9948951
2025/06/05,新北市,板橋區,光復里,6500100-053,121.4860881,25.01921052
2025/06/05,新北市,樹林區,和平里,6500700-015,121.4217204,24.98396009
2025/06/06,新北市,瑞芳區,吉慶里,6501200-011,121.7693342,25.1105019
2025/06/06,新北市,蘆洲區,溪墘里,6501400-010,121.4774118,25.07993496
2025/06/06,新北市,深坑區,土庫里,6501800-003,121.6352888,25.01682705
2025/06/06,新北市,板橋區,聚安里,6500100-096,121.4403248,25.00272804
2025/06/06,新北市,雙溪區,牡丹里,6502500-006,121.8632672,25.0664536
2025/06/06,新北市,八里區,訊塘里,6502300-007,121.3947435,25.15159646
2025/06/06,新北市,汐止區,金龍里,6501100-033,121.6294309,25.07179248
2025/06/06,新北市,雙溪區,泰平里,6502500-012,121.821219,24.95134868
2025/06/06,新北市,雙溪區,三貂里,6502500-007,121.8469228,25.07128088
2025/06/06,新北市,三重區,長福里,6500200-064,121.5032092,25.06955863
2025/06/06,新北市,板橋區,大安里,6500100-094,121.4470626,25.00191702
2025/06/06,新北市,三重區,長泰里,6500200-063,121.5007714,25.06882485
2025/06/06,新北市,三重區,開元里,6500200-059,121.5035671,25.06580948
2025/06/06,新北市,蘆洲區,水湳里,6501400-006,121.4709156,25.09176383
2025/06/06,新北市,雙溪區,三港里,6502500-005,121.8778539,25.05876236
2025/06/06,新北市,永和區,民生里,6500400-049,121.5237935,24.99815125
2025/06/06,新北市,八里區,頂罟里,6502300-005,121.4027201,25.15953053
2025/06/06,新北市,瑞芳區,吉安里,6501200-012,121.7628167,25.10114001
2025/06/06,新北市,板橋區,港嘴里,6500100-050,121.4812357,25.02556558
2025/06/06,新北市,板橋區,龍安里,6500100-097,121.4395734,24.99957092
2025/06/06,新北市,板橋區,居仁里,6500100-120,121.4807437,25.01417152
2025/06/06,新北市,泰山區,黎明里,6501600-002,121.413326,25.06882272
2025/06/06,新北市,永和區,豫溪里,6500400-003,121.5172362,25.00952129
2025/06/06,新北市,汐止區,興福里,6501100-035,121.6366905,25.06675568
2025/06/08,新北市,新莊區,仁愛里,6500500-028,121.4569882,25.04817825
2025/06/08,新北市,板橋區,後埔里,6500100-110,121.4631215,25.00649576
2025/06/09,新北市,三峽區,中埔里,6500900-004,121.3578839,24.92825342
2025/06/09,新北市,土城區,清化里,6501300-015,121.4637217,24.9613197
2025/06/09,新北市,三重區,永安里,6500200-091,121.483176,25.07439213
2025/06/09,新北市,土城區,清化里,6501300-015,121.4637217,24.9613197
2025/06/09,新北市,新莊區,後德里,6500500-069,121.4251892,25.02694615
2025/06/09,新北市,汐止區,環河里,6501100-038,121.6245516,25.06175227
2025/06/09,新北市,三重區,成功里,6500200-007,121.4888547,25.05008461
2025/06/09,新北市,板橋區,德翠里,6500100-037,121.456438,25.02462206
2025/06/09,新北市,板橋區,雙玉里,6500100-063,121.4780302,25.02099053
2025/06/09,新北市,板橋區,漢生里,6500100-020,121.4618396,25.01631623
2025/06/09,新北市,新莊區,建福里,6500500-056,121.4280862,25.02756621
2025/06/09,新北市,土城區,清化里,6501300-015,121.4637217,24.9613197
2025/06/09,新北市,土城區,清化里,6501300-015,121.4637217,24.9613197
2025/06/09,新北市,土城區,清化里,6501300-015,121.4637217,24.9613197
2025/06/09,新北市,板橋區,長壽里,6500100-055,121.4815642,25.01616864
2025/06/09,新北市,土城區,清化里,6501300-015,121.4637217,24.9613197
2025/06/09,新北市,板橋區,新海里,6500100-105,121.4579796,25.02633752
2025/06/09,新北市,板橋區,國光里,6500100-014,121.4588056,25.01837827
2025/06/09,新北市,三峽區,中正里,6500900-025,121.3741955,24.92011488
2025/06/09,新北市,汐止區,山光里,6501100-040,121.6450618,25.07232331
2025/06/09,新北市,三重區,永煇里,6500200-092,121.4829994,25.07216032
2025/06/09,新北市,永和區,保安里,6500400-013,121.5064081,25.00916749
2025/06/09,新北市,三重區,福民里,6500200-009,121.4903133,25.05238019
2025/06/09,新北市,新莊區,福營里,6500500-068,121.4326965,25.03001057
2025/06/09,新北市,中和區,嘉新里,6500300-060,121.47855,25.00178331
2025/06/09,新北市,汐止區,東山里,6501100-023,121.7065673,25.05112461
2025/06/09,新北市,汐止區,厚德里,6501100-029,121.6413163,25.06760077
2025/06/09,新北市,板橋區,忠誠里,6500100-024,121.4645716,25.02122564
2025/06/09,新北市,三峽區,二鬮里,6500900-026,121.3485712,24.89605364
2025/06/09,新北市,汐止區,建成里,6501100-047,121.6631642,25.07481861
2025/06/10,新北市,板橋區,崑崙里,6500100-098,121.4313325,24.99407725
2025/06/10,新北市,土城區,廷寮里,6501300-019,121.4738266,24.97544884
2025/06/10,新北市,汐止區,東勢里,6501100-039,121.6317985,25.04089784
2025/06/10,新北市,永和區,河堤里,6500400-028,121.5136224,25.01751168
2025/06/10,新北市,中和區,員富里,6500300-088,121.4780157,25.0098621
2025/06/10,新北市,三重區,福安里,6500200-073,121.4934381,25.06965502
2025/06/10,新北市,八里區,舊城里,6502300-006,121.4075524,25.14452426
2025/06/10,新北市,新莊區,昌信里,6500500-073,121.4559426,25.05374678
2025/06/10,新北市,土城區,廷寮里,6501300-019,121.4738266,24.97544884
2025/06/10,新北市,土城區,廷寮里,6501300-019,121.4738266,24.97544884
2025/06/10,新北市,土城區,廷寮里,6501300-019,121.4738266,24.97544884
2025/06/10,新北市,三重區,五福里,6500200-096,121.4949428,25.08278099
2025/06/10,新北市,土城區,廷寮里,6501300-019,121.4738266,24.97544884
2025/06/10,新北市,板橋區,溪福里,6500100-124,121.4307939,24.9807353
2025/06/10,新北市,永和區,永貞里,6500400-006,121.5204005,25.00652292
2025/06/10,新北市,林口區,西林里,6501700-003,121.3869658,25.07424262
2025/06/10,新北市,蘆洲區,光華里,6501400-004,121.46873,25.0839002
2025/06/10,新北市,永和區,安和里,6500400-025,121.5104946,25.0033842
2025/06/10,新北市,林口區,湖南里,6501700-007,121.3717915,25.08486252
2025/06/10,新北市,新莊區,信義里,6500500-030,121.4572923,25.05081671
2025/06/10,新北市,蘆洲區,永康里,6501400-017,121.4574104,25.0843878
2025/06/10,新北市,八里區,荖阡里,6502300-008,121.4048839,25.13217202
2025/06/10,新北市,永和區,竹林里,6500400-023,121.5219261,25.01030222
2025/06/10,新北市,汐止區,橫科里,6501100-022,121.6281453,25.04976323
2025/06/10,新北市,林口區,麗林里,6501700-016,121.3673548,25.06799911
2025/06/10,新北市,土城區,延壽里,6501300-030,121.4719331,24.99208492
2025/06/10,新北市,新莊區,和平里,6500500-033,121.4588311,25.05374834
2025/06/10,新北市,汐止區,宜興里,6501100-025,121.6228196,25.04185854
2025/06/10,新北市,永和區,得和里,6500400-039,121.5186435,25.00242619
2025/06/10,新北市,蘆洲區,中原里,6501400-002,121.4656384,25.08569746
2025/06/10,新北市,土城區,安和里,6501300-031,121.4667048,24.98891522
2025/06/10,新北市,深坑區,萬福里,6501800-007,121.6082404,25.01119881
2025/06/10,新北市,新莊區,昌明里,6500500-063,121.4567879,25.05302465
2025/06/11,新北市,永和區,秀和里,6500400-047,121.5226545,25.00471208
2025/06/11,新北市,新莊區,立廷里,6500500-076,121.4432263,25.05106763
2025/06/11,新北市,貢寮區,雙玉里,6502600-003,121.9254508,25.00186136
2025/06/11,新北市,新莊區,立基里,6500500-062,121.4438538,25.04682723
2025/06/11,新北市,貢寮區,仁里里,6502600-007,121.919766,25.04551227
2025/06/11,新北市,新店區,福民里,6500600-051,121.5314787,24.97216027
2025/06/11,新北市,板橋區,松柏里,6500100-118,121.4761281,25.02914349
2025/06/11,新北市,淡水區,蕃薯里,6501000-005,121.4807768,25.21604217
2025/06/11,新北市,新莊區,立功里,6500500-034,121.4462879,25.04270023
2025/06/11,新北市,板橋區,堂春里,6500100-112,121.4353736,24.98805928
2025/06/11,新北市,板橋區,社後里,6500100-008,121.4561515,25.01585785
2025/06/11,新北市,板橋區,華興里,6500100-084,121.4560413,25.00366107
2025/06/11,新北市,永和區,中興里,6500400-018,121.5173155,25.0127101
2025/06/11,新北市,新莊區,中平里,6500500-075,121.4463443,25.05105155
2025/06/11,新北市,新店區,福德里,6500600-049,121.5338439,24.97657727
2025/06/11,新北市,貢寮區,和美里,6502600-011,121.902957,25.09617943
2025/06/11,新北市,淡水區,民安里,6501000-029,121.4379143,25.16818039
2025/06/11,新北市,新莊區,立志里,6500500-037,121.4462196,25.0446672
2025/06/11,新北市,貢寮區,仁里里,6502600-007,121.919766,25.04551227
2025/06/11,新北市,板橋區,江翠里,6500100-029,121.4694316,25.03034618
2025/06/11,新北市,淡水區,水源里,6501000-013,121.4958595,25.18151277
2025/06/11,新北市,淡水區,新生里,6501000-030,121.4351965,25.17045419
2025/06/11,新北市,貢寮區,雙玉里,6502600-003,121.9254508,25.00186136
2025/06/11,新北市,新店區,寶安里,6500600-007,121.5432019,24.98177361
2025/06/11,新北市,平溪區,白石里,6502400-003,121.7238297,25.0175565
2025/06/11,新北市,中和區,中原里,6500300-001,121.4884488,25.00901582
2025/06/11,新北市,板橋區,龍翠里,6500100-042,121.4778544,25.02681849
2025/06/11,新北市,貢寮區,貢寮里,6502600-001,121.9024757,25.02755513
2025/06/11,新北市,板橋區,溪洲里,6500100-099,121.4264059,24.98800716
2025/06/11,新北市,平溪區,菁桐里,6502400-002,121.7197442,25.02959672
2025/06/11,新北市,板橋區,香社里,6500100-009,121.4499852,25.01974765
2025/06/11,新北市,板橋區,福安里,6500100-095,121.4406382,24.99468086
2025/06/11,新北市,新店區,國豐里,6500600-001,121.5404077,24.97664601
2025/06/11,新北市,貢寮區,貢寮里,6502600-001,121.9024757,25.02755513
2025/06/11,新北市,新莊區,中港里,6500500-023,121.4493919,25.04926391
2025/06/11,新北市,板橋區,廣新里,6500100-064,121.4750758,25.02046407
2025/06/11,新北市,貢寮區,吉林里,6502600-002,121.8831923,24.98419761
2025/06/11,新北市,淡水區,新民里,6501000-036,121.4382938,25.17867954
2025/06/11,新北市,林口區,菁湖里,6501700-004,121.3893499,25.08337073
2025/06/11,新北市,板橋區,溪北里,6500100-100,121.428795,24.99013642
2025/06/11,新北市,貢寮區,美豐里,6502600-010,121.8984332,25.0626036
2025/06/11,新北市,板橋區,深丘里,6500100-065,121.4682716,25.01049556
2025/06/11,新北市,淡水區,北新里,6501000-038,121.4551981,25.17735486
2025/06/11,新北市,淡水區,樹興里,6501000-015,121.4851177,25.16859813
2025/06/11,新北市,新莊區,中宏里,6500500-057,121.4477039,25.04789513
2025/06/11,新北市,貢寮區,貢寮里,6502600-001,121.9024757,25.02755513
2025/06/11,新北市,淡水區,沙崙里,6501000-033,121.4168623,25.18774178
2025/06/11,新北市,貢寮區,美豐里,6502600-010,121.8984332,25.0626036
2025/06/11,新北市,新店區,百忍里,6500600-047,121.5355633,24.97379787
2025/06/11,新北市,瑞芳區,上天里,6501200-010,121.7747532,25.08899044
2025/06/11,新北市,土城區,員仁里,6501300-004,121.4369001,24.97421533
2025/06/12,新北市,新店區,明城里,6500600-055,121.5026953,24.94713031
2025/06/12,新北市,汐止區,建成里,6501100-047,121.6631642,25.07481861
2025/06/12,新北市,泰山區,山腳里,6501600-003,121.4284149,25.0633395
2025/06/12,新北市,新店區,明德里,6500600-002,121.5406127,24.97859569
2025/06/12,新北市,新店區,百福里,6500600-050,121.5335832,24.97033736
2025/06/13,新北市,林口區,東勢里,6501700-009,121.3794306,25.06967369
2025/06/13,新北市,新店區,大豐里,6500600-003,121.5375841,24.97918792
2025/06/13,新北市,板橋區,復興里,6500100-093,121.4450753,25.00202978
2025/06/13,新北市,五股區,水碓里,6501500-019,121.4349251,25.07304781
2025/06/13,新北市,新店區,仁愛里,6500600-046,121.5413636,24.97290733
2025/06/13,新北市,三芝區,後厝里,6502100-009,121.4726342,25.24502278
2025/06/13,新北市,新店區,建國里,6500600-061,121.5391504,24.97456073
2025/06/13,新北市,新店區,大同里,6500600-004,121.5401908,24.98135079
2025/06/13,新北市,永和區,桂林里,6500400-055,121.5218973,25.01185251
2025/06/13,新北市,瑞芳區,龍山里,6501200-005,121.8031785,25.11707767
2025/06/13,新北市,板橋區,青翠里,6500100-047,121.4787418,25.03303129
2025/06/15,新北市,中和區,中原里,6500300-001,121.4884488,25.00901582
2025/06/15,新北市,淡水區,竿蓁里,6501000-021,121.4575085,25.16355061
2025/06/15,新北市,中和區,中原里,6500300-001,121.4884488,25.00901582
2025/06/16,新北市,樹林區,坡內里,6500700-012,121.4053679,24.99197096
2025/06/16,新北市,三重區,永春里,6500200-025,121.4932352,25.05664224
2025/06/16,新北市,金山區,清泉里,6502700-011,121.6277351,25.23191211
2025/06/16,新北市,蘆洲區,正義里,6501400-001,121.4617268,25.08993004
2025/06/16,新北市,新店區,玫瑰里,6500600-020,121.4945248,24.94795311
2025/06/16,新北市,金山區,永興里,6502700-014,121.6249848,25.26101229
2025/06/16,新北市,新店區,德安里,6500600-017,121.5004935,24.95818565
2025/06/16,新北市,新店區,德安里,6500600-017,121.5004935,24.95818565
2025/06/16,新北市,五股區,五福里,6501500-009,121.4370668,25.08932039
2025/06/16,新北市,永和區,秀朗里,6500400-020,121.5260498,25.00344659
2025/06/16,新北市,三重區,三民里,6500200-019,121.4858517,25.06393745
2025/06/16,新北市,汐止區,白雲里,6501100-021,121.6568643,25.04378776
2025/06/16,新北市,金山區,永興里,6502700-014,121.6249848,25.26101229
2025/06/16,新北市,平溪區,嶺腳里,6502400-006,121.7411223,25.04003208
2025/06/16,新北市,金山區,三界里,6502700-010,121.6106056,25.23719638
2025/06/16,新北市,樹林區,太順里,6500700-039,121.415606,24.97867163
2025/06/16,新北市,金山區,重和里,6502700-007,121.5895813,25.19810355
2025/06/16,新北市,蘆洲區,復興里,6501400-020,121.4819002,25.09368637
2025/06/16,新北市,金山區,三界里,6502700-010,121.6106056,25.23719638
2025/06/16,新北市,三重區,清和里,6500200-039,121.5023379,25.06153817
2025/06/16,新北市,泰山區,楓樹里,6501600-005,121.440156,25.06233883
2025/06/16,新北市,金山區,重和里,6502700-007,121.5895813,25.19810355
2025/06/16,新北市,金山區,萬壽里,6502700-012,121.6324495,25.24122842
2025/06/16,新北市,金山區,兩湖里,6502700-008,121.5937074,25.23185407
2025/06/16,新北市,板橋區,嵐翠里,6500100-045,121.4775305,25.03125329
2025/06/16,新北市,永和區,復興里,6500400-037,121.5180125,25.01529789
2025/06/16,新北市,金山區,西湖里,6502700-013,121.6152258,25.24680105
2025/06/16,新北市,金山區,兩湖里,6502700-008,121.5937074,25.23185407
2025/06/16,新北市,永和區,秀和里,6500400-047,121.5226545,25.00471208
2025/06/16,新北市,三重區,菜寮里,6500200-024,121.492093,25.05845592
2025/06/16,新北市,蘆洲區,復興里,6501400-020,121.4819002,25.09368637
2025/06/17,新北市,板橋區,懷翠里,6500100-048,121.4817541,25.03170472
2025/06/17,新北市,土城區,清水里,6501300-012,121.4603217,24.97905331
2025/06/17,新北市,新莊區,光榮里,6500500-041,121.4286179,25.01508677
2025/06/17,新北市,永和區,中興里,6500400-018,121.5173155,25.0127101
2025/06/17,新北市,新店區,中山里,6500600-052,121.5272393,24.98076733
2025/06/17,新北市,三峽區,溪東里,6500900-019,121.4091481,24.93406434
2025/06/17,新北市,中和區,枋寮里,6500300-010,121.5042516,25.0011533
2025/06/17,新北市,三重區,順德里,6500200-079,121.5003734,25.07622618
2025/06/17,新北市,土城區,廣福里,6501300-028,121.4567983,24.98706799
2025/06/17,新北市,土城區,延吉里,6501300-034,121.4739965,24.98755975
2025/06/17,新北市,中和區,漳和里,6500300-011,121.5029767,24.99910314
2025/06/17,新北市,三峽區,鳶山里,6500900-008,121.3412822,24.9258379
2025/06/17,新北市,新店區,明德里,6500600-002,121.5406127,24.97859569
2025/06/17,新北市,烏來區,忠治里,6502900-002,121.5269206,24.87120425
2025/06/17,新北市,新莊區,西盛里,6500500-015,121.4326259,25.01183892
2025/06/17,新北市,三重區,二重里,6500200-002,121.4764577,25.0658842
2025/06/17,新北市,深坑區,昇高里,6501800-004,121.6279054,24.99051551
2025/06/17,新北市,新莊區,光正里,6500500-083,121.4270837,25.01620488
2025/06/17,新北市,三重區,同安里,6500200-022,121.4957713,25.05505604
2025/06/17,新北市,萬里區,大鵬里,6502800-004,121.646328,25.21080649
2025/06/17,新北市,新店區,寶興里,6500600-006,121.5465061,24.98051835
2025/06/17,新北市,萬里區,磺潭里,6502800-005,121.6317534,25.19598411
2025/06/18,新北市,淡水區,大庄里,6501000-042,121.4285024,25.18650626
2025/06/18,新北市,永和區,仁愛里,6500400-005,121.5119976,25.01337408
2025/06/18,新北市,土城區,瑞興里,6501300-011,121.4552736,24.994286
2025/06/18,新北市,土城區,貨饒里,6501300-008,121.4491925,24.99054981
2025/06/18,新北市,板橋區,文聖里,6500100-119,121.4789765,25.02910416
2025/06/18,新北市,永和區,民本里,6500400-034,121.5273157,24.99675896
2025/06/18,新北市,永和區,保安里,6500400-013,121.5064081,25.00916749
2025/06/18,新北市,板橋區,松翠里,6500100-040,121.4744824,25.0306118
2025/06/18,新北市,樹林區,西園里,6500700-023,121.3739022,24.95370004
2025/06/18,新北市,新莊區,裕民里,6500500-021,121.4181576,25.02363081
2025/06/18,新北市,永和區,信義里,6500400-057,121.5130474,25.01132849
2025/06/18,新北市,中和區,景平里,6500300-047,121.5116161,24.99292631
2025/06/18,新北市,蘆洲區,仁德里,6501400-027,121.477337,25.08390634
2025/06/18,新北市,汐止區,橫科里,6501100-022,121.6281453,25.04976323
2025/06/18,新北市,三重區,福隆里,6500200-094,121.488874,25.07690939
2025/06/18,新北市,永和區,民治里,6500400-008,121.5173815,24.99831551
2025/06/18,新北市,永和區,秀得里,6500400-050,121.5258809,25.00019797
2025/06/18,新北市,板橋區,文翠里,6500100-046,121.4764977,25.03333031
2025/06/18,新北市,板橋區,福翠里,6500100-049,121.4830077,25.02869612
2025/06/19,新北市,淡水區,正德里,6501000-037,121.4482612,25.17975342
2025/06/19,新北市,蘆洲區,鷺江里,6501400-008,121.4762263,25.08581184
2025/06/19,新北市,萬里區,龜吼里,6502800-002,121.6783319,25.18929192
2025/06/19,新北市,永和區,網溪里,6500400-052,121.5169035,25.0172072
2025/06/19,新北市,蘆洲區,樓厝里,6501400-007,121.4835227,25.08953061
2025/06/19,新北市,三峽區,溪南里,6500900-018,121.3989905,24.92522224
2025/06/19,新北市,永和區,潭安里,6500400-031,121.5160008,24.9990568
2025/06/19,新北市,三重區,五順里,6500200-119,121.4951111,25.08068947
2025/06/19,新北市,三重區,仁忠里,6500200-097,121.4945987,25.08122282
2025/06/19,新北市,三重區,溪美里,6500200-093,121.4917811,25.07796713
2025/06/20,新北市,泰山區,福泰里,6501600-004,121.4348544,25.05917189
2025/06/20,新北市,土城區,頂福里,6501300-024,121.4139294,24.95616757
2025/06/20,新北市,三峽區,大埔里,6500900-010,121.3643172,24.89854128
2025/06/20,新北市,土城區,頂福里,6501300-024,121.4139294,24.95616757
2025/06/20,新北市,五股區,德泰里,6501500-013,121.4377879,25.06765869
2025/06/20,新北市,土城區,沛陂里,6501300-022,121.421484,24.96558381
2025/06/20,新北市,蘆洲區,中路里,6501400-003,121.4672169,25.0804506
2025/06/20,新北市,土城區,沛陂里,6501300-022,121.421484,24.96558381
2025/06/20,新北市,永和區,協和里,6500400-027,121.5121014,25.00754104
2025/06/20,新北市,三重區,安慶里,6500200-075,121.4942456,25.06874196
2025/06/20,新北市,五股區,五股里,6501500-008,121.4382978,25.08306649
2025/06/21,新北市,鶯歌區,鳳福里,6500800-016,121.3289249,24.97481273
2025/06/21,新北市,中和區,景福里,6500300-049,121.5074847,24.99163683
2025/06/21,新北市,三峽區,安溪里,6500900-024,121.3707254,24.92719884
2025/06/21,新北市,中和區,興南里,6500300-078,121.5117736,24.98908065
2025/06/21,新北市,中和區,中原里,6500300-001,121.4884488,25.00901582
2025/06/21,新北市,鶯歌區,鳳祥里,6500800-019,121.3309111,24.9638686
2025/06/21,新北市,三峽區,溪北里,6500900-017,121.4021494,24.94262332
2025/06/21,新北市,三峽區,秀川里,6500900-002,121.3712599,24.93427711
2025/06/23,新北市,中和區,福和里,6500300-018,121.5036718,25.00309895
2025/06/23,新北市,中和區,華新里,6500300-035,121.5080564,24.97944975
2025/06/23,新北市,中和區,橫路里,6500300-041,121.4891932,24.972958
2025/06/23,新北市,中和區,吉興里,6500300-082,121.5053484,24.9907526
2025/06/23,新北市,中和區,正南里,6500300-092,121.5071234,24.98371747
2025/06/24,新北市,三重區,介壽里,6500200-065,121.4995004,25.06969052
2025/06/24,新北市,五股區,民義里,6501500-017,121.4261234,25.08744838
2025/06/24,新北市,泰山區,同榮里,6501600-006,121.4238846,25.0571602
2025/06/24,新北市,中和區,景平里,6500300-047,121.5116161,24.99292631
2025/06/24,新北市,中和區,內南里,6500300-042,121.501119,24.9771884
2025/06/24,新北市,五股區,五龍里,6501500-007,121.4129512,25.10255949
2025/06/24,新北市,三重區,幸福里,6500200-076,121.4883454,25.06708155
2025/06/24,新北市,中和區,景平里,6500300-047,121.5116161,24.99292631
2025/06/24,新北市,烏來區,福山里,6502900-003,121.5123475,24.7491473
2025/06/24,新北市,三重區,秀江里,6500200-070,121.4987613,25.07222873
2025/06/25,新北市,永和區,信義里,6500400-057,121.5130474,25.01132849
2025/06/25,新北市,平溪區,薯榔里,6502400-001,121.7118969,25.02084772
2025/06/25,新北市,永和區,光明里,6500400-004,121.5186597,25.00832763
2025/06/25,新北市,永和區,潭墘里,6500400-030,121.51573,25.001553
2025/06/25,新北市,永和區,秀林里,6500400-012,121.5238784,25.00239542
2025/06/25,新北市,三芝區,興華里,6502100-013,121.5051576,25.1970255
2025/06/25,新北市,三芝區,店子里,6502100-012,121.5170873,25.20182839
2025/06/25,新北市,新莊區,丹鳳里,6500500-043,121.4066355,25.0372922
2025/06/26,新北市,鶯歌區,北鶯里,6500800-004,121.3573762,24.95927747
2025/06/26,新北市,鶯歌區,鳳鳴里,6500800-015,121.3345286,24.96889034
2025/06/26,新北市,鶯歌區,鳳祥里,6500800-019,121.3309111,24.9638686
2025/06/26,新北市,樹林區,圳生里,6500700-041,121.4202858,25.01465706
2025/06/26,新北市,鶯歌區,永吉里,6500800-017,121.3343502,24.95826939
2025/06/26,新北市,樹林區,育英里,6500700-037,121.4207973,24.9882145
2025/06/26,新北市,鶯歌區,建德里,6500800-006,121.3693839,24.96251417
2025/06/26,新北市,瑞芳區,傑魚里,6501200-013,121.7942184,25.09569172
2025/06/26,新北市,樹林區,圳民里,6500700-040,121.4216552,25.00990338
2025/06/27,新北市,汐止區,仁德里,6501100-028,121.6626371,25.07098563
2025/06/27,新北市,汐止區,江北里,6501100-014,121.6540977,25.07457821
2025/06/27,新北市,三重區,大安里,6500200-031,121.4956077,25.05740749
2025/06/27,新北市,三重區,平和里,6500200-030,121.4952198,25.05889794
2025/06/27,新北市,三重區,過田里,6500200-010,121.4882833,25.05946695
2025/06/27,新北市,永和區,秀林里,6500400-012,121.5238784,25.00239542
2025/06/27,新北市,汐止區,忠孝里,6501100-030,121.6425073,25.06393791
2025/06/27,新北市,瑞芳區,濂洞里,6501200-028,121.8600604,25.12173646
2025/06/27,新北市,三重區,重明里,6500200-012,121.4842203,25.05706069
2025/06/27,新北市,三重區,中民里,6500200-029,121.4950328,25.06005708
2025/06/29,新北市,三重區,秀江里,6500200-070,121.4987613,25.07222873
2025/06/29,新北市,三重區,順德里,6500200-079,121.5003734,25.07622618
2025/06/29,新北市,三重區,五常里,6500200-095,121.4973794,25.07897898
2025/06/29,新北市,三重區,幸福里,6500200-076,121.4883454,25.06708155
2025/06/29,新北市,瑞芳區,濂新里,6501200-027,121.8668475,25.11480264
2025/06/29,新北市,三重區,五谷里,6500200-109,121.4742873,25.0484159
2025/06/29,新北市,三重區,介壽里,6500200-065,121.4995004,25.06969052
2025/06/29,新北市,三重區,維德里,6500200-084,121.4928102,25.07438156
2025/06/29,新北市,三重區,田心里,6500200-015,121.4816714,25.06425129
2025/06/29,新北市,三重區,大園里,6500200-042,121.4940035,25.06480596
2025/06/29,新北市,三重區,六合里,6500200-077,121.4884178,25.0694158
2025/06/30,新北市,瑞芳區,龍興里,6501200-002,121.8073904,25.10701262
2025/06/30,新北市,中和區,民安里,6500300-061,121.4774824,24.9985058
2025/06/30,新北市,瑞芳區,龍潭里,6501200-001,121.8079888,25.10851482
2025/06/30,新北市,汐止區,橫科里,6501100-022,121.6281453,25.04976323
2025/06/30,新北市,瑞芳區,龍川里,6501200-004,121.8017874,25.1086158
2025/06/30,新北市,瑞芳區,東和里,6501200-009,121.8025537,25.10312451
2025/07/01,新北市,貢寮區,雙玉里,6502600-003,121.9254508,25.00186136
2025/07/01,新北市,貢寮區,仁里里,6502600-007,121.919766,25.04551227
2025/07/01,新北市,三重區,國隆里,6500200-043,121.4925897,25.06352861
2025/07/01,新北市,新莊區,龍福里,6500500-079,121.4116542,25.02058885
2025/07/01,新北市,新店區,雙城里,6500600-018,121.489546,24.93860281
2025/07/01,新北市,貢寮區,雙玉里,6502600-003,121.9254508,25.00186136
2025/07/01,新北市,中和區,福善里,6500300-014,121.4976114,25.00399148
2025/07/01,新北市,中和區,佳和里,6500300-019,121.5026526,25.00531298
2025/07/01,新北市,中和區,佳和里,6500300-019,121.5026526,25.00531298
2025/07/01,新北市,貢寮區,雙玉里,6502600-003,121.9254508,25.00186136
2025/07/01,新北市,淡水區,忠山里,6501000-007,121.4693546,25.20541377
2025/07/01,新北市,貢寮區,雙玉里,6502600-003,121.9254508,25.00186136
2025/07/01,新北市,中和區,福美里,6500300-015,121.5007161,25.00630626
2025/07/01,新北市,中和區,福和里,6500300-018,121.5036718,25.00309895
2025/07/01,新北市,貢寮區,雙玉里,6502600-003,121.9254508,25.00186136
2025/07/01,新北市,貢寮區,雙玉里,6502600-003,121.9254508,25.00186136
2025/07/01,新北市,貢寮區,雙玉里,6502600-003,121.9254508,25.00186136
2025/07/01,新北市,貢寮區,仁里里,6502600-007,121.919766,25.04551227
2025/07/01,新北市,貢寮區,雙玉里,6502600-003,121.9254508,25.00186136
2025/07/01,新北市,貢寮區,雙玉里,6502600-003,121.9254508,25.00186136
2025/07/01,新北市,中和區,福善里,6500300-014,121.4976114,25.00399148
2025/07/01,新北市,永和區,永元里,6500400-011,121.5207504,25.00120166
2025/07/01,新北市,貢寮區,雙玉里,6502600-003,121.9254508,25.00186136
2025/07/01,新北市,貢寮區,福隆里,6502600-006,121.9547326,25.00687338
2025/07/01,新北市,新莊區,雙鳳里,6500500-048,121.4072178,25.02739549
2025/07/01,新北市,中和區,正南里,6500300-092,121.5071234,24.98371747
2025/07/01,新北市,中和區,瓦磘里,6500300-017,121.5067549,25.00404159
2025/07/01,新北市,貢寮區,美豐里,6502600-010,121.8984332,25.0626036
2025/07/01,新北市,中和區,嘉新里,6500300-060,121.47855,25.00178331
2025/07/01,新北市,新莊區,雙鳳里,6500500-048,121.4072178,25.02739549
2025/07/01,新北市,貢寮區,龍崗里,6502600-004,121.9060126,24.99897869
2025/07/01,新北市,新店區,雙坑里,6500600-024,121.5880035,24.94478
2025/07/01,新北市,新莊區,龍鳳里,6500500-050,121.4151866,25.02125075
2025/07/01,新北市,中和區,積穗里,6500300-055,121.4800755,25.0047111
2025/07/01,新北市,新店區,長春里,6500600-065,121.5508019,24.96377886
2025/07/01,新北市,中和區,自強里,6500300-066,121.4698427,24.99953399
2025/07/01,新北市,中和區,東南里,6500300-036,121.511175,24.98596925
2025/07/01,新北市,中和區,國光里,6500300-069,121.4686293,25.00258709
2025/07/01,新北市,中和區,廟美里,6500300-012,121.4994426,25.00110147
2025/07/01,新北市,貢寮區,福連里,6502600-009,121.9846206,25.00655985
2025/07/01,新北市,中和區,福真里,6500300-013,121.4953912,25.00405692
2025/07/01,新北市,中和區,建和里,6500300-006,121.4916434,24.9953188
2025/07/01,新北市,中和區,秀士里,6500300-077,121.5153577,24.99131701
2025/07/01,新北市,新店區,德安里,6500600-017,121.5004935,24.95818565
2025/07/01,新北市,樹林區,東山里,6500700-018,121.4004282,24.98162518
2025/07/01,新北市,蘆洲區,正義里,6501400-001,121.4617268,25.08993004
2025/07/02,新北市,瑞芳區,新峰里,6501200-034,121.8198984,25.09608828
2025/07/02,新北市,永和區,文化里,6500400-002,121.5105691,25.01493655
2025/07/02,新北市,永和區,永成里,6500400-009,121.5093912,25.01670009
2025/07/02,新北市,樹林區,樂山里,6500700-021,121.3812144,24.97359472
2025/07/02,新北市,土城區,裕生里,6501300-036,121.4445471,24.98933211
2025/07/02,新北市,瑞芳區,龍安里,6501200-006,121.8014716,25.11072569
2025/07/02,新北市,瑞芳區,龍鎮里,6501200-003,121.810817,25.11075457
2025/07/02,新北市,永和區,安和里,6500400-025,121.5104946,25.0033842
2025/07/02,新北市,瑞芳區,柑坪里,6501200-008,121.8264288,25.10760851
2025/07/02,新北市,樹林區,中山里,6500700-036,121.3911983,24.97683221
2025/07/02,新北市,永和區,保安里,6500400-013,121.5064081,25.00916749
2025/07/02,新北市,永和區,民樂里,6500400-035,121.5278186,24.99999857
2025/07/02,新北市,新莊區,福營里,6500500-068,121.4326965,25.03001057
2025/07/02,新北市,新莊區,丹鳳里,6500500-043,121.4066355,25.0372922
2025/07/02,新北市,土城區,貨饒里,6501300-008,121.4491925,24.99054981
2025/07/02,新北市,瑞芳區,爪峯里,6501200-007,121.8099714,25.09620242
2025/07/02,新北市,板橋區,景星里,6500100-075,121.4607458,25.00649945
2025/07/02,新北市,淡水區,埤島里,6501000-009,121.4538208,25.19374198
2025/07/02,新北市,永和區,秀朗里,6500400-020,121.5260498,25.00344659
2025/07/02,新北市,泰山區,義仁里,6501600-012,121.4354427,25.04784093
2025/07/02,新北市,三重區,頂崁里,6500200-003,121.4703086,25.05964772
2025/07/02,新北市,淡水區,崁頂里,6501000-008,121.433883,25.19695962
2025/07/02,新北市,新莊區,富民里,6500500-078,121.4218754,25.02745162
2025/07/02,新北市,瑞芳區,碩仁里,6501200-017,121.8176253,25.06181894
2025/07/02,新北市,新店區,美潭里,6500600-022,121.5560898,24.95812066
2025/07/02,新北市,八里區,龍源里,6502300-001,121.4454953,25.12884498
2025/07/02,新北市,三重區,永德里,6500200-087,121.4869828,25.07312268
2025/07/02,新北市,平溪區,望古里,6502400-008,121.7586436,25.0360451
2025/07/02,新北市,三重區,谷王里,6500200-004,121.4750672,25.05375696
2025/07/02,新北市,三重區,谷王里,6500200-004,121.4750672,25.05375696
2025/07/02,新北市,三重區,五谷里,6500200-109,121.4742873,25.0484159
2025/07/02,新北市,八里區,米倉里,6502300-002,121.4395279,25.14790981
2025/07/03,新北市,新店區,復興里,6500600-062,121.5345807,24.98534743
2025/07/03,新北市,瑞芳區,海濱里,6501200-029,121.8377875,25.12055011
2025/07/03,新北市,新店區,復興里,6500600-062,121.5345807,24.98534743
2025/07/03,新北市,中和區,安順里,6500300-075,121.5117682,24.99534174
2025/07/03,新北市,三重區,五華里,6500200-104,121.4945277,25.08439077
2025/07/03,新北市,三重區,富貴里,6500200-105,121.4904386,25.08812405
2025/07/03,新北市,新店區,寶安里,6500600-007,121.5432019,24.98177361
2025/07/03,新北市,深坑區,阿柔里,6501800-005,121.6081323,24.98711516
2025/07/03,新北市,新店區,新和里,6500600-066,121.520082,24.98696981
2025/07/03,新北市,三峽區,嘉添里,6500900-011,121.3932393,24.90384911
2025/07/03,新北市,新店區,寶福里,6500600-058,121.5522352,24.97437919
2025/07/03,新北市,三重區,慈祐里,6500200-103,121.4903117,25.08165161
2025/07/03,新北市,三重區,永順里,6500200-114,121.4775308,25.0757023
2025/07/03,新北市,鶯歌區,鳳祥里,6500800-019,121.3309111,24.9638686
2025/07/03,新北市,新店區,江陵里,6500600-005,121.5360278,24.98131212
2025/07/03,新北市,平溪區,菁桐里,6502400-002,121.7197442,25.02959672
2025/07/03,新北市,永和區,雙和里,6500400-024,121.5081027,25.00102069
2025/07/03,新北市,平溪區,十分里,6502400-011,121.7726327,25.04412248
2025/07/04,新北市,板橋區,深丘里,6500100-065,121.4682716,25.01049556
2025/07/04,新北市,永和區,前溪里,6500400-043,121.5128307,25.0099555
2025/07/04,新北市,板橋區,新興里,6500100-007,121.4553677,25.00701925
2025/07/04,新北市,三峽區,礁溪里,6500900-007,121.3781033,24.9324773
2025/07/04,新北市,板橋區,留侯里,6500100-001,121.4551047,25.00970744
2025/07/04,新北市,板橋區,華東里,6500100-087,121.4521149,24.99768242
2025/07/04,新北市,永和區,文化里,6500400-002,121.5105691,25.01493655
2025/07/04,新北市,永和區,福和里,6500400-038,121.5184532,25.00551137
2025/07/04,新北市,板橋區,民權里,6500100-018,121.4596903,25.01606671
2025/07/04,新北市,永和區,保安里,6500400-013,121.5064081,25.00916749
2025/07/04,新北市,板橋區,民安里,6500100-115,121.4592539,25.01488135
2025/07/04,新北市,板橋區,華德里,6500100-086,121.4491632,24.99305027
2025/07/04,新北市,板橋區,福祿里,6500100-071,121.4678379,25.0068833
2025/07/04,新北市,板橋區,流芳里,6500100-002,121.4572633,25.00808197
2025/07/04,新北市,三峽區,大埔里,6500900-010,121.3643172,24.89854128
2025/07/04,新北市,永和區,福林里,6500400-001,121.5225975,25.00877345
2025/07/04,新北市,板橋區,湳興里,6500100-006,121.4531314,25.00714814
2025/07/04,新北市,板橋區,光榮里,6500100-114,121.4528704,25.01288948
2025/07/04,新北市,板橋區,自立里,6500100-012,121.4529707,25.01474041
2025/07/04,新北市,鶯歌區,二橋里,6500800-011,121.3281113,24.93753773
2025/07/04,新北市,泰山區,義學里,6501600-007,121.4251627,25.05211861
2025/07/04,新北市,板橋區,社後里,6500100-008,121.4561515,25.01585785
2025/07/04,新北市,新莊區,中平里,6500500-075,121.4463443,25.05105155
2025/07/04,新北市,板橋區,光華里,6500100-013,121.4534552,25.01070039
2025/07/04,新北市,中和區,安平里,6500300-022,121.5095528,24.99919543
2025/07/04,新北市,中和區,景平里,6500300-047,121.5116161,24.99292631
2025/07/04,新北市,板橋區,國泰里,6500100-073,121.4660921,25.00608203
2025/07/04,新北市,板橋區,赤松里,6500100-003,121.4560229,25.00963157
2025/07/04,新北市,鶯歌區,二甲里,6500800-012,121.3396694,24.93393375
2025/07/04,新北市,板橋區,挹秀里,6500100-005,121.4594573,25.01014015
2025/07/04,新北市,板橋區,黃石里,6500100-004,121.4577527,25.01164083
2025/07/04,新北市,三重區,錦江里,6500200-067,121.5029988,25.07077328
2025/07/05,新北市,樹林區,彭興里,6500700-033,121.4225283,24.9744177
2025/07/07,新北市,新店區,張北里,6500600-040,121.5454159,24.97240012
2025/07/07,新北市,新店區,中興里,6500600-037,121.5451876,24.96142111
2025/07/07,新北市,新店區,五峯里,6500600-041,121.5452676,24.96778909
2025/07/07,新北市,土城區,埤塘里,6501300-001,121.4481909,24.96619483
2025/07/07,新北市,新店區,忠孝里,6500600-009,121.5348853,24.98913968
2025/07/07,新北市,三重區,博愛里,6500200-110,121.476475,25.06772735
2025/07/07,新北市,新店區,頂城里,6500600-012,121.5293129,24.96478151
2025/07/07,新北市,瑞芳區,瑞濱里,6501200-030,121.8174138,25.11889626
2025/07/07,新北市,新店區,寶興里,6500600-006,121.5465061,24.98051835
2025/07/07,新北市,淡水區,北投里,6501000-012,121.4611644,25.18183835
2025/07/07,新北市,新店區,大鵬里,6500600-010,121.5353606,24.99244922
2025/07/07,新北市,土城區,日新里,6501300-006,121.4440636,24.98661666
2025/07/08,新北市,雙溪區,新基里,6502500-003,121.8787123,25.04192504
2025/07/08,新北市,三峽區,成福里,6500900-020,121.4274609,24.93126894
2025/07/08,新北市,新店區,國校里,6500600-033,121.5419978,24.9538313
2025/07/08,新北市,新店區,廣明里,6500600-035,121.5405557,24.96029124
2025/07/08,新北市,永和區,永成里,6500400-009,121.5093912,25.01670009
2025/07/08,新北市,永和區,豫溪里,6500400-003,121.5172362,25.00952129
2025/07/08,新北市,三重區,大德里,6500200-060,121.5028046,25.06487926
2025/07/08,新北市,新店區,張南里,6500600-032,121.537264,24.95931106
2025/07/08,新北市,三重區,中央里,6500200-052,121.4975811,25.06649285
2025/07/08,新北市,永和區,民治里,6500400-008,121.5173815,24.99831551
2025/07/08,新北市,新店區,中興里,6500600-037,121.5451876,24.96142111
2025/07/08,新北市,新店區,文明里,6500600-036,121.5405224,24.96301536
2025/07/08,新北市,新店區,新店里,6500600-031,121.537026,24.95428931
2025/07/08,新北市,新店區,永安里,6500600-015,121.5194216,24.98368204
2025/07/09,新北市,瑞芳區,崇文里,6501200-020,121.842691,25.10918225
2025/07/09,新北市,瑞芳區,基山里,6501200-018,121.8434752,25.11458353
2025/07/09,新北市,瑞芳區,永慶里,6501200-019,121.8449289,25.10535174
2025/07/09,新北市,烏來區,烏來里,6502900-001,121.553487,24.85514321
2025/07/10,新北市,板橋區,自強里,6500100-011,121.4551312,25.01340852
2025/07/10,新北市,板橋區,明翠里,6500100-039,121.4650548,25.02618931
2025/07/10,新北市,板橋區,新翠里,6500100-035,121.461892,25.02550183
2025/07/10,新北市,汐止區,北峰里,6501100-019,121.6277645,25.07026032
2025/07/10,新北市,板橋區,中正里,6500100-010,121.4520281,25.02577302
2025/07/10,新北市,板橋區,滿翠里,6500100-038,121.4637762,25.02939553
2025/07/10,新北市,汐止區,湖蓮里,6501100-049,121.6317261,25.07575578
2025/07/10,新北市,汐止區,茄苳里,6501100-009,121.681647,25.05598737
2025/07/10,新北市,永和區,中興里,6500400-018,121.5173155,25.0127101
2025/07/11,新北市,土城區,長風里,6501300-005,121.4403173,24.97754342
2025/07/11,新北市,金山區,金美里,6502700-015,121.6350871,25.21964253
2025/07/11,新北市,淡水區,學府里,6501000-041,121.4601792,25.17251487
2025/07/11,新北市,金山區,重和里,6502700-007,121.5895813,25.19810355
2025/07/11,新北市,板橋區,陽明里,6500100-116,121.4646579,25.02378069
2025/07/11,新北市,淡水區,新興里,6501000-010,121.4412959,25.18033819
2025/07/11,新北市,板橋區,百壽里,6500100-025,121.4679162,25.01916203
2025/07/11,新北市,金山區,萬壽里,6502700-012,121.6324495,25.24122842
2025/07/11,新北市,淡水區,坪頂里,6501000-016,121.4799532,25.15774431
2025/07/11,新北市,淡水區,鄧公里,6501000-022,121.4525973,25.16940471
2025/07/11,新北市,淡水區,水碓里,6501000-011,121.4446782,25.17696433
2025/07/11,新北市,板橋區,新民里,6500100-022,121.4646136,25.01569711
2025/07/11,新北市,金山區,萬壽里,6502700-012,121.6324495,25.24122842
2025/07/11,新北市,板橋區,龍安里,6500100-097,121.4395734,24.99957092
2025/07/11,新北市,三重區,奕壽里,6500200-071,121.4986487,25.07122083
2025/07/11,新北市,萬里區,中幅里,6502800-009,121.6761346,25.17095154
2025/07/11,新北市,金山區,金美里,6502700-015,121.6350871,25.21964253
2025/07/11,新北市,萬里區,萬里里,6502800-001,121.6943568,25.17498705
2025/07/11,新北市,土城區,土城里,6501300-002,121.4421025,24.97362263
2025/07/11,新北市,永和區,協和里,6500400-027,121.5121014,25.00754104
2025/07/11,新北市,泰山區,明志里,6501600-008,121.4217983,25.04731619
2025/07/11,新北市,板橋區,華江里,6500100-028,121.4697802,25.02236941
2025/07/11,新北市,深坑區,深坑里,6501800-001,121.6154941,25.00318096
2025/07/11,新北市,金山區,永興里,6502700-014,121.6249848,25.26101229
2025/07/11,新北市,金山區,美田里,6502700-005,121.6330463,25.22460492
2025/07/11,新北市,板橋區,聚安里,6500100-096,121.4403248,25.00272804
2025/07/11,新北市,萬里區,雙興里,6502800-006,121.6335007,25.17589068
2025/07/11,新北市,金山區,永興里,6502700-014,121.6249848,25.26101229
2025/07/11,新北市,金山區,和平里,6502700-001,121.6407899,25.21923764
2025/07/11,新北市,金山區,大同里,6502700-002,121.6410679,25.22111098
2025/07/11,新北市,烏來區,信賢里,6502900-004,121.5187377,24.82420724
2025/07/11,新北市,淡水區,幸福里,6501000-040,121.4458145,25.16555792
2025/07/12,新北市,三重區,光明里,6500200-020,121.4904243,25.05585621
2025/07/12,新北市,三重區,大同里,6500200-028,121.4941331,25.06075329
2025/07/12,新北市,三重區,培德里,6500200-086,121.4831313,25.07028199
2025/07/12,新北市,三重區,田安里,6500200-018,121.4831237,25.06235904
2025/07/12,新北市,三重區,永發里,6500200-113,121.4782022,25.07190554
2025/07/12,新北市,三重區,信安里,6500200-074,121.4924916,25.07082674
2025/07/12,新北市,三重區,長生里,6500200-058,121.5006154,25.06693405
2025/07/12,新北市,林口區,西林里,6501700-003,121.3869658,25.07424262
2025/07/12,新北市,三重區,萬壽里,6500200-066,121.5014748,25.07058473
2025/07/12,新北市,三重區,自強里,6500200-050,121.4945002,25.06797794
2025/07/13,新北市,三重區,光陽里,6500200-014,121.4824226,25.0597027
2025/07/13,新北市,三重區,文化里,6500200-051,121.4983513,25.06404976
2025/07/13,新北市,三重區,龍濱里,6500200-068,121.5021873,25.07276173
2025/07/14,新北市,淡水區,中興里,6501000-023,121.447339,25.17441447
2025/07/14,新北市,板橋區,金華里,6500100-016,121.4578514,25.02031411
2025/07/14,新北市,蘆洲區,玉清里,6501400-019,121.4813424,25.08624812
2025/07/14,新北市,泰山區,新明里,6501600-014,121.4277321,25.04297066
2025/07/14,新北市,淡水區,永吉里,6501000-028,121.4400627,25.1715828
2025/07/14,新北市,蘆洲區,正義里,6501400-001,121.4617268,25.08993004
2025/07/14,新北市,淡水區,長庚里,6501000-024,121.4441563,25.17028164
2025/07/14,新北市,汐止區,福安里,6501100-045,121.6648641,25.06529998
2025/07/14,新北市,淡水區,清文里,6501000-025,121.4417549,25.17084001
2025/07/14,新北市,林口區,湖南里,6501700-007,121.3717915,25.08486252
2025/07/14,新北市,汐止區,大同里,6501100-041,121.655378,25.06580231
2025/07/14,新北市,板橋區,堂春里,6500100-112,121.4353736,24.98805928
2025/07/14,新北市,汐止區,秀山里,6501100-046,121.6655259,25.05911852
2025/07/14,新北市,烏來區,福山里,6502900-003,121.5123475,24.7491473
2025/07/14,新北市,永和區,豫溪里,6500400-003,121.5172362,25.00952129
2025/07/14,新北市,三峽區,鳶山里,6500900-008,121.3412822,24.9258379
2025/07/15,新北市,土城區,祖田里,6501300-026,121.4251804,24.94377101
2025/07/15,新北市,土城區,沛陂里,6501300-022,121.421484,24.96558381
2025/07/15,新北市,土城區,沛陂里,6501300-022,121.421484,24.96558381
2025/07/15,新北市,土城區,日和里,6501300-007,121.4430975,24.98341481
2025/07/15,新北市,土城區,沛陂里,6501300-022,121.421484,24.96558381
2025/07/15,新北市,板橋區,復興里,6500100-093,121.4450753,25.00202978
2025/07/15,新北市,板橋區,龍安里,6500100-097,121.4395734,24.99957092
2025/07/15,新北市,土城區,祖田里,6501300-026,121.4251804,24.94377101
2025/07/15,新北市,土城區,廣福里,6501300-028,121.4567983,24.98706799
2025/07/15,新北市,土城區,員福里,6501300-033,121.4388031,24.9798995
2025/07/15,新北市,土城區,祖田里,6501300-026,121.4251804,24.94377101
2025/07/15,新北市,板橋區,歡園里,6500100-126,121.4407434,25.0083472
2025/07/15,新北市,土城區,員福里,6501300-033,121.4388031,24.9798995
2025/07/15,新北市,板橋區,中山里,6500100-092,121.4486765,24.99997428
2025/07/15,新北市,板橋區,僑中里,6500100-091,121.4446814,25.00646599
2025/07/15,新北市,土城區,延和里,6501300-040,121.4644553,24.98800521
2025/07/15,新北市,永和區,保安里,6500400-013,121.5064081,25.00916749
2025/07/15,新北市,三重區,五福里,6500200-096,121.4949428,25.08278099
2025/07/15,新北市,板橋區,大安里,6500100-094,121.4470626,25.00191702
2025/07/15,新北市,土城區,頂福里,6501300-024,121.4139294,24.95616757
2025/07/15,新北市,土城區,頂福里,6501300-024,121.4139294,24.95616757
2025/07/15,新北市,八里區,大崁里,6502300-003,121.4243586,25.15656277
2025/07/15,新北市,板橋區,浮洲里,6500100-089,121.4487607,25.00989884
2025/07/15,新北市,土城區,頂埔里,6501300-023,121.422012,24.95500243
2025/07/15,新北市,林口區,湖北里,6501700-006,121.3873245,25.098375
2025/07/15,新北市,八里區,埤頭里,6502300-004,121.4167859,25.15014261
2025/07/15,新北市,板橋區,華中里,6500100-090,121.4441985,25.01528555
2025/07/15,新北市,三重區,慈化里,6500200-102,121.4884772,25.08332278
2025/07/15,新北市,板橋區,大觀里,6500100-125,121.445733,25.01008422
2025/07/15,新北市,土城區,頂福里,6501300-024,121.4139294,24.95616757
2025/07/15,新北市,土城區,員林里,6501300-003,121.4449699,24.97789261
2025/07/16,新北市,三重區,仁華里,6500200-118,121.4833934,25.08218012
2025/07/16,新北市,坪林區,大林里,6502000-003,121.7039288,24.87866654
2025/07/16,新北市,蘆洲區,得勝里,6501400-014,121.4715873,25.0817105
2025/07/16,新北市,深坑區,埔新里,6501800-006,121.61944,25.00551798
2025/07/16,新北市,蘆洲區,中路里,6501400-003,121.4672169,25.0804506
2025/07/16,新北市,蘆洲區,鷺江里,6501400-008,121.4762263,25.08581184
2025/07/16,新北市,新莊區,中原里,6500500-053,121.4459822,25.05643128
2025/07/16,新北市,三重區,慈愛里,6500200-101,121.4835555,25.08037835
2025/07/16,新北市,蘆洲區,保佑里,6501400-005,121.4680076,25.08836044
2025/07/17,新北市,新莊區,榮和里,6500500-016,121.452723,25.0351305
2025/07/17,新北市,永和區,中溪里,6500400-014,121.5095014,25.01169742
2025/07/17,新北市,新莊區,恆安里,6500500-008,121.4565332,25.03921027
2025/07/17,新北市,新莊區,立人里,6500500-026,121.4544533,25.03790987
2025/07/17,新北市,三峽區,三峽里,6500900-001,121.3692527,24.93332583
2025/07/17,新北市,三重區,重陽里,6500200-044,121.4899647,25.06450778
2025/07/17,新北市,三重區,平和里,6500200-030,121.4952198,25.05889794
2025/07/17,新北市,三重區,永豐里,6500200-115,121.4797944,25.07437356
2025/07/17,新北市,三重區,立德里,6500200-116,121.4873159,25.070668
2025/07/17,新北市,三重區,中民里,6500200-029,121.4950328,25.06005708
2025/07/17,新北市,永和區,忠義里,6500400-010,121.5076601,25.01540691
2025/07/17,新北市,三重區,永福里,6500200-089,121.4811456,25.07668397
2025/07/17,新北市,永和區,忠義里,6500400-010,121.5076601,25.01540691
2025/07/17,新北市,新莊區,文聖里,6500500-065,121.4489703,25.03729694
2025/07/17,新北市,新莊區,興漢里,6500500-013,121.4510131,25.03511301
2025/07/17,新北市,新莊區,思源里,6500500-025,121.4597824,25.04253135
2025/07/17,新北市,永和區,仁愛里,6500400-005,121.5119976,25.01337408
2025/07/17,新北市,新莊區,全泰里,6500500-060,121.4469827,25.03671411
2025/07/17,新北市,三重區,永清里,6500200-090,121.4805445,25.07839961
2025/07/17,新北市,三重區,中山里,6500200-041,121.4920679,25.06181003
2025/07/18,新北市,新莊區,民安里,6500500-032,121.4263167,25.01971226
2025/07/18,新北市,新莊區,光正里,6500500-083,121.4270837,25.01620488
2025/07/18,新北市,林口區,菁湖里,6501700-004,121.3893499,25.08337073
2025/07/18,新北市,三峽區,添福里,6500900-012,121.3796565,24.89744576
2025/07/18,新北市,新莊區,光榮里,6500500-041,121.4286179,25.01508677
2025/07/18,新北市,汐止區,中興里,6501100-026,121.6314448,25.06468886
2025/07/18,新北市,汐止區,湖光里,6501100-027,121.6342002,25.07546914
2025/07/18,新北市,新莊區,西盛里,6500500-015,121.4326259,25.01183892
2025/07/18,新北市,泰山區,泰友里,6501600-013,121.4301851,25.04460594
2025/07/18,新北市,汐止區,信望里,6501100-004,121.661928,25.0691527
2025/07/18,新北市,新莊區,民有里,6500500-082,121.4282644,25.01839256
2025/07/18,新北市,新莊區,西盛里,6500500-015,121.4326259,25.01183892
2025/07/19,新北市,深坑區,賴仲里,6501800-008,121.625653,25.01183014
2025/07/19,新北市,土城區,金城里,6501300-046,121.466157,24.98567735
2025/07/21,新北市,中和區,民享里,6500300-056,121.474986,25.0019982
2025/07/21,新北市,林口區,湖南里,6501700-007,121.3717915,25.08486252
2025/07/21,新北市,蘆洲區,忠孝里,6501400-033,121.4740124,25.08986397
2025/07/21,新北市,蘆洲區,樹德里,6501400-011,121.4739032,25.08051129
2025/07/21,新北市,三峽區,礁溪里,6500900-007,121.3781033,24.9324773
2025/07/21,新北市,蘆洲區,民和里,6501400-032,121.475353,25.07728465
2025/07/22,新北市,永和區,後溪里,6500400-058,121.5137257,25.01263056
2025/07/22,新北市,樹林區,圳安里,6500700-004,121.4255145,25.00616366
2025/07/22,新北市,三重區,尚德里,6500200-085,121.4938176,25.07249694
2025/07/22,新北市,樹林區,金寮里,6500700-032,121.4174055,25.00244788
2025/07/22,新北市,新莊區,中平里,6500500-075,121.4463443,25.05105155
2025/07/22,新北市,永和區,網溪里,6500400-052,121.5169035,25.0172072
2025/07/22,新北市,泰山區,貴賢里,6501600-015,121.4278802,25.03973156
2025/07/22,新北市,三峽區,金圳里,6500900-013,121.3842384,24.87643007
2025/07/22,新北市,三峽區,五寮里,6500900-014,121.3664345,24.85504129
2025/07/22,新北市,三峽區,龍恩里,6500900-028,121.3677539,24.94295358
2025/07/22,新北市,蘆洲區,長安里,6501400-031,121.4597119,25.08094184
2025/07/22,新北市,永和區,中興里,6500400-018,121.5173155,25.0127101
2025/07/22,新北市,五股區,成功里,6501500-006,121.4455418,25.09389748
2025/07/23,新北市,汐止區,秀峰里,6501100-006,121.6603598,25.06506493
2025/07/23,新北市,蘆洲區,永德里,6501400-038,121.4583697,25.08293077
2025/07/23,新北市,汐止區,鄉長里,6501100-013,121.6630108,25.08331448
2025/07/23,新北市,中和區,力行里,6500300-009,121.4966977,24.9952527
2025/07/23,新北市,汐止區,文化里,6501100-032,121.6474362,25.06014573
2025/07/23,新北市,汐止區,保安里,6501100-011,121.679256,25.07038082
2025/07/23,新北市,中和區,秀峰里,6500300-032,121.5189478,24.9899464
2025/07/23,新北市,汐止區,橋東里,6501100-005,121.6660401,25.07309422
2025/07/23,新北市,三重區,大有里,6500200-001,121.4730118,25.07041375
2025/07/24,新北市,土城區,永豐里,6501300-014,121.4623585,24.98159398
2025/07/24,新北市,新莊區,化成里,6500500-036,121.4633195,25.04565734
2025/07/24,新北市,五股區,興珍里,6501500-001,121.4577325,25.06944168
2025/07/24,新北市,三重區,光明里,6500200-020,121.4904243,25.05585621
2025/07/24,新北市,土城區,永豐里,6501300-014,121.4623585,24.98159398
2025/07/24,新北市,五股區,興珍里,6501500-001,121.4577325,25.06944168
2025/07/24,新北市,新莊區,全安里,6500500-004,121.4474202,25.03323529
2025/07/24,新北市,三重區,福星里,6500200-037,121.5006878,25.06254814
2025/07/24,新北市,新莊區,海山里,6500500-001,121.4445782,25.03294303
2025/07/24,新北市,土城區,青山里,6501300-045,121.4659677,24.97752899
2025/07/24,新北市,中和區,壽德里,6500300-070,121.4659799,24.99489534
2025/07/24,新北市,新莊區,文衡里,6500500-010,121.4492722,25.03399971
2025/07/24,新北市,新莊區,文明里,6500500-022,121.4616305,25.03820588
2025/07/24,新北市,三芝區,橫山里,6502100-007,121.5357401,25.25280283
2025/07/24,新北市,新莊區,文德里,6500500-019,121.4554577,25.03490565
2025/07/24,新北市,三重區,吉利里,6500200-027,121.4940038,25.05793036
2025/07/25,新北市,樹林區,東園里,6500700-022,121.4025769,24.95524098
2025/07/25,新北市,永和區,秀和里,6500400-047,121.5226545,25.00471208
2025/07/25,新北市,中和區,景福里,6500300-049,121.5074847,24.99163683
2025/07/25,新北市,泰山區,同榮里,6501600-006,121.4238846,25.0571602
2025/07/25,新北市,永和區,永樂里,6500400-061,121.5136132,25.00567061
2025/07/25,新北市,樹林區,北園里,6500700-025,121.3942715,24.96217955
2025/07/25,新北市,五股區,福德里,6501500-020,121.4191613,25.07475749
2025/07/26,新北市,汐止區,北峰里,6501100-019,121.6277645,25.07026032
2025/07/26,新北市,林口區,南勢里,6501700-008,121.356816,25.07524604
2025/07/27,新北市,鶯歌區,同慶里,6500800-007,121.3471297,24.95143656
2025/07/27,新北市,鶯歌區,永昌里,6500800-008,121.3397929,24.95274814
2025/07/28,新北市,中和區,中興里,6500300-081,121.4999422,24.98841243
2025/07/28,新北市,中和區,復興里,6500300-045,121.5019701,24.99146515
2025/07/28,新北市,中和區,碧河里,6500300-084,121.4906928,24.99963472
2025/07/28,新北市,中和區,連城里,6500300-008,121.4967726,24.99817542
2025/07/29,新北市,平溪區,南山里,6502400-009,121.7926238,25.04179867
2025/07/29,新北市,土城區,清化里,6501300-015,121.4637217,24.9613197
2025/07/29,新北市,土城區,柑林里,6501300-009,121.453515,24.97760591
2025/07/29,新北市,土城區,青山里,6501300-045,121.4659677,24.97752899
2025/07/29,新北市,樹林區,獇寮里,6500700-007,121.4135316,25.0078293
2025/07/29,新北市,土城區,日和里,6501300-007,121.4430975,24.98341481
2025/07/29,新北市,土城區,清化里,6501300-015,121.4637217,24.9613197
2025/07/29,新北市,土城區,埤塘里,6501300-001,121.4481909,24.96619483
2025/07/29,新北市,土城區,埤塘里,6501300-001,121.4481909,24.96619483
2025/07/29,新北市,土城區,永寧里,6501300-021,121.4317936,24.95482643
2025/07/29,新北市,土城區,埤塘里,6501300-001,121.4481909,24.96619483
2025/07/29,新北市,土城區,埤林里,6501300-010,121.4531477,24.98769175
2025/07/29,新北市,土城區,日新里,6501300-006,121.4440636,24.98661666
2025/07/29,新北市,土城區,永寧里,6501300-021,121.4317936,24.95482643
2025/07/29,新北市,五股區,五福里,6501500-009,121.4370668,25.08932039
2025/07/29,新北市,土城區,埤塘里,6501300-001,121.4481909,24.96619483
2025/07/29,新北市,土城區,埤塘里,6501300-001,121.4481909,24.96619483
2025/07/29,新北市,土城區,大安里,6501300-020,121.4438331,24.95530524
2025/07/29,新北市,五股區,六福里,6501500-015,121.4307802,25.09400157
2025/07/29,新北市,土城區,埤塘里,6501300-001,121.4481909,24.96619483
2025/07/29,新北市,土城區,埤塘里,6501300-001,121.4481909,24.96619483
2025/07/29,新北市,土城區,永豐里,6501300-014,121.4623585,24.98159398
2025/07/29,新北市,永和區,民樂里,6500400-035,121.5278186,24.99999857
2025/07/29,新北市,土城區,青雲里,6501300-032,121.4580421,24.98039206
2025/07/30,新北市,汐止區,厚德里,6501100-029,121.6413163,25.06760077
2025/07/30,新北市,三芝區,福德里,6502100-010,121.509257,25.23276771
2025/07/30,新北市,三芝區,錫板里,6502100-008,121.4950596,25.24239317
2025/07/30,新北市,永和區,民治里,6500400-008,121.5173815,24.99831551
2025/07/30,新北市,永和區,民治里,6500400-008,121.5173815,24.99831551
2025/07/30,新北市,土城區,土城里,6501300-002,121.4421025,24.97362263
2025/07/30,新北市,五股區,五股里,6501500-008,121.4382978,25.08306649
2025/07/30,新北市,五股區,成德里,6501500-014,121.4561307,25.10228662
2025/08/01,新北市,中和區,中興里,6500300-081,121.4999422,24.98841243
2025/08/01,新北市,板橋區,光榮里,6500100-114,121.4528704,25.01288948
2025/08/01,新北市,中和區,福南里,6500300-080,121.5057547,24.98620725
2025/08/01,新北市,板橋區,純翠里,6500100-030,121.4658822,25.03002501
2025/08/01,新北市,板橋區,自立里,6500100-012,121.4529707,25.01474041
2025/08/01,新北市,新店區,德安里,6500600-017,121.5004935,24.95818565
2025/08/01,新北市,泰山區,貴子里,6501600-009,121.4175748,25.04098664
2025/08/01,新北市,新店區,國豐里,6500600-001,121.5404077,24.97664601
2025/08/01,新北市,中和區,國華里,6500300-091,121.4700831,25.00139407
2025/08/01,新北市,新店區,寶福里,6500600-058,121.5522352,24.97437919
2025/08/01,新北市,新店區,文中里,6500600-034,121.5423519,24.9578097
2025/08/01,新北市,土城區,大安里,6501300-020,121.4438331,24.95530524
2025/08/01,新北市,中和區,華新里,6500300-035,121.5080564,24.97944975
2025/08/01,新北市,中和區,瑞穗里,6500300-063,121.4729102,25.00561882
2025/08/01,新北市,新店區,太平里,6500600-011,121.5325244,24.95513469
2025/08/01,新北市,新店區,復興里,6500600-062,121.5345807,24.98534743
2025/08/01,新北市,新店區,百和里,6500600-048,121.5363638,24.97677211
2025/08/01,新北市,板橋區,赤松里,6500100-003,121.4560229,25.00963157
2025/08/01,新北市,中和區,福善里,6500300-014,121.4976114,25.00399148
2025/08/01,新北市,中和區,民享里,6500300-056,121.474986,25.0019982
2025/08/03,新北市,新店區,安和里,6500600-056,121.5171033,24.97455802
2025/08/04,新北市,土城區,清溪里,6501300-016,121.4611531,24.98565886
2025/08/04,新北市,新店區,日興里,6500600-019,121.4713413,24.94312781
2025/08/04,新北市,土城區,沛陂里,6501300-022,121.421484,24.96558381
2025/08/04,新北市,土城區,日和里,6501300-007,121.4430975,24.98341481
2025/08/04,新北市,土城區,祖田里,6501300-026,121.4251804,24.94377101
2025/08/04,新北市,板橋區,雙玉里,6500100-063,121.4780302,25.02099053
2025/08/04,新北市,三重區,三安里,6500200-072,121.4963458,25.06990474
2025/08/04,新北市,三重區,厚德里,6500200-083,121.4911376,25.07296673
2025/08/04,新北市,新店區,美城里,6500600-063,121.5308259,24.94915589
2025/08/04,新北市,土城區,日和里,6501300-007,121.4430975,24.98341481
2025/08/04,新北市,新店區,公崙里,6500600-016,121.5129649,24.95267703
2025/08/04,新北市,新店區,達觀里,6500600-068,121.504797,24.9415708
2025/08/04,新北市,板橋區,民安里,6500100-115,121.4592539,25.01488135
2025/08/04,新北市,板橋區,光仁里,6500100-060,121.4759843,25.01860072
2025/08/04,新北市,土城區,員林里,6501300-003,121.4449699,24.97789261
2025/08/04,新北市,新店區,下城里,6500600-013,121.5215508,24.95582736
2025/08/04,新北市,中和區,正南里,6500300-092,121.5071234,24.98371747
2025/08/04,新北市,三重區,福安里,6500200-073,121.4934381,25.06965502
2025/08/04,新北市,土城區,頂埔里,6501300-023,121.422012,24.95500243
2025/08/04,新北市,土城區,員仁里,6501300-004,121.4369001,24.97421533
2025/08/04,新北市,新店區,安昌里,6500600-064,121.5105513,24.96151479
2025/08/04,新北市,土城區,頂福里,6501300-024,121.4139294,24.95616757
2025/08/05,新北市,三重區,中興里,6500200-005,121.4694277,25.04851182
2025/08/05,新北市,貢寮區,美豐里,6502600-010,121.8984332,25.0626036
2025/08/05,新北市,貢寮區,美豐里,6502600-010,121.8984332,25.0626036
2025/08/05,新北市,板橋區,埤墘里,6500100-061,121.4734998,25.02220781
2025/08/05,新北市,蘆洲區,仁義里,6501400-028,121.4809873,25.08444728
2025/08/05,新北市,貢寮區,貢寮里,6502600-001,121.9024757,25.02755513
2025/08/05,新北市,貢寮區,美豐里,6502600-010,121.8984332,25.0626036
2025/08/05,新北市,貢寮區,美豐里,6502600-010,121.8984332,25.0626036
2025/08/05,新北市,蘆洲區,仁復里,6501400-013,121.4738141,25.0829737
2025/08/05,新北市,中和區,中安里,6500300-023,121.5120142,25.00254783
2025/08/05,新北市,土城區,中正里,6501300-041,121.4559704,24.98450457
2025/08/05,新北市,貢寮區,美豐里,6502600-010,121.8984332,25.0626036
2025/08/05,新北市,貢寮區,美豐里,6502600-010,121.8984332,25.0626036
2025/08/05,新北市,三峽區,竹崙里,6500900-022,121.4360374,24.89926643
2025/08/05,新北市,貢寮區,美豐里,6502600-010,121.8984332,25.0626036
2025/08/05,新北市,貢寮區,美豐里,6502600-010,121.8984332,25.0626036
2025/08/05,新北市,貢寮區,美豐里,6502600-010,121.8984332,25.0626036
2025/08/05,新北市,中和區,德穗里,6500300-067,121.4714765,25.00322568
2025/08/05,新北市,貢寮區,美豐里,6502600-010,121.8984332,25.0626036
2025/08/05,新北市,貢寮區,美豐里,6502600-010,121.8984332,25.0626036
2025/08/05,新北市,貢寮區,美豐里,6502600-010,121.8984332,25.0626036
2025/08/05,新北市,蘆洲區,九芎里,6501400-024,121.464085,25.08038862
2025/08/05,新北市,土城區,明德里,6501300-043,121.4494142,24.98207547
2025/08/05,新北市,土城區,明德里,6501300-043,121.4494142,24.98207547
2025/08/05,新北市,三峽區,安坑里,6500900-021,121.4658622,24.91445105
2025/08/05,新北市,三峽區,插角里,6500900-015,121.409877,24.86655264
2025/08/05,新北市,板橋區,永安里,6500100-062,121.4762765,25.02334491
2025/08/05,新北市,三重區,安慶里,6500200-075,121.4942456,25.06874196
2025/08/05,新北市,土城區,學士里,6501300-042,121.4532987,24.98238218
2025/08/05,新北市,貢寮區,龍門里,6502600-005,121.9255959,25.03017096
2025/08/05,新北市,三峽區,弘道里,6500900-005,121.3445577,24.91345859
2025/08/05,新北市,新莊區,富民里,6500500-078,121.4218754,25.02745162
2025/08/05,新北市,貢寮區,雙玉里,6502600-003,121.9254508,25.00186136
2025/08/05,新北市,板橋區,莊敬里,6500100-121,121.4718317,25.02034377
2025/08/06,新北市,三重區,長元里,6500200-061,121.5016109,25.06757014
2025/08/06,新北市,鶯歌區,鳳福里,6500800-016,121.3289249,24.97481273
2025/08/06,新北市,三重區,福隆里,6500200-094,121.488874,25.07690939
2025/08/06,新北市,雙溪區,雙溪里,6502500-001,121.8655049,25.03597374
2025/08/06,新北市,永和區,店街里,6500400-056,121.5159718,25.00612411
2025/08/06,新北市,汐止區,城中里,6501100-048,121.6617303,25.07205014
2025/08/06,新北市,三重區,六福里,6500200-078,121.4840441,25.06771252
2025/08/06,新北市,汐止區,湖興里,6501100-043,121.6344518,25.08528099
2025/08/06,新北市,三重區,五常里,6500200-095,121.4973794,25.07897898
2025/08/06,新北市,三重區,永吉里,6500200-112,121.4867589,25.07478354
2025/08/06,新北市,中和區,秀景里,6500300-030,121.5268071,24.99032848
2025/08/06,新北市,三重區,開元里,6500200-059,121.5035671,25.06580948
2025/08/06,新北市,中和區,錦盛里,6500300-086,121.495885,24.98868136
2025/08/06,新北市,永和區,大同里,6500400-042,121.5065848,25.01366152
2025/08/06,新北市,汐止區,樟樹里,6501100-018,121.6346684,25.05867002
2025/08/06,新北市,三重區,萬壽里,6500200-066,121.5014748,25.07058473
2025/08/06,新北市,鶯歌區,鳳鳴里,6500800-015,121.3345286,24.96889034
2025/08/06,新北市,汐止區,福山里,6501100-024,121.6210678,25.04580058
2025/08/06,新北市,三重區,仁忠里,6500200-097,121.4945987,25.08122282
2025/08/06,新北市,雙溪區,魚行里,6502500-004,121.8726707,25.01627688
2025/08/06,新北市,永和區,秀成里,6500400-021,121.5277049,25.00308075
2025/08/06,新北市,汐止區,自強里,6501100-031,121.6566062,25.06177256
2025/08/06,新北市,泰山區,貴和里,6501600-010,121.4221672,25.03395746
2025/08/06,新北市,三重區,龍濱里,6500200-068,121.5021873,25.07276173
2025/08/06,新北市,汐止區,康福里,6501100-036,121.6382133,25.06928685
2025/08/06,新北市,三重區,五順里,6500200-119,121.4951111,25.08068947
2025/08/06,新北市,板橋區,民族里,6500100-072,121.4695496,25.00808341
2025/08/06,新北市,三重區,六合里,6500200-077,121.4884178,25.0694158
2025/08/07,新北市,三重區,培德里,6500200-086,121.4831313,25.07028199
2025/08/07,新北市,三重區,長泰里,6500200-063,121.5007714,25.06882485
2025/08/07,新北市,三重區,重明里,6500200-012,121.4842203,25.05706069
2025/08/07,新北市,泰山區,同興里,6501600-011,121.4315243,25.05669138
2025/08/07,新北市,新莊區,全安里,6500500-004,121.4474202,25.03323529
2025/08/07,新北市,三重區,長福里,6500200-064,121.5032092,25.06955863
2025/08/07,新北市,板橋區,福星里,6500100-076,121.4612174,25.00293685
2025/08/07,新北市,三重區,過田里,6500200-010,121.4882833,25.05946695
2025/08/07,新北市,板橋區,挹秀里,6500100-005,121.4594573,25.01014015
2025/08/07,新北市,三重區,光田里,6500200-013,121.4851003,25.06035101
2025/08/07,新北市,新莊區,海山里,6500500-001,121.4445782,25.03294303
2025/08/07,新北市,三重區,長江里,6500200-062,121.5034956,25.06789433
2025/08/07,新北市,土城區,延壽里,6501300-030,121.4719331,24.99208492
2025/08/07,新北市,深坑區,賴仲里,6501800-008,121.625653,25.01183014
2025/08/07,新北市,新莊區,豐年里,6500500-006,121.4453743,25.03059164
2025/08/07,新北市,三重區,光陽里,6500200-014,121.4824226,25.0597027
2025/08/07,新北市,新莊區,文衡里,6500500-010,121.4492722,25.03399971
2025/08/08,新北市,泰山區,義學里,6501600-007,121.4251627,25.05211861
2025/08/08,新北市,新莊區,民有里,6500500-082,121.4282644,25.01839256
2025/08/08,新北市,新莊區,光榮里,6500500-041,121.4286179,25.01508677
2025/08/08,新北市,新莊區,西盛里,6500500-015,121.4326259,25.01183892
2025/08/08,新北市,板橋區,九如里,6500100-058,121.4781617,25.01618542
2025/08/08,新北市,永和區,民生里,6500400-049,121.5237935,24.99815125
2025/08/08,新北市,永和區,保順里,6500400-062,121.5024888,25.00974763
2025/08/08,新北市,樹林區,太順里,6500700-039,121.415606,24.97867163
2025/08/08,新北市,永和區,豫溪里,6500400-003,121.5172362,25.00952129
2025/08/08,新北市,永和區,潭墘里,6500400-030,121.51573,25.001553
2025/08/08,新北市,新莊區,瓊林里,6500500-018,121.4402128,25.02106264
2025/08/08,新北市,新莊區,光華里,6500500-038,121.4278446,25.01127527
2025/08/08,新北市,林口區,東勢里,6501700-009,121.3794306,25.06967369
2025/08/08,新北市,新店區,安和里,6500600-056,121.5171033,24.97455802
2025/08/08,新北市,板橋區,鄉雲里,6500100-077,121.4579992,25.0020485
2025/08/08,新北市,板橋區,華福里,6500100-111,121.4579799,25.00503303
2025/08/08,新北市,永和區,光復里,6500400-036,121.5179351,25.01628271
2025/08/08,新北市,淡水區,油車里,6501000-032,121.4269611,25.17916978
2025/08/08,新北市,新莊區,西盛里,6500500-015,121.4326259,25.01183892
2025/08/08,新北市,永和區,信義里,6500400-057,121.5130474,25.01132849
2025/08/08,新北市,樹林區,彭福里,6500700-017,121.4228679,24.98051432
2025/08/08,新北市,板橋區,玉光里,6500100-059,121.4722581,25.01753903
2025/08/08,新北市,永和區,永元里,6500400-011,121.5207504,25.00120166
2025/08/08,新北市,永和區,永元里,6500400-011,121.5207504,25.00120166
2025/08/08,新北市,板橋區,聚安里,6500100-096,121.4403248,25.00272804
2025/08/08,新北市,新莊區,光正里,6500500-083,121.4270837,25.01620488
2025/08/08,新北市,淡水區,新民里,6501000-036,121.4382938,25.17867954
2025/08/08,新北市,淡水區,北新里,6501000-038,121.4551981,25.17735486
2025/08/08,新北市,永和區,頂溪里,6500400-029,121.5149052,25.01614801
2025/08/08,新北市,淡水區,新義里,6501000-034,121.4415985,25.17717526
2025/08/08,新北市,淡水區,沙崙里,6501000-033,121.4168623,25.18774178
2025/08/08,新北市,新店區,明城里,6500600-055,121.5026953,24.94713031
2025/08/08,新北市,樹林區,彭厝里,6500700-016,121.4165562,24.97231703
2025/08/08,新北市,新莊區,光明里,6500500-044,121.4251158,25.01537227
2025/08/08,新北市,永和區,桂林里,6500400-055,121.5218973,25.01185251
2025/08/08,新北市,新莊區,光和里,6500500-084,121.426996,25.0139354
2025/08/08,新北市,永和區,民樂里,6500400-035,121.5278186,24.99999857
2025/08/08,新北市,板橋區,正泰里,6500100-108,121.4783489,25.01379322
2025/08/08,新北市,永和區,福林里,6500400-001,121.5225975,25.00877345
2025/08/08,新北市,淡水區,大庄里,6501000-042,121.4285024,25.18650626
2025/08/10,新北市,板橋區,福安里,6500100-095,121.4406382,24.99468086
2025/08/11,新北市,汐止區,保新里,6501100-050,121.6891867,25.0676152
2025/08/11,新北市,板橋區,福丘里,6500100-070,121.4640658,25.01146535
2025/08/11,新北市,新店區,玫瑰里,6500600-020,121.4945248,24.94795311
2025/08/11,新北市,板橋區,光復里,6500100-053,121.4860881,25.01921052
2025/08/11,新北市,板橋區,新興里,6500100-007,121.4553677,25.00701925
2025/08/11,新北市,板橋區,聯翠里,6500100-032,121.4679966,25.02536771
2025/08/11,新北市,新店區,小城里,6500600-059,121.4999929,24.94799262
2025/08/11,新北市,板橋區,廣新里,6500100-064,121.4750758,25.02046407
2025/08/11,新北市,板橋區,重慶里,6500100-080,121.4607381,24.99656178
2025/08/11,新北市,板橋區,莒光里,6500100-106,121.4701719,25.02480205
2025/08/11,新北市,平溪區,平溪里,6502400-005,121.7268716,25.03838302
2025/08/11,新北市,板橋區,景星里,6500100-075,121.4607458,25.00649945
2025/08/11,新北市,板橋區,明翠里,6500100-039,121.4650548,25.02618931
2025/08/11,新北市,汐止區,北山里,6501100-020,121.6229261,25.06916838
2025/08/11,新北市,汐止區,禮門里,6501100-002,121.6576911,25.0677754
2025/08/11,新北市,八里區,舊城里,6502300-006,121.4075524,25.14452426
2025/08/11,新北市,汐止區,拱北里,6501100-015,121.6508738,25.08820021
2025/08/11,新北市,泰山區,福泰里,6501600-004,121.4348544,25.05917189
2025/08/11,新北市,板橋區,華德里,6500100-086,121.4491632,24.99305027
2025/08/11,新北市,平溪區,嶺腳里,6502400-006,121.7411223,25.04003208
2025/08/11,新北市,中和區,國光里,6500300-069,121.4686293,25.00258709
2025/08/11,新北市,汐止區,新昌里,6501100-007,121.6637454,25.06809608
2025/08/11,新北市,永和區,秀林里,6500400-012,121.5238784,25.00239542
2025/08/11,新北市,永和區,中興里,6500400-018,121.5173155,25.0127101
2025/08/11,新北市,中和區,內南里,6500300-042,121.501119,24.9771884
2025/08/11,新北市,瑞芳區,吉安里,6501200-012,121.7628167,25.10114001
2025/08/11,新北市,深坑區,萬順里,6501800-002,121.6040638,25.00176661
2025/08/11,新北市,新店區,吉祥里,6500600-057,121.4971417,24.9464965
2025/08/11,新北市,板橋區,港德里,6500100-017,121.4580548,25.01908586
2025/08/11,新北市,新店區,青潭里,6500600-030,121.5531873,24.94816007
2025/08/11,新北市,永和區,復興里,6500400-037,121.5180125,25.01529789
2025/08/11,新北市,中和區,頂南里,6500300-034,121.5054155,24.98276693
2025/08/11,新北市,三重區,福德里,6500200-111,121.4868342,25.05243509
2025/08/11,新北市,板橋區,港德里,6500100-017,121.4580548,25.01908586
2025/08/11,新北市,中和區,忠孝里,6500300-038,121.5091972,24.98517171
2025/08/11,新北市,中和區,民生里,6500300-068,121.4695804,25.00481311
2025/08/11,新北市,中和區,景福里,6500300-049,121.5074847,24.99163683
2025/08/11,新北市,汐止區,忠山里,6501100-037,121.6262951,25.07761562
2025/08/11,新北市,永和區,永安里,6500400-015,121.5152661,25.00486562
2025/08/11,新北市,板橋區,振興里,6500100-051,121.4813546,25.02299315
2025/08/11,新北市,八里區,荖阡里,6502300-008,121.4048839,25.13217202
2025/08/11,新北市,板橋區,陽明里,6500100-116,121.4646579,25.02378069
2025/08/11,新北市,板橋區,後埔里,6500100-110,121.4631215,25.00649576
2025/08/11,新北市,中和區,景文里,6500300-051,121.5046572,24.99591381
2025/08/11,新北市,板橋區,介壽里,6500100-026,121.4689969,25.01968903
2025/08/11,新北市,樹林區,三興里,6500700-003,121.3990323,25.01188374
2025/08/11,新北市,板橋區,社後里,6500100-008,121.4561515,25.01585785
2025/08/11,新北市,中和區,吉興里,6500300-082,121.5053484,24.9907526
2025/08/12,新北市,新莊區,中平里,6500500-075,121.4463443,25.05105155
2025/08/12,新北市,蘆洲區,仁愛里,6501400-022,121.4731882,25.08825519
2025/08/12,新北市,淡水區,義山里,6501000-006,121.4438017,25.20773586
2025/08/12,新北市,新莊區,中隆里,6500500-052,121.4516685,25.05640056
2025/08/12,新北市,新莊區,頭前里,6500500-002,121.4638219,25.05330699
2025/08/12,新北市,永和區,復興里,6500400-037,121.5180125,25.01529789
2025/08/12,新北市,淡水區,忠山里,6501000-007,121.4693546,25.20541377
2025/08/12,新北市,三重區,仁義里,6500200-034,121.4976113,25.05802748
2025/08/12,新北市,中和區,興南里,6500300-078,121.5117736,24.98908065
2025/08/12,新北市,永和區,上溪里,6500400-022,121.5141752,25.01435592
2025/08/12,新北市,新莊區,中平里,6500500-075,121.4463443,25.05105155
2025/08/12,新北市,新莊區,中和里,6500500-014,121.4504199,25.04418397
2025/08/12,新北市,三重區,平和里,6500200-030,121.4952198,25.05889794
2025/08/12,新北市,瑞芳區,吉慶里,6501200-011,121.7693342,25.1105019
2025/08/12,新北市,新莊區,文聖里,6500500-065,121.4489703,25.03729694
2025/08/12,新北市,平溪區,菁桐里,6502400-002,121.7197442,25.02959672
2025/08/12,新北市,三重區,大同里,6500200-028,121.4941331,25.06075329
2025/08/12,新北市,汐止區,保長里,6501100-012,121.6769447,25.08079419
2025/08/12,新北市,新莊區,自信里,6500500-049,121.4543425,25.04878708
2025/08/12,新北市,新莊區,興漢里,6500500-013,121.4510131,25.03511301
2025/08/12,新北市,新莊區,中港里,6500500-023,121.4493919,25.04926391
2025/08/12,新北市,淡水區,北投里,6501000-012,121.4611644,25.18183835
2025/08/12,新北市,淡水區,樹興里,6501000-015,121.4851177,25.16859813
2025/08/12,新北市,三峽區,永舘里,6500900-006,121.3707669,24.93623659
2025/08/12,新北市,三重區,光正里,6500200-021,121.4938221,25.05388078
2025/08/12,新北市,新莊區,全泰里,6500500-060,121.4469827,25.03671411
2025/08/12,新北市,三重區,永春里,6500200-025,121.4932352,25.05664224
2025/08/13,新北市,蘆洲區,成功里,6501400-037,121.456654,25.08691285
2025/08/13,新北市,坪林區,坪林里,6502000-002,121.7106387,24.94298766
2025/08/13,新北市,八里區,長坑里,6502300-009,121.3915177,25.11552957
2025/08/13,新北市,烏來區,忠治里,6502900-002,121.5269206,24.87120425
2025/08/13,新北市,八里區,下罟里,6502300-010,121.3806319,25.1377991
2025/08/14,新北市,新莊區,立人里,6500500-026,121.4544533,25.03790987
2025/08/14,新北市,新莊區,文德里,6500500-019,121.4554577,25.03490565
2025/08/14,新北市,三峽區,龍埔里,6500900-009,121.3840826,24.93962459
2025/08/14,新北市,永和區,秀和里,6500400-047,121.5226545,25.00471208
2025/08/14,新北市,泰山區,福興里,6501600-016,121.4346588,25.05719924
2025/08/14,新北市,淡水區,民生里,6501000-019,121.4698799,25.14372087
2025/08/14,新北市,淡水區,民權里,6501000-039,121.4599223,25.13373384
2025/08/14,新北市,新莊區,興漢里,6500500-013,121.4510131,25.03511301
2025/08/14,新北市,淡水區,福德里,6501000-017,121.4634333,25.13039274
2025/08/14,新北市,淡水區,竹圍里,6501000-018,121.4626751,25.13652432
2025/08/15,新北市,土城區,大安里,6501300-020,121.4438331,24.95530524
2025/08/15,新北市,土城區,埤塘里,6501300-001,121.4481909,24.96619483
2025/08/15,新北市,林口區,南勢里,6501700-008,121.356816,25.07524604
2025/08/15,新北市,土城區,埤塘里,6501300-001,121.4481909,24.96619483
2025/08/15,新北市,林口區,南勢里,6501700-008,121.356816,25.07524604
2025/08/15,新北市,平溪區,石底里,6502400-004,121.7333589,25.02123701
2025/08/17,新北市,鶯歌區,永昌里,6500800-008,121.3397929,24.95274814
2025/08/17,新北市,深坑區,土庫里,6501800-003,121.6352888,25.01682705
2025/08/17,新北市,三重區,永德里,6500200-087,121.4869828,25.07312268
2025/08/18,新北市,土城區,清溪里,6501300-016,121.4611531,24.98565886
2025/08/18,新北市,金山區,金美里,6502700-015,121.6350871,25.21964253
2025/08/18,新北市,金山區,六股里,6502700-009,121.6134976,25.22575918
2025/08/18,新北市,土城區,清溪里,6501300-016,121.4611531,24.98565886
2025/08/18,新北市,泰山區,同榮里,6501600-006,121.4238846,25.0571602
2025/08/18,新北市,土城區,樂利里,6501300-027,121.4506572,24.98589705
2025/08/18,新北市,土城區,清和里,6501300-013,121.4628327,24.97443937
2025/08/18,新北市,五股區,成州里,6501500-005,121.4499549,25.09652125
2025/08/18,新北市,土城區,延祿里,6501300-047,121.4698513,24.99000016
2025/08/18,新北市,金山區,六股里,6502700-009,121.6134976,25.22575918
2025/08/18,新北市,樹林區,樹福里,6500700-030,121.4233765,24.99297799
2025/08/18,新北市,土城區,柑林里,6501300-009,121.453515,24.97760591
2025/08/18,新北市,五股區,陸一里,6501500-011,121.4315557,25.08946946
2025/08/18,新北市,金山區,重和里,6502700-007,121.5895813,25.19810355
2025/08/18,新北市,蘆洲區,水湳里,6501400-006,121.4709156,25.09176383
2025/08/18,新北市,土城區,清和里,6501300-013,121.4628327,24.97443937
2025/08/18,新北市,中和區,吉興里,6500300-082,121.5053484,24.9907526
2025/08/18,新北市,萬里區,北基里,6502800-010,121.6822951,25.17726553
2025/08/18,新北市,土城區,安和里,6501300-031,121.4667048,24.98891522
2025/08/18,新北市,三重區,慈福里,6500200-098,121.48606,25.0793961
2025/08/18,新北市,土城區,清溪里,6501300-016,121.4611531,24.98565886
2025/08/18,新北市,三重區,田中里,6500200-017,121.4816198,25.06695071
2025/08/18,新北市,三重區,秀江里,6500200-070,121.4987613,25.07222873
2025/08/18,新北市,五股區,民義里,6501500-017,121.4261234,25.08744838
2025/08/18,新北市,金山區,五湖里,6502700-006,121.6174289,25.21089509
2025/08/18,新北市,金山區,美田里,6502700-005,121.6330463,25.22460492
2025/08/18,新北市,五股區,福德里,6501500-020,121.4191613,25.07475749
2025/08/18,新北市,金山區,美田里,6502700-005,121.6330463,25.22460492
2025/08/18,新北市,土城區,埤林里,6501300-010,121.4531477,24.98769175
2025/08/18,新北市,三重區,龍門里,6500200-069,121.4983392,25.07278849
2025/08/18,新北市,金山區,美田里,6502700-005,121.6330463,25.22460492
2025/08/18,新北市,三重區,溪美里,6500200-093,121.4917811,25.07796713
2025/08/18,新北市,樹林區,樹德里,6500700-008,121.4208945,24.99384883
2025/08/18,新北市,土城區,埤林里,6501300-010,121.4531477,24.98769175
2025/08/18,新北市,萬里區,溪底里,6502800-007,121.6164933,25.15230365
2025/08/18,新北市,金山區,五湖里,6502700-006,121.6174289,25.21089509
2025/08/18,新北市,五股區,德泰里,6501500-013,121.4377879,25.06765869
2025/08/18,新北市,樹林區,樹人里,6500700-011,121.4154797,24.98842278
2025/08/18,新北市,蘆洲區,溪墘里,6501400-010,121.4774118,25.07993496
2025/08/18,新北市,三重區,永煇里,6500200-092,121.4829994,25.07216032
2025/08/18,新北市,金山區,永興里,6502700-014,121.6249848,25.26101229
2025/08/18,新北市,土城區,青雲里,6501300-032,121.4580421,24.98039206
2025/08/18,新北市,金山區,五湖里,6502700-006,121.6174289,25.21089509
2025/08/18,新北市,金山區,美田里,6502700-005,121.6330463,25.22460492
2025/08/18,新北市,金山區,清泉里,6502700-011,121.6277351,25.23191211
2025/08/19,新北市,三重區,大園里,6500200-042,121.4940035,25.06480596
2025/08/19,新北市,三重區,忠孝里,6500200-033,121.4971829,25.05948263
2025/08/19,新北市,新莊區,思源里,6500500-025,121.4597824,25.04253135
2025/08/19,新北市,瑞芳區,龍山里,6501200-005,121.8031785,25.11707767
2025/08/19,新北市,三重區,重新里,6500200-046,121.4964855,25.06251726
2025/08/19,新北市,土城區,瑞興里,6501300-011,121.4552736,24.994286
2025/08/19,新北市,三重區,承德里,6500200-080,121.5012246,25.074877
2025/08/19,新北市,新莊區,立言里,6500500-031,121.4443854,25.03914333
2025/08/19,新北市,三重區,福田里,6500200-016,121.4792914,25.06731362
2025/08/19,新北市,蘆洲區,恆德里,6501400-009,121.4793651,25.08220737
2025/08/19,新北市,中和區,嘉新里,6500300-060,121.47855,25.00178331
2025/08/19,新北市,三重區,同安里,6500200-022,121.4957713,25.05505604
2025/08/19,新北市,三重區,田心里,6500200-015,121.4816714,25.06425129
2025/08/19,新北市,新莊區,中信里,6500500-054,121.4500118,25.05149526
2025/08/19,新北市,土城區,永豐里,6501300-014,121.4623585,24.98159398
2025/08/19,新北市,三重區,正義里,6500200-048,121.4954283,25.06562302
2025/08/19,新北市,新莊區,立德里,6500500-029,121.4493931,25.04108403
2025/08/19,新北市,土城區,清水里,6501300-012,121.4603217,24.97905331
2025/08/19,新北市,土城區,峯廷里,6501300-017,121.4690457,24.98523037
2025/08/19,新北市,新莊區,恆安里,6500500-008,121.4565332,25.03921027
2025/08/19,新北市,鶯歌區,建國里,6500800-020,121.3450981,24.95503157
2025/08/19,新北市,三重區,菜寮里,6500200-024,121.492093,25.05845592
2025/08/19,新北市,三重區,清和里,6500200-039,121.5023379,25.06153817
2025/08/19,新北市,三重區,福利里,6500200-038,121.5009825,25.05992749
2025/08/19,新北市,三重區,成功里,6500200-007,121.4888547,25.05008461
2025/08/19,新北市,三重區,光華里,6500200-057,121.5014422,25.0650206
2025/08/19,新北市,新莊區,立廷里,6500500-076,121.4432263,25.05106763
2025/08/20,新北市,土城區,延祿里,6501300-047,121.4698513,24.99000016
2025/08/20,新北市,五股區,德音里,6501500-010,121.4293535,25.07882521
2025/08/20,新北市,樹林區,三多里,6500700-001,121.4127739,25.01297833
2025/08/20,新北市,三峽區,介壽里,6500900-023,121.3863562,24.92118626
2025/08/21,新北市,三峽區,龍學里,6500900-027,121.375941,24.94512255
2025/08/21,新北市,永和區,秀成里,6500400-021,121.5277049,25.00308075
2025/08/21,新北市,汐止區,橋東里,6501100-005,121.6660401,25.07309422
2025/08/21,新北市,永和區,民權里,6500400-017,121.5210663,24.99797957
2025/08/21,新北市,蘆洲區,恆德里,6501400-009,121.4793651,25.08220737
2025/08/21,新北市,瑞芳區,深澳里,6501200-031,121.8116385,25.12870191
2025/08/21,新北市,烏來區,烏來里,6502900-001,121.553487,24.85514321
2025/08/21,新北市,蘆洲區,鷺江里,6501400-008,121.4762263,25.08581184
2025/08/21,新北市,深坑區,萬福里,6501800-007,121.6082404,25.01119881
2025/08/21,新北市,蘆洲區,永康里,6501400-017,121.4574104,25.0843878
2025/08/21,新北市,蘆洲區,南港里,6501400-015,121.4587724,25.09316529
2025/08/21,新北市,永和區,秀得里,6500400-050,121.5258809,25.00019797
2025/08/21,新北市,瑞芳區,南雅里,6501200-032,121.8819276,25.10941861
2025/08/21,新北市,汐止區,中興里,6501100-026,121.6314448,25.06468886
2025/08/22,新北市,林口區,湖南里,6501700-007,121.3717915,25.08486252
2025/08/22,新北市,三芝區,茂長里,6502100-006,121.5195179,25.25354771
2025/08/22,新北市,永和區,水源里,6500400-026,121.51081,25.00529957
2025/08/22,新北市,永和區,光明里,6500400-004,121.5186597,25.00832763
2025/08/22,新北市,三芝區,圓山里,6502100-011,121.5395843,25.21776864
2025/08/22,新北市,三峽區,有木里,6500900-016,121.452103,24.83971498
2025/08/22,新北市,樹林區,山佳里,6500700-035,121.39923,24.97261174
2025/08/22,新北市,三芝區,興華里,6502100-013,121.5051576,25.1970255
2025/08/22,新北市,三芝區,八賢里,6502100-001,121.5186874,25.23409789
2025/08/23,新北市,三重區,龍門里,6500200-069,121.4983392,25.07278849
2025/08/23,新北市,淡水區,大庄里,6501000-042,121.4285024,25.18650626
2025/08/23,新北市,三重區,慈祐里,6500200-103,121.4903117,25.08165161
2025/08/25,新北市,永和區,保安里,6500400-013,121.5064081,25.00916749
2025/08/25,新北市,鶯歌區,南鶯里,6500800-003,121.3497206,24.95455974
2025/08/25,新北市,中和區,文元里,6500300-059,121.4818644,24.99632799
2025/08/25,新北市,新店區,雙城里,6500600-018,121.489546,24.93860281
2025/08/25,新北市,瑞芳區,龍川里,6501200-004,121.8017874,25.1086158
2025/08/25,新北市,永和區,潭安里,6500400-031,121.5160008,24.9990568
2025/08/26,新北市,中和區,員山里,6500300-057,121.4782385,25.00746213
2025/08/26,新北市,樹林區,樹西里,6500700-009,121.4213672,24.99047306
2025/08/26,新北市,中和區,積穗里,6500300-055,121.4800755,25.0047111
2025/08/26,新北市,鶯歌區,中鶯里,6500800-005,121.3532976,24.95434939
2025/08/26,新北市,中和區,安穗里,6500300-062,121.4820643,25.00169372
2025/08/27,新北市,瑞芳區,猴硐里,6501200-014,121.8310001,25.07902871
2025/08/27,新北市,中和區,新南里,6500300-025,121.5005344,24.99634596
2025/08/27,新北市,瑞芳區,東和里,6501200-009,121.8025537,25.10312451
2025/08/27,新北市,汐止區,湖光里,6501100-027,121.6342002,25.07546914
2025/08/27,新北市,永和區,信義里,6500400-057,121.5130474,25.01132849
2025/08/27,新北市,瑞芳區,弓橋里,6501200-016,121.8417702,25.09345536
2025/08/27,新北市,五股區,成德里,6501500-014,121.4561307,25.10228662
2025/08/28,新北市,瑞芳區,龍潭里,6501200-001,121.8079888,25.10851482
2025/08/28,新北市,瑞芳區,龍潭里,6501200-001,121.8079888,25.10851482
2025/08/28,新北市,林口區,麗園里,6501700-017,121.3734733,25.06834042
2025/08/29,新北市,瑞芳區,東和里,6501200-009,121.8025537,25.10312451
2025/08/29,新北市,瑞芳區,龍川里,6501200-004,121.8017874,25.1086158
2025/08/29,新北市,烏來區,忠治里,6502900-002,121.5269206,24.87120425
2025/08/29,新北市,中和區,秀山里,6500300-027,121.5215162,24.99358555
2025/08/29,新北市,三峽區,安坑里,6500900-021,121.4658622,24.91445105
2025/09/01,新北市,板橋區,文翠里,6500100-046,121.4764977,25.03333031
2025/09/01,新北市,泰山區,全興里,6501600-017,121.4331708,25.05470984
2025/09/01,新北市,新莊區,光華里,6500500-038,121.4278446,25.01127527
2025/09/01,新北市,板橋區,江翠里,6500100-029,121.4694316,25.03034618
2025/09/01,新北市,中和區,福美里,6500300-015,121.5007161,25.00630626
2025/09/01,新北市,板橋區,松翠里,6500100-040,121.4744824,25.0306118
2025/09/01,新北市,中和區,景文里,6500300-051,121.5046572,24.99591381
2025/09/01,新北市,中和區,信和里,6500300-003,121.4831119,24.99840175
2025/09/01,新北市,新莊區,立廷里,6500500-076,121.4432263,25.05106763
2025/09/01,新北市,中和區,崇南里,6500300-039,121.5135715,24.98648867
2025/09/01,新北市,淡水區,屯山里,6501000-002,121.4616572,25.23687989
2025/09/01,新北市,板橋區,莒光里,6500100-106,121.4701719,25.02480205
2025/09/01,新北市,中和區,新南里,6500300-025,121.5005344,24.99634596
2025/09/01,新北市,板橋區,龍翠里,6500100-042,121.4778544,25.02681849
2025/09/01,新北市,板橋區,溪頭里,6500100-031,121.467752,25.03526179
2025/09/01,新北市,淡水區,興仁里,6501000-004,121.4527286,25.21819056
2025/09/01,新北市,淡水區,中和里,6501000-001,121.4883629,25.22717917
2025/09/01,新北市,中和區,建和里,6500300-006,121.4916434,24.9953188
2025/09/01,新北市,中和區,福真里,6500300-013,121.4953912,25.00405692
2025/09/01,新北市,淡水區,賢孝里,6501000-003,121.4579252,25.22845729
2025/09/01,新北市,中和區,員富里,6500300-088,121.4780157,25.0098621
2025/09/01,新北市,中和區,中安里,6500300-023,121.5120142,25.00254783
2025/09/01,新北市,中和區,自強里,6500300-066,121.4698427,24.99953399
2025/09/02,新北市,瑞芳區,龍鎮里,6501200-003,121.810817,25.11075457
2025/09/02,新北市,新店區,中正里,6500600-044,121.5389302,24.97159997
2025/09/02,新北市,中和區,嘉新里,6500300-060,121.47855,25.00178331
2025/09/02,新北市,淡水區,新民里,6501000-036,121.4382938,25.17867954
2025/09/02,新北市,三重區,五福里,6500200-096,121.4949428,25.08278099
2025/09/02,新北市,瑞芳區,柑坪里,6501200-008,121.8264288,25.10760851
2025/09/02,新北市,新店區,長春里,6500600-065,121.5508019,24.96377886
2025/09/02,新北市,三重區,錦田里,6500200-011,121.4879345,25.06254034
2025/09/02,新北市,淡水區,北新里,6501000-038,121.4551981,25.17735486
2025/09/02,新北市,新店區,寶福里,6500600-058,121.5522352,24.97437919
2025/09/02,新北市,土城區,長風里,6501300-005,121.4403173,24.97754342
2025/09/02,新北市,新店區,員潭里,6500600-023,121.5742648,24.9572917
2025/09/02,新北市,樹林區,樹東里,6500700-013,121.4248416,24.98643246
2025/09/02,新北市,三峽區,龍埔里,6500900-009,121.3840826,24.93962459
2025/09/02,新北市,土城區,土城里,6501300-002,121.4421025,24.97362263
2025/09/02,新北市,淡水區,正德里,6501000-037,121.4482612,25.17975342
2025/09/02,新北市,新店區,新和里,6500600-066,121.520082,24.98696981
2025/09/02,新北市,新店區,龜山里,6500600-027,121.56108,24.89406362
2025/09/02,新北市,樹林區,樹北里,6500700-027,121.4258086,24.99179155
2025/09/02,新北市,新店區,雙城里,6500600-018,121.489546,24.93860281
2025/09/02,新北市,淡水區,蕃薯里,6501000-005,121.4807768,25.21604217
2025/09/02,新北市,新店區,福德里,6500600-049,121.5338439,24.97657727
2025/09/02,新北市,新店區,中華里,6500600-045,121.5359833,24.96701501
2025/09/02,新北市,新店區,永安里,6500600-015,121.5194216,24.98368204
2025/09/02,新北市,永和區,豫溪里,6500400-003,121.5172362,25.00952129
2025/09/02,新北市,深坑區,萬順里,6501800-002,121.6040638,25.00176661
2025/09/02,新北市,板橋區,福德里,6500100-074,121.4651556,25.00383211
2025/09/02,新北市,新店區,張南里,6500600-032,121.537264,24.95931106
2025/09/02,新北市,新店區,青潭里,6500600-030,121.5531873,24.94816007
2025/09/02,新北市,新店區,新德里,6500600-039,121.5408367,24.96858959
2025/09/02,新北市,瑞芳區,傑魚里,6501200-013,121.7942184,25.09569172
2025/09/03,新北市,永和區,民治里,6500400-008,121.5173815,24.99831551
2025/09/03,新北市,土城區,延吉里,6501300-034,121.4739965,24.98755975
2025/09/03,新北市,汐止區,秀山里,6501100-046,121.6655259,25.05911852
2025/09/03,新北市,汐止區,秀峰里,6501100-006,121.6603598,25.06506493
2025/09/03,新北市,永和區,中興里,6500400-018,121.5173155,25.0127101
2025/09/03,新北市,三重區,崇德里,6500200-082,121.4964797,25.07461822
2025/09/03,新北市,淡水區,忠寮里,6501000-014,121.4780338,25.19447365
2025/09/03,新北市,永和區,中興里,6500400-018,121.5173155,25.0127101
2025/09/03,新北市,中和區,枋寮里,6500300-010,121.5042516,25.0011533
2025/09/03,新北市,土城區,延吉里,6501300-034,121.4739965,24.98755975
2025/09/03,新北市,土城區,延吉里,6501300-034,121.4739965,24.98755975
2025/09/03,新北市,蘆洲區,信義里,6501400-018,121.478698,25.08743494
2025/09/03,新北市,永和區,文化里,6500400-002,121.5105691,25.01493655
2025/09/03,新北市,土城區,埤塘里,6501300-001,121.4481909,24.96619483
2025/09/03,新北市,板橋區,福星里,6500100-076,121.4612174,25.00293685
2025/09/03,新北市,永和區,秀林里,6500400-012,121.5238784,25.00239542
2025/09/03,新北市,三重區,瑞德里,6500200-081,121.498582,25.0749924
2025/09/03,新北市,三重區,三民里,6500200-019,121.4858517,25.06393745
2025/09/03,新北市,永和區,仁愛里,6500400-005,121.5119976,25.01337408
2025/09/03,新北市,淡水區,埤島里,6501000-009,121.4538208,25.19374198
2025/09/03,新北市,永和區,秀林里,6500400-012,121.5238784,25.00239542
2025/09/04,新北市,汐止區,建成里,6501100-047,121.6631642,25.07481861
2025/09/04,新北市,瑞芳區,新峰里,6501200-034,121.8198984,25.09608828
2025/09/04,新北市,樹林區,樹南里,6500700-010,121.4177814,24.9865966
2025/09/04,新北市,蘆洲區,永安里,6501400-035,121.4667892,25.0780602
2025/09/04,新北市,瑞芳區,爪峯里,6501200-007,121.8099714,25.09620242
2025/09/04,新北市,三重區,富華里,6500200-106,121.4944614,25.08577909
2025/09/04,新北市,永和區,仁愛里,6500400-005,121.5119976,25.01337408
2025/09/04,新北市,永和區,民權里,6500400-017,121.5210663,24.99797957
2025/09/04,新北市,中和區,國華里,6500300-091,121.4700831,25.00139407
2025/09/04,新北市,永和區,文化里,6500400-002,121.5105691,25.01493655
2025/09/04,新北市,平溪區,十分里,6502400-011,121.7726327,25.04412248
2025/09/04,新北市,雙溪區,新基里,6502500-003,121.8787123,25.04192504
2025/09/04,新北市,三重區,六合里,6500200-077,121.4884178,25.0694158
2025/09/04,新北市,永和區,民族里,6500400-016,121.5188848,24.99791349
2025/09/04,新北市,中和區,國華里,6500300-091,121.4700831,25.00139407
2025/09/04,新北市,蘆洲區,永安里,6501400-035,121.4667892,25.0780602
2025/09/04,新北市,永和區,永福里,6500400-007,121.5235393,25.00750931
2025/09/04,新北市,汐止區,環河里,6501100-038,121.6245516,25.06175227
2025/09/04,新北市,三重區,五華里,6500200-104,121.4945277,25.08439077
2025/09/04,新北市,蘆洲區,延平里,6501400-036,121.4627356,25.07905475
2025/09/04,新北市,平溪區,南山里,6502400-009,121.7926238,25.04179867
2025/09/04,新北市,汐止區,橫科里,6501100-022,121.6281453,25.04976323
2025/09/04,新北市,泰山區,楓樹里,6501600-005,121.440156,25.06233883
2025/09/04,新北市,蘆洲區,延平里,6501400-036,121.4627356,25.07905475
2025/09/04,新北市,永和區,大同里,6500400-042,121.5065848,25.01366152
2025/09/04,新北市,雙溪區,雙溪里,6502500-001,121.8655049,25.03597374
2025/09/05,新北市,貢寮區,仁里里,6502600-007,121.919766,25.04551227
2025/09/05,新北市,永和區,秀得里,6500400-050,121.5258809,25.00019797
2025/09/05,新北市,貢寮區,和美里,6502600-011,121.902957,25.09617943
2025/09/05,新北市,貢寮區,和美里,6502600-011,121.902957,25.09617943
2025/09/05,新北市,板橋區,宏翠里,6500100-033,121.4595201,25.03233546
2025/09/05,新北市,貢寮區,仁里里,6502600-007,121.919766,25.04551227
2025/09/05,新北市,八里區,龍源里,6502300-001,121.4454953,25.12884498
2025/09/05,新北市,板橋區,百壽里,6500100-025,121.4679162,25.01916203
2025/09/05,新北市,八里區,米倉里,6502300-002,121.4395279,25.14790981
2025/09/05,新北市,中和區,忠孝里,6500300-038,121.5091972,24.98517171
2025/09/05,新北市,貢寮區,吉林里,6502600-002,121.8831923,24.98419761
2025/09/05,新北市,永和區,福林里,6500400-001,121.5225975,25.00877345
2025/09/05,新北市,貢寮區,龍崗里,6502600-004,121.9060126,24.99897869
2025/09/05,新北市,貢寮區,貢寮里,6502600-001,121.9024757,25.02755513
2025/09/05,新北市,貢寮區,貢寮里,6502600-001,121.9024757,25.02755513
2025/09/05,新北市,板橋區,福丘里,6500100-070,121.4640658,25.01146535
2025/09/05,新北市,貢寮區,美豐里,6502600-010,121.8984332,25.0626036
2025/09/05,新北市,永和區,福和里,6500400-038,121.5184532,25.00551137
2025/09/05,新北市,永和區,民本里,6500400-034,121.5273157,24.99675896
2025/09/05,新北市,貢寮區,貢寮里,6502600-001,121.9024757,25.02755513
2025/09/05,新北市,貢寮區,吉林里,6502600-002,121.8831923,24.98419761
2025/09/06,新北市,淡水區,幸福里,6501000-040,121.4458145,25.16555792
2025/09/06,新北市,林口區,湖南里,6501700-007,121.3717915,25.08486252
2025/09/06,新北市,中和區,興南里,6500300-078,121.5117736,24.98908065
2025/09/06,新北市,中和區,吉興里,6500300-082,121.5053484,24.9907526
2025/09/08,新北市,三重區,二重里,6500200-002,121.4764577,25.0658842
2025/09/08,新北市,新店區,建國里,6500600-061,121.5391504,24.97456073
2025/09/08,新北市,永和區,永成里,6500400-009,121.5093912,25.01670009
2025/09/08,新北市,土城區,貨饒里,6501300-008,121.4491925,24.99054981
2025/09/08,新北市,土城區,貨饒里,6501300-008,121.4491925,24.99054981
2025/09/08,新北市,蘆洲區,永樂里,6501400-016,121.4570318,25.09010037
2025/09/08,新北市,新店區,屈尺里,6500600-026,121.5636091,24.91840554
2025/09/08,新北市,土城區,復興里,6501300-035,121.455318,24.99120604
2025/09/08,新北市,土城區,貨饒里,6501300-008,121.4491925,24.99054981
2025/09/08,新北市,三重區,永興里,6500200-040,121.5027904,25.063485
2025/09/08,新北市,土城區,貨饒里,6501300-008,121.4491925,24.99054981
2025/09/08,新北市,新店區,忠誠里,6500600-043,121.5422207,24.97499584
2025/09/08,新北市,板橋區,福安里,6500100-095,121.4406382,24.99468086
2025/09/08,新北市,土城區,貨饒里,6501300-008,121.4491925,24.99054981
2025/09/08,新北市,新莊區,中泰里,6500500-017,121.4498705,25.04580274
2025/09/08,新北市,三重區,中民里,6500200-029,121.4950328,25.06005708
2025/09/08,新北市,永和區,安和里,6500400-025,121.5104946,25.0033842
2025/09/08,新北市,土城區,瑞興里,6501300-011,121.4552736,24.994286
2025/09/08,新北市,土城區,貨饒里,6501300-008,121.4491925,24.99054981
2025/09/08,新北市,三重區,田安里,6500200-018,121.4831237,25.06235904
2025/09/08,新北市,土城區,復興里,6501300-035,121.455318,24.99120604
2025/09/08,新北市,板橋區,大安里,6500100-094,121.4470626,25.00191702
2025/09/08,新北市,新店區,明德里,6500600-002,121.5406127,24.97859569
2025/09/08,新北市,土城區,清化里,6501300-015,121.4637217,24.9613197
2025/09/08,新北市,三重區,大安里,6500200-031,121.4956077,25.05740749
2025/09/08,新北市,新店區,仁愛里,6500600-046,121.5413636,24.97290733
2025/09/08,新北市,土城區,清化里,6501300-015,121.4637217,24.9613197
2025/09/08,新北市,土城區,清化里,6501300-015,121.4637217,24.9613197
2025/09/08,新北市,土城區,清化里,6501300-015,121.4637217,24.9613197
2025/09/08,新北市,土城區,清化里,6501300-015,121.4637217,24.9613197
2025/09/08,新北市,土城區,清化里,6501300-015,121.4637217,24.9613197
2025/09/08,新北市,新莊區,中美里,6500500-011,121.4542572,25.04186373
2025/09/08,新北市,新店區,大豐里,6500600-003,121.5375841,24.97918792
2025/09/08,新北市,土城區,清化里,6501300-015,121.4637217,24.9613197
2025/09/08,新北市,土城區,清化里,6501300-015,121.4637217,24.9613197
2025/09/08,新北市,新店區,新安里,6500600-042,121.5440314,24.97569425
2025/09/08,新北市,新莊區,中平里,6500500-075,121.4463443,25.05105155
2025/09/08,新北市,新莊區,恆安里,6500500-008,121.4565332,25.03921027
2025/09/08,新北市,新莊區,中平里,6500500-075,121.4463443,25.05105155
2025/09/08,新北市,新莊區,中誠里,6500500-020,121.4513765,25.04819222
2025/09/08,新北市,土城區,清化里,6501300-015,121.4637217,24.9613197
2025/09/08,新北市,土城區,清化里,6501300-015,121.4637217,24.9613197
2025/09/09,新北市,板橋區,文化里,6500100-104,121.4681712,25.02778679
2025/09/09,新北市,板橋區,社後里,6500100-008,121.4561515,25.01585785
2025/09/09,新北市,永和區,上溪里,6500400-022,121.5141752,25.01435592
2025/09/09,新北市,新莊區,中原里,6500500-053,121.4459822,25.05643128
2025/09/09,新北市,新莊區,中隆里,6500500-052,121.4516685,25.05640056
2025/09/09,新北市,三峽區,中正里,6500900-025,121.3741955,24.92011488
2025/09/09,新北市,三峽區,中埔里,6500900-004,121.3578839,24.92825342
2025/09/09,新北市,泰山區,山腳里,6501600-003,121.4284149,25.0633395
2025/09/09,新北市,板橋區,自立里,6500100-012,121.4529707,25.01474041
2025/09/09,新北市,新莊區,中信里,6500500-054,121.4500118,25.05149526
2025/09/09,新北市,新莊區,中全里,6500500-058,121.449572,25.04711348
2025/09/09,新北市,三重區,重明里,6500200-012,121.4842203,25.05706069
2025/09/09,新北市,新莊區,幸福里,6500500-047,121.4544765,25.05010758
2025/09/09,新北市,三峽區,二鬮里,6500900-026,121.3485712,24.89605364
2025/09/09,新北市,三重區,富福里,6500200-107,121.4901202,25.08402847
2025/09/09,新北市,新莊區,中宏里,6500500-057,121.4477039,25.04789513
2025/09/09,新北市,中和區,壽南里,6500300-043,121.5080747,24.98812368
2025/09/09,新北市,三重區,慈祐里,6500200-103,121.4903117,25.08165161
2025/09/09,新北市,永和區,仁愛里,6500400-005,121.5119976,25.01337408
2025/09/09,新北市,新莊區,中港里,6500500-023,121.4493919,25.04926391
2025/09/10,新北市,板橋區,浮洲里,6500100-089,121.4487607,25.00989884
2025/09/10,新北市,三重區,永清里,6500200-090,121.4805445,25.07839961
2025/09/10,新北市,新莊區,昌信里,6500500-073,121.4559426,25.05374678
2025/09/10,新北市,三重區,永順里,6500200-114,121.4775308,25.0757023
2025/09/10,新北市,板橋區,介壽里,6500100-026,121.4689969,25.01968903
2025/09/10,新北市,新莊區,和平里,6500500-033,121.4588311,25.05374834
2025/09/10,新北市,新莊區,自立里,6500500-045,121.4560754,25.04585577
2025/09/10,新北市,三重區,慈生里,6500200-099,121.4854437,25.07987349
2025/09/10,新北市,新莊區,自強里,6500500-042,121.4541151,25.04668222
2025/09/10,新北市,新莊區,昌明里,6500500-063,121.4567879,25.05302465
2025/09/10,新北市,三重區,國隆里,6500200-043,121.4925897,25.06352861
2025/09/10,新北市,五股區,陸一里,6501500-011,121.4315557,25.08946946
2025/09/11,新北市,永和區,大同里,6500400-042,121.5065848,25.01366152
2025/09/11,新北市,板橋區,龍安里,6500100-097,121.4395734,24.99957092
2025/09/11,新北市,蘆洲區,永德里,6501400-038,121.4583697,25.08293077
2025/09/11,新北市,金山區,磺港里,6502700-004,121.6433514,25.22739681
2025/09/11,新北市,淡水區,學府里,6501000-041,121.4601792,25.17251487
2025/09/11,新北市,汐止區,興福里,6501100-035,121.6366905,25.06675568
2025/09/11,新北市,板橋區,歡園里,6500100-126,121.4407434,25.0083472
2025/09/11,新北市,板橋區,港德里,6500100-017,121.4580548,25.01908586
2025/09/11,新北市,新莊區,昌平里,6500500-064,121.4555465,25.05733202
2025/09/11,新北市,新莊區,昌隆里,6500500-074,121.4537745,25.05207343
2025/09/11,新北市,金山區,重和里,6502700-007,121.5895813,25.19810355
2025/09/11,新北市,新莊區,福基里,6500500-005,121.4615869,25.06187743
2025/09/11,新北市,板橋區,中山里,6500100-092,121.4486765,24.99997428
2025/09/11,新北市,板橋區,龍安里,6500100-097,121.4395734,24.99957092
2025/09/11,新北市,汐止區,宜興里,6501100-025,121.6228196,25.04185854
2025/09/11,新北市,板橋區,復興里,6500100-093,121.4450753,25.00202978
2025/09/11,新北市,三重區,秀江里,6500200-070,121.4987613,25.07222873
2025/09/11,新北市,土城區,平和里,6501300-018,121.4678149,24.99085999
2025/09/11,新北市,金山區,三界里,6502700-010,121.6106056,25.23719638
2025/09/11,新北市,新莊區,頭前里,6500500-002,121.4638219,25.05330699
2025/09/11,新北市,金山區,兩湖里,6502700-008,121.5937074,25.23185407
2025/09/11,新北市,金山區,西湖里,6502700-013,121.6152258,25.24680105
2025/09/11,新北市,金山區,三界里,6502700-010,121.6106056,25.23719638
2025/09/11,新北市,金山區,西湖里,6502700-013,121.6152258,25.24680105
2025/09/11,新北市,土城區,平和里,6501300-018,121.4678149,24.99085999
2025/09/11,新北市,淡水區,新春里,6501000-035,121.4396417,25.18285951
2025/09/11,新北市,三重區,永豐里,6500200-115,121.4797944,25.07437356
2025/09/11,新北市,淡水區,水源里,6501000-013,121.4958595,25.18151277
2025/09/11,新北市,新莊區,福興里,6500500-072,121.4575907,25.06505809
2025/09/11,新北市,蘆洲區,民和里,6501400-032,121.475353,25.07728465
2025/09/11,新北市,永和區,文化里,6500400-002,121.5105691,25.01493655
2025/09/11,新北市,平溪區,新寮里,6502400-012,121.7865367,25.06098276
2025/09/11,新北市,板橋區,聚安里,6500100-096,121.4403248,25.00272804
2025/09/11,新北市,三重區,永福里,6500200-089,121.4811456,25.07668397
2025/09/11,新北市,蘆洲區,得勝里,6501400-014,121.4715873,25.0817105
2025/09/11,新北市,汐止區,金龍里,6501100-033,121.6294309,25.07179248
2025/09/11,新北市,永和區,前溪里,6500400-043,121.5128307,25.0099555
2025/09/11,新北市,板橋區,僑中里,6500100-091,121.4446814,25.00646599
2025/09/11,新北市,平溪區,新寮里,6502400-012,121.7865367,25.06098276
2025/09/11,新北市,金山區,美田里,6502700-005,121.6330463,25.22460492
2025/09/11,新北市,板橋區,大觀里,6500100-125,121.445733,25.01008422
2025/09/11,新北市,金山區,五湖里,6502700-006,121.6174289,25.21089509
2025/09/11,新北市,金山區,清泉里,6502700-011,121.6277351,25.23191211
2025/09/11,新北市,汐止區,白雲里,6501100-021,121.6568643,25.04378776
2025/09/11,新北市,蘆洲區,水河里,6501400-021,121.4727197,25.09518997
2025/09/11,新北市,蘆洲區,水河里,6501400-021,121.4727197,25.09518997
2025/09/11,新北市,金山區,美田里,6502700-005,121.6330463,25.22460492
2025/09/11,新北市,蘆洲區,忠義里,6501400-023,121.4619037,25.08225779
2025/09/11,新北市,土城區,延和里,6501300-040,121.4644553,24.98800521
2025/09/11,新北市,汐止區,東勢里,6501100-039,121.6317985,25.04089784
2025/09/11,新北市,汐止區,復興里,6501100-008,121.6537684,25.06352198
2025/09/11,新北市,蘆洲區,得勝里,6501400-014,121.4715873,25.0817105
2025/09/11,新北市,三重區,龍門里,6500200-069,121.4983392,25.07278849
2025/09/11,新北市,板橋區,廣德里,6500100-078,121.4647007,25.00020913
2025/09/11,新北市,金山區,五湖里,6502700-006,121.6174289,25.21089509
2025/09/11,新北市,板橋區,華中里,6500100-090,121.4441985,25.01528555
2025/09/12,新北市,板橋區,景星里,6500100-075,121.4607458,25.00649945
2025/09/12,新北市,汐止區,厚德里,6501100-029,121.6413163,25.06760077
2025/09/12,新北市,永和區,文化里,6500400-002,121.5105691,25.01493655
2025/09/12,新北市,中和區,瓦磘里,6500300-017,121.5067549,25.00404159
2025/09/12,新北市,永和區,保安里,6500400-013,121.5064081,25.00916749
2025/09/12,新北市,中和區,中原里,6500300-001,121.4884488,25.00901582
2025/09/12,新北市,汐止區,東山里,6501100-023,121.7065673,25.05112461
2025/09/12,新北市,汐止區,山光里,6501100-040,121.6450618,25.07232331
2025/09/12,新北市,三重區,幸福里,6500200-076,121.4883454,25.06708155
2025/09/12,新北市,三重區,重陽里,6500200-044,121.4899647,25.06450778
2025/09/12,新北市,泰山區,黎明里,6501600-002,121.413326,25.06882272
2025/09/12,新北市,板橋區,後埔里,6500100-110,121.4631215,25.00649576
2025/09/13,新北市,鶯歌區,鳳福里,6500800-016,121.3289249,24.97481273
2025/09/13,新北市,中和區,景南里,6500300-040,121.5153259,24.98837374
2025/09/13,新北市,鶯歌區,大湖里,6500800-014,121.3365585,24.97721163
2025/09/15,新北市,板橋區,德翠里,6500100-037,121.456438,25.02462206
2025/09/15,新北市,板橋區,嵐翠里,6500100-045,121.4775305,25.03125329
2025/09/15,新北市,泰山區,義仁里,6501600-012,121.4354427,25.04784093
2025/09/15,新北市,板橋區,福翠里,6500100-049,121.4830077,25.02869612
2025/09/15,新北市,板橋區,新海里,6500100-105,121.4579796,25.02633752
2025/09/15,新北市,板橋區,忠翠里,6500100-044,121.4736743,25.02667892
2025/09/15,新北市,板橋區,松柏里,6500100-118,121.4761281,25.02914349
2025/09/15,新北市,板橋區,懷翠里,6500100-048,121.4817541,25.03170472
2025/09/15,新北市,三重區,大有里,6500200-001,121.4730118,25.07041375
2025/09/15,新北市,板橋區,吉翠里,6500100-036,121.4591722,25.02842158
2025/09/15,新北市,新莊區,營盤里,6500500-040,121.434524,25.03613013
2025/09/15,新北市,五股區,六福里,6501500-015,121.4307802,25.09400157
2025/09/15,新北市,三重區,博愛里,6500200-110,121.476475,25.06772735
2025/09/15,新北市,板橋區,青翠里,6500100-047,121.4787418,25.03303129
2025/09/15,新北市,三重區,錦安里,6500200-055,121.4996337,25.06579939
2025/09/15,新北市,三重區,中興里,6500200-005,121.4694277,25.04851182
2025/09/15,新北市,五股區,五福里,6501500-009,121.4370668,25.08932039
2025/09/15,新北市,板橋區,文聖里,6500100-119,121.4789765,25.02910416
2025/09/16,新北市,三重區,信安里,6500200-074,121.4924916,25.07082674
2025/09/16,新北市,永和區,永成里,6500400-009,121.5093912,25.01670009
2025/09/16,新北市,三峽區,溪北里,6500900-017,121.4021494,24.94262332
2025/09/16,新北市,八里區,訊塘里,6502300-007,121.3947435,25.15159646
2025/09/16,新北市,泰山區,大科里,6501600-001,121.4016705,25.05780307
2025/09/16,新北市,樹林區,和平里,6500700-015,121.4217204,24.98396009
2025/09/16,新北市,三峽區,秀川里,6500900-002,121.3712599,24.93427711
2025/09/16,新北市,烏來區,福山里,6502900-003,121.5123475,24.7491473
2025/09/16,新北市,鶯歌區,鳳福里,6500800-016,121.3289249,24.97481273
2025/09/16,新北市,永和區,勵行里,6500400-019,121.5162976,25.01390586
2025/09/16,新北市,三重區,奕壽里,6500200-071,121.4986487,25.07122083
2025/09/16,新北市,平溪區,望古里,6502400-008,121.7586436,25.0360451
2025/09/16,新北市,八里區,頂罟里,6502300-005,121.4027201,25.15953053
2025/09/16,新北市,瑞芳區,崇文里,6501200-020,121.842691,25.10918225
2025/09/16,新北市,三峽區,安溪里,6500900-024,121.3707254,24.92719884
2025/09/16,新北市,樹林區,南園里,6500700-024,121.3871118,24.9481158
2025/09/16,新北市,鶯歌區,永吉里,6500800-017,121.3343502,24.95826939
2025/09/17,新北市,新莊區,西盛里,6500500-015,121.4326259,25.01183892
2025/09/17,新北市,三重區,頂崁里,6500200-003,121.4703086,25.05964772
2025/09/17,新北市,三峽區,溪南里,6500900-018,121.3989905,24.92522224
2025/09/17,新北市,土城區,沛陂里,6501300-022,121.421484,24.96558381
2025/09/17,新北市,三重區,五谷里,6500200-109,121.4742873,25.0484159
2025/09/17,新北市,新莊區,成德里,6500500-071,121.4236122,25.01918529
2025/09/17,新北市,樹林區,柑園里,6500700-026,121.3859216,24.95298191
2025/09/18,新北市,永和區,永樂里,6500400-061,121.5136132,25.00567061
2025/09/18,新北市,樹林區,彭厝里,6500700-016,121.4165562,24.97231703
2025/09/18,新北市,板橋區,滿翠里,6500100-038,121.4637762,25.02939553
2025/09/18,新北市,中和區,德行里,6500300-073,121.4969807,24.99235917
2025/09/18,新北市,板橋區,明翠里,6500100-039,121.4650548,25.02618931
2025/09/18,新北市,中和區,錦昌里,6500300-053,121.4941763,24.98551739
2025/09/18,新北市,瑞芳區,龍安里,6501200-006,121.8014716,25.11072569
2025/09/18,新北市,蘆洲區,樓厝里,6501400-007,121.4835227,25.08953061
2025/09/18,新北市,中和區,正行里,6500300-093,121.4985181,24.99461949
2025/09/18,新北市,蘆洲區,福安里,6501400-034,121.4766396,25.08864148
2025/09/18,新北市,樹林區,東園里,6500700-022,121.4025769,24.95524098
2025/09/18,新北市,中和區,力行里,6500300-009,121.4966977,24.9952527
2025/09/18,新北市,瑞芳區,基山里,6501200-018,121.8434752,25.11458353
2025/09/18,新北市,蘆洲區,福安里,6501400-034,121.4766396,25.08864148
2025/09/18,新北市,中和區,錦和里,6500300-052,121.4893532,24.98502569
2025/09/18,新北市,中和區,中山里,6500300-083,121.4893092,24.99516419
2025/09/18,新北市,中和區,錦盛里,6500300-086,121.495885,24.98868136
2025/09/18,新北市,永和區,信義里,6500400-057,121.5130474,25.01132849
2025/09/19,新北市,土城區,峯廷里,6501300-017,121.4690457,24.98523037
2025/09/19,新北市,三重區,三安里,6500200-072,121.4963458,25.06990474
2025/09/19,新北市,土城區,峯廷里,6501300-017,121.4690457,24.98523037
2025/09/19,新北市,蘆洲區,得仁里,6501400-026,121.4720419,25.07622138
2025/09/19,新北市,土城區,永富里,6501300-038,121.4652978,24.98254732
2025/09/19,新北市,蘆洲區,得仁里,6501400-026,121.4720419,25.07622138
2025/09/19,新北市,深坑區,深坑里,6501800-001,121.6154941,25.00318096
2025/09/19,新北市,土城區,永豐里,6501300-014,121.4623585,24.98159398
2025/09/19,新北市,土城區,永富里,6501300-038,121.4652978,24.98254732
2025/09/19,新北市,三重區,光明里,6500200-020,121.4904243,25.05585621
2025/09/19,新北市,汐止區,福安里,6501100-045,121.6648641,25.06529998
2025/09/19,新北市,三重區,雙園里,6500200-053,121.4970782,25.06809324
2025/09/20,新北市,鶯歌區,鳳祥里,6500800-019,121.3309111,24.9638686
2025/09/21,新北市,平溪區,十分里,6502400-011,121.7726327,25.04412248
2025/09/22,新北市,樹林區,北園里,6500700-025,121.3942715,24.96217955
2025/09/22,新北市,三峽區,大埔里,6500900-010,121.3643172,24.89854128
2025/09/22,新北市,烏來區,信賢里,6502900-004,121.5187377,24.82420724
2025/09/22,新北市,泰山區,義仁里,6501600-012,121.4354427,25.04784093
2025/09/22,新北市,三峽區,溪東里,6500900-019,121.4091481,24.93406434
2025/09/22,新北市,中和區,中正里,6500300-005,121.4870551,24.99508951
2025/09/22,新北市,新莊區,建安里,6500500-070,121.4322251,25.02570763
2025/09/23,新北市,土城區,延壽里,6501300-030,121.4719331,24.99208492
2025/09/23,新北市,深坑區,萬順里,6501800-002,121.6040638,25.00176661
2025/09/23,新北市,中和區,民生里,6500300-068,121.4695804,25.00481311
2025/09/23,新北市,鶯歌區,西鶯里,6500800-002,121.3501864,24.96003729
2025/09/23,新北市,瑞芳區,上天里,6501200-010,121.7747532,25.08899044
2025/09/24,新北市,汐止區,忠孝里,6501100-030,121.6425073,25.06393791
2025/09/24,新北市,鶯歌區,南靖里,6500800-009,121.3553044,24.94555135
2025/09/24,新北市,汐止區,江北里,6501100-014,121.6540977,25.07457821
2025/09/24,新北市,汐止區,仁德里,6501100-028,121.6626371,25.07098563
2025/09/25,新北市,石門區,尖鹿里,6502200-006,121.5768036,25.2826581
2025/09/25,新北市,土城區,廷寮里,6501300-019,121.4738266,24.97544884
2025/09/25,新北市,土城區,廷寮里,6501300-019,121.4738266,24.97544884
2025/09/25,新北市,土城區,廣興里,6501300-044,121.4572988,24.9893182
2025/09/25,新北市,土城區,廷寮里,6501300-019,121.4738266,24.97544884
2025/09/25,新北市,石門區,石門里,6502200-005,121.5699802,25.27152959
2025/09/25,新北市,土城區,廷寮里,6501300-019,121.4738266,24.97544884
2025/09/26,新北市,深坑區,埔新里,6501800-006,121.61944,25.00551798
2025/09/26,新北市,蘆洲區,恆德里,6501400-009,121.4793651,25.08220737
2025/09/26,新北市,五股區,集福里,6501500-003,121.4515975,25.11283034
2025/09/26,新北市,瑞芳區,永慶里,6501200-019,121.8449289,25.10535174
2025/09/26,新北市,三芝區,店子里,6502100-012,121.5170873,25.20182839
2025/09/26,新北市,萬里區,大鵬里,6502800-004,121.646328,25.21080649
2025/09/26,新北市,萬里區,磺潭里,6502800-005,121.6317534,25.19598411
2025/09/26,新北市,瑞芳區,頌德里,6501200-022,121.8376363,25.11108177
2025/09/26,新北市,三芝區,後厝里,6502100-009,121.4726342,25.24502278
2025/09/26,新北市,五股區,集賢里,6501500-016,121.4426773,25.11122533
2025/09/26,新北市,三芝區,埔坪里,6502100-005,121.5164106,25.24524418
2025/09/26,新北市,萬里區,龜吼里,6502800-002,121.6783319,25.18929192
2025/09/26,新北市,永和區,協和里,6500400-027,121.5121014,25.00754104
2025/09/26,新北市,三芝區,古庄里,6502100-003,121.4893395,25.26314997
2025/09/26,新北市,五股區,成德里,6501500-014,121.4561307,25.10228662
2025/09/30,新北市,鶯歌區,大湖里,6500800-014,121.3365585,24.97721163
2025/09/30,新北市,土城區,頂福里,6501300-024,121.4139294,24.95616757
2025/09/30,新北市,土城區,清化里,6501300-015,121.4637217,24.9613197
2025/09/30,新北市,土城區,清化里,6501300-015,121.4637217,24.9613197
2025/09/30,新北市,土城區,祖田里,6501300-026,121.4251804,24.94377101
2025/09/30,新北市,土城區,清化里,6501300-015,121.4637217,24.9613197
2025/09/30,新北市,土城區,清化里,6501300-015,121.4637217,24.9613197
2025/09/30,新北市,土城區,清化里,6501300-015,121.4637217,24.9613197
2025/09/30,新北市,土城區,清化里,6501300-015,121.4637217,24.9613197
2025/09/30,新北市,土城區,清化里,6501300-015,121.4637217,24.9613197
2025/09/30,新北市,土城區,沛陂里,6501300-022,121.421484,24.96558381
2025/09/30,新北市,土城區,清化里,6501300-015,121.4637217,24.9613197
2025/09/30,新北市,土城區,清化里,6501300-015,121.4637217,24.9613197
2025/09/30,新北市,土城區,清溪里,6501300-016,121.4611531,24.98565886
2025/09/30,新北市,土城區,清化里,6501300-015,121.4637217,24.9613197
2025/09/30,新北市,土城區,清化里,6501300-015,121.4637217,24.9613197
2025/10/01,新北市,土城區,員福里,6501300-033,121.4388031,24.9798995
2025/10/01,新北市,樹林區,彭福里,6500700-017,121.4228679,24.98051432
2025/10/01,新北市,土城區,日和里,6501300-007,121.4430975,24.98341481
2025/10/01,新北市,永和區,中興里,6500400-018,121.5173155,25.0127101
2025/10/01,新北市,中和區,中正里,6500300-005,121.4870551,24.99508951
2025/10/01,新北市,中和區,福美里,6500300-015,121.5007161,25.00630626
2025/10/01,新北市,中和區,安平里,6500300-022,121.5095528,24.99919543
2025/10/01,新北市,中和區,秀義里,6500300-076,121.5252492,24.99423132
2025/10/01,新北市,三重區,清和里,6500200-039,121.5023379,25.06153817
2025/10/01,新北市,三重區,長泰里,6500200-063,121.5007714,25.06882485
2025/10/01,新北市,三重區,中正里,6500200-026,121.4927124,25.05959339
2025/10/01,新北市,三重區,福民里,6500200-009,121.4903133,25.05238019
2025/10/01,新北市,中和區,復興里,6500300-045,121.5019701,24.99146515
2025/10/01,新北市,中和區,冠穗里,6500300-090,121.4732984,25.00213085
2025/10/01,新北市,三重區,重新里,6500200-046,121.4964855,25.06251726
2025/10/01,新北市,中和區,秀水里,6500300-072,121.519311,24.99257957
2025/10/01,新北市,土城區,日新里,6501300-006,121.4440636,24.98661666
2025/10/01,新北市,新店區,長春里,6500600-065,121.5508019,24.96377886
2025/10/01,新北市,中和區,嘉慶里,6500300-089,121.4782478,24.99371201
2025/10/01,新北市,板橋區,仁愛里,6500100-081,121.4594152,24.99866005
2025/10/02,新北市,新莊區,國泰里,6500500-003,121.4408001,25.03040237
2025/10/02,新北市,五股區,成泰里,6501500-018,121.4346747,25.0966337
2025/10/02,新北市,新店區,百忍里,6500600-047,121.5355633,24.97379787
2025/10/02,新北市,新店區,江陵里,6500600-005,121.5360278,24.98131212
2025/10/02,新北市,三重區,慈惠里,6500200-100,121.4867479,25.08131897
2025/10/02,新北市,新店區,忠孝里,6500600-009,121.5348853,24.98913968
2025/10/02,新北市,板橋區,和平里,6500100-082,121.4619798,24.99409002
2025/10/02,新北市,新莊區,全安里,6500500-004,121.4474202,25.03323529
2025/10/02,新北市,新店區,和平里,6500600-053,121.5279063,24.98135633
2025/10/02,新北市,新店區,寶興里,6500600-006,121.5465061,24.98051835
2025/10/02,新北市,土城區,學府里,6501300-029,121.4521133,24.98363791
2025/10/02,新北市,新店區,國豐里,6500600-001,121.5404077,24.97664601
2025/10/02,新北市,三重區,中興里,6500200-005,121.4694277,25.04851182
2025/10/02,新北市,五股區,興珍里,6501500-001,121.4577325,25.06944168
2025/10/02,新北市,板橋區,五權里,6500100-123,121.4648492,24.99307561
2025/10/02,新北市,新店區,建國里,6500600-061,121.5391504,24.97456073
2025/10/02,新北市,新店區,信義里,6500600-008,121.5424967,24.98594245
2025/10/02,新北市,三重區,維德里,6500200-084,121.4928102,25.07438156
2025/10/02,新北市,新店區,大同里,6500600-004,121.5401908,24.98135079
2025/10/02,新北市,新店區,達觀里,6500600-068,121.504797,24.9415708
2025/10/02,新北市,三重區,尚德里,6500200-085,121.4938176,25.07249694
2025/10/02,新北市,新店區,中央里,6500600-054,121.5271563,24.9745933
2025/10/02,新北市,土城區,中正里,6501300-041,121.4559704,24.98450457
2025/10/02,新北市,新店區,百和里,6500600-048,121.5363638,24.97677211
2025/10/02,新北市,板橋區,廣福里,6500100-083,121.4614257,24.99179636
2025/10/02,新北市,三重區,慈愛里,6500200-101,121.4835555,25.08037835
2025/10/02,新北市,新莊區,豐年里,6500500-006,121.4453743,25.03059164
2025/10/02,新北市,土城區,明德里,6501300-043,121.4494142,24.98207547
2025/10/02,新北市,新店區,安和里,6500600-056,121.5171033,24.97455802
2025/10/02,新北市,中和區,明穗里,6500300-064,121.4725468,24.99643081
2025/10/02,新北市,新店區,福民里,6500600-051,121.5314787,24.97216027
2025/10/02,新北市,五股區,更寮里,6501500-002,121.4515281,25.0782295
2025/10/02,新北市,新店區,寶安里,6500600-007,121.5432019,24.98177361
2025/10/02,新北市,新店區,張北里,6500600-040,121.5454159,24.97240012
2025/10/02,新北市,新莊區,文德里,6500500-019,121.4554577,25.03490565
2025/10/02,新北市,土城區,學士里,6501300-042,121.4532987,24.98238218
2025/10/02,新北市,新莊區,海山里,6500500-001,121.4445782,25.03294303
2025/10/02,新北市,新莊區,昌隆里,6500500-074,121.4537745,25.05207343
2025/10/02,新北市,三重區,福樂里,6500200-117,121.4867988,25.07876511
2025/10/02,新北市,三重區,福隆里,6500200-094,121.488874,25.07690939
2025/10/02,新北市,新店區,五峯里,6500600-041,121.5452676,24.96778909
2025/10/02,新北市,新店區,中興里,6500600-037,121.5451876,24.96142111
2025/10/02,新北市,三重區,慈福里,6500200-098,121.48606,25.0793961
2025/10/02,新北市,新店區,百福里,6500600-050,121.5335832,24.97033736
2025/10/03,新北市,土城區,青山里,6501300-045,121.4659677,24.97752899
2025/10/03,新北市,土城區,柑林里,6501300-009,121.453515,24.97760591
2025/10/03,新北市,新莊區,龍福里,6500500-079,121.4116542,25.02058885
2025/10/03,新北市,新莊區,西盛里,6500500-015,121.4326259,25.01183892
2025/10/03,新北市,鶯歌區,尖山里,6500800-010,121.3389483,24.94708214
2025/10/03,新北市,鶯歌區,二甲里,6500800-012,121.3396694,24.93393375
2025/10/03,新北市,土城區,柑林里,6501300-009,121.453515,24.97760591
2025/10/03,新北市,土城區,青山里,6501300-045,121.4659677,24.97752899
2025/10/03,新北市,新莊區,合鳳里,6500500-046,121.4158686,25.02822602
2025/10/03,新北市,新莊區,富民里,6500500-078,121.4218754,25.02745162
2025/10/03,新北市,土城區,廣福里,6501300-028,121.4567983,24.98706799
2025/10/03,新北市,板橋區,信義里,6500100-088,121.4575675,24.99304968
2025/10/03,新北市,泰山區,義學里,6501600-007,121.4251627,25.05211861
2025/10/03,新北市,鶯歌區,鳳祥里,6500800-019,121.3309111,24.9638686
2025/10/03,新北市,土城區,青雲里,6501300-032,121.4580421,24.98039206
2025/10/03,新北市,新莊區,富國里,6500500-024,121.4197339,25.02698365
2025/10/03,新北市,土城區,青雲里,6501300-032,121.4580421,24.98039206
2025/10/03,新北市,中和區,德穗里,6500300-067,121.4714765,25.00322568
2025/10/03,新北市,新莊區,祥鳳里,6500500-080,121.4132953,25.02903776
2025/10/03,新北市,蘆洲區,正義里,6501400-001,121.4617268,25.08993004
2025/10/03,新北市,樹林區,三龍里,6500700-042,121.4141265,25.01744658
2025/10/03,新北市,土城區,裕生里,6501300-036,121.4445471,24.98933211
2025/10/03,新北市,鶯歌區,鳳祥里,6500800-019,121.3309111,24.9638686
2025/10/03,新北市,新莊區,龍鳳里,6500500-050,121.4151866,25.02125075
2025/10/04,新北市,鶯歌區,北鶯里,6500800-004,121.3573762,24.95927747
2025/10/04,新北市,板橋區,僑中里,6500100-091,121.4446814,25.00646599
2025/10/04,新北市,板橋區,重慶里,6500100-080,121.4607381,24.99656178
2025/10/04,新北市,新店區,小城里,6500600-059,121.4999929,24.94799262
2025/10/04,新北市,板橋區,鄉雲里,6500100-077,121.4579992,25.0020485
2025/10/04,新北市,鶯歌區,建德里,6500800-006,121.3693839,24.96251417
2025/10/06,新北市,林口區,菁湖里,6501700-004,121.3893499,25.08337073
2025/10/07,新北市,新店區,柴埕里,6500600-014,121.5095845,24.96806042
2025/10/07,新北市,泰山區,明志里,6501600-008,121.4217983,25.04731619
2025/10/07,新北市,烏來區,孝義里,6502900-005,121.619141,24.83119624
2025/10/07,新北市,中和區,明穗里,6500300-064,121.4725468,24.99643081
2025/10/07,新北市,板橋區,華福里,6500100-111,121.4579799,25.00503303
2025/10/07,新北市,三重區,永安里,6500200-091,121.483176,25.07439213
2025/10/07,新北市,三峽區,龍恩里,6500900-028,121.3677539,24.94295358
2025/10/07,新北市,新店區,太平里,6500600-011,121.5325244,24.95513469
2025/10/07,新北市,三重區,福德里,6500200-111,121.4868342,25.05243509
2025/10/07,新北市,新店區,吉祥里,6500600-057,121.4971417,24.9464965
2025/10/07,新北市,新店區,文明里,6500600-036,121.5405224,24.96301536
2025/10/07,新北市,新店區,新店里,6500600-031,121.537026,24.95428931
2025/10/07,新北市,三重區,長安里,6500200-056,121.4989342,25.06777916
2025/10/07,新北市,新店區,美城里,6500600-063,121.5308259,24.94915589
2025/10/07,新北市,林口區,西林里,6501700-003,121.3869658,25.07424262
2025/10/07,新北市,三重區,福祉里,6500200-008,121.4856528,25.05464341
2025/10/07,新北市,三重區,重明里,6500200-012,121.4842203,25.05706069
2025/10/07,新北市,三重區,同安里,6500200-022,121.4957713,25.05505604
2025/10/07,新北市,新店區,廣明里,6500600-035,121.5405557,24.96029124
2025/10/07,新北市,新店區,大鵬里,6500600-010,121.5353606,24.99244922
2025/10/07,新北市,三峽區,添福里,6500900-012,121.3796565,24.89744576
2025/10/07,新北市,中和區,自強里,6500300-066,121.4698427,24.99953399
2025/10/07,新北市,永和區,永福里,6500400-007,121.5235393,25.00750931
2025/10/07,新北市,三重區,永盛里,6500200-088,121.4850783,25.07649646
2025/10/07,新北市,樹林區,潭底里,6500700-006,121.4188974,24.99718426
2025/10/07,新北市,新店區,國校里,6500600-033,121.5419978,24.9538313
2025/10/07,新北市,新店區,下城里,6500600-013,121.5215508,24.95582736
2025/10/08,新北市,土城區,永富里,6501300-038,121.4652978,24.98254732
2025/10/08,新北市,三重區,福安里,6500200-073,121.4934381,25.06965502
2025/10/08,新北市,板橋區,華德里,6500100-086,121.4491632,24.99305027
2025/10/08,新北市,板橋區,華東里,6500100-087,121.4521149,24.99768242
2025/10/08,新北市,土城區,頂埔里,6501300-023,121.422012,24.95500243
2025/10/08,新北市,土城區,頂福里,6501300-024,121.4139294,24.95616757
2025/10/08,新北市,蘆洲區,光華里,6501400-004,121.46873,25.0839002
2025/10/08,新北市,三重區,永發里,6500200-113,121.4782022,25.07190554
2025/10/08,新北市,淡水區,中興里,6501000-023,121.447339,25.17441447
2025/10/08,新北市,中和區,國光里,6500300-069,121.4686293,25.00258709
2025/10/08,新北市,永和區,秀成里,6500400-021,121.5277049,25.00308075
2025/10/08,新北市,淡水區,長庚里,6501000-024,121.4441563,25.17028164
2025/10/08,新北市,永和區,豫溪里,6500400-003,121.5172362,25.00952129
2025/10/08,新北市,土城區,祖田里,6501300-026,121.4251804,24.94377101
2025/10/08,新北市,蘆洲區,光明里,6501400-029,121.4653995,25.08312222
2025/10/08,新北市,板橋區,華貴里,6500100-085,121.456911,25.00228211
2025/10/08,新北市,中和區,民享里,6500300-056,121.474986,25.0019982
2025/10/08,新北市,中和區,民有里,6500300-087,121.4753404,25.00437076
2025/10/08,新北市,永和區,水源里,6500400-026,121.51081,25.00529957
2025/10/08,新北市,三峽區,鳶山里,6500900-008,121.3412822,24.9258379
2025/10/08,新北市,中和區,民生里,6500300-068,121.4695804,25.00481311
2025/10/08,新北市,中和區,頂南里,6500300-034,121.5054155,24.98276693
2025/10/08,新北市,永和區,復興里,6500400-037,121.5180125,25.01529789
2025/10/08,新北市,土城區,土城里,6501300-002,121.4421025,24.97362263
2025/10/08,新北市,樹林區,育英里,6500700-037,121.4207973,24.9882145
2025/10/08,新北市,板橋區,華興里,6500100-084,121.4560413,25.00366107
2025/10/09,新北市,金山區,重和里,6502700-007,121.5895813,25.19810355
2025/10/09,新北市,蘆洲區,中原里,6501400-002,121.4656384,25.08569746
2025/10/09,新北市,金山區,萬壽里,6502700-012,121.6324495,25.24122842
2025/10/09,新北市,五股區,五股里,6501500-008,121.4382978,25.08306649
2025/10/09,新北市,五股區,成功里,6501500-006,121.4455418,25.09389748
2025/10/09,新北市,金山區,西湖里,6502700-013,121.6152258,25.24680105
2025/10/09,新北市,金山區,西湖里,6502700-013,121.6152258,25.24680105
2025/10/09,新北市,板橋區,嵐翠里,6500100-045,121.4775305,25.03125329
2025/10/09,新北市,金山區,六股里,6502700-009,121.6134976,25.22575918
2025/10/09,新北市,金山區,重和里,6502700-007,121.5895813,25.19810355
2025/10/09,新北市,金山區,兩湖里,6502700-008,121.5937074,25.23185407
2025/10/09,新北市,瑞芳區,龍川里,6501200-004,121.8017874,25.1086158
2025/10/09,新北市,金山區,兩湖里,6502700-008,121.5937074,25.23185407
2025/10/09,新北市,金山區,萬壽里,6502700-012,121.6324495,25.24122842
2025/10/09,新北市,八里區,大崁里,6502300-003,121.4243586,25.15656277
2025/10/09,新北市,新莊區,丹鳳里,6500500-043,121.4066355,25.0372922
2025/10/09,新北市,新莊區,雙鳳里,6500500-048,121.4072178,25.02739549
2025/10/09,新北市,永和區,文化里,6500400-002,121.5105691,25.01493655
2025/10/09,新北市,金山區,清泉里,6502700-011,121.6277351,25.23191211
2025/10/09,新北市,泰山區,新明里,6501600-014,121.4277321,25.04297066
2025/10/09,新北市,蘆洲區,玉清里,6501400-019,121.4813424,25.08624812
2025/10/09,新北市,三峽區,礁溪里,6500900-007,121.3781033,24.9324773
2025/10/09,新北市,金山區,五湖里,6502700-006,121.6174289,25.21089509
2025/10/09,新北市,金山區,清泉里,6502700-011,121.6277351,25.23191211
2025/10/09,新北市,板橋區,福丘里,6500100-070,121.4640658,25.01146535
2025/10/09,新北市,八里區,埤頭里,6502300-004,121.4167859,25.15014261
2025/10/10,新北市,永和區,桂林里,6500400-055,121.5218973,25.01185251
2025/10/10,新北市,永和區,福林里,6500400-001,121.5225975,25.00877345
2025/10/10,新北市,三峽區,三峽里,6500900-001,121.3692527,24.93332583
2025/10/11,新北市,金山區,三界里,6502700-010,121.6106056,25.23719638
2025/10/11,新北市,板橋區,大安里,6500100-094,121.4470626,25.00191702
2025/10/11,新北市,板橋區,長安里,6500100-069,121.4715594,25.01321458
2025/10/13,新北市,板橋區,新海里,6500100-105,121.4579796,25.02633752
2025/10/13,新北市,泰山區,泰友里,6501600-013,121.4301851,25.04460594
2025/10/13,新北市,永和區,保順里,6500400-062,121.5024888,25.00974763
2025/10/13,新北市,新莊區,裕民里,6500500-021,121.4181576,25.02363081
2025/10/13,新北市,蘆洲區,中華里,6501400-025,121.4692632,25.08164082
2025/10/13,新北市,永和區,大新里,6500400-032,121.5154213,25.00811344
2025/10/13,新北市,永和區,永元里,6500400-011,121.5207504,25.00120166
2025/10/13,新北市,板橋區,港德里,6500100-017,121.4580548,25.01908586
2025/10/13,新北市,永和區,民治里,6500400-008,121.5173815,24.99831551
2025/10/13,新北市,永和區,民生里,6500400-049,121.5237935,24.99815125
2025/10/13,新北市,平溪區,薯榔里,6502400-001,121.7118969,25.02084772
2025/10/13,新北市,雙溪區,三貂里,6502500-007,121.8469228,25.07128088
2025/10/13,新北市,平溪區,嶺腳里,6502400-006,121.7411223,25.04003208
2025/10/13,新北市,樹林區,潭底里,6500700-006,121.4188974,24.99718426
2025/10/13,新北市,雙溪區,長源里,6502500-011,121.7895715,25.00035031
2025/10/13,新北市,板橋區,長安里,6500100-069,121.4715594,25.01321458
2025/10/13,新北市,新店區,玫瑰里,6500600-020,121.4945248,24.94795311
2025/10/13,新北市,永和區,永福里,6500400-007,121.5235393,25.00750931
2025/10/13,新北市,雙溪區,外柑里,6502500-010,121.8186071,25.01094399
2025/10/13,新北市,板橋區,溪頭里,6500100-031,121.467752,25.03526179
2025/10/13,新北市,雙溪區,牡丹里,6502500-006,121.8632672,25.0664536
2025/10/14,新北市,新莊區,中宏里,6500500-057,121.4477039,25.04789513
2025/10/14,新北市,貢寮區,龍崗里,6502600-004,121.9060126,24.99897869
2025/10/14,新北市,新莊區,中港里,6500500-023,121.4493919,25.04926391
2025/10/14,新北市,淡水區,草東里,6501000-026,121.4416077,25.16663556
2025/10/14,新北市,貢寮區,美豐里,6502600-010,121.8984332,25.0626036
2025/10/14,新北市,淡水區,永吉里,6501000-028,121.4400627,25.1715828
2025/10/14,新北市,新莊區,中信里,6500500-054,121.4500118,25.05149526
2025/10/14,新北市,新店區,香坡里,6500600-060,121.4800609,24.95896335
2025/10/14,新北市,土城區,埤林里,6501300-010,121.4531477,24.98769175
2025/10/14,新北市,三重區,慈化里,6500200-102,121.4884772,25.08332278
2025/10/14,新北市,貢寮區,真理里,6502600-008,121.922338,25.0647005
2025/10/14,新北市,三重區,過田里,6500200-010,121.4882833,25.05946695
2025/10/14,新北市,貢寮區,福連里,6502600-009,121.9846206,25.00655985
2025/10/14,新北市,平溪區,平溪里,6502400-005,121.7268716,25.03838302
2025/10/14,新北市,淡水區,清文里,6501000-025,121.4417549,25.17084001
2025/10/14,新北市,新莊區,立志里,6500500-037,121.4462196,25.0446672
2025/10/14,新北市,平溪區,石底里,6502400-004,121.7333589,25.02123701
2025/10/14,新北市,淡水區,協元里,6501000-027,121.4406304,25.17344985
2025/10/14,新北市,新莊區,中平里,6500500-075,121.4463443,25.05105155
2025/10/14,新北市,貢寮區,雙玉里,6502600-003,121.9254508,25.00186136
2025/10/14,新北市,新莊區,中平里,6500500-075,121.4463443,25.05105155
2025/10/14,新北市,貢寮區,仁里里,6502600-007,121.919766,25.04551227
2025/10/14,新北市,新莊區,立基里,6500500-062,121.4438538,25.04682723
2025/10/14,新北市,貢寮區,雙玉里,6502600-003,121.9254508,25.00186136
2025/10/14,新北市,貢寮區,雙玉里,6502600-003,121.9254508,25.00186136
2025/10/14,新北市,貢寮區,雙玉里,6502600-003,121.9254508,25.00186136
2025/10/14,新北市,貢寮區,雙玉里,6502600-003,121.9254508,25.00186136
2025/10/14,新北市,貢寮區,雙玉里,6502600-003,121.9254508,25.00186136
2025/10/14,新北市,貢寮區,雙玉里,6502600-003,121.9254508,25.00186136
2025/10/14,新北市,貢寮區,福隆里,6502600-006,121.9547326,25.00687338
2025/10/14,新北市,淡水區,民安里,6501000-029,121.4379143,25.16818039
2025/10/14,新北市,貢寮區,雙玉里,6502600-003,121.9254508,25.00186136
2025/10/14,新北市,土城區,學成里,6501300-039,121.4510963,24.98869141
2025/10/14,新北市,林口區,麗林里,6501700-016,121.3673548,25.06799911
2025/10/14,新北市,貢寮區,雙玉里,6502600-003,121.9254508,25.00186136
2025/10/14,新北市,貢寮區,雙玉里,6502600-003,121.9254508,25.00186136
2025/10/15,新北市,淡水區,八勢里,6501000-020,121.463457,25.15239345
2025/10/15,新北市,泰山區,貴賢里,6501600-015,121.4278802,25.03973156
2025/10/15,新北市,新莊區,昌平里,6500500-064,121.4555465,25.05733202
2025/10/15,新北市,板橋區,福德里,6500100-074,121.4651556,25.00383211
2025/10/15,新北市,三重區,順德里,6500200-079,121.5003734,25.07622618
2025/10/15,新北市,板橋區,國泰里,6500100-073,121.4660921,25.00608203
2025/10/15,新北市,中和區,景南里,6500300-040,121.5153259,24.98837374
2025/10/15,新北市,新莊區,福基里,6500500-005,121.4615869,25.06187743
2025/10/15,新北市,淡水區,新生里,6501000-030,121.4351965,25.17045419
2025/10/15,新北市,萬里區,中幅里,6502800-009,121.6761346,25.17095154
2025/10/15,新北市,新莊區,和平里,6500500-033,121.4588311,25.05374834
2025/10/15,新北市,三芝區,圓山里,6502100-011,121.5395843,25.21776864
2025/10/15,新北市,板橋區,後埔里,6500100-110,121.4631215,25.00649576
2025/10/15,新北市,淡水區,油車里,6501000-032,121.4269611,25.17916978
2025/10/15,新北市,五股區,五股里,6501500-008,121.4382978,25.08306649
2025/10/15,新北市,中和區,南山里,6500300-026,121.5032057,24.99658774
2025/10/15,新北市,三重區,錦江里,6500200-067,121.5029988,25.07077328
2025/10/15,新北市,新莊區,信義里,6500500-030,121.4572923,25.05081671
2025/10/15,新北市,三芝區,福德里,6502100-010,121.509257,25.23276771
2025/10/15,新北市,三重區,介壽里,6500200-065,121.4995004,25.06969052
2025/10/15,新北市,五股區,福德里,6501500-020,121.4191613,25.07475749
2025/10/15,新北市,板橋區,福祿里,6500100-071,121.4678379,25.0068833
2025/10/15,新北市,中和區,廟美里,6500300-012,121.4994426,25.00110147
2025/10/15,新北市,萬里區,野柳里,6502800-003,121.6705718,25.19979598
2025/10/15,新北市,淡水區,沙崙里,6501000-033,121.4168623,25.18774178
2025/10/15,新北市,永和區,前溪里,6500400-043,121.5128307,25.0099555
2025/10/15,新北市,萬里區,雙興里,6502800-006,121.6335007,25.17589068
2025/10/15,新北市,烏來區,烏來里,6502900-001,121.553487,24.85514321
2025/10/15,新北市,中和區,連和里,6500300-007,121.4948158,25.00077021
2025/10/15,新北市,三芝區,錫板里,6502100-008,121.4950596,25.24239317
2025/10/15,新北市,永和區,民本里,6500400-034,121.5273157,24.99675896
2025/10/15,新北市,淡水區,新義里,6501000-034,121.4415985,25.17717526
2025/10/15,新北市,板橋區,廣德里,6500100-078,121.4647007,25.00020913
2025/10/15,新北市,永和區,民樂里,6500400-035,121.5278186,24.99999857
2025/10/15,新北市,淡水區,文化里,6501000-031,121.4323576,25.17403992
2025/10/15,新北市,新莊區,福興里,6500500-072,121.4575907,25.06505809
2025/10/15,新北市,板橋區,福星里,6500100-076,121.4612174,25.00293685
2025/10/15,新北市,板橋區,大豐里,6500100-079,121.4614932,25.00016423
2025/10/15,新北市,板橋區,民族里,6500100-072,121.4695496,25.00808341
2025/10/15,新北市,中和區,德行里,6500300-073,121.4969807,24.99235917
2025/10/15,新北市,板橋區,景星里,6500100-075,121.4607458,25.00649945
2025/10/16,新北市,新莊區,化成里,6500500-036,121.4633195,25.04565734
2025/10/16,新北市,瑞芳區,龍山里,6501200-005,121.8031785,25.11707767
2025/10/16,新北市,汐止區,北峰里,6501100-019,121.6277645,25.07026032
2025/10/16,新北市,板橋區,吉翠里,6500100-036,121.4591722,25.02842158
2025/10/16,新北市,板橋區,純翠里,6500100-030,121.4658822,25.03002501
2025/10/16,新北市,永和區,秀朗里,6500400-020,121.5260498,25.00344659
2025/10/16,新北市,鶯歌區,中鶯里,6500800-005,121.3532976,24.95434939
2025/10/16,新北市,板橋區,華江里,6500100-028,121.4697802,25.02236941
2025/10/16,新北市,汐止區,福安里,6501100-045,121.6648641,25.06529998
2025/10/16,新北市,板橋區,莒光里,6500100-106,121.4701719,25.02480205
2025/10/16,新北市,汐止區,湖蓮里,6501100-049,121.6317261,25.07575578
2025/10/16,新北市,永和區,潭墘里,6500400-030,121.51573,25.001553
2025/10/16,新北市,板橋區,江翠里,6500100-029,121.4694316,25.03034618
2025/10/16,新北市,八里區,下罟里,6502300-010,121.3806319,25.1377991
2025/10/16,新北市,八里區,長坑里,6502300-009,121.3915177,25.11552957
2025/10/16,新北市,板橋區,宏翠里,6500100-033,121.4595201,25.03233546
2025/10/16,新北市,新莊區,頭前里,6500500-002,121.4638219,25.05330699
2025/10/16,新北市,汐止區,大同里,6501100-041,121.655378,25.06580231
2025/10/16,新北市,板橋區,仁翠里,6500100-034,121.4617418,25.02891014
2025/10/16,新北市,林口區,林口里,6501700-002,121.3983939,25.0709913
2025/10/16,新北市,汐止區,大同里,6501100-041,121.655378,25.06580231
2025/10/17,新北市,汐止區,智慧里,6501100-003,121.6497831,25.06654664
2025/10/17,新北市,永和區,得和里,6500400-039,121.5186435,25.00242619
2025/10/17,新北市,三重區,福利里,6500200-038,121.5009825,25.05992749
2025/10/17,新北市,土城區,員福里,6501300-033,121.4388031,24.9798995
2025/10/17,新北市,土城區,日和里,6501300-007,121.4430975,24.98341481
2025/10/17,新北市,蘆洲區,水湳里,6501400-006,121.4709156,25.09176383
2025/10/17,新北市,汐止區,鄉長里,6501100-013,121.6630108,25.08331448
2025/10/17,新北市,瑞芳區,東和里,6501200-009,121.8025537,25.10312451
2025/10/17,新北市,三重區,光榮里,6500200-035,121.4990954,25.0619677
2025/10/17,新北市,土城區,樂利里,6501300-027,121.4506572,24.98589705
2025/10/17,新北市,三重區,正德里,6500200-047,121.4963437,25.06374288
2025/10/17,新北市,三重區,光正里,6500200-021,121.4938221,25.05388078
2025/10/17,新北市,泰山區,貴和里,6501600-010,121.4221672,25.03395746
2025/10/17,新北市,三重區,正安里,6500200-049,121.4952599,25.06705705
2025/10/17,新北市,土城區,埤塘里,6501300-001,121.4481909,24.96619483
2025/10/17,新北市,蘆洲區,恆德里,6501400-009,121.4793651,25.08220737
2025/10/17,新北市,汐止區,橋東里,6501100-005,121.6660401,25.07309422
2025/10/17,新北市,永和區,永貞里,6500400-006,121.5204005,25.00652292
2025/10/18,新北市,板橋區,忠誠里,6500100-024,121.4645716,25.02122564
2025/10/18,新北市,板橋區,幸福里,6500100-023,121.4603033,25.02205294
2025/10/18,新北市,板橋區,公舘里,6500100-021,121.4629093,25.0191938
2025/10/18,新北市,蘆洲區,永康里,6501400-017,121.4574104,25.0843878
2025/10/18,新北市,五股區,成功里,6501500-006,121.4455418,25.09389748
2025/10/18,新北市,板橋區,陽明里,6500100-116,121.4646579,25.02378069
2025/10/19,新北市,中和區,和興里,6500300-046,121.5022873,24.99370568
2025/10/20,新北市,永和區,後溪里,6500400-058,121.5137257,25.01263056
2025/10/20,新北市,坪林區,坪林里,6502000-002,121.7106387,24.94298766
2025/10/20,新北市,永和區,保安里,6500400-013,121.5064081,25.00916749
2025/10/20,新北市,三峽區,五寮里,6500900-014,121.3664345,24.85504129
2025/10/20,新北市,三峽區,金圳里,6500900-013,121.3842384,24.87643007
2025/10/21,新北市,中和區,明德里,6500300-071,121.4670896,24.99622062
2025/10/21,新北市,中和區,中原里,6500300-001,121.4884488,25.00901582
2025/10/21,新北市,汐止區,金龍里,6501100-033,121.6294309,25.07179248
2025/10/22,新北市,蘆洲區,恆德里,6501400-009,121.4793651,25.08220737
2025/10/22,新北市,永和區,永興里,6500400-054,121.5185434,25.01109349
2025/10/22,新北市,永和區,河堤里,6500400-028,121.5136224,25.01751168
2025/10/22,新北市,深坑區,萬順里,6501800-002,121.6040638,25.00176661
2025/10/22,新北市,新莊區,南港里,6500500-027,121.4219777,25.02191334
2025/10/22,新北市,土城區,日和里,6501300-007,121.4430975,24.98341481
2025/10/22,新北市,永和區,潭安里,6500400-031,121.5160008,24.9990568
2025/10/23,新北市,瑞芳區,海濱里,6501200-029,121.8377875,25.12055011
2025/10/23,新北市,汐止區,信望里,6501100-004,121.661928,25.0691527
2025/10/26,新北市,中和區,德行里,6500300-073,121.4969807,24.99235917
2025/10/26,新北市,蘆洲區,中路里,6501400-003,121.4672169,25.0804506
2025/10/27,新北市,樹林區,彭興里,6500700-033,121.4225283,24.9744177
2025/10/27,新北市,永和區,中溪里,6500400-014,121.5095014,25.01169742
2025/10/27,新北市,永和區,信義里,6500400-057,121.5130474,25.01132849
2025/10/27,新北市,瑞芳區,光復里,6501200-015,121.8225083,25.08554152
2025/10/27,新北市,瑞芳區,弓橋里,6501200-016,121.8417702,25.09345536
2025/10/27,新北市,樹林區,樹西里,6500700-009,121.4213672,24.99047306
2025/10/27,新北市,中和區,瓦磘里,6500300-017,121.5067549,25.00404159
2025/10/27,新北市,樹林區,樂山里,6500700-021,121.3812144,24.97359472
2025/10/27,新北市,瑞芳區,猴硐里,6501200-014,121.8310001,25.07902871
2025/10/27,新北市,三峽區,嘉添里,6500900-011,121.3932393,24.90384911
2025/10/27,新北市,三重區,瑞德里,6500200-081,121.498582,25.0749924
2025/10/27,新北市,深坑區,昇高里,6501800-004,121.6279054,24.99051551
2025/10/27,新北市,三峽區,成福里,6500900-020,121.4274609,24.93126894
2025/10/27,新北市,樹林區,和平里,6500700-015,121.4217204,24.98396009
2025/10/27,新北市,中和區,泰安里,6500300-024,121.5073759,24.99825965
2025/10/28,新北市,瑞芳區,瑞濱里,6501200-030,121.8174138,25.11889626
2025/10/28,新北市,樹林區,東山里,6500700-018,121.4004282,24.98162518
2025/10/28,新北市,樹林區,彭厝里,6500700-016,121.4165562,24.97231703
2025/10/28,新北市,三重區,永福里,6500200-089,121.4811456,25.07668397
2025/10/28,新北市,汐止區,茄苳里,6501100-009,121.681647,25.05598737
2025/10/28,新北市,中和區,景文里,6500300-051,121.5046572,24.99591381
2025/10/28,新北市,汐止區,文化里,6501100-032,121.6474362,25.06014573
2025/10/28,新北市,板橋區,西安里,6500100-067,121.4719436,25.01611312
2025/10/29,新北市,蘆洲區,鷺江里,6501400-008,121.4762263,25.08581184
2025/10/29,新北市,永和區,福林里,6500400-001,121.5225975,25.00877345
2025/10/30,新北市,瑞芳區,龍興里,6501200-002,121.8073904,25.10701262
2025/10/30,新北市,三重區,錦田里,6500200-011,121.4879345,25.06254034
2025/10/30,新北市,瑞芳區,深澳里,6501200-031,121.8116385,25.12870191
2025/10/30,新北市,林口區,東林里,6501700-001,121.4037833,25.08819328
2025/10/30,新北市,汐止區,東山里,6501100-023,121.7065673,25.05112461
2025/10/30,新北市,瑞芳區,龍川里,6501200-004,121.8017874,25.1086158
2025/10/30,新北市,汐止區,茄苳里,6501100-009,121.681647,25.05598737
2025/10/31,新北市,汐止區,長安里,6501100-010,121.6701079,25.07707421
2025/10/31,新北市,汐止區,湖光里,6501100-027,121.6342002,25.07546914
2025/10/31,新北市,汐止區,中興里,6501100-026,121.6314448,25.06468886
2025/10/31,新北市,深坑區,深坑里,6501800-001,121.6154941,25.00318096
2025/10/31,新北市,汐止區,拱北里,6501100-015,121.6508738,25.08820021
2025/11/01,新北市,汐止區,湖光里,6501100-027,121.6342002,25.07546914
2025/11/01,新北市,汐止區,湖光里,6501100-027,121.6342002,25.07546914
2025/11/02,新北市,林口區,南勢里,6501700-008,121.356816,25.07524604
2025/11/03,新北市,新店區,明城里,6500600-055,121.5026953,24.94713031
2025/11/03,新北市,新店區,公崙里,6500600-016,121.5129649,24.95267703
2025/11/03,新北市,板橋區,深丘里,6500100-065,121.4682716,25.01049556
2025/11/03,新北市,中和區,泰安里,6500300-024,121.5073759,24.99825965
2025/11/03,新北市,新店區,直潭里,6500600-029,121.5353653,24.94124923
2025/11/03,新北市,新莊區,文聖里,6500500-065,121.4489703,25.03729694
2025/11/03,新北市,板橋區,大安里,6500100-094,121.4470626,25.00191702
2025/11/03,新北市,新莊區,全泰里,6500500-060,121.4469827,25.03671411
2025/11/03,新北市,中和區,嘉新里,6500300-060,121.47855,25.00178331
2025/11/03,新北市,泰山區,貴子里,6501600-009,121.4175748,25.04098664
2025/11/03,新北市,新莊區,興漢里,6500500-013,121.4510131,25.03511301
2025/11/03,新北市,蘆洲區,恆德里,6501400-009,121.4793651,25.08220737
2025/11/03,新北市,汐止區,白雲里,6501100-021,121.6568643,25.04378776
2025/11/03,新北市,中和區,中原里,6500300-001,121.4884488,25.00901582
2025/11/03,新北市,板橋區,長安里,6500100-069,121.4715594,25.01321458
2025/11/03,新北市,中和區,信和里,6500300-003,121.4831119,24.99840175
2025/11/03,新北市,新莊區,立人里,6500500-026,121.4544533,25.03790987
2025/11/03,新北市,中和區,橫路里,6500300-041,121.4891932,24.972958
2025/11/03,新北市,新莊區,立德里,6500500-029,121.4493931,25.04108403
2025/11/03,新北市,新莊區,榮和里,6500500-016,121.452723,25.0351305
2025/11/03,新北市,新莊區,恆安里,6500500-008,121.4565332,25.03921027
2025/11/03,新北市,新莊區,中美里,6500500-011,121.4542572,25.04186373
2025/11/03,新北市,板橋區,新民里,6500100-022,121.4646136,25.01569711
2025/11/03,新北市,中和區,景平里,6500300-047,121.5116161,24.99292631
2025/11/03,新北市,新莊區,文衡里,6500500-010,121.4492722,25.03399971
2025/11/03,新北市,中和區,民生里,6500300-068,121.4695804,25.00481311
2025/11/03,新北市,新店區,中山里,6500600-052,121.5272393,24.98076733
2025/11/03,新北市,新店區,張南里,6500600-032,121.537264,24.95931106
2025/11/03,新北市,中和區,景本里,6500300-079,121.5135129,24.99023909
2025/11/03,新北市,新莊區,文德里,6500500-019,121.4554577,25.03490565
2025/11/03,新北市,中和區,景福里,6500300-049,121.5074847,24.99163683
2025/11/03,新北市,板橋區,東安里,6500100-122,121.4727365,25.01232329
2025/11/03,新北市,中和區,力行里,6500300-009,121.4966977,24.9952527
2025/11/04,新北市,新店區,永安里,6500600-015,121.5194216,24.98368204
2025/11/04,新北市,新莊區,八德里,6500500-012,121.4250715,25.02244152
2025/11/04,新北市,三重區,秀江里,6500200-070,121.4987613,25.07222873
2025/11/04,新北市,三重區,安慶里,6500200-075,121.4942456,25.06874196
2025/11/04,新北市,新莊區,民本里,6500500-035,121.4284988,25.02003462
2025/11/04,新北市,新莊區,龍安里,6500500-067,121.41994,25.02075113
2025/11/04,新北市,板橋區,赤松里,6500100-003,121.4560229,25.00963157
2025/11/04,新北市,新莊區,民全里,6500500-081,121.4285482,25.02254543
2025/11/04,新北市,中和區,文元里,6500300-059,121.4818644,24.99632799
2025/11/04,新北市,新店區,柴埕里,6500600-014,121.5095845,24.96806042
2025/11/04,新北市,新店區,永平里,6500600-067,121.5161704,24.98301029
2025/11/04,新北市,新店區,大豐里,6500600-003,121.5375841,24.97918792
2025/11/04,新北市,新店區,雙城里,6500600-018,121.489546,24.93860281
2025/11/04,新北市,新店區,仁愛里,6500600-046,121.5413636,24.97290733
2025/11/04,新北市,三重區,三安里,6500200-072,121.4963458,25.06990474
2025/11/04,新北市,新店區,新和里,6500600-066,121.520082,24.98696981
2025/11/04,新北市,中和區,漳和里,6500300-011,121.5029767,24.99910314
2025/11/04,新北市,板橋區,黃石里,6500100-004,121.4577527,25.01164083
2025/11/04,新北市,新店區,安和里,6500600-056,121.5171033,24.97455802
2025/11/04,新北市,新莊區,南港里,6500500-027,121.4219777,25.02191334
2025/11/04,新北市,新店區,美城里,6500600-063,121.5308259,24.94915589
2025/11/04,新北市,三重區,立德里,6500200-116,121.4873159,25.070668
2025/11/04,新北市,三重區,五常里,6500200-095,121.4973794,25.07897898
2025/11/04,新北市,新店區,復興里,6500600-062,121.5345807,24.98534743
2025/11/04,新北市,三重區,五順里,6500200-119,121.4951111,25.08068947
2025/11/04,新北市,新莊區,四維里,6500500-055,121.42324,25.02223332
2025/11/04,新北市,新店區,安昌里,6500600-064,121.5105513,24.96151479
2025/11/04,新北市,新店區,建國里,6500600-061,121.5391504,24.97456073
2025/11/04,新北市,新店區,頂城里,6500600-012,121.5293129,24.96478151
2025/11/04,新北市,三重區,培德里,6500200-086,121.4831313,25.07028199
2025/11/04,新北市,新店區,文中里,6500600-034,121.5423519,24.9578097
2025/11/04,新北市,板橋區,華翠里,6500100-043,121.4729518,25.02485639
2025/11/04,新北市,三重區,仁忠里,6500200-097,121.4945987,25.08122282
2025/11/04,新北市,三重區,龍門里,6500200-069,121.4983392,25.07278849
2025/11/04,新北市,板橋區,留侯里,6500100-001,121.4551047,25.00970744
2025/11/04,新北市,新店區,小城里,6500600-059,121.4999929,24.94799262
2025/11/04,新北市,新店區,香坡里,6500600-060,121.4800609,24.95896335
2025/11/04,新北市,新莊區,民安里,6500500-032,121.4263167,25.01971226
2025/11/04,新北市,新莊區,萬安里,6500500-066,121.421396,25.0246217
2025/11/05,新北市,板橋區,廣新里,6500100-064,121.4750758,25.02046407
2025/11/05,新北市,板橋區,幸福里,6500100-023,121.4603033,25.02205294
2025/11/05,新北市,三峽區,八張里,6500900-003,121.3686533,24.92958535
2025/11/05,新北市,中和區,正南里,6500300-092,121.5071234,24.98371747
2025/11/05,新北市,板橋區,新生里,6500100-102,121.4569427,25.02165637
2025/11/05,新北市,板橋區,民族里,6500100-072,121.4695496,25.00808341
2025/11/05,新北市,板橋區,海山里,6500100-057,121.4739838,25.01014733
2025/11/05,新北市,板橋區,金華里,6500100-016,121.4578514,25.02031411
2025/11/05,新北市,瑞芳區,吉慶里,6501200-011,121.7693342,25.1105019
2025/11/05,新北市,板橋區,明翠里,6500100-039,121.4650548,25.02618931
2025/11/05,新北市,板橋區,湳興里,6500100-006,121.4531314,25.00714814
2025/11/05,新北市,板橋區,大安里,6500100-094,121.4470626,25.00191702
2025/11/05,新北市,板橋區,福安里,6500100-095,121.4406382,24.99468086
2025/11/05,新北市,板橋區,松柏里,6500100-118,121.4761281,25.02914349
2025/11/05,新北市,三峽區,龍埔里,6500900-009,121.3840826,24.93962459
2025/11/05,新北市,三重區,正義里,6500200-048,121.4954283,25.06562302
2025/11/05,新北市,板橋區,嵐翠里,6500100-045,121.4775305,25.03125329
2025/11/05,新北市,板橋區,永安里,6500100-062,121.4762765,25.02334491
2025/11/05,新北市,永和區,豫溪里,6500400-003,121.5172362,25.00952129
2025/11/05,新北市,板橋區,雙玉里,6500100-063,121.4780302,25.02099053
2025/11/05,新北市,板橋區,中山里,6500100-092,121.4486765,24.99997428
2025/11/05,新北市,板橋區,公舘里,6500100-021,121.4629093,25.0191938
2025/11/06,新北市,新莊區,建福里,6500500-056,121.4280862,25.02756621
2025/11/06,新北市,淡水區,義山里,6501000-006,121.4438017,25.20773586
2025/11/06,新北市,新莊區,西盛里,6500500-015,121.4326259,25.01183892
2025/11/06,新北市,永和區,上溪里,6500400-022,121.5141752,25.01435592
2025/11/06,新北市,土城區,延壽里,6501300-030,121.4719331,24.99208492
2025/11/06,新北市,三重區,長安里,6500200-056,121.4989342,25.06777916
2025/11/06,新北市,土城區,平和里,6501300-018,121.4678149,24.99085999
2025/11/06,新北市,新莊區,後港里,6500500-009,121.4265673,25.02551053
2025/11/06,新北市,三重區,光田里,6500200-013,121.4851003,25.06035101
2025/11/06,新北市,永和區,民生里,6500400-049,121.5237935,24.99815125
2025/11/06,新北市,五股區,成州里,6501500-005,121.4499549,25.09652125
2025/11/06,新北市,泰山區,全興里,6501600-017,121.4331708,25.05470984
2025/11/06,新北市,瑞芳區,傑魚里,6501200-013,121.7942184,25.09569172
2025/11/06,新北市,板橋區,介壽里,6500100-026,121.4689969,25.01968903
2025/11/06,新北市,土城區,延祿里,6501300-047,121.4698513,24.99000016
2025/11/06,新北市,新莊區,後德里,6500500-069,121.4251892,25.02694615
2025/11/06,新北市,三重區,成功里,6500200-007,121.4888547,25.05008461
2025/11/06,新北市,三重區,光陽里,6500200-014,121.4824226,25.0597027
2025/11/06,新北市,貢寮區,雙玉里,6502600-003,121.9254508,25.00186136
2025/11/06,新北市,土城區,清水里,6501300-012,121.4603217,24.97905331
2025/11/06,新北市,新莊區,泰豐里,6500500-077,121.4490724,25.03002373
2025/11/06,新北市,新莊區,西盛里,6500500-015,121.4326259,25.01183892
2025/11/06,新北市,新莊區,西盛里,6500500-015,121.4326259,25.01183892
2025/11/06,新北市,板橋區,百壽里,6500100-025,121.4679162,25.01916203
2025/11/06,新北市,瑞芳區,吉安里,6501200-012,121.7628167,25.10114001
2025/11/06,新北市,板橋區,玉光里,6500100-059,121.4722581,25.01753903
2025/11/06,新北市,永和區,信義里,6500400-057,121.5130474,25.01132849
2025/11/06,新北市,貢寮區,雙玉里,6502600-003,121.9254508,25.00186136
2025/11/06,新北市,新莊區,瓊林里,6500500-018,121.4402128,25.02106264
2025/11/06,新北市,貢寮區,美豐里,6502600-010,121.8984332,25.0626036
2025/11/06,新北市,瑞芳區,爪峯里,6501200-007,121.8099714,25.09620242
2025/11/06,新北市,板橋區,香社里,6500100-009,121.4499852,25.01974765
2025/11/06,新北市,貢寮區,美豐里,6502600-010,121.8984332,25.0626036
2025/11/06,新北市,貢寮區,貢寮里,6502600-001,121.9024757,25.02755513
2025/11/06,新北市,永和區,保安里,6500400-013,121.5064081,25.00916749
2025/11/06,新北市,貢寮區,美豐里,6502600-010,121.8984332,25.0626036
2025/11/06,新北市,永和區,民樂里,6500400-035,121.5278186,24.99999857
2025/11/06,新北市,貢寮區,美豐里,6502600-010,121.8984332,25.0626036
2025/11/06,新北市,三重區,長泰里,6500200-063,121.5007714,25.06882485
2025/11/06,新北市,永和區,仁愛里,6500400-005,121.5119976,25.01337408
2025/11/06,新北市,貢寮區,美豐里,6502600-010,121.8984332,25.0626036
2025/11/06,新北市,板橋區,湳興里,6500100-006,121.4531314,25.00714814
2025/11/06,新北市,貢寮區,美豐里,6502600-010,121.8984332,25.0626036
2025/11/06,新北市,貢寮區,美豐里,6502600-010,121.8984332,25.0626036
2025/11/06,新北市,三重區,重明里,6500200-012,121.4842203,25.05706069
2025/11/06,新北市,三重區,錦通里,6500200-054,121.5001751,25.06411848
2025/11/06,新北市,土城區,永豐里,6501300-014,121.4623585,24.98159398
2025/11/06,新北市,蘆洲區,永樂里,6501400-016,121.4570318,25.09010037
2025/11/06,新北市,貢寮區,美豐里,6502600-010,121.8984332,25.0626036
2025/11/06,新北市,瑞芳區,柑坪里,6501200-008,121.8264288,25.10760851
2025/11/06,新北市,貢寮區,美豐里,6502600-010,121.8984332,25.0626036
2025/11/06,新北市,貢寮區,美豐里,6502600-010,121.8984332,25.0626036
2025/11/06,新北市,土城區,學府里,6501300-029,121.4521133,24.98363791
2025/11/06,新北市,三重區,過田里,6500200-010,121.4882833,25.05946695
2025/11/06,新北市,貢寮區,美豐里,6502600-010,121.8984332,25.0626036
2025/11/06,新北市,瑞芳區,龍興里,6501200-002,121.8073904,25.10701262
2025/11/06,新北市,貢寮區,美豐里,6502600-010,121.8984332,25.0626036
2025/11/06,新北市,土城區,廣興里,6501300-044,121.4572988,24.9893182
2025/11/06,新北市,永和區,忠義里,6500400-010,121.5076601,25.01540691
2025/11/07,新北市,三重區,永春里,6500200-025,121.4932352,25.05664224
2025/11/07,新北市,中和區,嘉穗里,6500300-058,121.4778251,24.99616226
2025/11/07,新北市,三重區,二重里,6500200-002,121.4764577,25.0658842
2025/11/07,新北市,林口區,仁愛里,6501700-015,121.3731424,25.07320068
2025/11/07,新北市,瑞芳區,上天里,6501200-010,121.7747532,25.08899044
2025/11/07,新北市,三重區,仁德里,6500200-032,121.4969876,25.06097931
2025/11/07,新北市,林口區,西林里,6501700-003,121.3869658,25.07424262
2025/11/07,新北市,三重區,福星里,6500200-037,121.5006878,25.06254814
2025/11/07,新北市,板橋區,流芳里,6500100-002,121.4572633,25.00808197
2025/11/07,新北市,中和區,嘉新里,6500300-060,121.47855,25.00178331
2025/11/07,新北市,三峽區,永舘里,6500900-006,121.3707669,24.93623659
2025/11/07,新北市,三重區,田安里,6500200-018,121.4831237,25.06235904
2025/11/07,新北市,中和區,嘉穗里,6500300-058,121.4778251,24.99616226
2025/11/07,新北市,中和區,嘉慶里,6500300-089,121.4782478,24.99371201
2025/11/07,新北市,板橋區,華江里,6500100-028,121.4697802,25.02236941
2025/11/07,新北市,淡水區,水碓里,6501000-011,121.4446782,25.17696433
2025/11/07,新北市,汐止區,仁德里,6501100-028,121.6626371,25.07098563
2025/11/07,新北市,中和區,錦和里,6500300-052,121.4893532,24.98502569
2025/11/07,新北市,中和區,錦和里,6500300-052,121.4893532,24.98502569
2025/11/07,新北市,中和區,錦盛里,6500300-086,121.495885,24.98868136
2025/11/07,新北市,汐止區,文化里,6501100-032,121.6474362,25.06014573
2025/11/08,新北市,永和區,光復里,6500400-036,121.5179351,25.01628271
2025/11/08,新北市,永和區,福和里,6500400-038,121.5184532,25.00551137
2025/11/10,新北市,新莊區,中平里,6500500-075,121.4463443,25.05105155
2025/11/10,新北市,新莊區,中和里,6500500-014,121.4504199,25.04418397
2025/11/10,新北市,新莊區,忠孝里,6500500-007,121.4438935,25.036178
2025/11/10,新北市,板橋區,莊敬里,6500100-121,121.4718317,25.02034377
2025/11/10,新北市,永和區,中溪里,6500400-014,121.5095014,25.01169742
2025/11/10,新北市,板橋區,文翠里,6500100-046,121.4764977,25.03333031
2025/11/10,新北市,永和區,店街里,6500400-056,121.5159718,25.00612411
2025/11/10,新北市,永和區,中溪里,6500400-014,121.5095014,25.01169742
2025/11/10,新北市,三重區,富貴里,6500200-105,121.4904386,25.08812405
2025/11/10,新北市,板橋區,社後里,6500100-008,121.4561515,25.01585785
2025/11/10,新北市,淡水區,學府里,6501000-041,121.4601792,25.17251487
2025/11/10,新北市,淡水區,新春里,6501000-035,121.4396417,25.18285951
2025/11/10,新北市,三重區,福安里,6500200-073,121.4934381,25.06965502
2025/11/10,新北市,三重區,溪美里,6500200-093,121.4917811,25.07796713
2025/11/10,新北市,新莊區,中華里,6500500-051,121.4529958,25.04592957
2025/11/10,新北市,板橋區,埤墘里,6500100-061,121.4734998,25.02220781
2025/11/10,新北市,板橋區,光仁里,6500100-060,121.4759843,25.01860072
2025/11/10,新北市,三重區,六合里,6500200-077,121.4884178,25.0694158
2025/11/10,新北市,板橋區,香雅里,6500100-101,121.451234,25.01618202
2025/11/10,新北市,板橋區,莒光里,6500100-106,121.4701719,25.02480205
2025/11/10,新北市,三重區,仁華里,6500200-118,121.4833934,25.08218012
2025/11/10,新北市,新莊區,思賢里,6500500-039,121.456694,25.04295083
2025/11/10,新北市,深坑區,土庫里,6501800-003,121.6352888,25.01682705
2025/11/10,新北市,板橋區,中正里,6500100-010,121.4520281,25.02577302
2025/11/11,新北市,淡水區,幸福里,6501000-040,121.4458145,25.16555792
2025/11/11,新北市,蘆洲區,忠義里,6501400-023,121.4619037,25.08225779
2025/11/11,新北市,八里區,埤頭里,6502300-004,121.4167859,25.15014261
2025/11/11,新北市,蘆洲區,溪墘里,6501400-010,121.4774118,25.07993496
2025/11/11,新北市,八里區,訊塘里,6502300-007,121.3947435,25.15159646
2025/11/11,新北市,淡水區,長庚里,6501000-024,121.4441563,25.17028164
2025/11/11,新北市,淡水區,竿蓁里,6501000-021,121.4575085,25.16355061
2025/11/11,新北市,三重區,中山里,6500200-041,121.4920679,25.06181003
2025/11/11,新北市,淡水區,正德里,6501000-037,121.4482612,25.17975342
2025/11/11,新北市,淡水區,鄧公里,6501000-022,121.4525973,25.16940471
2025/11/12,新北市,烏來區,忠治里,6502900-002,121.5269206,24.87120425
2025/11/12,新北市,永和區,永元里,6500400-011,121.5207504,25.00120166
2025/11/12,新北市,三重區,永德里,6500200-087,121.4869828,25.07312268
2025/11/12,新北市,永和區,大同里,6500400-042,121.5065848,25.01366152
2025/11/12,新北市,三重區,文化里,6500200-051,121.4983513,25.06404976
2025/11/12,新北市,平溪區,南山里,6502400-009,121.7926238,25.04179867
2025/11/12,新北市,平溪區,望古里,6502400-008,121.7586436,25.0360451
2025/11/12,新北市,瑞芳區,新峰里,6501200-034,121.8198984,25.09608828
2025/11/12,新北市,平溪區,十分里,6502400-011,121.7726327,25.04412248
2025/11/12,新北市,瑞芳區,龍安里,6501200-006,121.8014716,25.11072569
2025/11/12,新北市,平溪區,十分里,6502400-011,121.7726327,25.04412248
2025/11/13,新北市,汐止區,忠孝里,6501100-030,121.6425073,25.06393791
2025/11/13,新北市,永和區,永安里,6500400-015,121.5152661,25.00486562
2025/11/13,新北市,泰山區,福興里,6501600-016,121.4346588,25.05719924
2025/11/14,新北市,永和區,中興里,6500400-018,121.5173155,25.0127101
2025/11/14,新北市,金山區,金美里,6502700-015,121.6350871,25.21964253
2025/11/14,新北市,樹林區,樹東里,6500700-013,121.4248416,24.98643246
2025/11/14,新北市,金山區,三界里,6502700-010,121.6106056,25.23719638
2025/11/14,新北市,金山區,萬壽里,6502700-012,121.6324495,25.24122842
2025/11/14,新北市,萬里區,萬里里,6502800-001,121.6943568,25.17498705
2025/11/14,新北市,鶯歌區,西鶯里,6500800-002,121.3501864,24.96003729
2025/11/14,新北市,鶯歌區,建國里,6500800-020,121.3450981,24.95503157
2025/11/14,新北市,土城區,頂新里,6501300-025,121.4127944,24.95352334
2025/11/14,新北市,金山區,六股里,6502700-009,121.6134976,25.22575918
2025/11/14,新北市,鶯歌區,南鶯里,6500800-003,121.3497206,24.95455974
2025/11/14,新北市,金山區,重和里,6502700-007,121.5895813,25.19810355
2025/11/14,新北市,深坑區,阿柔里,6501800-005,121.6081323,24.98711516
2025/11/14,新北市,鶯歌區,鳳鳴里,6500800-015,121.3345286,24.96889034
2025/11/14,新北市,土城區,貨饒里,6501300-008,121.4491925,24.99054981
2025/11/14,新北市,永和區,民族里,6500400-016,121.5188848,24.99791349
2025/11/14,新北市,金山區,美田里,6502700-005,121.6330463,25.22460492
2025/11/14,新北市,永和區,民權里,6500400-017,121.5210663,24.99797957
2025/11/14,新北市,土城區,瑞興里,6501300-011,121.4552736,24.994286
2025/11/14,新北市,土城區,復興里,6501300-035,121.455318,24.99120604
2025/11/14,新北市,泰山區,同興里,6501600-011,121.4315243,25.05669138
2025/11/14,新北市,永和區,文化里,6500400-002,121.5105691,25.01493655
2025/11/14,新北市,土城區,頂埔里,6501300-023,121.422012,24.95500243
2025/11/14,新北市,烏來區,烏來里,6502900-001,121.553487,24.85514321
2025/11/14,新北市,汐止區,忠孝里,6501100-030,121.6425073,25.06393791
2025/11/14,新北市,金山區,永興里,6502700-014,121.6249848,25.26101229
2025/11/17,新北市,永和區,河堤里,6500400-028,121.5136224,25.01751168
2025/11/17,新北市,永和區,安和里,6500400-025,121.5104946,25.0033842
2025/11/17,新北市,樹林區,保安里,6500700-005,121.4274293,24.99544139
2025/11/17,新北市,中和區,新南里,6500300-025,121.5005344,24.99634596
2025/11/17,新北市,平溪區,平湖里,6502400-010,121.7808425,25.02005016
2025/11/17,新北市,中和區,廟美里,6500300-012,121.4994426,25.00110147
2025/11/17,新北市,泰山區,同榮里,6501600-006,121.4238846,25.0571602
2025/11/17,新北市,中和區,連城里,6500300-008,121.4967726,24.99817542
2025/11/17,新北市,中和區,枋寮里,6500300-010,121.5042516,25.0011533
2025/11/17,新北市,中和區,南山里,6500300-026,121.5032057,24.99658774
2025/11/18,新北市,中和區,秀福里,6500300-029,121.5240989,24.99605907
2025/11/18,新北市,中和區,秀景里,6500300-030,121.5268071,24.99032848
2025/11/18,新北市,八里區,荖阡里,6502300-008,121.4048839,25.13217202
2025/11/18,新北市,中和區,秀山里,6500300-027,121.5215162,24.99358555
2025/11/18,新北市,汐止區,新昌里,6501100-007,121.6637454,25.06809608
2025/11/18,新北市,三峽區,介壽里,6500900-023,121.3863562,24.92118626
2025/11/18,新北市,八里區,舊城里,6502300-006,121.4075524,25.14452426
2025/11/19,新北市,樹林區,彭厝里,6500700-016,121.4165562,24.97231703
2025/11/19,新北市,五股區,集賢里,6501500-016,121.4426773,25.11122533
2025/11/19,新北市,土城區,裕生里,6501300-036,121.4445471,24.98933211
2025/11/19,新北市,樹林區,彭厝里,6500700-016,121.4165562,24.97231703
2025/11/19,新北市,中和區,秀成里,6500300-028,121.5234071,24.99333505
2025/11/19,新北市,汐止區,康福里,6501100-036,121.6382133,25.06928685
2025/11/19,新北市,永和區,前溪里,6500400-043,121.5128307,25.0099555
2025/11/19,新北市,汐止區,福山里,6501100-024,121.6210678,25.04580058
2025/11/19,新北市,樹林區,彭福里,6500700-017,121.4228679,24.98051432
2025/11/19,新北市,汐止區,城中里,6501100-048,121.6617303,25.07205014
2025/11/19,新北市,樹林區,太順里,6500700-039,121.415606,24.97867163
2025/11/20,新北市,瑞芳區,福住里,6501200-021,121.8399593,25.10561128
2025/11/20,新北市,三峽區,弘道里,6500900-005,121.3445577,24.91345859
2025/11/20,新北市,三峽區,弘道里,6500900-005,121.3445577,24.91345859
2025/11/20,新北市,蘆洲區,保和里,6501400-012,121.4721308,25.0856036
2025/11/20,新北市,三峽區,弘道里,6500900-005,121.3445577,24.91345859
2025/11/20,新北市,蘆洲區,忠孝里,6501400-033,121.4740124,25.08986397
2025/11/20,新北市,永和區,得和里,6500400-039,121.5186435,25.00242619
2025/11/20,新北市,林口區,麗林里,6501700-016,121.3673548,25.06799911
2025/11/20,新北市,蘆洲區,樓厝里,6501400-007,121.4835227,25.08953061
2025/11/20,新北市,蘆洲區,仁愛里,6501400-022,121.4731882,25.08825519
2025/11/20,新北市,永和區,信義里,6500400-057,121.5130474,25.01132849
2025/11/20,新北市,林口區,東勢里,6501700-009,121.3794306,25.06967369
2025/11/20,新北市,蘆洲區,鷺江里,6501400-008,121.4762263,25.08581184
2025/11/20,新北市,泰山區,福泰里,6501600-004,121.4348544,25.05917189
2025/11/20,新北市,蘆洲區,得仁里,6501400-026,121.4720419,25.07622138
2025/11/20,新北市,三峽區,永舘里,6500900-006,121.3707669,24.93623659
2025/11/20,新北市,樹林區,和平里,6500700-015,121.4217204,24.98396009
2025/11/20,新北市,永和區,秀朗里,6500400-020,121.5260498,25.00344659
2025/11/20,新北市,三峽區,龍學里,6500900-027,121.375941,24.94512255
2025/11/20,新北市,汐止區,保新里,6501100-050,121.6891867,25.0676152
2025/11/20,新北市,永和區,永興里,6500400-054,121.5185434,25.01109349
2025/11/20,新北市,三峽區,有木里,6500900-016,121.452103,24.83971498
2025/11/20,新北市,汐止區,忠孝里,6501100-030,121.6425073,25.06393791
2025/11/20,新北市,永和區,秀朗里,6500400-020,121.5260498,25.00344659
2025/11/20,新北市,林口區,麗園里,6501700-017,121.3734733,25.06834042
2025/11/20,新北市,汐止區,拱北里,6501100-015,121.6508738,25.08820021
2025/11/20,新北市,中和區,秀仁里,6500300-033,121.518671,24.9949182
2025/11/20,新北市,樹林區,和平里,6500700-015,121.4217204,24.98396009
2025/11/21,新北市,烏來區,烏來里,6502900-001,121.553487,24.85514321
2025/11/21,新北市,蘆洲區,樹德里,6501400-011,121.4739032,25.08051129
2025/11/21,新北市,五股區,福德里,6501500-020,121.4191613,25.07475749
2025/11/21,新北市,蘆洲區,成功里,6501400-037,121.456654,25.08691285
2025/11/21,新北市,平溪區,十分里,6502400-011,121.7726327,25.04412248
2025/11/21,新北市,雙溪區,平林里,6502500-008,121.847855,25.0378468
2025/11/21,新北市,蘆洲區,復興里,6501400-020,121.4819002,25.09368637
2025/11/21,新北市,蘆洲區,樓厝里,6501400-007,121.4835227,25.08953061
2025/11/21,新北市,雙溪區,共和里,6502500-002,121.8579403,25.02150894
2025/11/21,新北市,雙溪區,上林里,6502500-009,121.8288476,25.02801267
2025/11/21,新北市,蘆洲區,長安里,6501400-031,121.4597119,25.08094184
2025/11/21,新北市,五股區,德音里,6501500-010,121.4293535,25.07882521
2025/11/21,新北市,雙溪區,三港里,6502500-005,121.8778539,25.05876236
2025/11/24,新北市,汐止區,自強里,6501100-031,121.6566062,25.06177256
2025/11/24,新北市,樹林區,潭底里,6500700-006,121.4188974,24.99718426
2025/11/24,新北市,汐止區,保長里,6501100-012,121.6769447,25.08079419
2025/11/24,新北市,汐止區,崇德里,6501100-042,121.669839,25.06600355
2025/11/24,新北市,汐止區,禮門里,6501100-002,121.6576911,25.0677754
2025/11/24,新北市,三峽區,安坑里,6500900-021,121.4658622,24.91445105
2025/11/24,新北市,土城區,土城里,6501300-002,121.4421025,24.97362263
2025/11/24,新北市,汐止區,義民里,6501100-001,121.6598686,25.06917569
2025/11/24,新北市,汐止區,長青里,6501100-044,121.609925,25.11480338
2025/11/24,新北市,樹林區,獇寮里,6500700-007,121.4135316,25.0078293
2025/11/24,新北市,汐止區,湖興里,6501100-043,121.6344518,25.08528099
2025/11/24,新北市,萬里區,北基里,6502800-010,121.6822951,25.17726553
2025/11/24,新北市,汐止區,樟樹里,6501100-018,121.6346684,25.05867002
2025/11/24,新北市,五股區,成德里,6501500-014,121.4561307,25.10228662
2025/11/24,新北市,五股區,成州里,6501500-005,121.4499549,25.09652125
2025/11/25,新北市,三重區,五華里,6500200-104,121.4945277,25.08439077
2025/11/25,新北市,林口區,麗林里,6501700-016,121.3673548,25.06799911
2025/11/25,新北市,鶯歌區,二橋里,6500800-011,121.3281113,24.93753773
2025/11/25,新北市,鶯歌區,東鶯里,6500800-001,121.3572128,24.9527475
2025/11/25,新北市,三芝區,福德里,6502100-010,121.509257,25.23276771
2025/11/25,新北市,新莊區,全安里,6500500-004,121.4474202,25.03323529
2025/11/25,新北市,三芝區,埔頭里,6502100-002,121.4996097,25.25701907
2025/11/25,新北市,土城區,大安里,6501300-020,121.4438331,24.95530524
2025/11/25,新北市,三峽區,竹崙里,6500900-022,121.4360374,24.89926643
2025/11/26,新北市,三峽區,永舘里,6500900-006,121.3707669,24.93623659
2025/11/26,新北市,深坑區,土庫里,6501800-003,121.6352888,25.01682705
2025/11/26,新北市,三重區,國隆里,6500200-043,121.4925897,25.06352861
2025/11/26,新北市,萬里區,崁脚里,6502800-008,121.6577323,25.15879608
2025/11/27,新北市,永和區,豫溪里,6500400-003,121.5172362,25.00952129
2025/11/27,新北市,三芝區,茂長里,6502100-006,121.5195179,25.25354771
2025/11/27,新北市,三重區,永清里,6500200-090,121.4805445,25.07839961
2025/11/27,新北市,三芝區,八賢里,6502100-001,121.5186874,25.23409789
2025/11/28,新北市,瑞芳區,基山里,6501200-018,121.8434752,25.11458353
2025/12/01,新北市,中和區,興南里,6500300-078,121.5117736,24.98908065
2025/12/01,新北市,三重區,五華里,6500200-104,121.4945277,25.08439077
2025/12/01,新北市,中和區,清穗里,6500300-065,121.4681303,24.99797926
2025/12/01,新北市,中和區,崇南里,6500300-039,121.5135715,24.98648867
2025/12/01,新北市,中和區,南山里,6500300-026,121.5032057,24.99658774
2025/12/01,新北市,中和區,中山里,6500300-083,121.4893092,24.99516419
2025/12/01,新北市,中和區,忠孝里,6500300-038,121.5091972,24.98517171
2025/12/01,新北市,中和區,秀福里,6500300-029,121.5240989,24.99605907
2025/12/01,新北市,中和區,新南里,6500300-025,121.5005344,24.99634596
2025/12/01,新北市,三重區,五福里,6500200-096,121.4949428,25.08278099
2025/12/01,新北市,樹林區,金寮里,6500700-032,121.4174055,25.00244788
2025/12/02,新北市,板橋區,民權里,6500100-018,121.4596903,25.01606671
2025/12/02,新北市,貢寮區,吉林里,6502600-002,121.8831923,24.98419761
2025/12/02,新北市,新莊區,龍鳳里,6500500-050,121.4151866,25.02125075
2025/12/02,新北市,貢寮區,吉林里,6502600-002,121.8831923,24.98419761
2025/12/02,新北市,雙溪區,泰平里,6502500-012,121.821219,24.95134868
2025/12/02,新北市,淡水區,竹圍里,6501000-018,121.4626751,25.13652432
2025/12/02,新北市,貢寮區,貢寮里,6502600-001,121.9024757,25.02755513
2025/12/02,新北市,貢寮區,龍崗里,6502600-004,121.9060126,24.99897869
2025/12/02,新北市,板橋區,光仁里,6500100-060,121.4759843,25.01860072
2025/12/02,新北市,五股區,五福里,6501500-009,121.4370668,25.08932039
2025/12/02,新北市,永和區,後溪里,6500400-058,121.5137257,25.01263056
2025/12/02,新北市,板橋區,建國里,6500100-019,121.4588043,25.01719603
2025/12/02,新北市,三重區,龍濱里,6500200-068,121.5021873,25.07276173
2025/12/02,新北市,新莊區,四維里,6500500-055,121.42324,25.02223332
2025/12/02,新北市,雙溪區,魚行里,6502500-004,121.8726707,25.01627688
2025/12/02,新北市,瑞芳區,龍鎮里,6501200-003,121.810817,25.11075457
2025/12/02,新北市,淡水區,福德里,6501000-017,121.4634333,25.13039274
2025/12/02,新北市,五股區,民義里,6501500-017,121.4261234,25.08744838
2025/12/02,新北市,貢寮區,美豐里,6502600-010,121.8984332,25.0626036
2025/12/02,新北市,板橋區,富貴里,6500100-107,121.4809668,25.01765076
2025/12/02,新北市,新莊區,萬安里,6500500-066,121.421396,25.0246217
2025/12/02,新北市,貢寮區,貢寮里,6502600-001,121.9024757,25.02755513
2025/12/02,新北市,貢寮區,貢寮里,6502600-001,121.9024757,25.02755513
2025/12/02,新北市,板橋區,金華里,6500100-016,121.4578514,25.02031411
2025/12/02,新北市,永和區,竹林里,6500400-023,121.5219261,25.01030222
2025/12/02,新北市,新莊區,南港里,6500500-027,121.4219777,25.02191334
2025/12/02,新北市,新莊區,龍安里,6500500-067,121.41994,25.02075113
2025/12/02,新北市,板橋區,國光里,6500100-014,121.4588056,25.01837827
2025/12/02,新北市,新莊區,西盛里,6500500-015,121.4326259,25.01183892
2025/12/02,新北市,新莊區,西盛里,6500500-015,121.4326259,25.01183892
2025/12/02,新北市,淡水區,民權里,6501000-039,121.4599223,25.13373384
2025/12/02,新北市,貢寮區,和美里,6502600-011,121.902957,25.09617943
2025/12/02,新北市,淡水區,民生里,6501000-019,121.4698799,25.14372087
2025/12/02,新北市,新莊區,龍福里,6500500-079,121.4116542,25.02058885
2025/12/02,新北市,三重區,萬壽里,6500200-066,121.5014748,25.07058473
2025/12/02,新北市,貢寮區,仁里里,6502600-007,121.919766,25.04551227
2025/12/02,新北市,貢寮區,和美里,6502600-011,121.902957,25.09617943
2025/12/02,新北市,泰山區,楓樹里,6501600-005,121.440156,25.06233883
2025/12/02,新北市,三重區,同慶里,6500200-023,121.4982727,25.05645908
2025/12/02,新北市,三重區,厚德里,6500200-083,121.4911376,25.07296673
2025/12/02,新北市,貢寮區,仁里里,6502600-007,121.919766,25.04551227
2025/12/02,新北市,新莊區,裕民里,6500500-021,121.4181576,25.02363081
2025/12/02,新北市,新莊區,成德里,6500500-071,121.4236122,25.01918529
2025/12/02,新北市,新莊區,八德里,6500500-012,121.4250715,25.02244152
2025/12/02,新北市,三重區,光華里,6500200-057,121.5014422,25.0650206
2025/12/03,新北市,樹林區,東園里,6500700-022,121.4025769,24.95524098
2025/12/03,新北市,淡水區,清文里,6501000-025,121.4417549,25.17084001
2025/12/03,新北市,淡水區,八勢里,6501000-020,121.463457,25.15239345
2025/12/03,新北市,三峽區,中正里,6500900-025,121.3741955,24.92011488
2025/12/03,新北市,三峽區,中埔里,6500900-004,121.3578839,24.92825342
2025/12/03,新北市,永和區,水源里,6500400-026,121.51081,25.00529957
2025/12/03,新北市,樹林區,北園里,6500700-025,121.3942715,24.96217955
2025/12/03,新北市,樹林區,柑園里,6500700-026,121.3859216,24.95298191
2025/12/03,新北市,淡水區,草東里,6501000-026,121.4416077,25.16663556
2025/12/03,新北市,三峽區,二鬮里,6500900-026,121.3485712,24.89605364
2025/12/04,新北市,蘆洲區,仁復里,6501400-013,121.4738141,25.0829737
2025/12/04,新北市,汐止區,金龍里,6501100-033,121.6294309,25.07179248
2025/12/04,新北市,土城區,中正里,6501300-041,121.4559704,24.98450457
2025/12/04,新北市,蘆洲區,仁義里,6501400-028,121.4809873,25.08444728
2025/12/04,新北市,三峽區,溪北里,6500900-017,121.4021494,24.94262332
2025/12/04,新北市,三峽區,秀川里,6500900-002,121.3712599,24.93427711
2025/12/04,新北市,淡水區,永吉里,6501000-028,121.4400627,25.1715828
2025/12/04,新北市,瑞芳區,龍興里,6501200-002,121.8073904,25.10701262
2025/12/04,新北市,金山區,重和里,6502700-007,121.5895813,25.19810355
2025/12/04,新北市,土城區,清化里,6501300-015,121.4637217,24.9613197
2025/12/04,新北市,瑞芳區,龍潭里,6501200-001,121.8079888,25.10851482
2025/12/04,新北市,土城區,清和里,6501300-013,121.4628327,24.97443937
2025/12/04,新北市,金山區,重和里,6502700-007,121.5895813,25.19810355
2025/12/04,新北市,汐止區,興福里,6501100-035,121.6366905,25.06675568
2025/12/04,新北市,蘆洲區,延平里,6501400-036,121.4627356,25.07905475
2025/12/04,新北市,三峽區,安溪里,6500900-024,121.3707254,24.92719884
2025/12/04,新北市,永和區,永安里,6500400-015,121.5152661,25.00486562
2025/12/04,新北市,土城區,學士里,6501300-042,121.4532987,24.98238218
2025/12/05,新北市,新莊區,中隆里,6500500-052,121.4516685,25.05640056
2025/12/05,新北市,新店區,安和里,6500600-056,121.5171033,24.97455802
2025/12/05,新北市,新莊區,中平里,6500500-075,121.4463443,25.05105155
2025/12/05,新北市,永和區,民治里,6500400-008,121.5173815,24.99831551
2025/12/05,新北市,新店區,新店里,6500600-031,121.537026,24.95428931
2025/12/05,新北市,新莊區,昌平里,6500500-064,121.4555465,25.05733202
2025/12/05,新北市,金山區,磺港里,6502700-004,121.6433514,25.22739681
2025/12/05,新北市,新莊區,立廷里,6500500-076,121.4432263,25.05106763
2025/12/05,新北市,新莊區,中原里,6500500-053,121.4459822,25.05643128
2025/12/05,新北市,新莊區,中平里,6500500-075,121.4463443,25.05105155
2025/12/05,新北市,深坑區,昇高里,6501800-004,121.6279054,24.99051551
2025/12/05,新北市,新店區,信義里,6500600-008,121.5424967,24.98594245
2025/12/05,新北市,新店區,中央里,6500600-054,121.5271563,24.9745933
2025/12/05,新北市,新店區,明城里,6500600-055,121.5026953,24.94713031
2025/12/05,新北市,蘆洲區,得勝里,6501400-014,121.4715873,25.0817105
2025/12/05,新北市,蘆洲區,民和里,6501400-032,121.475353,25.07728465
2025/12/05,新北市,永和區,民族里,6500400-016,121.5188848,24.99791349
2025/12/06,新北市,中和區,積穗里,6500300-055,121.4800755,25.0047111
2025/12/08,新北市,新店區,廣興里,6500600-028,121.5091141,24.89202523
2025/12/08,新北市,五股區,六福里,6501500-015,121.4307802,25.09400157
2025/12/08,新北市,三重區,大園里,6500200-042,121.4940035,25.06480596
2025/12/08,新北市,淡水區,新民里,6501000-036,121.4382938,25.17867954
2025/12/08,新北市,新店區,香坡里,6500600-060,121.4800609,24.95896335
2025/12/08,新北市,三重區,中正里,6500200-026,121.4927124,25.05959339
2025/12/08,新北市,三重區,永清里,6500200-090,121.4805445,25.07839961
2025/12/08,新北市,永和區,河濱里,6500400-048,121.5255825,25.0068159
2025/12/08,新北市,三重區,長福里,6500200-064,121.5032092,25.06955863
2025/12/08,新北市,新店區,雙坑里,6500600-024,121.5880035,24.94478
2025/12/08,新北市,三重區,國隆里,6500200-043,121.4925897,25.06352861
2025/12/08,新北市,三重區,田中里,6500200-017,121.4816198,25.06695071
2025/12/08,新北市,新店區,永安里,6500600-015,121.5194216,24.98368204
2025/12/08,新北市,三重區,永吉里,6500200-112,121.4867589,25.07478354
2025/12/08,新北市,新店區,青潭里,6500600-030,121.5531873,24.94816007
2025/12/08,新北市,新店區,員潭里,6500600-023,121.5742648,24.9572917
2025/12/08,新北市,三重區,福隆里,6500200-094,121.488874,25.07690939
2025/12/08,新北市,新店區,永平里,6500600-067,121.5161704,24.98301029
2025/12/08,新北市,新店區,日興里,6500600-019,121.4713413,24.94312781
2025/12/08,新北市,新店區,新安里,6500600-042,121.5440314,24.97569425
2025/12/08,新北市,三重區,清和里,6500200-039,121.5023379,25.06153817
2025/12/09,新北市,新莊區,昌明里,6500500-063,121.4567879,25.05302465
2025/12/09,新北市,三峽區,龍埔里,6500900-009,121.3840826,24.93962459
2025/12/09,新北市,新莊區,福基里,6500500-005,121.4615869,25.06187743
2025/12/09,新北市,新莊區,和平里,6500500-033,121.4588311,25.05374834
2025/12/09,新北市,新莊區,昌信里,6500500-073,121.4559426,25.05374678
2025/12/09,新北市,新莊區,福興里,6500500-072,121.4575907,25.06505809
2025/12/10,新北市,五股區,成泰里,6501500-018,121.4346747,25.0966337
2025/12/10,新北市,土城區,廷寮里,6501300-019,121.4738266,24.97544884
2025/12/10,新北市,雙溪區,雙溪里,6502500-001,121.8655049,25.03597374
2025/12/10,新北市,汐止區,城中里,6501100-048,121.6617303,25.07205014
2025/12/11,新北市,八里區,龍源里,6502300-001,121.4454953,25.12884498
2025/12/11,新北市,板橋區,忠翠里,6500100-044,121.4736743,25.02667892
2025/12/11,新北市,中和區,員山里,6500300-057,121.4782385,25.00746213
2025/12/11,新北市,三峽區,三峽里,6500900-001,121.3692527,24.93332583
2025/12/11,新北市,板橋區,文翠里,6500100-046,121.4764977,25.03333031
2025/12/11,新北市,八里區,米倉里,6502300-002,121.4395279,25.14790981
2025/12/11,新北市,板橋區,柏翠里,6500100-041,121.4776741,25.03636594
2025/12/11,新北市,三峽區,溪南里,6500900-018,121.3989905,24.92522224
2025/12/11,新北市,板橋區,福翠里,6500100-049,121.4830077,25.02869612
2025/12/11,新北市,金山區,兩湖里,6502700-008,121.5937074,25.23185407
2025/12/11,新北市,金山區,兩湖里,6502700-008,121.5937074,25.23185407
2025/12/11,新北市,板橋區,自立里,6500100-012,121.4529707,25.01474041
2025/12/11,新北市,平溪區,嶺腳里,6502400-006,121.7411223,25.04003208
2025/12/11,新北市,板橋區,華翠里,6500100-043,121.4729518,25.02485639
2025/12/11,新北市,汐止區,東山里,6501100-023,121.7065673,25.05112461
2025/12/11,新北市,板橋區,莒光里,6500100-106,121.4701719,25.02480205
2025/12/11,新北市,汐止區,厚德里,6501100-029,121.6413163,25.06760077
2025/12/11,新北市,三重區,富福里,6500200-107,121.4901202,25.08402847
2025/12/11,新北市,平溪區,平溪里,6502400-005,121.7268716,25.03838302
2025/12/11,新北市,八里區,大崁里,6502300-003,121.4243586,25.15656277
2025/12/11,新北市,三峽區,大埔里,6500900-010,121.3643172,24.89854128
2025/12/11,新北市,五股區,集福里,6501500-003,121.4515975,25.11283034
2025/12/12,新北市,蘆洲區,溪墘里,6501400-010,121.4774118,25.07993496
2025/12/12,新北市,板橋區,文化里,6500100-104,121.4681712,25.02778679
2025/12/12,新北市,蘆洲區,水湳里,6501400-006,121.4709156,25.09176383
2025/12/12,新北市,板橋區,介壽里,6500100-026,121.4689969,25.01968903
2025/12/15,新北市,萬里區,磺潭里,6502800-005,121.6317534,25.19598411
2025/12/15,新北市,汐止區,建成里,6501100-047,121.6631642,25.07481861
2025/12/15,新北市,汐止區,東勢里,6501100-039,121.6317985,25.04089784
2025/12/15,新北市,金山區,美田里,6502700-005,121.6330463,25.22460492
2025/12/15,新北市,金山區,和平里,6502700-001,121.6407899,25.21923764
2025/12/15,新北市,金山區,和平里,6502700-001,121.6407899,25.21923764
2025/12/15,新北市,板橋區,忠誠里,6500100-024,121.4645716,25.02122564
2025/12/15,新北市,金山區,大同里,6502700-002,121.6410679,25.22111098
2025/12/15,新北市,萬里區,大鵬里,6502800-004,121.646328,25.21080649
2025/12/15,新北市,板橋區,新民里,6500100-022,121.4646136,25.01569711
2025/12/15,新北市,汐止區,宜興里,6501100-025,121.6228196,25.04185854
2025/12/15,新北市,金山區,金美里,6502700-015,121.6350871,25.21964253
2025/12/15,新北市,板橋區,歡園里,6500100-126,121.4407434,25.0083472
2025/12/15,新北市,汐止區,環河里,6501100-038,121.6245516,25.06175227
2025/12/15,新北市,板橋區,歡園里,6500100-126,121.4407434,25.0083472
2025/12/16,新北市,永和區,保順里,6500400-062,121.5024888,25.00974763
2025/12/16,新北市,板橋區,公舘里,6500100-021,121.4629093,25.0191938
2025/12/16,新北市,板橋區,鄉雲里,6500100-077,121.4579992,25.0020485
2025/12/16,新北市,板橋區,新埔里,6500100-027,121.4667642,25.02301258
2025/12/16,新北市,板橋區,光華里,6500100-013,121.4534552,25.01070039
2025/12/16,新北市,板橋區,赤松里,6500100-003,121.4560229,25.00963157
2025/12/16,新北市,板橋區,港德里,6500100-017,121.4580548,25.01908586
2025/12/16,新北市,板橋區,江翠里,6500100-029,121.4694316,25.03034618
2025/12/16,新北市,土城區,清溪里,6501300-016,121.4611531,24.98565886
2025/12/16,新北市,泰山區,黎明里,6501600-002,121.413326,25.06882272
2025/12/16,新北市,板橋區,仁翠里,6500100-034,121.4617418,25.02891014
2025/12/16,新北市,土城區,祖田里,6501300-026,121.4251804,24.94377101
2025/12/16,新北市,板橋區,溪頭里,6500100-031,121.467752,25.03526179
2025/12/16,新北市,板橋區,吉翠里,6500100-036,121.4591722,25.02842158
2025/12/16,新北市,土城區,頂福里,6501300-024,121.4139294,24.95616757
2025/12/16,新北市,土城區,永寧里,6501300-021,121.4317936,24.95482643
2025/12/16,新北市,五股區,成泰里,6501500-018,121.4346747,25.0966337
2025/12/16,新北市,三重區,信安里,6500200-074,121.4924916,25.07082674
2025/12/16,新北市,三重區,尚德里,6500200-085,121.4938176,25.07249694
2025/12/16,新北市,板橋區,明翠里,6500100-039,121.4650548,25.02618931
2025/12/16,新北市,板橋區,純翠里,6500100-030,121.4658822,25.03002501
2025/12/16,新北市,平溪區,菁桐里,6502400-002,121.7197442,25.02959672
2025/12/17,新北市,鶯歌區,南靖里,6500800-009,121.3553044,24.94555135
2025/12/17,新北市,中和區,秀成里,6500300-028,121.5234071,24.99333505
2025/12/17,新北市,鶯歌區,永昌里,6500800-008,121.3397929,24.95274814
2025/12/17,新北市,鶯歌區,中湖里,6500800-018,121.3448018,24.97017151
2025/12/17,新北市,中和區,安樂里,6500300-020,121.5128355,25.00009142
2025/12/17,新北市,中和區,秀景里,6500300-030,121.5268071,24.99032848
2025/12/17,新北市,中和區,枋寮里,6500300-010,121.5042516,25.0011533
2025/12/17,新北市,中和區,秀義里,6500300-076,121.5252492,24.99423132
2025/12/17,新北市,中和區,秀景里,6500300-030,121.5268071,24.99032848
2025/12/17,新北市,中和區,安平里,6500300-022,121.5095528,24.99919543
2025/12/17,新北市,五股區,五龍里,6501500-007,121.4129512,25.10255949
2025/12/17,新北市,中和區,錦盛里,6500300-086,121.495885,24.98868136
2025/12/17,新北市,中和區,忠孝里,6500300-038,121.5091972,24.98517171
2025/12/18,新北市,板橋區,黃石里,6500100-004,121.4577527,25.01164083
2025/12/18,新北市,鶯歌區,同慶里,6500800-007,121.3471297,24.95143656
2025/12/18,新北市,板橋區,社後里,6500100-008,121.4561515,25.01585785
2025/12/19,新北市,汐止區,白雲里,6501100-021,121.6568643,25.04378776
2025/12/19,新北市,汐止區,忠孝里,6501100-030,121.6425073,25.06393791
2025/12/19,新北市,汐止區,仁德里,6501100-028,121.6626371,25.07098563
2025/12/21,新北市,新店區,員潭里,6500600-023,121.5742648,24.9572917
2025/12/22,新北市,泰山區,大科里,6501600-001,121.4016705,25.05780307
2025/12/22,新北市,金山區,五湖里,6502700-006,121.6174289,25.21089509
2025/12/22,新北市,金山區,五湖里,6502700-006,121.6174289,25.21089509
2025/12/22,新北市,五股區,興珍里,6501500-001,121.4577325,25.06944168
2025/12/22,新北市,金山區,五湖里,6502700-006,121.6174289,25.21089509
2025/12/22,新北市,蘆洲區,仁德里,6501400-027,121.477337,25.08390634
2025/12/22,新北市,泰山區,山腳里,6501600-003,121.4284149,25.0633395
2025/12/23,新北市,烏來區,信賢里,6502900-004,121.5187377,24.82420724
2025/12/23,新北市,烏來區,烏來里,6502900-001,121.553487,24.85514321