項次,業者名稱(市招),縣市,行政區,業者地址,產品名稱,稽查日期,稽查/檢驗項目,稽查/檢驗結果,違反之食安法條及相關法,裁罰金額,備註
33,阿媽蜜餞休閒食品店,臺北市,士林區,臺北市士林區士東路13之9號1樓,草莓凍全素,115/1/21,標示,合格,,,
34,阿媽蜜餞休閒食品店,臺北市,士林區,臺北市士林區士東路13之9號1樓,草莓凍全素,115/1/21,防腐劑、著色劑、甜味劑,合格,,,
35,無市招雜貨店,臺北市,大安區,臺北市大安區臨江街35號,77哈哈球,115/1/21,標示,合格,,,
36,無市招雜貨店,臺北市,大安區,臺北市大安區臨江街35號,77哈哈球,115/1/21,防腐劑、著色劑、甜味劑,合格,,,
37,無市招雜貨店,臺北市,大安區,臺北市大安區臨江街35號,巧益-宜蘭三星蔥夾心蘇打餅,115/1/21,標示,合格,,,
38,無市招雜貨店,臺北市,大安區,臺北市大安區臨江街35號,巧益-宜蘭三星蔥夾心蘇打餅,115/1/21,防腐劑、著色劑、甜味劑,合格,,,
40,無市招攤商,臺北市,中山區,臺北市中山區民族東路410巷43號前,黃金桔,115/1/21,防腐劑、著色劑、甜味劑,合格,,,
41,祥豐餅舖行(新瑞麥鳳梨酥),臺北市,大同區,臺北市大同區寧夏路34之5號,原味鳳梨酥(奶蛋),115/1/21,標示,合格,,,
42,祥豐餅舖行(新瑞麥鳳梨酥),臺北市,大同區,臺北市大同區寧夏路34之5號,原味鳳梨酥(奶蛋),115/1/21,防腐劑、著色劑、甜味劑,合格,,,
43,33番日本糖果餅乾專賣店,臺北市,士林區,臺北市士林區士東路100號(士東市場33號攤),春日井軟糖-白葡萄,115/1/22,標示,合格,,,
44,33番日本糖果餅乾專賣店,臺北市,士林區,臺北市士林區士東路100號(士東市場33號攤),春日井軟糖-白葡萄,115/1/22,著色劑,合格,,,
45,順泰玩具食品行(阿興伯柑仔店),臺北市,文山區,臺北市文山區羅斯福路六段58號1樓,龐克樂跳腳棒糖(葡萄口味),115/1/22,標示,合格,,,
46,順泰玩具食品行(阿興伯柑仔店),臺北市,文山區,臺北市文山區羅斯福路六段58號1樓,龐克樂跳腳棒糖(葡萄口味),115/1/22,著色劑,合格,,,
47,臧軒以即圓滿手信坊(三味有禮),臺北市,萬華區,臺北市萬華區貴陽街2段118號,芒果凍,115/1/22,標示,合格,,,
48,臧軒以即圓滿手信坊(三味有禮),臺北市,萬華區,臺北市萬華區貴陽街2段118號,芒果凍,115/1/22,防腐劑、著色劑、甜味劑,合格,,,
49,萬利食品店(新萬利號),臺北市,內湖區,臺北市內湖區內湖路1段737巷34號,三色軟糖,115/1/22,標示,合格,,,
50,萬利食品店(新萬利號),臺北市,內湖區,臺北市內湖區內湖路1段737巷34號,三色軟糖,115/1/22,著色劑,合格,,,
451,家禽肉攤,臺北市,內湖區,臺北市內湖區五分街18號,雞胸肉,115/2/3,動物用藥殘留,合格,,,
452,家禽肉攤,臺北市,內湖區,臺北市內湖區五分街18號,雞胗,115/2/3,動物用藥殘留,合格,,,
453,放山雞.土雞(東部山),臺北市,內湖區,臺北市內湖區五分街18號,烏骨雞,115/2/3,動物用藥殘留,合格,,,
454,順興雞鴨行,臺北市,北投區,臺北市北投區磺港路33號,雞胸肉,115/2/3,動物用藥殘留,合格,,,
455,順興雞鴨行,臺北市,北投區,臺北市北投區磺港路33號,烏骨雞,115/2/3,動物用藥殘留,合格,,,
456,阿芬放山雞,臺北市,內湖區,臺北市內湖區五分街83號,烏骨雞,115/2/3,動物用藥殘留,合格,,,
457,雞肉攤,臺北市,信義區,臺北市信義區福德街232巷11號,烏骨雞,115/2/3,動物用藥殘留,合格,,,
458,雞肉攤,臺北市,信義區,臺北市信義區福德街232巷11號,雞,115/2/3,動物用藥殘留,合格,,,
459,阿文土雞,臺北市,北投區,臺北市北投區磺港路33號,烏骨雞,115/2/3,動物用藥殘留,合格,,,
460,阿文土雞,臺北市,北投區,臺北市北投區磺港路33號,雞肝,115/2/3,動物用藥殘留,合格,,,
461,德發雞行,臺北市,文山區,臺北市文山區木新路3段310巷4號,烏骨雞,115/2/3,動物用藥殘留,合格,,,
462,德發雞行,臺北市,文山區,臺北市文山區木新路3段310巷4號,雞肝,115/2/3,動物用藥殘留,合格,,,
463,梁O軒,臺北市,文山區,臺北市文山區,烏骨雞,115/2/3,動物用藥殘留,合格,,,
464,南平鵝肉延吉小吃店,臺北市,大安區,臺北市大安區延吉街157號,鵝肉,115/2/3,動物用藥殘留,合格,,,
465,梁O軒,臺北市,文山區,臺北市文山區,文昌雞,115/2/3,動物用藥殘留,合格,,,
466,高O華,臺北市,大安區,臺北市大安區,雞肝,115/2/3,動物用藥殘留,合格,,,
467,高O華,臺北市,大安區,臺北市大安區,烏骨雞,115/2/3,動物用藥殘留,合格,,,
468,明味鵝肉,臺北市,北投區,臺北市北投區榮華三路43號,鵝肉,115/2/3,動物用藥殘留,合格,,,
469,阿文鵝肉店,臺北市,內湖區,臺北市內湖區康樂街50號,鵝肉,115/2/3,動物用藥殘留,合格,,,
470,蔡O春,臺北市,文山區,臺北市文山區,鵝,115/2/4,動物用藥殘留,合格,,,
471,花東土雞,臺北市,中山區,臺北市中山區龍江路370巷48之1號,半土雞,115/2/5,動物用藥殘留,合格,,,
472,阿和雞肉商行,臺北市,中山區,臺北市中山區民族東路410巷16號,烏骨雞,115/2/5,動物用藥殘留,合格,,,
473,阿和雞肉商行,臺北市,中山區,臺北市中山區民族東路410巷16號,雞胗,115/2/5,動物用藥殘留,合格,,,
474,義發家禽號,臺北市,中山區,臺北市中山區民族東路410巷16號,烏骨雞,115/2/5,動物用藥殘留,合格,,,
475,阿城鵝肉,臺北市,中山區,臺北市中山區吉林路105號,鵝,115/2/5,動物用藥殘留,合格,,,
566,韓食客韓式料理,臺北市,內湖區,臺北市內湖區舊宗路1段188號1樓,牛培根0.25,115/1/6,動物用藥殘留,合格,,,
567,12MINI快煮鍋內湖大潤發店,臺北市,內湖區,臺北市內湖區舊宗路1段188號1樓,牛/胸腹肉/美國/NR/CLEARRIVER/過刀切捲0.1cm/3KG/包(*2包/箱),115/1/6,動物用藥殘留,合格,,,
568,12MINI快煮鍋內湖大潤發店,臺北市,內湖區,臺北市內湖區舊宗路1段188號1樓,豬/梅花肉捲/0.15cm/加拿大/KG,115/1/6,動物用藥殘留,合格,,,
569,大全聯中崙店,臺北市,中山區,臺北市中山區八德路2段306號地下3樓,紐西蘭小羔羊梅花肉片,115/1/6,動物用藥殘留,合格,,,
570,大全聯中崙店,臺北市,中山區,臺北市中山區八德路2段306號地下3樓,美國牛梅花火鍋片,115/1/6,動物用藥殘留,合格,,,
571,MiaC'bon台北林森店,臺北市,中山區,臺北市中山區林森北路247號,美國CR安格斯牛五花火鍋片,115/1/6,動物用藥殘留,合格,,,
572,MiaC'bon台北林森店,臺北市,中山區,臺北市中山區林森北路247號,冷凍豬梅花火鍋片500g/包,115/1/6,動物用藥殘留,合格,,,
573,豪饌頂級麻辣火鍋吃到飽,臺北市,中山區,臺北市中山區錦州街32號2樓,方型松阪豬,115/1/6,動物用藥殘留,合格,,,
574,阿紅的涮涮鍋,臺北市,中山區,臺北市中山區吉林路249號,松坂豬,115/1/6,動物用藥殘留,合格,,,
575,招財蔬菜羊肉火鍋店,臺北市,中山區,臺北市中山區錦州街157巷3號1樓,羊肉,115/1/6,動物用藥殘留,合格,,,
576,牛富溫體涮牛肉,臺北市,中山區,臺北市中山區林森北路438號2樓,牛肉,115/1/6,動物用藥殘留,合格,,,
577,淑卿肉舖,臺北市,南港區,臺北市南港區同德路100號,豬胛心肉,115/1/7,動物用藥殘留,合格,,,
578,金O發牛肉店,臺北市,南港區,臺北市南港區,台灣牛臀心(頭刀),115/1/7,動物用藥殘留,合格,,,
579,佳珍獸肉號,臺北市,北投區,臺北市北投區磺港路33號,紐西蘭羊肉片,115/1/7,動物用藥殘留,合格,,,
580,佳珍獸肉號,臺北市,北投區,臺北市北投區磺港路33號,梅花肉,115/1/7,動物用藥殘留,合格,,,
581,順裕牛羊專賣店,臺北市,北投區,臺北市北投區磺港路33號,外里肌,115/1/7,動物用藥殘留,合格,,,
582,美特多股份有限公司,臺北市,內湖區,臺北市內湖區南京東路6段266號,梅花豬,115/1/7,動物用藥殘留,合格,,,
583,美特多股份有限公司,臺北市,內湖區,臺北市內湖區南京東路6段266號,帶骨羊腩,115/1/7,動物用藥殘留,合格,,,
584,順裕牛羊專賣店,臺北市,北投區,臺北市北投區磺港路33號,黃瓜條,115/1/7,動物用藥殘留,合格,,,
585,清真國際牛肉店,臺北市,大安區,臺北市大安區和平東路1段14號,羊肉絲,115/1/7,動物用藥殘留,合格,,,
586,清真國際牛肉店,臺北市,大安區,臺北市大安區和平東路1段14號,牛肉片,115/1/7,動物用藥殘留,合格,,,
587,莫宰羊大安台大店,臺北市,大安區,臺北市大安區新生南路3段28號,綿羊排(切塊),115/1/7,動物用藥殘留,合格,,,
588,蘭蘭小吃店,臺北市,北投區,臺北市北投區永興路1段54號1樓,伊比利豬肉,115/1/7,動物用藥殘留,合格,,,
589,蘭蘭小吃店,臺北市,北投區,臺北市北投區永興路1段54號1樓,沙朗牛肉,115/1/7,動物用藥殘留,合格,,,
590,石二鍋捷運新北投店,臺北市,北投區,臺北市北投區泉源路12號2樓,上選豬肉,115/1/7,動物用藥殘留,合格,,,
591,黑毛屋信義ATT店,臺北市,信義區,臺北市信義區松壽路12號4樓,芬蘭豬去皮豬五花-ATRIA,115/1/7,動物用藥殘留,合格,,,
592,黑毛屋信義ATT店,臺北市,信義區,臺北市信義區松壽路12號4樓,全農冷凍前胸組合(四分割)A4+前胸-脖,115/1/7,動物用藥殘留,合格,,,
593,瀧厚炙燒熟成牛排,臺北市,信義區,臺北市信義區松壽路12號,CAB板腱,115/1/7,動物用藥殘留,合格,,,
594,瀧厚炙燒熟成牛排,臺北市,信義區,臺北市信義區松壽路12號,丹梅花肉,115/1/7,動物用藥殘留,合格,,,
595,鼎楓寶島火鍋,臺北市,信義區,臺北市信義區松壽路12號5樓,梅肉(CAS)-國產,115/1/7,動物用藥殘留,合格,,,
596,呂O郎清燉羊肉爐,臺北市,內湖區,臺北市內湖區,羊肉,115/1/7,動物用藥殘留,合格,,,
597,樂釜極上鍋物,臺北市,士林區,臺北市士林區福國路42號1樓,澳洲嫩肩羊,115/1/7,動物用藥殘留,合格,,,
598,八海食潮當代鍋物台北站前店,臺北市,中正區,臺北市中正區北平西路3號2樓,頂級小羔羊,115/1/8,動物用藥殘留,合格,,,
599,八海食潮當代鍋物台北站前店,臺北市,中正區,臺北市中正區北平西路3號2樓,上等梅花豬,115/1/8,動物用藥殘留,合格,,,
600,大心新泰式麵食台北微風北車店,臺北市,中正區,臺北市中正區北平西路3號2樓,梅花肉片,115/1/8,動物用藥殘留,合格,,,
601,新高軒北車店,臺北市,中正區,臺北市中正區北平西路3號號2樓,條肉,115/1/8,動物用藥殘留,合格,,,
602,貴全牛肉店,臺北市,萬華區,臺北市萬華區富民路77號,牛肋條,115/1/8,動物用藥殘留,合格,,,
603,貴全牛肉店,臺北市,萬華區,臺北市萬華區富民路77號,羊肉塊,115/1/8,動物用藥殘留,合格,,,
604,阿豬媽韓式烤肉吃到飽北車店,臺北市,中正區,臺北市中正區北平西路3號2樓,厚切豬五花,115/1/8,動物用藥殘留,合格,,,
605,阿豬媽韓式烤肉吃到飽北車店,臺北市,中正區,臺北市中正區北平西路3號2樓,牛板腱,115/1/8,動物用藥殘留,合格,,,
606,德良豬肉,臺北市,大安區,臺北市大安區敦化南路2段120號,豬大腸,115/1/2,動物用藥殘留,合格,,,
607,全聯實業股份有限公司大同圓環分公司,臺北市,大同區,臺北市大同區南京西路165號1樓,紐西蘭小羔羊排,115/1/30,動物用藥殘留,合格,,,
787,淡水活海鮮,臺北市,北投區,臺北市北投區知行路360號,甲魚,115/1/2,動物用藥殘留,合格,,,
788,江醫師魚舖子台北安和店,臺北市,大安區,臺北市大安區安和路1段40號,頂級蝦仁(中),115/1/2,動物用藥殘留,合格,,,
789,江醫師魚舖子台北安和店,臺北市,大安區,臺北市大安區安和路1段40號,頂級白蝦(中),115/1/2,動物用藥殘留,合格,,,
790,全聯實業股份有限公司大同圓環分公司,臺北市,大同區,臺北市大同區南京西路165號1樓,國宴火鍋魚片(無刺),115/1/30,動物用藥殘留,合格,,,
857,臺北市第二果菜批發市場(承銷號:2037),臺北市,中山區,臺北市中山區民族東路336號,白蘿蔔,114/11/4,農藥殘留,合格,,,
859,蔬菜攤(程○明),臺北市,中山區,臺北市中山區,白蘿蔔,114/11/4,農藥殘留,合格,,,
861,自強市場攤商-無市招蔬菜攤,臺北市,北投區,臺北市北投區西安街一段281巷2號前右攤,白蘿蔔,114/11/4,農藥殘留,合格,,,
863,人杰老四川餐飲管理顧問股份有限公司臺北南京東分公司(市招:老四川巴蜀麻辣燙),臺北市,中山區,臺北市中山區南京東路二段45號1-2樓、47號1-3樓,白蘿蔔,114/11/4,農藥殘留,合格,,,
865,統康生活事業股份有限公司天母分公司(市招:MiaC'bon_臺北天母店),臺北市,士林區,臺北市士林區天母西路3號2樓,精選白蘿蔔,114/11/4,農藥殘留,合格,,,
867,環南市場蔬菜區-李○蓮,臺北市,萬華區,臺北市萬華區,白蘿蔔,114/11/6,農藥殘留,合格,,,
869,環南市場蔬菜區-景○文,臺北市,萬華區,臺北市萬華區,白蘿蔔,114/11/6,農藥殘留,合格,,,
896,富邦媒體科技股份有限公司(網購平台),臺北市,內湖區,臺北市內湖區洲子街96號4樓,水果玉米,114/11/28,農藥殘留,合格,,,
898,新視紀媒體科技股份有限公司(網購平台),臺北市,大安區,臺北市大安區敦化南路二段46號4樓之1,玉米筍,114/11/17,農藥殘留,合格,,,
916,三商家購股份有限公司信義吳興二分公司(美廉社),臺北市,信義區,臺北市信義區吳興街345巷1號,紅豆,114/11/4,農藥殘留,合格,,,
918,三商家購股份有限公司信義吳興二分公司(美廉社),臺北市,信義區,臺北市信義區吳興街345巷1號,綠豆,114/11/4,農藥殘留,合格,,,
920,三商家購股份有限公司信義吳興二分公司(美廉社),臺北市,信義區,臺北市信義區吳興街345巷1號,紅豆,114/11/4,農藥殘留,合格,,,
922,家福股份有限公司大安臨江分公司,臺北市,大安區,臺北市大安區臨江街87號地下1樓,綠豆,114/11/4,農藥殘留,合格,,,
923,台朔環保科技股份有限公司(網購平台),臺北市,內湖區,臺北市內湖區石潭里南京東路六段390號5樓,有機胡蘿蔔,114/11/3,農藥殘留,合格,,,
925,台朔環保科技股份有限公司(網購平台),臺北市,內湖區,臺北市內湖區石潭里南京東路六段390號5樓,有機馬鈴薯,114/11/3,農藥殘留,合格,,,
956,新加坡商蝦皮娛樂電商有限公司(網購平台),臺北市,信義區,臺北市信義區忠孝東路四段555號17樓,青花椰菜,114/11/3,農藥殘留,合格,,,
958,臺北市第二果菜批發市場(承銷號:2057),臺北市,中山區,臺北市中山區民族東路336號,花椰菜,114/11/4,農藥殘留,合格,,,
959,新加坡商蝦皮娛樂電商有限公司(網購平台),臺北市,信義區,臺北市信義區忠孝東路四段555號17樓,洋菇,114/11/3,農藥殘留,合格,,,
960,人杰老四川餐飲管理顧問股份有限公司臺北南京東分公司(市招:老四川巴蜀麻辣燙),臺北市,中山區,臺北市中山區南京東路二段45號1-2樓、47號1-3樓,娃娃菜,114/11/4,農藥殘留,合格,,,
961,棉花田生機園地股份有限公司莊敬門市,臺北市,信義區,臺北市信義區莊敬路376號,有機銀耳,114/11/4,農藥殘留,合格,,,
962,統康生活事業股份有限公司天母分公司(市招:MiaC'bon_臺北天母店),臺北市,士林區,臺北市士林區天母西路3號2樓,青花菜,114/11/4,農藥殘留,合格,,,
964,環南市場蔬菜區-晨曦商行,臺北市,萬華區,臺北市萬華區環河南路二段245號,花椰菜,114/11/6,農藥殘留,合格,,,
966,環南市場蔬菜區-李○蓮,臺北市,萬華區,臺北市萬華區,花椰菜,114/11/6,農藥殘留,合格,,,
978,富邦媒體科技股份有限公司(網購平台),臺北市,內湖區,臺北市內湖區洲子街96號4樓,芥菜仁,114/11/28,農藥殘留,合格,,,
1041,無市招蔬菜攤,臺北市,士林區,臺北市士林區大東路15之27號對面攤位,絲瓜,114/11/4,農藥殘留,合格,,,
1043,蔬菜攤(程○明),臺北市,中山區,臺北市中山區,絲瓜,114/11/4,農藥殘留,合格,,,
1045,南京公寓市場-無市招攤販,臺北市,松山區,臺北市松山區南京東路五段291巷口,絲瓜,114/11/5,農藥殘留,合格,,,
1047,環南市場蔬菜區-景○文,臺北市,萬華區,臺北市萬華區,絲瓜,114/11/6,農藥殘留,合格,,,
1062,新加坡商蝦皮娛樂電商有限公司(網購平台),臺北市,信義區,臺北市信義區忠孝東路四段555號17樓,青花菜,114/11/4,農藥殘留,合格,,,
1112,無市招蔬果攤,臺北市,北投區,臺北市北投區自強街139號斜前方攤,菠菜,114/11/4,農藥殘留,合格,,,
1114,臺北市第二果菜批發市場(承銷號:2030),臺北市,中山區,臺北市中山區民族東路336號,芥藍芽,114/11/4,農藥殘留,合格,,,
1116,同學の店,臺北市,信義區,臺北市信義區仁愛路四段496巷19號,菠菜,114/11/4,農藥殘留,合格,,,
1118,自強市場攤商-無市招蔬菜攤,臺北市,北投區,臺北市北投區西安街一段281巷2號前右攤,油菜,114/11/4,農藥殘留,合格,,,
1120,家福股份有限公司大安臨江分公司,臺北市,大安區,臺北市大安區臨江街87號地下1樓,青江菜,114/11/4,農藥殘留,合格,,,
1122,家福股份有限公司大安臨江分公司,臺北市,大安區,臺北市大安區臨江街87號地下1樓,油菜,114/11/4,農藥殘留,合格,,,
1124,南京公寓市場-無市招攤販,臺北市,松山區,臺北市松山區南京東路五段291巷3之2號,青江菜,114/11/5,農藥殘留,合格,,,
1126,南京公寓市場-無市招攤販,臺北市,松山區,臺北市松山區南京東路五段291巷3之2號,芥藍芽,114/11/5,農藥殘留,合格,,,
1127,南京公寓市場-無市招攤販,臺北市,松山區,臺北市松山區南京東路五段291巷口,四季豆(菜豆),114/11/5,農藥殘留,合格,,,
1128,三軍總醫院營養部,臺北市,內湖區,臺北市內湖區成功路二段325號B1,小白菜,114/11/5,農藥殘留,合格,,,
1129,環南市場蔬菜區-晨曦商行,臺北市,萬華區,臺北市萬華區環河南路二段245號,敏豆(四季豆),114/11/6,農藥殘留,合格,,,
1130,三軍總醫院營養部,臺北市,內湖區,臺北市內湖區成功路二段325號B1,青江菜,114/11/5,農藥殘留,合格,,,
1132,三商家購股份有限公司中正汀州分公司(美廉社),臺北市,中正區,臺北市中正區汀州路一段220號1樓,青蔥,114/11/6,農藥殘留,合格,,,
1134,三商家購股份有限公司中正汀州分公司(美廉社),臺北市,中正區,臺北市中正區汀州路一段220號1樓,小白菜,114/11/6,農藥殘留,合格,,,
1136,三商家購股份有限公司中正汀州分公司(美廉社),臺北市,中正區,臺北市中正區汀州路一段220號1樓,青江菜,114/11/6,農藥殘留,合格,,,
1147,新加坡商蝦皮娛樂電商有限公司(網購平台),臺北市,信義區,臺北市信義區忠孝東路四段555號17樓,甜豆,114/11/4,農藥殘留,合格,,,
1149,新加坡商蝦皮娛樂電商有限公司(網購平台),臺北市,信義區,臺北市信義區忠孝東路四段555號17樓,四季豆,114/11/4,農藥殘留,合格,,,
1155,新視紀媒體科技股份有限公司(網購平台),臺北市,大安區,臺北市大安區敦化南路二段46號4樓之1,有機綠豆芽,114/11/17,農藥殘留,合格,,,
1157,蜜世界鮮果專賣店(蜜世界鮮果專賣廣場),臺北市,中山區,臺北市中山區龍江路356巷67號1樓,美濃香瓜,114/10/30,農藥殘留,合格,,,
1177,蜜世界鮮果專賣店(蜜世界鮮果專賣廣場),臺北市,中山區,臺北市中山區龍江路356巷67號1樓,木瓜,114/10/30,農藥殘留,合格,,,
1179,無市招水果攤,臺北市,士林區,臺北市士林區大東路15之13號前,紅龍果,114/11/4,農藥殘留,合格,,,
1181,正李記,臺北市,大同區,臺北市大同區長安西路220巷20號,紅龍果,114/11/4,農藥殘留,合格,,,
1183,統康生活事業股份有限公司天母分公司(市招:MiaC'bon_臺北天母店),臺北市,士林區,臺北市士林區天母西路3號2樓,綠奇異果,114/11/4,農藥殘留,合格,,,
1216,新加坡商蝦皮娛樂電商有限公司(網購平台),臺北市,信義區,臺北市信義區忠孝東路四段555號17樓,菠菜,114/11/3,農藥殘留,合格,,,
1218,新加坡商蝦皮娛樂電商有限公司(網購平台),臺北市,信義區,臺北市信義區忠孝東路四段555號17樓,菠菜,114/11/3,農藥殘留,合格,,,
1243,富邦媒體科技股份有限公司(網購平台),臺北市,內湖區,臺北市內湖區洲子街96號4樓,綠地球葡萄,114/10/27,農藥殘留,合格,,,
1259,新視紀媒體科技股份有限公司(網購平台),臺北市,大安區,臺北市大安區敦化南路二段46號4樓之1,芭樂,114/11/17,農藥殘留,合格,,,
1262,新加坡商蝦皮娛樂電商有限公司(網購平台),臺北市,信義區,臺北市信義區忠孝東路四段555號17樓,蔥花,114/11/4,農藥殘留,合格,,,
1264,新加坡商蝦皮娛樂電商有限公司(網購平台),臺北市,信義區,臺北市信義區忠孝東路四段555號17樓,芥藍菜,114/11/4,農藥殘留,合格,,,
1301,新加坡商蝦皮娛樂電商有限公司(網購平台),臺北市,信義區,臺北市信義區忠孝東路四段555號17樓,興新梨,114/11/3,農藥殘留,合格,,,
1303,南京公寓市場-無市招水果攤,臺北市,松山區,臺北市松山區南京東路五段291巷3-4號,蘋果,114/11/5,農藥殘留,合格,,,
1308,富邦媒體科技股份有限公司(網購平台),臺北市,內湖區,臺北市內湖區洲子街96號4樓,甜柿,114/10/27,農藥殘留,合格,,,
1309,富邦媒體科技股份有限公司(網購平台),臺北市,內湖區,臺北市內湖區洲子街96號4樓,水梨,114/10/27,農藥殘留,合格,,,
1322,新視紀媒體科技股份有限公司(網購平台),臺北市,大安區,臺北市大安區敦化南路二段46號4樓之1,蜜脆蘋果,114/11/17,農藥殘留,合格,,,
1337,裕民夜市商圈-葉綠素飲料店(50嵐石牌店),臺北市,北投區,臺北市北投區裕民一路23號1樓,金桔,114/11/4,農藥殘留,合格,,,
1338,裕民夜市商圈-CoCo都可(石牌茶館),臺北市,北投區,臺北市北投區石牌路二段62號1樓,金桔,114/11/4,農藥殘留,合格,,,
1339,水果大亨股份有限公司(水果大亨),臺北市,松山區,臺北市松山區民生東路四段112巷1弄15號1樓,橘子,114/11/5,農藥殘留,合格,,,
1343,富邦媒體科技股份有限公司(網購平台),臺北市,內湖區,臺北市內湖區洲子街96號4樓,金桔,114/10/27,農藥殘留,合格,,,
1357,新視紀媒體科技股份有限公司(網購平台),臺北市,大安區,臺北市大安區敦化南路二段46號4樓之1,金桔,114/11/3,農藥殘留,合格,,,
1372,蔬菜攤(程○明),臺北市,中山區,臺北市中山區,香菜(芫荽),114/11/4,農藥殘留,合格,,,
1373,阿萬青菜號,臺北市,中正區,臺北市中正區羅斯福路1路8號,香菜(芫荽),114/11/6,農藥殘留,合格,,,
1383,忠順商行,臺北市,文山區,臺北市文山區忠順街1段135號,白蛋,114/11/21,農藥殘留,合格,,,
1886,鑫佳興股份有限公司,臺北市,士林區,臺北市士林區貴富街2號,活紅蟳,114/11/4,動物用藥殘留,合格,,,
1887,士東海鮮,臺北市,士林區,臺北市士林區士東路100號,活花蟹,114/11/4,動物用藥殘留,合格,,,
1888,徐活魚海鮮,臺北市,南港區,臺北市南港區同德路100號,黃魚,114/11/4,動物用藥殘留(結晶紫及其代謝物),不合格,違反食品安全衛生管理法第47條,30000,
1889,俊生鮮海鮮,臺北市,南港區,臺北市南港區同德路100號,蝦仁,114/11/4,動物用藥殘留,合格,,,
1890,洪基隆現撈魚攤,臺北市,南港區,臺北市南港區同德路100號,蛤蠣,114/11/4,動物用藥殘留,合格,,,
1891,東石海產號,臺北市,萬華區,臺北市萬華區萬大路493巷12弄27號,蝦仁,114/11/4,動物用藥殘留,合格,,,
1892,東石海產號,臺北市,萬華區,臺北市萬華區萬大路493巷12弄27號,冷凍半殼夏夷貝,114/11/4,動物用藥殘留,合格,,,
1893,順發海產行,臺北市,萬華區,臺北市萬華區富民路21號對面,沙公,114/11/4,動物用藥殘留,合格,,,
1894,邱O婷,臺北市,萬華區,臺北市萬華區萬大路531號,黃魚,114/11/4,動物用藥殘留,合格,,,
1895,吳O宏,臺北市,萬華區,臺北市萬華區萬大路531號,沙母,114/11/4,動物用藥殘留,合格,,,
1896,七海餐飲事業股份有限公司,臺北市,內湖區,臺北市內湖區成功路4段166號2樓,旭蟹,114/11/4,動物用藥殘留,合格,,,
1897,OH蟹生鮮廚房,臺北市,內湖區,臺北市內湖區民權東路6段443號,麵包蟹,114/11/4,動物用藥殘留,合格,,,
1898,小林魚舖,臺北市,北投區,臺北市北投區磺港路33號,蚵仔,114/11/5,動物用藥殘留,合格,,,
1899,北投市場573號攤,臺北市,北投區,臺北市北投區新市街30號,蝦仁,114/11/5,動物用藥殘留,合格,,,
1900,順蝦兵蟹將,臺北市,北投區,臺北市北投區磺港路33號,活三點蟹,114/11/5,動物用藥殘留,合格,,,
1901,樹樹海產,臺北市,中山區,臺北市中山區民族東路410巷8號,午仔魚,114/11/5,動物用藥殘留,合格,,,
1902,臺北漁產運銷股份有限公司民族營業處,臺北市,中山區,臺北市中山區民族東路410巷2弄20號,澎湖原汁牡蠣肉,114/11/5,動物用藥殘留,合格,,,
1903,臺北漁產運銷股份有限公司民族營業處（臺北魚市),臺北市,中山區,臺北市中山區民族東路410巷2弄20號,藍鑽蝦仁,114/11/5,動物用藥殘留,合格,,,
1904,東水產,臺北市,中山區,臺北市中山區民族東路410巷5號,黃油蟹,114/11/5,動物用藥殘留,合格,,,
1905,川郎活蟹海鮮料理,臺北市,中山區,臺北市中山區吉林路142號,黃金蟹,114/11/5,動物用藥殘留,合格,,,
1906,旭集-天母店,臺北市,士林區,臺北市士林區忠誠路2段55號5樓,冷凍旭蟹,114/11/5,動物用藥殘留,合格,,,
1907,海公公海鮮企業社,臺北市,信義區,臺北市信義區仁愛路4段496巷5號,藍鑽蝦仁,114/11/5,動物用藥殘留,合格,,,
1908,海公公海鮮企業社,臺北市,信義區,臺北市信義區仁愛路4段496巷5號,去刺虱目魚肚,114/11/5,動物用藥殘留,合格,,,
1909,URBANPARADISE信義店,臺北市,信義區,臺北市信義區松高路11號5樓,冷凍全殼生蠔,114/11/5,動物用藥殘留,合格,,,
1910,URBANPARADISE信義店,臺北市,信義區,臺北市信義區松高路11號5樓,冷凍藍蟹,114/11/5,動物用藥殘留,合格,,,
1911,椒朋友辛潮麻辣鍋,臺北市,信義區,臺北市信義區松高路11號4樓,生凍龍蝦,114/11/5,動物用藥殘留,合格,,,
1912,無市招海鮮,臺北市,士林區,臺北市士林區基河路101號,黃魚,114/11/6,動物用藥殘留(結晶紫及其代謝物),不合格,違反食品安全衛生管理法第47條,30000,
1913,遠東咖啡自助餐廳,臺北市,大安區,臺北市大安區敦化南路2段201號,三點蟹,114/11/12,動物用藥殘留,合格,,,
1914,佐佐鮮有限公司,臺北市,大同區,臺北市大同區迪化街1段275號,〔白帶〕台灣船釣現流白帶魚切段,114/11/24,動物用藥殘留,合格,,,
1915,佐佐鮮有限公司,臺北市,大同區,臺北市大同區迪化街1段275號,日本全殼生蠔,114/11/24,動物用藥殘留,合格,,,
1916,通訊無阻手機維修專門店,臺北市,士林區,臺北市士林區大北路63號,中華絨螯蟹,114/11/25,動物用藥殘留,合格,,,
1968,天仁餐盒有限公司,臺北市,內湖區,臺北市內湖區新明路321巷10弄8、10、12號1樓,-,114/9/25,GHP,合格,,,
1969,天仁餐盒有限公司,臺北市,內湖區,臺北市內湖區新明路321巷10弄8、10、12號1樓,-,114/11/7,GHP,合格,,,
1970,士福美食股份有限公司,臺北市,內湖區,臺北市內湖區新明路193號、195號,-,114/10/1,GHP,合格,,,
1971,士福美食股份有限公司,臺北市,內湖區,臺北市內湖區新明路193號、195號,-,114/12/1,GHP,合格,,,
1972,冠冕盒餐食品股份有限公司,臺北市,內湖區,臺北市內湖區內湖路1段91巷38弄5、7號1樓,-,114/10/1,GHP,合格,,,
1973,冠冕盒餐食品股份有限公司,臺北市,內湖區,臺北市內湖區內湖路1段91巷38弄5、7號1樓,-,114/11/11,GHP,合格,,,
1974,第一餐盒股份有限公司,臺北市,南港區,臺北市南港區重陽路263巷8號,-,114/9/18,GHP,合格,,,
1975,第一餐盒股份有限公司,臺北市,南港區,臺北市南港區重陽路263巷8號,-,114/10/23,GHP,合格,,,
1976,宮保王食品有限公司,臺北市,南港區,臺北市南港區南港路3段149巷49弄12號、14號,-,114/9/18,GHP,合格,,,
1977,宮保王食品有限公司,臺北市,南港區,臺北市南港區南港路3段149巷49弄12號、14號,-,114/10/23,GHP,合格,,,
1978,鉅登團膳食品有限公司,臺北市,南港區,臺北市南港區南港路3段80巷32號2樓、地下,-,114/9/3,GHP,合格,,,
1979,鉅登團膳食品有限公司,臺北市,南港區,臺北市南港區南港路3段80巷32號2樓、地下,-,114/9/18,GHP,合格,,,
1980,榮彬食品有限公司,臺北市,士林區,臺北市士林區福港街110巷1弄2之1號,-,114/9/22,GHP,合格,,,
1981,榮彬食品有限公司,臺北市,士林區,臺北市士林區福港街110巷1弄2之1號,-,114/11/21,GHP,合格,,,
2251,天仁餐盒有限公司,臺北市,內湖區,臺北市內湖區新明路321巷10弄8、10、12號1樓,奶油雞丁桶餐,114/9/25,食品中微生物,合格,,,
2252,士福美食股份有限公司,臺北市,內湖區,臺北市內湖區新明路193號、195號,唐揚雞桶餐,114/9/25,食品中微生物,合格,,,
2253,冠冕盒餐食品股份有限公司,臺北市,內湖區,臺北市內湖區內湖路1段91巷38弄5、7號1樓,沙茶肉片便當,114/10/1,食品中微生物,合格,,,
2254,第一餐盒股份有限公司,臺北市,南港區,臺北市南港區重陽路263巷8號,嘉義雞肉飯便當,114/9/18,食品中微生物,合格,,,
2255,宮保王食品有限公司,臺北市,南港區,臺北市南港區南港路3段149巷49弄12號、14號,泡菜肉片便當,114/9/18,食品中微生物,合格,,,
2256,鉅登團膳食品有限公司,臺北市,南港區,臺北市南港區南港路3段80巷32號2樓、地下,洋蔥雞丁便當,114/9/18,食品中微生物,合格,,,
2257,榮彬食品有限公司,臺北市,士林區,臺北市士林區福港街110巷1弄2之1號,和風醬燒豬香鬆飯,114/9/22,食品中微生物,合格,,,
2514,天仁餐盒有限公司,臺北市,內湖區,臺北市內湖區新明路321巷10弄8、10、12號1樓,豬絞肉,114/12/15,動物用藥殘留,合格,,,
2515,士福美食股份有限公司,臺北市,內湖區,臺北市內湖區新明路193號、195號,豬柳條,114/12/15,動物用藥殘留,合格,,,
2516,冠冕盒餐食品股份有限公司,臺北市,內湖區,臺北市內湖區內湖路1段91巷38弄5、7號1樓,肉片,114/12/15,動物用藥殘留,合格,,,
2517,第一餐盒股份有限公司,臺北市,南港區,臺北市南港區重陽路263巷8號,絞肉B,114/12/16,動物用藥殘留,合格,,,
2518,宮保王食品有限公司,臺北市,南港區,臺北市南港區南港路3段149巷49弄12號、14號,前腿絞肉,114/12/16,動物用藥殘留,合格,,,
2519,榮彬食品有限公司,臺北市,士林區,臺北市士林區福港街110巷1弄2之1號,前腿肉片,114/12/16,動物用藥殘留,合格,,,
2584,天仁餐盒有限公司,臺北市,內湖區,臺北市內湖區新明路321巷10弄8、10、12號1樓,絞肉,114/9/25,豬肉原產地標示,合格,,,
2585,士福美食股份有限公司,臺北市,內湖區,臺北市內湖區新明路193號、195號,肉角,114/9/25,豬肉原產地標示,合格,,,
2586,冠冕盒餐食品股份有限公司,臺北市,內湖區,臺北市內湖區內湖路1段91巷38弄5、7號1樓,沙茶肉片,114/10/1,豬肉原產地標示,合格,,,
2587,第一餐盒股份有限公司,臺北市,南港區,臺北市南港區重陽路263巷8號,腿肉片,114/9/18,豬肉原產地標示,合格,,,
2588,宮保王食品有限公司,臺北市,南港區,臺北市南港區南港路3段149巷49弄12號、14號,後腿肉片(立大豬肉片CAS),114/9/18,豬肉原產地標示,合格,,,
2589,鉅登團膳食品有限公司,臺北市,南港區,臺北市南港區南港路3段80巷32號2樓、地下,肉絲(津谷),114/9/18,豬肉原產地標示,合格,,,
2590,榮彬食品有限公司,臺北市,士林區,臺北市士林區福港街110巷1弄2之1號,和風醬燒豬,114/9/22,豬肉原產地標示,合格,,,
2847,鉅登團膳食品有限公司,臺北市,南港區,臺北市南港區南港路3段80巷32號2樓、地下,非基改干片,114/12/16,防腐劑、著色劑、殺菌劑,合格,,,
2862,全聯實業股份有限公司南湖分公司(大全聯內湖店),臺北市,內湖區,臺北市內湖區舊宗路1段188號1至4樓,聯國蔓越莓乾,114/11/4,真菌毒素,合格,,,—
2863,全聯實業股份有限公司南湖分公司(大全聯內湖店),臺北市,內湖區,臺北市內湖區舊宗路1段188號1至4樓,義美好食瓶香脆花生,114/11/4,真菌毒素,合格,,,—
2864,全聯實業股份有限公司南湖分公司(大全聯內湖店),臺北市,內湖區,臺北市內湖區舊宗路1段188號1至4樓,精選手工通心白蓮,114/11/4,真菌毒素,合格,,,—
2865,好市多股份有限公司內湖分公司(COSTCO),臺北市,內湖區,臺北市內湖區舊宗路1段268號、民善街255號,KirklandSignature科克蘭精選鹽味烘烤花生仁,114/11/4,真菌毒素,合格,,,—
2866,好市多股份有限公司內湖分公司(COSTCO),臺北市,內湖區,臺北市內湖區舊宗路1段268號、民善街255號,KirklandSignature科克蘭辣椒,114/11/4,真菌毒素,合格,,,—
2867,家福股份有限公司台北內湖分公司(家樂福內湖店),臺北市,內湖區,臺北市內湖區民善街88號,紅辣椒粉ChiliPowder,114/11/4,真菌毒素,合格,,,—
2868,合盛行,臺北市,大同區,臺北市大同區迪化街1段193號,紅麴米,114/11/4,真菌毒素,合格,,,—
2869,不老客家傳統麻糬,臺北市,中山區,臺北市中山區松江路297巷,花生粉,114/11/4,真菌毒素,合格,,,—
2870,禾溢承精緻潤餅民族濱江店,臺北市,中山區,臺北市中山區五常街43號,花生粉,114/11/4,真菌毒素,合格,,,—
2871,家福股份有限公司台北重慶分公司(家樂福重慶店),臺北市,大同區,臺北市大同區重慶北路2段171號,黃豆,114/11/4,真菌毒素,合格,,,—
2872,家福股份有限公司台北重慶分公司(家樂福重慶店),臺北市,大同區,臺北市大同區重慶北路2段171號,良農非基改黃豆,114/11/4,真菌毒素,合格,,,—
2873,棋美點心屋,臺北市,大安區,臺北市大安區復興南路2段292號1樓,朝天椒細粉,114/11/5,真菌毒素,合格,,,—
2874,媽媽好國際股份有限公司莊敬營業所,臺北市,信義區,臺北市信義區莊敬路399號,明治嬰兒配方食品(新配方),114/11/5,真菌毒素,合格,,,嬰幼兒食品
2875,媽媽好國際股份有限公司莊敬營業所,臺北市,信義區,臺北市信義區莊敬路399號,EnfaA+優生無乳糖嬰兒配方,114/11/5,真菌毒素,合格,,,嬰幼兒食品
2876,悠旅生活事業股份有限公司臺北市第69分公司(星巴克南海門市),臺北市,中正區,臺北市中正區南海路20號,摩卡可可粉(新),114/11/5,真菌毒素,合格,,,—
2877,全聯實業股份有限公司六合營業所,臺北市,信義區,臺北市信義區松仁路240巷19號1、2樓,杏仁果,114/11/5,真菌毒素,合格,,,—
2878,全聯實業股份有限公司六合營業所,臺北市,信義區,臺北市信義區松仁路240巷19號1、2樓,珍珠開心果,114/11/5,真菌毒素,合格,,,—
2879,禾秝號(雪球咖啡南門店),臺北市,中正區,臺北市中正區南海路2巷2號,戴菲小鷹高脂可可粉,114/11/5,真菌毒素,合格,,,—
2880,三水花生行,臺北市,萬華區,臺北市萬華區和平西路3段81巷3號,花生粉,114/11/5,真菌毒素,合格,,,—
2881,韻宇有公司(巧婦超市),臺北市,萬華區,臺北市萬華區西昌街143號,韓式起司米餅,114/11/5,真菌毒素,合格,,,—
2882,韻宇有公司(巧婦超市),臺北市,萬華區,臺北市萬華區西昌街143號,大袖振豆米果,114/11/5,真菌毒素,合格,,,—
2883,名杉莊企業有限公司(梅莊糖菓行),臺北市,士林區,臺北市士林區大北路105號,戰船牌玉米粉,114/11/5,真菌毒素,合格,,,—
2884,名杉莊企業有限公司(梅莊糖菓行),臺北市,士林區,臺北市士林區大北路105號,三色花生糖,114/11/5,真菌毒素,合格,,,—
2885,統一超商185分公司,臺北市,北投區,臺北市北投區自強街82號,泰山玄米油,114/11/5,真菌毒素,合格,,,—
2886,統一超商185分公司,臺北市,北投區,臺北市北投區自強街82號,泰山純芥花油,114/11/5,真菌毒素,合格,,,—
2887,家福股份有限公司士林華聲分公司,臺北市,士林區,臺北市士林區華聲街17號,unifoodie土地公綜合花生糖,114/11/5,真菌毒素,合格,,,—
2888,家福股份有限公司士林華聲分公司,臺北市,士林區,臺北市士林區華聲街17號,玉米粉,114/11/5,真菌毒素,合格,,,—
3048,義美股份有限公司台北南港分公司,臺北市,南港區,臺北市南港區興華路66號,義美顆粒花生醬(鹹香風味),114/12/3,真菌毒素,合格,,,—
3049,義美食品股份有限公司台北南港分公司,臺北市,南港區,臺北市南港區興華路66號,花生軟糖(袋裝),114/12/3,真菌毒素,合格,,,—
3050,義美食品股份有限公司台北南港分公司,臺北市,南港區,臺北市南港區興華路66號,花生酥糖,114/12/3,真菌毒素,合格,,,—
3153,家福股份有限公司台北內湖分公司,臺北市,內湖區,臺北市內湖區民善街88號,雅媽吉味醂風調味料,114/1/2,放射性核種,合格,,,
3155,家福股份有限公司台北內湖分公司,臺北市,內湖區,臺北市內湖區民善街88號,青森150蜜富士1Kg袋裝,114/1/2,放射性核種,合格,,,
3157,家福股份有限公司台北內湖分公司,臺北市,內湖區,臺北市內湖區民善街88號,北海道山藥,114/1/2,放射性核種,合格,,,
3159,安琪兒百貨有限公司內湖一店,臺北市,內湖區,臺北市內湖區文德路36號1樓,明治嬰兒配方食品(新配方)罐裝,114/1/2,放射性核種,合格,,,嬰幼兒食品類
3161,安琪兒百貨有限公司內湖一店,臺北市,內湖區,臺北市內湖區文德路36號1樓,明治嬰兒配方食品(新配方)(盒裝),114/1/2,放射性核種,合格,,,嬰幼兒食品類
3163,新光三越百貨股份有限公司台北南西分公司,臺北市,中山區,臺北市中山區南京西路12號地下1樓至地下4樓、1樓至10樓,雅媽吉鰹魚淡色濃縮高湯,114/2/3,放射性核種,合格,,,
3165,新光三越百貨股份有限公司台北南西分公司,臺北市,中山區,臺北市中山區南京西路12號地下1樓至地下4樓、1樓至10樓,LDC熊野古道礦泉水,114/2/3,放射性核種,合格,,,
3167,家福股份有限公司台北重慶分公司,臺北市,大同區,臺北市大同區重慶北路2段171號,北海道花魚一夜干,114/2/3,放射性核種,合格,,,
3169,家福股份有限公司台北重慶分公司,臺北市,大同區,臺北市大同區重慶北路2段171號,冷凍蒸熟牡蠣肉,114/2/3,放射性核種,合格,,,
3171,家福股份有限公司台北重慶分公司,臺北市,大同區,臺北市大同區重慶北路2段171號,大黑本菇,114/2/3,放射性核種,合格,,,
3173,新光三越百貨股份有限公司台北南西分公司(無印良品南西門市),臺北市,中山區,臺北市中山區南京西路12號地下1樓,懷舊雞蛋餅乾球,114/2/3,放射性核種,合格,,,
3175,新光三越百貨股份有限公司台北南西分公司(無印良品南西門市),臺北市,中山區,臺北市中山區南京西路12號地下1樓,大袋番薯條,114/2/3,放射性核種,合格,,,
3177,全聯實業股份有限公司北投吉利分公司,臺北市,北投區,臺北市北投區吉利街125號1樓,福樂頂級片狀起司(莫札瑞拉),114/2/26,放射性核種,合格,,,
3179,全聯實業股份有限公司北投吉利分公司,臺北市,北投區,臺北市北投區吉利街125號1樓,福樂頂級片狀起司(經典原味),114/2/26,放射性核種,合格,,,
3181,全聯實業股份有限公司北投吉利分公司,臺北市,北投區,臺北市北投區吉利街125號1樓,日本青森金星蘋果,114/2/26,放射性核種,合格,,,
3183,統康生活事業股份有限公司台北大葉分公司(MiaC'bon),臺北市,士林區,臺北市士林區忠誠路2段55號B1,創意一品五入包麵-醬油風味,114/2/26,放射性核種,合格,,,
3185,統康生活事業股份有限公司台北大葉分公司(MiaC'bon),臺北市,士林區,臺北市士林區忠誠路2段55號B1,青甘下巴,114/2/26,放射性核種,合格,,,
3187,台灣大創百貨股份有限公司士林中正店,臺北市,士林區,臺北市士林區中正路302號,mistio碳酸飲料-葡萄風味,114/2/26,放射性核種,合格,,,
3189,台灣大創百貨股份有限公司士林中正店,臺北市,士林區,臺北市士林區中正路302號,山本炒麵,114/2/26,放射性核種,合格,,,
3191,微風廣場實業股份有限公司微風超市(微風廣場店),臺北市,松山區,臺北市松山區復興南路1段39號,四葉特選鮮乳,114/3/27,放射性核種,合格,,,
3193,微風廣場實業股份有限公司微風超市(微風廣場店),臺北市,松山區,臺北市松山區復興南路1段39號,特選北海道牛奶(保久乳),114/3/27,放射性核種,合格,,,
3195,微風廣場實業股份有限公司微風超市(微風廣場店),臺北市,松山區,臺北市松山區復興南路1段39號,青森縣套袋富士蘋果2粒,114/3/27,放射性核種,合格,,,
3197,台灣泛亞零售管理顧問股份有限公司南港分公司,臺北市,南港區,臺北市南港區忠孝東路7段359號3樓,𩸽魚一夜干,114/3/27,放射性核種,合格,,,
3199,台灣泛亞零售管理顧問股份有限公司南港分公司,臺北市,南港區,臺北市南港區忠孝東路7段359號3樓,熟凍紅眼雪蟹,114/3/27,放射性核種,合格,,,
3201,台灣泛亞零售管理顧問股份有限公司南港分公司,臺北市,南港區,臺北市南港區忠孝東路7段359號3樓,日本愛媛縣甘平橘(盒/袋),114/3/27,放射性核種,合格,,,
3203,日商樂筆亞股份有限公司台灣分公司LaLaPort南港店,臺北市,南港區,臺北市南港區經貿二路131號B1樓,枥木草莓,114/3/27,放射性核種,合格,,,
3205,台灣全農國際股份有限公司,臺北市,中山區,臺北市中山區德惠街2號,八朔柑橘,114/4/30,放射性核種,合格,,,
3207,台灣全農國際股份有限公司,臺北市,中山區,臺北市中山區德惠街2號,柴田手作烤肉用醬芝麻風味,114/4/30,放射性核種,合格,,,
3209,永豐餘生技股份有限公司圓山分公司(GREENandSAFE圓山店),臺北市,中山區,臺北市中山區中山北路三段51-3號,日本北海道冷凍干貝(2S),114/4/30,放射性核種,合格,,,
3211,永豐餘生技股份有限公司圓山分公司(GREENandSAFE圓山店),臺北市,中山區,臺北市中山區中山北路三段51-3號,「味鰻」蒲燒鰻魚,114/4/30,放射性核種,合格,,,
3213,全聯實業股份有限公司中山吉村分公司,臺北市,中山區,臺北市中山區吉林路213號,大昌日本秘傳燒肉醬-五倍蒜味,114/4/30,放射性核種,合格,,,
3215,全聯實業股份有限公司中山吉村分公司,臺北市,中山區,臺北市中山區吉林路213號,日本IRIS富士山礦泉水,114/4/30,放射性核種,合格,,,
3217,全聯實業股份有限公司中山吉村分公司,臺北市,中山區,臺北市中山區吉林路213號,白米,114/4/30,放射性核種,合格,,,
3219,新光三越百貨股份有限公司台北站前分公司(地下2樓超市),臺北市,中正區,臺北市中正區忠孝西路1段66號地下2樓,乳球小粒燒菓子(蛋酥),114/6/2,放射性核種,合格,,,嬰幼兒食品類
3221,新光三越百貨股份有限公司台北站前分公司(地下2樓超市),臺北市,中正區,臺北市中正區忠孝西路1段66號地下2樓,伊藤盒裝牛奶蛋酥,114/6/2,放射性核種,合格,,,嬰幼兒食品類
3223,新光三越百貨股份有限公司台北站前分公司(地下2樓超市),臺北市,中正區,臺北市中正區忠孝西路1段66號地下2樓,和光堂-蘋果汁,114/6/2,放射性核種,合格,,,
3225,台灣松本清股份有限公司,臺北市,中正區,臺北市中正區忠孝西路1段49號B1F,MK小麥素麵,114/6/2,放射性核種,合格,,,
3227,台灣大創百貨股份有限公司台北站前分公司,臺北市,中正區,臺北市中正區許昌街28號,麗美礦泉水,114/6/2,放射性核種,合格,,,
3229,台灣大創百貨股份有限公司台北站前分公司,臺北市,中正區,臺北市中正區許昌街28號,吾輩細麵,114/6/2,放射性核種,合格,,,
3231,台灣大創百貨股份有限公司台北站前分公司,臺北市,中正區,臺北市中正區許昌街28號,越後白玉本舖白玉粉,114/6/2,放射性核種,合格,,,
3233,全聯實業股份有限公司士林杜子分公司,臺北市,士林區,臺北市士林區社正路59號61及61之1號1樓,生活良好水煮鯖魚罐,114/7/1,放射性核種,合格,,,
3235,全聯實業股份有限公司士林杜子分公司,臺北市,士林區,臺北市士林區社正路59號61及61之1號1樓,北海道原味起司棒,114/7/1,放射性核種,合格,,,
3237,米可露鹿食品有限公司,臺北市,士林區,臺北市士林區中山北路5段505巷36號1樓,日本名水13°C,114/7/1,放射性核種,合格,,,
3239,米可露鹿食品有限公司,臺北市,士林區,臺北市士林區中山北路5段505巷36號1樓,擂州素麵,114/7/1,放射性核種,合格,,,
3241,維康生活事業股份有限公司社中分公司,臺北市,士林區,臺北市士林區社中街222號1樓,家樂福日本北海道干貝,114/7/1,放射性核種,合格,,,
3243,維康生活事業股份有限公司社中分公司,臺北市,士林區,臺北市士林區社中街222號1樓,白米,114/7/1,放射性核種,合格,,,
3245,維康生活事業股份有限公司社中分公司,臺北市,士林區,臺北市士林區社中街222號1樓,日本青森信濃金蘋果#32,114/7/1,放射性核種,合格,,,
3247,新光三越百貨股份有限公司信義新天地A8美麗市場,臺北市,信義區,臺北市信義區松高路12號,箱根丹沢山麓足柄茶(綠茶),114/7/30,放射性核種,合格,,,
3249,新光三越百貨股份有限公司信義新天地A8美麗市場,臺北市,信義區,臺北市信義區松高路12號,美味烏龍茶,114/7/30,放射性核種,合格,,,
3251,台灣阿卡將本舖明曜店,臺北市,大安區,臺北市大安區忠孝東路4段200號7樓,明治嬰兒配方食品(新配方),114/7/30,放射性核種,合格,,,嬰幼兒食品類
3253,台灣阿卡將本舖明曜店,臺北市,大安區,臺北市大安區忠孝東路4段200號7樓,明治成長配方食品,114/7/30,放射性核種,合格,,,嬰幼兒食品類
3255,全聯實業股份有限公司信義莊敬分公司,臺北市,信義區,臺北市信義區莊敬路325巷58號,T世家抹茶粉,114/7/30,放射性核種,合格,,,
3257,全聯實業股份有限公司信義莊敬分公司,臺北市,信義區,臺北市信義區莊敬路325巷58號,KIRIN生茶瓶,114/7/30,放射性核種,合格,,,
3259,全聯實業股份有限公司信義莊敬分公司,臺北市,信義區,臺北市信義區莊敬路325巷58號,生活良好大麥片,114/7/30,放射性核種,合格,,,
3261,幸福品味實業股份有限公司,臺北市,內湖區,臺北市內湖區民善街128號,冷凍青甘魚下巴,114/8/29,放射性核種,合格,,,
3263,幸福品味實業股份有限公司,臺北市,內湖區,臺北市內湖區民善街128號,日本和牛冷藏肩胛霜降火鍋片-A5,114/8/29,放射性核種,合格,,,
3265,微風超市股份有限公司復興店,臺北市,松山區,臺北市松山區復興南路1段39號B2,冷凍牡蠣肉,114/8/29,放射性核種,合格,,,
3267,微風超市股份有限公司復興店,臺北市,松山區,臺北市松山區復興南路1段39號B2,日本和牛A5黑樺牛紐約客肉片,114/8/29,放射性核種,合格,,,
3269,全聯實業股份有限公司八德分公司,臺北市,松山區,臺北市松山區慈祐里八德路四段626號B1,本場信州味噌,114/8/29,放射性核種,合格,,,
3271,全聯實業股份有限公司八德分公司,臺北市,松山區,臺北市松山區慈祐里八德路四段626號B1,山森名代調味露,114/8/29,放射性核種,合格,,,
3273,全聯實業股份有限公司八德分公司,臺北市,松山區,臺北市松山區慈祐里八德路四段626號B1,一引膠原蛋白雞湯野菜鍋高湯包,114/8/29,放射性核種,合格,,,
3275,全聯實業股份有限公司中山新生北分公司,臺北市,中山區,臺北市中山區康樂里新生北路二段28巷1號1樓,舞菇,114/9/30,放射性核種,合格,,,
3277,全聯實業股份有限公司中山新生北分公司,臺北市,中山區,臺北市中山區康樂里新生北路二段28巷1號1樓,綠茶粉,114/9/30,放射性核種,合格,,,
3279,全聯實業股份有限公司中山新生北分公司,臺北市,中山區,臺北市中山區康樂里新生北路二段28巷1號1樓,雀巢金牌微研磨咖啡,114/9/30,放射性核種,合格,,,
3281,台灣大創百貨股份有限公司,臺北市,中山區,臺北市中山區林森北路247號,麥凱薰烏龍茶,114/9/30,放射性核種,合格,,,
3283,台灣大創百貨股份有限公司,臺北市,中山區,臺北市中山區林森北路247號,伊右衛門焙茶,114/9/30,放射性核種,合格,,,
3285,統康生活事業股份有限公司台北林森分公司(MiaC'bon),臺北市,中山區,臺北市中山區林森北路247號,巧虎綜合蔬果汁-3瓶入,114/9/30,放射性核種,合格,,,嬰幼兒食品類
3287,統康生活事業股份有限公司台北林森分公司(MiaC'bon),臺北市,中山區,臺北市中山區林森北路247號,鉍士4連幼兒動物造型蔬菜味餅乾,114/9/30,放射性核種,合格,,,嬰幼兒食品類
3289,都會通貿易有限公司(都會通日本食品超商旗艦店),臺北市,中正區,臺北市中正區沅陵街46號,前田6入巧虎野菜味蛋酥(嬰兒餅),114/10/30,放射性核種,合格,,,嬰幼兒食品類
3291,都會通貿易有限公司(都會通日本食品超商旗艦店),臺北市,中正區,臺北市中正區沅陵街46號,大醬昆布麵味露(3倍濃縮),114/10/30,放射性核種,合格,,,
3293,都會通貿易有限公司(都會通日本食品超商旗艦店),臺北市,中正區,臺北市中正區沅陵街46號,鮮藏果香柚子醋醬汁,114/10/30,放射性核種,合格,,,
3295,食安集品貿易有限公司(食安集品),臺北市,中正區,臺北市中正區和平西路2段6之2號,黑毛和種鹿兒島縣產肋眼上蓋,114/10/30,放射性核種,合格,,,
3297,食安集品貿易有限公司(食安集品),臺北市,中正區,臺北市中正區和平西路2段6之2號,兵庫縣產肋眼上蓋,114/10/30,放射性核種,合格,,,
3299,日藥本舖股份有限公司西門門市,臺北市,萬華區,臺北市萬華區西寧南路83號(T024西門門市),川口製果金桔飴,114/10/30,放射性核種,合格,,,
3301,日藥本舖股份有限公司西門門市,臺北市,萬華區,臺北市萬華區西寧南路83號(T024西門門市),川口製果-新2美味鹽糖,114/10/30,放射性核種,合格,,,
3303,遠東都會股份有限公司天母店,臺北市,士林區,臺北市士林區中山北路六段77號B1樓,熟帆立貝,114/11/27,放射性核種,合格,,,
3305,統康生活事業股份有限公司後港分公司,臺北市,士林區,臺北市士林區華齡街175號,桑格利亞你的茶,114/11/27,放射性核種,合格,,,
3307,統康生活事業股份有限公司後港分公司,臺北市,士林區,臺北市士林區華齡街175號,KIRIN午後紅茶-檸檬紅茶,114/11/27,放射性核種,合格,,,
3309,統康生活事業股份有限公司後港分公司,臺北市,士林區,臺北市士林區華齡街175號,UCC原味咖啡乳飲品250g,114/11/27,放射性核種,合格,,,
3311,全聯實業股份有限公司士林大南分公司,臺北市,士林區,臺北市士林區福中里福港街104號1樓,四葉特選鮮乳,114/11/27,放射性核種,合格,,,
3313,全聯實業股份有限公司士林大南分公司,臺北市,士林區,臺北市士林區福中里福港街104號1樓,杏仁果效果原味杏仁果飲,114/11/27,放射性核種,合格,,,
3315,全聯實業股份有限公司士林大南分公司,臺北市,士林區,臺北市士林區福中里福港街104號1樓,生活良好小圓餅,114/11/27,放射性核種,合格,,,
3317,富邦媒體科技股份有限公司,臺北市,內湖區,臺北市內湖區洲子街96號4樓,石丸製麵讚岐烏龍細麵,114/4/8,放射性核種,合格,,,
3319,富邦媒體科技股份有限公司,臺北市,內湖區,臺北市內湖區洲子街96號4樓,藤二嚴選青柳煎茶,114/4/8,放射性核種,合格,,,
3321,富邦媒體科技股份有限公司,臺北市,內湖區,臺北市內湖區洲子街96號4樓,三榮興產日本國產麥茶,114/4/8,放射性核種,合格,,,
3323,富邦媒體科技股份有限公司,臺北市,內湖區,臺北市內湖區洲子街96號4樓,田渆製粉播州素麵,114/4/8,放射性核種,合格,,,
3325,網路家庭國際資訊股份有限公司,臺北市,大安區,臺北市大安區敦化南路二段105號12樓,日本青甘下巴,114/4/14,放射性核種,合格,,,
3327,網路家庭國際資訊股份有限公司,臺北市,大安區,臺北市大安區敦化南路二段105號12樓,干貝柱,114/4/14,放射性核種,合格,,,
3328,富邦媒體科技股份有限公司,臺北市,內湖區,臺北市內湖區洲子街96號4樓,三究牡蠣100-150(6顆/包),114/4/8,放射性核種,合格,,,
3329,富邦媒體科技股份有限公司,臺北市,內湖區,臺北市內湖區洲子街96號4樓,丁香魚キビナゴ,114/4/7,放射性核種,合格,,,
3330,富邦媒體科技股份有限公司,臺北市,內湖區,臺北市內湖區洲子街96號4樓,麵一庵細麵,114/5/13,放射性核種,合格,,,
3331,富邦媒體科技股份有限公司,臺北市,內湖區,臺北市內湖區洲子街96號4樓,二八蕎麥麵[附沾料],114/5/13,放射性核種,合格,,,
3332,富邦媒體科技股份有限公司,臺北市,內湖區,臺北市內湖區洲子街96號4樓,手延細麵,114/5/13,放射性核種,合格,,,
3333,富邦媒體科技股份有限公司,臺北市,內湖區,臺北市內湖區洲子街96號4樓,宇治茶麵[蕎麥麵],114/5/13,放射性核種,合格,,,
3334,富邦媒體科技股份有限公司,臺北市,內湖區,臺北市內湖區洲子街96號4樓,揖保蕎麥麵,114/5/13,放射性核種,合格,,,
3335,網路家庭國際資訊股份有限公司,臺北市,大安區,臺北市大安區敦化南路二段105號12樓,熟凍松葉蟹鉗200g,114/5/13,放射性核種,合格,,,
3336,網路家庭國際資訊股份有限公司,臺北市,大安區,臺北市大安區敦化南路二段105號12樓,廣島牡蠣2L,114/5/13,放射性核種,合格,,,
3337,網路家庭國際資訊股份有限公司,臺北市,大安區,臺北市大安區敦化南路二段105號12樓,廣島牡蠣,114/5/13,放射性核種,合格,,,
3338,網路家庭國際資訊股份有限公司,臺北市,大安區,臺北市大安區敦化南路二段105號12樓,日本北海道去皮章魚腳,114/5/13,放射性核種,合格,,,
3339,網路家庭國際資訊股份有限公司,臺北市,大安區,臺北市大安區敦化南路二段105號12樓,松葉蟹鉗,114/6/16,放射性核種,合格,,,
3340,網路家庭國際資訊股份有限公司,臺北市,大安區,臺北市大安區敦化南路二段105號12樓,3S-4S生食級干貝,114/6/16,放射性核種,合格,,,
3341,網路家庭國際資訊股份有限公司,臺北市,大安區,臺北市大安區敦化南路二段105號12樓,干貝柱,114/6/16,放射性核種,合格,,,
3342,網路家庭國際資訊股份有限公司,臺北市,大安區,臺北市大安區敦化南路二段105號12樓,冷凍干貝,114/6/16,放射性核種,合格,,,
3343,富邦媒體科技股份有限公司,臺北市,內湖區,臺北市內湖區洲子街96號4樓,藏王道樂蕎麥麵,114/6/16,放射性核種,合格,,,
3344,富邦媒體科技股份有限公司,臺北市,內湖區,臺北市內湖區洲子街96號4樓,和敬更科蕎麥麵,114/6/16,放射性核種,合格,,,
3345,富邦媒體科技股份有限公司,臺北市,內湖區,臺北市內湖區洲子街96號4樓,山本漢方黑豆茶,114/6/16,放射性核種,合格,,,
3346,富邦媒體科技股份有限公司,臺北市,內湖區,臺北市內湖區洲子街96號4樓,北海道產黑豆茶,114/6/17,放射性核種,合格,,,
3347,好市多股份有限公司內湖分公司,臺北市,內湖區,臺北市內湖區舊宗路一段268號、民善街255號,KirklandSignature科克蘭煙燻野生紅鮭魚,114/8/14,放射性核種,合格,,,
3348,家福股份有限公司台北內湖分公司,臺北市,內湖區,臺北市內湖區民善街88號,冷凍栽種藍莓,114/8/14,放射性核種,合格,,,
3349,家福股份有限公司台北內湖分公司,臺北市,內湖區,臺北市內湖區民善街88號,韓國魚豆腐,114/8/14,放射性核種,合格,,,
3350,好市多股份有限公司內湖分公司,臺北市,內湖區,臺北市內湖區舊宗路一段268號、民善街255號,家樂氏杏仁玉米片,114/8/14,放射性核種,合格,,,
3351,好市多股份有限公司內湖分公司,臺北市,內湖區,臺北市內湖區舊宗路一段268號、民善街255號,Moccona即溶咖啡,114/8/14,放射性核種,合格,,,
3352,好市多股份有限公司內湖分公司,臺北市,內湖區,臺北市內湖區舊宗路一段268號、民善街255號,KirklandSignature科克蘭即溶咖啡粉,114/8/14,放射性核種,合格,,,
3353,好市多股份有限公司內湖分公司,臺北市,內湖區,臺北市內湖區舊宗路一段268號、民善街255號,皇家伯爵茶,114/8/14,放射性核種,合格,,,
3354,家福股份有限公司台北內湖分公司,臺北市,內湖區,臺北市內湖區民善街88號,家福蝴蝶麵,114/8/14,放射性核種,合格,,,
3355,家福股份有限公司台北內湖分公司,臺北市,內湖區,臺北市內湖區民善街88號,家福Light草莓果醬,114/8/14,放射性核種,合格,,,
3356,家福股份有限公司台北內湖分公司,臺北市,內湖區,臺北市內湖區民善街88號,家樂福玉米粒,114/8/14,放射性核種,合格,,,
3357,全聯實業股份有限公司大安居安分公司,臺北市,大安區,臺北市大安區安和路2段88號1樓,冷凍生白蝦(汶萊國寶碧藍蝦),114/9/10,放射性核種,合格,,,
3358,全聯實業股份有限公司大安居安分公司,臺北市,大安區,臺北市大安區安和路2段88號1樓,聖雷蒙寬直麵,114/9/10,放射性核種,合格,,,
3359,全聯實業股份有限公司大安居安分公司,臺北市,大安區,臺北市大安區安和路2段88號1樓,綠巨人特甜玉米粒,114/9/10,放射性核種,合格,,,
3360,遠東都會股份有限公司遠企店,臺北市,大安區,臺北市大安區敦化南路二段203號B2,有機即溶咖啡,114/9/10,放射性核種,合格,,,
3361,遠東都會股份有限公司遠企店,臺北市,大安區,臺北市大安區敦化南路二段203號B2,CORSINI優選金牌咖啡粉,114/9/10,放射性核種,合格,,,
3362,統康生活事業股份有限公司安和分公司,臺北市,大安區,臺北市大安區安和路二段78號B1,Tiptree有籽覆盆子果醬,114/9/10,放射性核種,合格,,,
3363,統康生活事業股份有限公司安和分公司,臺北市,大安區,臺北市大安區安和路二段78號B1,Alcurnia西班牙水蜜桃,114/9/10,放射性核種,合格,,,
3364,統康生活事業股份有限公司大安敦化分公司,臺北市,大安區,臺北市大安區敦化南路二段48號,家福覆盆子果醬,114/9/10,放射性核種,合格,,,
3365,統康生活事業股份有限公司大安敦化分公司,臺北市,大安區,臺北市大安區敦化南路二段48號,超值傳統即溶咖啡粉,114/9/10,放射性核種,合格,,,
3366,統康生活事業股份有限公司大安敦化分公司,臺北市,大安區,臺北市大安區敦化南路二段48號,舊街場三合一榛果味白咖啡(即溶咖啡飲品),114/9/10,放射性核種,合格,,,
3367,新加坡商蝦皮娛樂電商有限公司台灣分公司,臺北市,信義區,臺北市信義區忠孝東路四段555號17樓,狗標本格炒麵烏酢調味醬,114/4/13,放射性核種,合格,,,
3368,新加坡商蝦皮娛樂電商有限公司台灣分公司,臺北市,信義區,臺北市信義區忠孝東路四段555號17樓,翠山亭調味金針菇-柚子胡椒味,114/4/13,放射性核種,合格,,,
3369,新加坡商蝦皮娛樂電商有限公司台灣分公司,臺北市,信義區,臺北市信義區忠孝東路四段555號17樓,翠山亭調味金針菇,114/4/13,放射性核種,合格,,,
3370,新加坡商蝦皮娛樂電商有限公司台灣分公司,臺北市,信義區,臺北市信義區忠孝東路四段555號17樓,一引白高湯(稀釋用),114/4/13,放射性核種,合格,,,
3371,新加坡商蝦皮娛樂電商有限公司台灣分公司,臺北市,信義區,臺北市信義區忠孝東路四段555號17樓,Aohata白桃果醬(無蔗糖),114/4/13,放射性核種,合格,,,
3372,新加坡商蝦皮娛樂電商有限公司台灣分公司,臺北市,信義區,臺北市信義區忠孝東路四段555號17樓,糖果,114/4/13,放射性核種,合格,,,
3373,新加坡商蝦皮娛樂電商有限公司台灣分公司,臺北市,信義區,臺北市信義區忠孝東路四段555號17樓,調味金針菇,114/4/13,放射性核種,合格,,,
3374,新加坡商蝦皮娛樂電商有限公司台灣分公司,臺北市,信義區,臺北市信義區忠孝東路四段555號17樓,富士甚芝麻調味醬,114/4/13,放射性核種,合格,,,
3375,新加坡商蝦皮娛樂電商有限公司台灣分公司,臺北市,信義區,臺北市信義區忠孝東路四段555號17樓,一引塩麴壽喜燒醬,114/4/13,放射性核種,合格,,,
3376,新加坡商蝦皮娛樂電商有限公司台灣分公司,臺北市,信義區,臺北市信義區忠孝東路四段555號17樓,谷口萬里風味醬菜漬,114/5/15,放射性核種,合格,,,
3377,新加坡商蝦皮娛樂電商有限公司台灣分公司,臺北市,信義區,臺北市信義區忠孝東路四段555號17樓,富士甚辣芝麻醬,114/5/15,放射性核種,合格,,,
3378,新加坡商蝦皮娛樂電商有限公司台灣分公司,臺北市,信義區,臺北市信義區忠孝東路四段555號17樓,一引高湯味露(稀釋用),114/5/15,放射性核種,合格,,,
3379,新加坡商蝦皮娛樂電商有限公司台灣分公司,臺北市,信義區,臺北市信義區忠孝東路四段555號17樓,翠山亭調味金針菇-昆布味,114/5/15,放射性核種,合格,,,
3380,新加坡商蝦皮娛樂電商有限公司台灣分公司,臺北市,信義區,臺北市信義區忠孝東路四段555號17樓,翠山亭調味金針菇-梅子味,114/5/15,放射性核種,合格,,,
3381,新加坡商蝦皮娛樂電商有限公司台灣分公司,臺北市,信義區,臺北市信義區忠孝東路四段555號17樓,調味混合金茸菇(辣味),114/5/15,放射性核種,合格,,,
3382,新加坡商蝦皮娛樂電商有限公司台灣分公司,臺北市,信義區,臺北市信義區忠孝東路四段555號17樓,調味混合金茸菇,114/5/15,放射性核種,合格,,,
3383,新加坡商蝦皮娛樂電商有限公司台灣分公司,臺北市,信義區,臺北市信義區忠孝東路四段555號17樓,利蒙生梅糖,114/5/15,放射性核種,合格,,,
3384,新加坡商蝦皮娛樂電商有限公司台灣分公司,臺北市,信義區,臺北市信義區忠孝東路四段555號17樓,多良見綜合果凍,114/6/17,放射性核種,合格,,,
3385,新加坡商蝦皮娛樂電商有限公司台灣分公司,臺北市,信義區,臺北市信義區忠孝東路四段555號17樓,多良見白桃果凍,114/6/17,放射性核種,合格,,,
3386,新加坡商蝦皮娛樂電商有限公司台灣分公司,臺北市,信義區,臺北市信義區忠孝東路四段555號17樓,多良見蜜柑果凍,114/6/17,放射性核種,合格,,,
3387,新加坡商蝦皮娛樂電商有限公司台灣分公司,臺北市,信義區,臺北市信義區忠孝東路四段555號17樓,味覺糖普超軟糖(綜合汽水味),114/6/17,放射性核種,合格,,,
3388,新加坡商蝦皮娛樂電商有限公司台灣分公司,臺北市,信義區,臺北市信義區忠孝東路四段555號17樓,味覺糖普超軟糖(水果味),114/6/17,放射性核種,合格,,,
3389,新加坡商蝦皮娛樂電商有限公司台灣分公司,臺北市,信義區,臺北市信義區忠孝東路四段555號17樓,不二家POP棒棒糖21支,114/6/17,放射性核種,合格,,,
3390,新加坡商蝦皮娛樂電商有限公司台灣分公司,臺北市,信義區,臺北市信義區忠孝東路四段555號17樓,青梅之家青梅精糖,114/6/17,放射性核種,合格,,,
3391,新加坡商蝦皮娛樂電商有限公司台灣分公司,臺北市,信義區,臺北市信義區忠孝東路四段555號17樓,炸海苔餅-山葵口味,114/6/17,放射性核種,合格,,,
3392,網路家庭國際資訊股份有限公司,臺北市,大安區,臺北市大安區敦化南路二段105號12樓,極上嚴選野菜番茄雞肉泥,114/3/25,放射性核種,合格,,,嬰幼兒食品類
3393,網路家庭國際資訊股份有限公司,臺北市,大安區,臺北市大安區敦化南路二段105號12樓,明治成長配方食品,114/3/25,放射性核種,合格,,,嬰幼兒食品類
3394,網路家庭國際資訊股份有限公司,臺北市,大安區,臺北市大安區敦化南路二段105號12樓,海帶芽野菜鮪魚粥,114/3/25,放射性核種,合格,,,嬰幼兒食品類
3395,網路家庭國際資訊股份有限公司,臺北市,大安區,臺北市大安區敦化南路二段105號12樓,鮮蔬雞肉拌醬,114/3/25,放射性核種,合格,,,嬰幼兒食品類
3396,網路家庭國際資訊股份有限公司,臺北市,大安區,臺北市大安區敦化南路二段105號12樓,日式野菜雞五目粥,114/3/25,放射性核種,合格,,,嬰幼兒食品類
3397,網路家庭國際資訊股份有限公司,臺北市,大安區,臺北市大安區敦化南路二段105號12樓,有機鮮蔬總匯米粥,114/3/25,放射性核種,合格,,,嬰幼兒食品類
3398,網路家庭國際資訊股份有限公司,臺北市,大安區,臺北市大安區敦化南路二段105號12樓,極上嚴選野菜鯛魚米粥,114/3/25,放射性核種,合格,,,嬰幼兒食品類
3399,網路家庭國際資訊股份有限公司,臺北市,大安區,臺北市大安區敦化南路二段105號12樓,極上嚴選日本蘋果泥,114/3/25,放射性核種,合格,,,嬰幼兒食品類
3400,富邦媒體科技股份有限公司,臺北市,內湖區,臺北市內湖區洲子街96號4樓,田靡製麵幼兒義大利麵(番茄),114/4/28,放射性核種,合格,,,嬰幼兒食品類
3401,富邦媒體科技股份有限公司,臺北市,內湖區,臺北市內湖區洲子街96號4樓,田靡製麵幼兒義大利麵(鱈魚子),114/4/28,放射性核種,合格,,,嬰幼兒食品類
3402,富邦媒體科技股份有限公司,臺北市,內湖區,臺北市內湖區洲子街96號4樓,寶寶原味細麵,114/4/28,放射性核種,合格,,,嬰幼兒食品類
3403,富邦媒體科技股份有限公司,臺北市,內湖區,臺北市內湖區洲子街96號4樓,寶寶鮮蔬小松菜細麵,114/4/28,放射性核種,合格,,,嬰幼兒食品類
3404,富邦媒體科技股份有限公司,臺北市,內湖區,臺北市內湖區洲子街96號4樓,田靡製麵寶寶烏龍麵(南瓜胡蘿蔔),114/4/28,放射性核種,合格,,,嬰幼兒食品類
3405,富邦媒體科技股份有限公司,臺北市,內湖區,臺北市內湖區洲子街96號4樓,田靡製麵寶寶烏龍麵(羊栖菜),114/4/28,放射性核種,合格,,,嬰幼兒食品類
3406,富邦媒體科技股份有限公司,臺北市,內湖區,臺北市內湖區洲子街96號4樓,森永牛奶糖雪派,114/4/28,放射性核種,合格,,,
3407,富邦媒體科技股份有限公司,臺北市,內湖區,臺北市內湖區洲子街96號4樓,森永抹茶牛奶糖雪派,114/4/28,放射性核種,合格,,,
3408,富邦媒體科技股份有限公司,臺北市,內湖區,臺北市內湖區洲子街96號4樓,田靡製麵幼兒烏龍麵(和風醬油),114/4/29,放射性核種,合格,,,嬰幼兒食品類
3409,富邦媒體科技股份有限公司,臺北市,內湖區,臺北市內湖區洲子街96號4樓,SOOOOOS.寶寶鬆餅粉,114/4/29,放射性核種,合格,,,嬰幼兒食品類
3410,博客來數位科技股份有限公司,臺北市,信義區,臺北市信義區忠孝東路4段560號12樓,日本東銀來麵-無食鹽寶寶蔬菜細麵(山藥),114/5/26,放射性核種,合格,,,嬰幼兒食品類
3411,博客來數位科技股份有限公司,臺北市,信義區,臺北市信義區忠孝東路4段560號12樓,日本東銀來麵-無食鹽寶寶蔬菜細麵(紫薯),114/5/26,放射性核種,合格,,,嬰幼兒食品類
3412,博客來數位科技股份有限公司,臺北市,信義區,臺北市信義區忠孝東路4段560號12樓,日本東銀來麵-無食鹽寶寶蔬菜細麵(番茄),114/5/26,放射性核種,合格,,,嬰幼兒食品類
3413,博客來數位科技股份有限公司,臺北市,信義區,臺北市信義區忠孝東路4段560號12樓,日本東銀來麵-無食鹽寶寶蔬菜細麵(菠菜),114/5/26,放射性核種,合格,,,嬰幼兒食品類
3414,富邦媒體科技股份有限公司,臺北市,內湖區,臺北市內湖區洲子街96號4樓,(明治業務用)完熟莓雪酪,114/5/26,放射性核種,合格,,,
3537,台灣樂天市場股份有限公司,臺北市,中山區,臺北市中山區民生東路3段49號11樓,SANGARIA您的玄米茶(抹茶入),114/5/5,放射性核種,合格,,,
3538,台灣樂天市場股份有限公司,臺北市,中山區,臺北市中山區民生東路3段49號11樓,富永神戶茶房綠茶,114/5/5,放射性核種,合格,,,
3539,台灣樂天市場股份有限公司,臺北市,中山區,臺北市中山區民生東路3段49號11樓,SANGARIA您的綠茶(抹茶入),114/5/5,放射性核種,合格,,,
3540,富邦媒體科技股份有限公司,臺北市,內湖區,臺北市內湖區洲子街96號4樓,Aohata白桃果醬(無蔗糖),114/5/5,放射性核種,合格,,,
3541,富邦媒體科技股份有限公司,臺北市,內湖區,臺北市內湖區洲子街96號4樓,山本漢方黑豆茶,114/5/5,放射性核種,合格,,,
3544,富邦媒體科技股份有限公司,臺北市,內湖區,臺北市內湖區洲子街96號4樓,升屋15食入綜合即食減鹽味噌湯,114/6/3,放射性核種,合格,,,
3545,網路家庭國際資訊股份有限公司,臺北市,大安區,臺北市大安區敦化南路二段105號12樓,日本海帶芽,114/6/3,放射性核種,合格,,,
3546,網路家庭國際資訊股份有限公司,臺北市,大安區,臺北市大安區敦化南路二段105號12樓,極上嚴選日本蘋果泥,114/6/3,放射性核種,合格,,,嬰幼兒食品類
3547,台灣樂天市場股份有限公司,臺北市,中山區,臺北市中山區民生東路三段49號,牡丹峰火鍋湯包-相撲鍋(醬油味),114/6/3,放射性核種,合格,,,
3548,台灣樂天市場股份有限公司,臺北市,中山區,臺北市中山區民生東路3段49號11樓,南日本酪農清爽乳酸飲料,114/4/8,放射性核種,合格,,,
3549,台灣樂天市場股份有限公司,臺北市,中山區,臺北市中山區民生東路3段49號11樓,富士氣泡水300ml,114/4/8,放射性核種,合格,,,
3550,台灣樂天市場股份有限公司,臺北市,中山區,臺北市中山區民生東路3段49號11樓,青森JA相馬村蘋果汁,114/4/8,放射性核種,合格,,,
3551,台灣樂天市場股份有限公司,臺北市,中山區,臺北市中山區民生東路3段49號11樓,TONAMISHOYU柚子果汁900ML,114/4/8,放射性核種,合格,,,
3552,台灣樂天市場股份有限公司,臺北市,中山區,臺北市中山區民生東路3段49號11樓,乳酸風味飲料棒,114/4/14,放射性核種,合格,,,
3553,富邦媒體科技股份有限公司,臺北市,內湖區,臺北市內湖區洲子街96號4樓,長野信州白桃汁,114/4/8,放射性核種,合格,,,
3554,博客來數位科技股份有限公司,臺北市,信義區,臺北市信義區忠孝東路4段560號12樓,達摩汽水(紅),114/4/8,放射性核種,合格,,,
3555,富邦媒體科技股份有限公司,臺北市,內湖區,臺北市內湖區洲子街96號4樓,日本青森蘋果汁,114/4/8,放射性核種,合格,,,
3556,富邦媒體科技股份有限公司,臺北市,內湖區,臺北市內湖區洲子街96號4樓,Gold-Pak日本西洋梨果汁,114/4/8,放射性核種,合格,,,
3557,富邦媒體科技股份有限公司,臺北市,內湖區,臺北市內湖區洲子街96號4樓,日本名水13°C,114/4/8,放射性核種,合格,,,
3558,網路家庭國際資訊股份有限公司,臺北市,大安區,臺北市大安區敦化南路二段105號12樓,蘋果汁,114/5/5,放射性核種,合格,,,
3559,網路家庭國際資訊股份有限公司,臺北市,大安區,臺北市大安區敦化南路二段105號12樓,山加利碳酸飲料-葡萄風味,114/5/5,放射性核種,合格,,,
3560,網路家庭國際資訊股份有限公司,臺北市,大安區,臺北市大安區敦化南路二段105號12樓,ILOHAS白桃風味水,114/5/5,放射性核種,合格,,,
3561,網路家庭國際資訊股份有限公司,臺北市,大安區,臺北市大安區敦化南路二段105號12樓,杏仁果效果職人專用杏仁果飲,114/5/5,放射性核種,合格,,,
3562,網路家庭國際資訊股份有限公司,臺北市,大安區,臺北市大安區敦化南路二段105號12樓,龜甲萬調製豆乳,114/5/5,放射性核種,合格,,,
3563,雅虎數位行銷股份有限公司,臺北市,南港區,臺北市南港區三重路66號15樓,日本北阿爾卑斯山礦泉水,114/5/12,放射性核種,合格,,,
3564,富邦媒體科技股份有限公司,臺北市,內湖區,臺北市內湖區洲子街96號4樓,林檎製造所日本青森蘋果汁,114/5/12,放射性核種,合格,,,
3565,網路家庭國際資訊股份有限公司,臺北市,大安區,臺北市大安區敦化南路二段105號12樓,北海道雪之雫天然礦泉水,114/5/12,放射性核種,合格,,,
3566,富邦媒體科技股份有限公司,臺北市,內湖區,臺北市內湖區洲子街96號4樓,日本青森蘋果汁,114/5/12,放射性核種,合格,,,
3567,雅虎數位行銷股份有限公司,臺北市,南港區,臺北市南港區三重路66號15樓,可爾必思吸管飲料,114/5/12,放射性核種,合格,,,
3568,雅虎數位行銷股份有限公司,臺北市,南港區,臺北市南港區三重路66號15樓,零酒精啤酒風味飲料,114/6/16,放射性核種,合格,,,
3569,雅虎數位行銷股份有限公司,臺北市,南港區,臺北市南港區三重路66號15樓,hata哈密瓜風味碳酸飲料,114/6/16,放射性核種,合格,,,
3570,雅虎數位行銷股份有限公司,臺北市,南港區,臺北市南港區三重路66號15樓,隨手罐碳酸汽水-原味,114/6/16,放射性核種,合格,,,
3571,雅虎數位行銷股份有限公司,臺北市,南港區,臺北市南港區三重路66號15樓,青森完熟蘋果汁,114/6/16,放射性核種,合格,,,
3572,雅虎數位行銷股份有限公司,臺北市,南港區,臺北市南港區三重路66號15樓,龜甲萬豆乳-紅茶風味,114/6/16,放射性核種,合格,,,
3590,成泰食品行,臺北市,大同區,臺北市大同區迪化街1段158號,日本大花菇,114/9/9,放射性核種,合格,,,
3595,網路家庭國際資訊股份有限公司,臺北市,大安區,臺北市大安區敦化南路二段105號12樓,日本蘋果蜜桃泥,114/9/9,放射性核種,合格,,,嬰幼兒食品類
3596,網路家庭國際資訊股份有限公司,臺北市,大安區,臺北市大安區敦化南路二段105號12樓,野菜鮪魚拌醬,114/9/9,放射性核種,合格,,,嬰幼兒食品類
4278,權鋒國際股份有限公司,臺北市,南港區,臺北市南港區園區街3之2號4樓,BEBE貝兒純淨海苔,115/1/6,重金屬,不合格,17,,嬰幼兒食品
4284,珍苑食品股份有限公司,臺北市,士林區,臺北市士林區永倫里倫等街五十一號一樓及二樓,-,114/11/10,GHP,合格,,,嬰幼兒食品
4285,珍苑食品股份有限公司,臺北市,士林區,臺北市士林區永倫里倫等街五十一號一樓及二樓,鮮菇燕麥雞肉燉麵,114/9/24,標示,合格,,,嬰幼兒食品
4286,珍苑食品股份有限公司,臺北市,士林區,臺北市士林區永倫里倫等街五十一號一樓及二樓,海藻干貝鮭魚燉麵,114/9/24,標示,合格,,,嬰幼兒食品
4287,珍苑食品股份有限公司,臺北市,士林區,臺北市士林區永倫里倫等街五十一號一樓及二樓,波堤寶寶-好壯牛牛蘋果粥,114/9/24,標示,合格,,,嬰幼兒食品
4288,珍苑食品股份有限公司,臺北市,士林區,臺北市士林區永倫里倫等街五十一號一樓及二樓,白米,114/9/24,重金屬,合格,,,嬰幼兒食品
4289,珍苑食品股份有限公司,臺北市,士林區,臺北市士林區永倫里倫等街五十一號一樓及二樓,白米,114/9/24,真菌毒素,合格,,,嬰幼兒食品
4290,珍苑食品股份有限公司,臺北市,士林區,臺北市士林區永倫里倫等街五十一號一樓及二樓,白米,114/9/24,磷化氫,合格,,,嬰幼兒食品
4291,珍苑食品股份有限公司,臺北市,士林區,臺北市士林區永倫里倫等街五十一號一樓及二樓,波堤寶寶-活力雞肉蔬食粥,114/9/24,重金屬,合格,,,嬰幼兒食品
4292,珍苑食品股份有限公司,臺北市,士林區,臺北市士林區永倫里倫等街五十一號一樓及二樓,波堤寶寶-活力雞肉蔬食粥,114/9/24,真菌毒素,合格,,,嬰幼兒食品
4293,珍苑食品股份有限公司,臺北市,士林區,臺北市士林區永倫里倫等街五十一號一樓及二樓,波堤寶寶-活力雞肉蔬食粥,114/9/24,苯(a)駢芘,合格,,,嬰幼兒食品
4585,新城國際實業股份有限公司,臺北市,大安區,臺北市大安區建國南路1段161號7樓之1,-,114/6/6,GHP,合格,,,
4586,康勝企業股份有限公司,臺北市,信義區,臺北市信義區光復南路495號6樓之3,-,114/4/30,GHP,合格,,,
4587,光軒食品股份有限公司,臺北市,中山區,臺北市中山區農安街26號3樓,-,114/7/23,GHP,合格,,,
4588,捷盟行銷股份有限公司,臺北市,信義區,臺北市信義區忠孝東路4段560號7樓,-,114/2/25,GHP,合格,,,
4589,新得里有限公司,臺北市,內湖區,臺北市內湖區安美街125號,-,114/8/20,GHP,合格,,,
4590,老協珍股份有限公司,臺北市,中山區,臺北市中山區民權東路3段35號14樓,-,114/6/4,GHP,合格,,,
4591,運立國際有限公司,臺北市,內湖區,臺北市內湖區基湖路35巷16號4樓,-,114/3/14,GHP,合格,,,
4592,馮馬國際企業有限公司,臺北市,大安區,臺北市大安區敦化南路2段265巷13號,-,114/9/9,GHP,合格,,,
4593,醇良貿易有限公司,臺北市,大同區,臺北市大同區環河北路1段333號1樓,-,114/6/6,GHP,合格,,,
4594,鼎蒼貿易股份有限公司,臺北市,中山區,臺北市中山區民生東路1段42號11樓之6,-,114/8/18,GHP,合格,,,
4595,宸侑食品實業有限公司,臺北市,文山區,臺北市文山區興隆路2段95巷5之2號1樓,-,114/3/18,GHP,合格,,,
4596,光駿股份有限公司,臺北市,大安區,臺北市大安區通化街186巷8號1樓,-,114/8/21,GHP,合格,,,
4597,笛歡企業有限公司,臺北市,中山區,臺北市中山區農安街27號8樓,-,114/6/19,GHP,合格,,,
4598,台灣三井物產股份有限公司,臺北市,大安區,臺北市大安區敦化南路二段97號20、21樓,-,114/7/22,GHP,合格,,,
4599,好食多有限公司,臺北市,中山區,臺北市中山區龍江路370巷45號1樓,-,114/8/9,GHP,合格,,,
4600,台灣明治食品股份有限公司,臺北市,松山區,臺北市松山區八德路4段760號4樓之1,-,114/8/21,GHP,合格,,,
4601,今勝貿易有限公司,臺北市,大同區,臺北市大同區西寧北路61號1樓,-,114/7/30,GHP,合格,,,
4602,糧彰貿易有限公司,臺北市,萬華區,臺北市萬華區寶興街222巷26號1樓,-,114/5/19,GHP,合格,,,
4603,宗霆股份有限公司,臺北市,內湖區,臺北市內湖區堤頂大道1段327號6樓,-,114/6/27,GHP,合格,,,
4604,台北捷福興亞細亞股份有限公司,臺北市,大同區,臺北市大同區重慶北路3段139號3樓,-,114/7/15,GHP,合格,,,
4605,慕里諾國際股份有限公司,臺北市,中山區,臺北市中山區南京東路2段96號7樓,-,114/8/14,GHP,合格,,,
4606,元寶食品股份有限公司,臺北市,內湖區,臺北市內湖區瑞湖街182號,-,114/7/24,GHP,合格,,,
4607,駱洋股份有限公司,臺北市,大安區,臺北市大安區仁愛路3段143巷23號6樓,-,114/8/19,GHP,合格,,,
4608,魔傑克企業有限公司,臺北市,中山區,臺北市中山區渭水路32號1樓,-,114/4/18,GHP,合格,,,
4609,台灣德歐仕股份有限公司,臺北市,信義區,臺北市信義區永吉路278巷57弄7號,-,114/7/22,GHP,合格,,,
4610,非得有限公司,臺北市,大安區,臺北市大安區敦化南路1段293號1樓,-,114/7/18,GHP,合格,,,
4611,聯茂蔘茸藥行,臺北市,大同區,臺北市大同區民生西路369號1樓,-,114/8/21,GHP,合格,,,
4612,鐿豐食品有限公司,臺北市,信義區,臺北市信義區基隆路1段143號11樓之3,-,114/5/16,GHP,合格,,,
4613,欣臨企業股份有限公司,臺北市,中山區,臺北市中山區南京東路3段70號4樓,-,114/7/8,GHP,合格,,,
4746,大村雜糧行(大川雜糧行),臺北市,士林區,臺北市士林區華齡街9號1樓,—,114/9/9,GHP,合格,,,
4748,大昌食品醬菜行,臺北市,士林區,臺北市士林區大東路15之47號,—,114/10/31,GHP,合格,,,
4750,天裕行,臺北市,信義區,臺北市信義區松山路156之1號1樓,—,114/9/9,GHP,合格,,,
4752,水餃莊,臺北市,大同區,臺北市大同區迪化街1段21號1樓1402號,—,114/9/10,GHP,合格,,,
4754,民生西路45巷攤商-黃金定(4區56號攤),臺北市,中山區,臺北市中山區民生西路45巷,—,114/9/18,GHP,合格,,,
4756,合盛行,臺北市,大同區,臺北市大同區迪化街1段193號,—,114/9/10,GHP,合格,,,
4758,宜澧企業有限公司,臺北市,南港區,臺北市南港區重陽路190巷12弄1號,—,114/9/11,GHP,合格,,,
4760,松山農產行,臺北市,信義區,臺北市信義區虎林街48之2號1樓,—,114/9/9,GHP,合格,,,
4762,南門市場-同寅號(65.66號攤),臺北市,中正區,臺北市中正區羅斯福路1路8號B1-65.66攤,—,114/9/11,GHP,合格,,,
4764,南門市場-阿滿豆腐店(81號攤),臺北市,中正區,臺北市中正區羅斯福路1路8號,—,114/9/11,GHP,合格,,,
4766,無市招攤販,臺北市,內湖區,臺北市內湖區安康路482號前,—,114/9/11,GHP,合格,,,
4768,福華廣場第82號攤,臺北市,士林區,臺北市士林區通河街323、325巷,—,114/9/9,GHP,合格,,,
4770,臻美蔬果商行,臺北市,內湖區,臺北市內湖區安康路323號,—,114/9/11,GHP,合格,,,
4772,環南市場蔬菜區-得意豬鴨水寫(261號攤),臺北市,萬華區,臺北市萬華區環河南路二段245號-蔬菜區261號攤,—,114/9/11,GHP,合格,,,
4774,環南市場蔬菜區-圓圓商行,臺北市,萬華區,臺北市萬華區環河南路二段245號-蔬菜區71號攤,—,114/9/11,GHP,合格,,,
4776,糧茂食品行(茂興雜糧),臺北市,信義區,臺北市信義區永吉路278巷27弄6號1樓,—,114/9/9,GHP,合格,,,
5123,大村雜糧行(大川雜糧行),臺北市,士林區,臺北市士林區華齡街9號1樓,香脆筍,114/9/9,漂白劑、防腐劑,合格,,,
5124,大昌食品醬菜行,臺北市,士林區,臺北市士林區大東路15之47號,金門酸白菜,114/9/9,漂白劑、防腐劑,合格,,,
5125,天裕行,臺北市,信義區,臺北市信義區松山路156之1號1樓,朴菜,114/9/9,漂白劑、防腐劑,合格,,,
5126,水餃莊,臺北市,大同區,臺北市大同區迪化街1段21號1樓1402號,梅子客家酸菜,114/9/10,漂白劑、防腐劑,合格,,,
5127,合盛行,臺北市,大同區,臺北市大同區迪化街1段193號,糖醋薑,114/9/10,漂白劑、防腐劑,合格,,,
5128,宜澧企業有限公司,臺北市,南港區,臺北市南港區重陽路190巷12弄1號,台灣筍干,114/9/11,漂白劑、防腐劑,合格,,,
5129,松山農產行,臺北市,信義區,臺北市信義區虎林街48之2號1樓,酸菜,114/9/9,漂白劑、防腐劑,合格,,,
5130,南門市場-同寅號(65.66號攤),臺北市,中正區,臺北市中正區羅斯福路1路8號B1-65.66攤,梅乾菜,114/9/11,漂白劑、防腐劑,合格,,,
5131,南門市場-阿滿豆腐店(81號攤),臺北市,中正區,臺北市中正區羅斯福路1路8號,客家酸菜,114/9/11,漂白劑、防腐劑,合格,,,
5132,無市招攤販,臺北市,內湖區,臺北市內湖區安康路482號前,醋薑,114/9/11,漂白劑、防腐劑,合格,,,
5133,福華廣場第82號攤,臺北市,士林區,臺北市士林區通河街323、325巷,新隆發特製手切脯,114/9/9,漂白劑、防腐劑,合格,,,
5134,臻美蔬果商行,臺北市,內湖區,臺北市內湖區安康路323號,筍絲,114/9/11,漂白劑、防腐劑,合格,,,
5135,環南市場蔬菜區-高O長(261號攤),臺北市,萬華區,臺北市萬華區,黃金酸白菜,114/9/11,漂白劑、防腐劑,合格,,,
5136,環南市場蔬菜區-高O長(261號攤),臺北市,萬華區,臺北市萬華區,酸菜,114/9/11,漂白劑、防腐劑,合格,,,
5137,糧茂食品行(茂興雜糧),臺北市,信義區,臺北市信義區永吉路278巷27弄6號1樓,淡榨菜絲,114/9/9,漂白劑、防腐劑,合格,,,
5374,水餃莊,臺北市,大同區,臺北市大同區迪化街1段21號1樓1402號,東北酸白菜,114/9/10,防腐劑,合格,,,
5376,民生西路45巷攤商-黃O定(4區56號攤),臺北市,中山區,臺北市中山區,酸菜(初加工),114/9/18,防腐劑,合格,,,
5444,大村雜糧行(大川雜糧行),臺北市,士林區,臺北市士林區華齡街9號1樓,新東陽原味肉醬,114/9/9,標示,合格,,,
5445,大村雜糧行(大川雜糧行),臺北市,士林區,臺北市士林區華齡街9號1樓,香脆筍,114/9/9,標示,合格,,,
5446,大村雜糧行(大川雜糧行),臺北市,士林區,臺北市士林區華齡街9號1樓,香筍,114/9/9,標示,合格,,,
5447,大村雜糧行(大川雜糧行),臺北市,士林區,臺北市士林區華齡街9號1樓,碎瓜,114/9/9,標示,合格,,,
5448,大昌食品醬菜行,臺北市,士林區,臺北市士林區大東路15之47號1樓,酸菜,114/9/9,標示,合格,,,
5449,大昌食品醬菜行,臺北市,士林區,臺北市士林區大東路15之47號1樓,金門酸白菜,114/9/9,標示,合格,,,
5450,天裕行,臺北市,信義區,臺北市信義區松山路156之1號1樓,愛之味青脆菜心,114/9/9,標示,合格,,,
5451,天裕行,臺北市,信義區,臺北市信義區松山路156之1號1樓,味全珍味花瓜,114/9/9,標示,合格,,,
5452,水餃莊,臺北市,大同區,臺北市大同區迪化街１段21號1樓1402號,梅子客家酸菜,114/9/10,標示,合格,,,
5453,水餃莊,臺北市,大同區,臺北市大同區迪化街１段21號1樓1402號,東北酸白菜,114/9/10,標示,合格,,,
5454,民生西路45巷攤商-黃O定(4區56號攤),臺北市,中山區,臺北市中山區,酸菜(初加工),114/9/18,標示,合格,,,
5455,民生西路45巷攤商-黃O定(4區56號攤),臺北市,中山區,臺北市中山區,淡榨菜,114/9/18,標示,合格,,,
5456,合盛行,臺北市,大同區,臺北市大同區迪化街1段193號,糖醋薑,114/9/10,標示,合格,,,
5457,合盛行,臺北市,大同區,臺北市大同區迪化街1段193號,甜醋薑,114/9/10,標示,合格,,,
5458,宜澧企業有限公司,臺北市,南港區,臺北市南港區重陽路190巷12弄1號,台灣筍干,114/9/11,標示,合格,,,
5459,宜澧企業有限公司,臺北市,南港區,臺北市南港區重陽路190巷12弄1號,脆筍絲,114/9/11,標示,合格,,,
5460,松山農產行,臺北市,信義區,臺北市信義區虎林街48之2號1樓,酸菜,114/9/9,標示,合格,,,
5461,松山農產行,臺北市,信義區,臺北市信義區虎林街48之2號1樓,香筍,114/9/9,標示,合格,,,
5462,南門市場-同寅號(65.66號攤),臺北市,中正區,臺北市中正區羅斯福路1路8號,客家酸菜,114/9/11,標示,合格,,,
5463,南門市場-同寅號(65.66號攤),臺北市,中正區,臺北市中正區羅斯福路1路8號,高級五香冬菜,114/9/11,標示,合格,,,
5464,南門市場-阿滿豆腐店(81號攤),臺北市,中正區,臺北市中正區羅斯福路1路8號,客家酸菜,114/9/11,標示,合格,,,
5465,南門市場-阿滿豆腐店(81號攤),臺北市,中正區,臺北市中正區羅斯福路1路8號,酸菜心,114/9/11,標示,合格,,,
5466,無市招攤販,臺北市,內湖區,臺北市內湖區安康路482號前,醋薑,114/9/11,標示,合格,,,
5467,無市招攤販,臺北市,內湖區,臺北市內湖區安康路482號前,藕片,114/9/11,標示,合格,,,
5468,福華廣場第82號攤,臺北市,士林區,臺北市士林區通河街323、325巷,新隆發特製手切脯,114/9/9,標示,合格,,,
5469,臻美蔬果商行,臺北市,內湖區,臺北市內湖區安康路323號,筍絲,114/9/11,標示,合格,,,
5470,臻美蔬果商行,臺北市,內湖區,臺北市內湖區安康路323號,桂竹筍,114/9/11,標示,合格,,,
5471,環南市場蔬菜區-得意豬鴨水寫(261號攤),臺北市,萬華區,臺北市萬華區環河南路二段245號-蔬菜區261號攤,黃金酸白菜,114/9/11,標示,合格,,,
5472,環南市場蔬菜區-得意豬鴨水寫(261號攤),臺北市,萬華區,臺北市萬華區環河南路二段245號-蔬菜區261號攤,酸菜,114/9/11,標示,合格,,,
5473,環南市場蔬菜區-圓圓商行,臺北市,萬華區,臺北市萬華區環河南路二段245號-蔬菜區71號攤,雪裡紅,114/9/11,標示,合格,,,
5474,環南市場蔬菜區-圓圓商行,臺北市,萬華區,臺北市萬華區環河南路二段245號-蔬菜區71號攤,酸菜,114/9/11,標示,合格,,,
5475,糧茂食品行(茂興雜糧),臺北市,信義區,臺北市信義區永吉路278巷27弄6號1樓,淡榨菜絲,114/9/9,標示,合格,,,
5476,糧茂食品行(茂興雜糧),臺北市,信義區,臺北市信義區永吉路278巷27弄6號1樓,碎瓜,114/9/9,標示,合格,,,
5806,大理高中,臺北市,萬華區,臺北市萬華區長順街2號,前腿肉絞,114/9/23,豬肉原產地標示,合格,,,
5808,雙園國小,臺北市,萬華區,臺北市萬華區莒光路315號,後腿肉角,114/9/23,豬肉原產地標示,合格,,,
5831,士林國小,臺北市,士林區,臺北市士林區大東路165號,-,114/9/25,GHP,合格,,,
5833,文昌國小,臺北市,士林區,臺北市士林區文林路615巷20號,-,114/9/25,GHP,合格,,,
5835,華興中學,臺北市,士林區,臺北市士林區仰德大道一段101號,-,114/9/23,GHP,合格,,,
5837,衛理女中,臺北市,士林區,臺北市士林區至善路二段321號,-,114/9/23,GHP,合格,,,
5839,啟明學校,臺北市,士林區,臺北市士林區忠誠路二段207巷1號,-,114/11/17,GHP,合格,,,
5841,劍潭國小,臺北市,士林區,臺北市士林區通河街16號,-,114/9/23,GHP,合格,,,
5843,百齡國小,臺北市,士林區,臺北市士林區福港街205號,-,114/9/22,GHP,合格,,,
5845,葫蘆國小,臺北市,士林區,臺北市士林區環河北路三段95號,-,114/9/22,GHP,合格,,,
5847,大同國小,臺北市,大同區,臺北市大同區大龍街51號,-,114/9/15,GHP,合格,,,
5849,太平國小,臺北市,大同區,臺北市大同區延平北路二段239號,-,114/9/2,GHP,合格,,,
5851,成淵高中,臺北市,大同區,臺北市大同區承德路二段235號,-,114/9/19,GHP,合格,,,
5853,啟聰學校,臺北市,大同區,臺北市大同區重慶北路三段320號,-,114/9/22,GHP,合格,,,
5855,靜修高中,臺北市,大同區,臺北市大同區寧夏路59號,-,114/9/12,GHP,合格,,,
5857,幸安國小,臺北市,大安區,臺北市大安區仁愛路三段22號,-,114/9/30,GHP,合格,,,
5859,公館國小,臺北市,大安區,臺北市大安區基隆路四段41巷68弄2號,-,114/9/11,GHP,合格,,,
5861,復興實驗高中,臺北市,大安區,臺北市大安區敦化南路一段262號,-,114/9/30,GHP,合格,,,
5863,和平實驗國小,臺北市,大安區,臺北市大安區敦南街76巷28號　,-,114/9/11,GHP,合格,,,
5865,新生國小,臺北市,大安區,臺北市大安區新生南路二段36號,-,114/9/11,GHP,合格,,,
5867,永安國小,臺北市,中山區,臺北市中山區明水路397巷19弄1號,-,114/9/2,GHP,合格,,,
5869,大同高中,臺北市,中山區,臺北市中山區長春路167號,-,114/10/22,GHP,合格,,,
5871,中正國小,臺北市,中山區,臺北市中山區龍江路62號,-,114/9/18,GHP,合格,,,
5873,大佳國小,臺北市,中山區,臺北市中山區濱江街107號,-,114/9/8,GHP,合格,,,
5875,螢橋國小,臺北市,中正區,臺北市中正區詔安街29號,-,114/9/15,GHP,合格,,,
5877,達人女中,臺北市,內湖區,臺北市內湖區內湖路二段314號,-,114/9/9,GHP,合格,,,
5879,南湖國小,臺北市,內湖區,臺北市內湖區康寧路三段200號,-,114/9/30,GHP,合格,,,
5881,麗山國小,臺北市,內湖區,臺北市內湖區港華街100號,-,114/9/9,GHP,合格,,,
5883,木柵國小,臺北市,文山區,臺北市文山區木柵路3段191號,-,114/9/9,GHP,合格,,,
5885,博嘉實驗國小,臺北市,文山區,臺北市文山區木柵路四段159巷14-1號,-,114/9/9,GHP,合格,,,
5887,力行國小,臺北市,文山區,臺北市文山區木新路三段155巷7號,-,114/9/3,GHP,合格,,,
5889,萬興國小,臺北市,文山區,臺北市文山區秀明路2段114號,-,114/9/3,GHP,合格,,,
5891,文山特教學校,臺北市,文山區,臺北市文山區秀明路一段169號,-,114/9/9,GHP,合格,,,
5893,指南實驗國小,臺北市,文山區,臺北市文山區指南路三段38巷5-2號,-,114/9/10,GHP,合格,,,
5895,景美國小,臺北市,文山區,臺北市文山區景文街108號,-,114/9/22,GHP,合格,,,
5897,景興國小,臺北市,文山區,臺北市文山區景華街150巷21號,-,114/9/17,GHP,合格,,,
5899,靜心高中/國中/國小,臺北市,文山區,臺北市文山區興隆路二段46號,-,114/9/17,GHP,合格,,,
5901,萬芳高中,臺北市,文山區,臺北市文山區興隆路三段115巷1號,-,114/9/24,GHP,合格,,,
5903,再興高中/國中/國小,臺北市,文山區,臺北市文山區興隆路四段2號,-,114/9/4,GHP,合格,,,
5905,北投國小,臺北市,北投區,臺北市北投區中央北路一段73唬,-,114/9/24,GHP,合格,,,
5907,桃源國小,臺北市,北投區,臺北市北投區中央北路三段40巷45號,-,114/9/15,GHP,合格,,,
5909,清江國小,臺北市,北投區,臺北市北投區公舘路220號,-,114/9/30,GHP,合格,,,
5911,泉源實驗國小,臺北市,北投區,臺北市北投區東昇路34號,-,114/9/30,GHP,合格,,,
5913,薇閣高中/中學/國小,臺北市,北投區,臺北市北投區育仁路106號,-,114/9/11,GHP,合格,,,
5915,大屯國小,臺北市,北投區,臺北市北投區復興三路312號,-,114/9/15,GHP,合格,,,
5917,復興高中,臺北市,北投區,臺北市北投區復興四路70號,-,114/9/15,GHP,合格,,,
5919,湖山國小,臺北市,北投區,臺北市北投區湖底路11號,-,114/9/30,GHP,合格,,,
5921,中崙高中,臺北市,松山區,臺北市松山區八德路4段101號,-,114/9/22,GHP,合格,,,
5923,松山國小,臺北市,松山區,臺北市松山區八德路四段746號,-,114/9/30,GHP,合格,,,
5925,西松國小,臺北市,松山區,臺北市松山區三民路5號,-,114/9/22,GHP,合格,,,
5927,健康國小,臺北市,松山區,臺北市松山區延壽街168號,-,114/9/9,GHP,合格,,,
5929,雙永國小,臺北市,信義區,臺北市信義區松山路287巷5號,-,114/9/16,GHP,合格,,,
5931,三興國小,臺北市,信義區,臺北市信義區基隆路二段99號,-,114/9/16,GHP,合格,,,
5933,玉成國小,臺北市,南港區,臺北市南港區向陽路31號,-,114/9/30,GHP,合格,,,
5935,福星國小,臺北市,萬華區,臺北市萬華區中華路一段66號,-,114/9/3,GHP,合格,,,
5937,西門國小,臺北市,萬華區,臺北市萬華區成都路98號,-,114/9/11,GHP,合格,,,
5939,大理高中,臺北市,萬華區,臺北市萬華區長順街2號,-,114/9/12,GHP,合格,,,
5941,雙園國小,臺北市,萬華區,臺北市萬華區莒光路315號,-,114/9/4,GHP,合格,,,
7723,士林國小,臺北市,士林區,臺北市士林區大東路165號,三杯雞紫米飯,114/9/25,食品微生物,合格,,,
7725,文昌國小,臺北市,士林區,臺北市士林區文林路615巷20號,韓式年糕雞胚芽飯,114/9/25,食品微生物,合格,,,
7727,華興中學,臺北市,士林區,臺北市士林區仰德大道一段101號,壽喜燒藜麥飯,114/9/23,食品微生物,合格,,,
7729,衛理女中,臺北市,士林區,臺北市士林區至善路二段321號,蔥油雞大滷麵,114/9/23,食品微生物,合格,,,
7731,啟明學校,臺北市,士林區,臺北市士林區忠誠路二段207巷1號,花瓜燉雞蔬菜蛋炒飯,114/9/25,食品微生物,合格,,,
7733,劍潭國小,臺北市,士林區,臺北市士林區通河街16號,香滷大排地瓜飯,114/9/23,食品微生物,合格,,,
7735,百齡國小,臺北市,士林區,臺北市士林區福港街205號,紅燒排骨五穀飯,114/9/22,食品微生物,合格,,,
7737,葫蘆國小,臺北市,士林區,臺北市士林區環河北路三段95號,燒烤醬肉片麥片飯,114/9/22,食品微生物,合格,,,
7739,大同國小,臺北市,大同區,臺北市大同區大龍街51號,蜜汁翅小腿便當,114/9/25,食品微生物,合格,,,
7741,太平國小,臺北市,大同區,臺北市大同區延平北路二段239號,酥炸雞腿便當,114/9/25,食品微生物,合格,,,
7743,成淵高中,臺北市,大同區,臺北市大同區承德路二段235號,宮保雞丁便當,114/9/22,食品微生物,合格,,,
7745,啟聰學校,臺北市,大同區,臺北市大同區重慶北路三段320號,蔥燒豬肉便當,114/9/22,食品微生物,合格,,,
7747,靜修高中,臺北市,大同區,臺北市大同區寧夏路59號,香酥雞腿便當,114/9/22,食品微生物,合格,,,
7749,幸安國小,臺北市,大安區,臺北市大安區仁愛路三段22號,香滷翅腿芝麻飯,114/9/30,食品微生物,合格,,,
7751,公館國小,臺北市,大安區,臺北市大安區基隆路四段41巷68弄2號,素瓜仔肉白米飯便當,114/9/11,食品微生物,合格,,,
7753,復興實驗高中,臺北市,大安區,臺北市大安區敦化南路一段262號,香滷雞腿排糙米飯,114/9/30,食品微生物,合格,,,
7755,和平實驗國小,臺北市,大安區,臺北市大安區敦南街76巷28號　,豆乳雞紫米飯便當,114/9/11,食品微生物,合格,,,
7757,新生國小,臺北市,大安區,臺北市大安區新生南路二段36號,咖哩雞肉糙米飯便當,114/9/11,食品微生物,合格,,,
7759,永安國小,臺北市,中山區,臺北市中山區明水路397巷19弄1號,咖哩豬肉便當,114/9/23,食品微生物,合格,,,
7761,大同高中,臺北市,中山區,臺北市中山區長春路167號,蔥爆豬五花便當,114/9/18,食品微生物,合格,,,
7763,中正國小,臺北市,中山區,臺北市中山區龍江路62號,鮮菇炒蛋便當,114/9/18,食品微生物,合格,,,
7765,大佳國小,臺北市,中山區,臺北市中山區濱江街107號,香菇肉燥便當,114/9/23,食品微生物,合格,,,
7767,螢橋國小,臺北市,中正區,臺北市中正區詔安街29號,鹹水雞糙米飯(桶餐),114/9/15,食品微生物,合格,,,
7769,達人女中,臺北市,內湖區,臺北市內湖區內湖路二段314號,控肉便當,114/9/9,食品微生物,合格,,,
7771,南湖國小,臺北市,內湖區,臺北市內湖區康寧路三段200號,黑胡椒豬柳便當,114/9/30,食品微生物,合格,,,
7773,麗山國小,臺北市,內湖區,臺北市內湖區港華街100號,粉紅醬魚丁便當,114/9/9,食品微生物,合格,,,
7775,木柵國小,臺北市,文山區,臺北市文山區木柵路3段191號,鳳梨蒜雞片糙米飯(桶餐),114/9/11,食品微生物,合格,,,
7777,博嘉實驗國小,臺北市,文山區,臺北市文山區木柵路四段159巷14-1號,鳳梨蒜雞片糙米飯(桶餐),114/9/11,食品微生物,合格,,,
7779,力行國小,臺北市,文山區,臺北市文山區木新路三段155巷7號,鹽水雞小米飯(桶餐),114/9/11,食品微生物,合格,,,
7781,萬興國小,臺北市,文山區,臺北市文山區秀明路2段114號,鐵板豬柳便當(桶餐),114/9/25,食品微生物,合格,,,
7783,文山特教學校,臺北市,文山區,臺北市文山區秀明路一段169號,義大利麵雞腿便當(桶餐),114/9/25,食品微生物,合格,,,
7785,指南實驗國小,臺北市,文山區,臺北市文山區指南路三段38巷5-2號,魚香肉絲便當(桶餐),114/9/25,食品微生物,合格,,,
7787,景美國小,臺北市,文山區,臺北市文山區景文街108號,鹽水雞沙嗲蛋炒飯(桶餐),114/9/22,食品微生物,合格,,,
7789,景興國小,臺北市,文山區,臺北市文山區景華街150巷21號,咖哩肉柳玉米飯(桶餐),114/9/22,食品微生物,合格,,,
7791,靜心高中/國中/國小,臺北市,文山區,臺北市文山區興隆路二段46號,洋蔥豬排便當(桶餐),114/9/30,食品微生物,合格,,,
7793,萬芳高中,臺北市,文山區,臺北市文山區興隆路三段115巷1號,韓式燒肉(炒)便當,114/9/30,食品微生物,合格,,,
7795,再興高中/國中/國小,臺北市,文山區,臺北市文山區興隆路四段2號,南洋風味雞便當(桶餐),114/9/4,食品微生物,合格,,,
7797,北投國小,臺北市,北投區,臺北市北投區中央北路一段73唬,三杯肉片紅藜麥飯,114/9/11,食品微生物,合格,,,
7799,桃源國小,臺北市,北投區,臺北市北投區中央北路三段40巷45號,醬燒豆包糙米飯,114/9/15,食品微生物,合格,,,
7801,清江國小,臺北市,北投區,臺北市北投區公舘路220號,椒麻雞古早味蒜頭飯,114/9/30,食品微生物,合格,,,
7803,泉源實驗國小,臺北市,北投區,臺北市北投區東昇路34號,碎瓜肉燥紫米飯,114/9/30,食品微生物,合格,,,
7805,薇閣高中/中學/國小,臺北市,北投區,臺北市北投區育仁路106號,德國豬腳雜糧飯,114/9/11,食品微生物,合格,,,
7807,大屯國小,臺北市,北投區,臺北市北投區復興三路312號,滷翅腿肉燥麵,114/9/15,食品微生物,合格,,,
7809,復興高中,臺北市,北投區,臺北市北投區復興四路70號,蒜泥白肉飯,114/9/15,食品微生物,合格,,,
7811,湖山國小,臺北市,北投區,臺北市北投區湖底路11號,椒鹽魚球芝麻飯,114/9/30,食品微生物,合格,,,
7813,中崙高中,臺北市,松山區,臺北市松山區八德路4段101號,蔥爆肉絲便當,114/9/22,食品微生物,合格,,,
7815,松山國小,臺北市,松山區,臺北市松山區八德路四段746號,油腐燒肉便當,114/9/30,食品微生物,合格,,,
7817,西松國小,臺北市,松山區,臺北市松山區三民路5號,沙茶豬柳便當,114/9/30,食品微生物,合格,,,
7819,健康國小,臺北市,松山區,臺北市松山區延壽街168號,DIY奶香洋芋螺旋麵餐,114/9/9,食品微生物,合格,,,
7821,雙永國小,臺北市,信義區,臺北市信義區松山路287巷5號,蠔油菇菇肉片便當,114/9/16,食品微生物,合格,,,
7823,三興國小,臺北市,信義區,臺北市信義區基隆路二段99號,照燒魚丁便當,114/9/16,食品微生物,合格,,,
7825,玉成國小,臺北市,南港區,臺北市南港區向陽路31號,香酥魚排便當,114/9/30,食品微生物,合格,,,
7827,福星國小,臺北市,萬華區,臺北市萬華區中華路一段66號,咖哩豬小米飯(桶餐),114/9/15,食品微生物,合格,,,
7829,西門國小,臺北市,萬華區,臺北市萬華區成都路98號,香菇肉燥有機海苔飯(桶裝),114/9/23,食品微生物,合格,,,
7831,大理高中,臺北市,萬華區,臺北市萬華區長順街2號,貢丸魯蛋肉燥麵,114/9/23,食品微生物,合格,,,
7833,雙園國小,臺北市,萬華區,臺北市萬華區莒光路315號,香香豬排有機白飯,114/9/23,食品微生物,合格,,,
8605,公館國小,臺北市,大安區,臺北市大安區基隆路四段41巷68弄2號,非基改小干四丁,114/9/11,防腐劑、殺菌劑,合格,,,
8606,大同高中,臺北市,中山區,臺北市中山區長春路167號,碎培根,114/9/18,保色劑,合格,,,
8607,大佳國小,臺北市,中山區,臺北市中山區濱江街107號,非基改細豆腐盒1.2K,114/9/23,防腐劑、殺菌劑,合格,,,
8608,復興高中,臺北市,北投區,臺北市北投區復興四路70號,立大香腸,114/9/15,保色劑,合格,,,
8609,中崙高中,臺北市,松山區,臺北市松山區八德路4段101號,非基改粗干絲,114/9/22,防腐劑、殺菌劑、著色劑,合格,,,
8610,雙園國小,臺北市,萬華區,臺北市萬華區莒光路315號,冷凍虱目珍珠丸,114/9/23,防腐劑、殺菌劑,合格,,,
8679,士林國小,臺北市,士林區,臺北市士林區大東路165號,米血丁,114/9/25,豬肉原產地標示,合格,,,
8680,士林國小,臺北市,士林區,臺北市士林區大東路165號,龍骨丁,114/9/25,豬肉原產地標示,合格,,,
8681,文昌國小,臺北市,士林區,臺北市士林區文林路615巷20號,五號肉絲,114/9/25,豬肉原產地標示,合格,,,
8682,華興中學,臺北市,士林區,臺北市士林區仰德大道一段101號,前腿肉絲,114/9/23,豬肉原產地標示,合格,,,
8683,華興中學,臺北市,士林區,臺北市士林區仰德大道一段101號,前腿肉角,114/9/23,豬肉原產地標示,合格,,,
8684,衛理女中,臺北市,士林區,臺北市士林區至善路二段321號,豬肉片,114/9/23,豬肉原產地標示,合格,,,
8685,劍潭國小,臺北市,士林區,臺北市士林區通河街16號,CAS大排,114/9/23,豬肉原產地標示,合格,,,
8686,百齡國小,臺北市,士林區,臺北市士林區福港街205號,紅燒排骨,114/9/22,豬肉原產地標示,合格,,,
8687,葫蘆國小,臺北市,士林區,臺北市士林區環河北路三段95號,燒烤醬肉片,114/9/22,豬肉原產地標示,合格,,,
8688,大同國小,臺北市,大同區,臺北市大同區大龍街51號,米苔目鹹湯大骨,114/9/15,豬肉原產地標示,合格,,,
8689,太平國小,臺北市,大同區,臺北市大同區延平北路二段239號,豬肉絲,114/9/25,豬肉原產地標示,合格,,,
8690,成淵高中,臺北市,大同區,臺北市大同區承德路二段235號,蒜泥白肉,114/9/11,豬肉原產地標示,合格,,,
8691,成淵高中,臺北市,大同區,臺北市大同區承德路二段235號,餛飩擔擔麵,114/9/11,豬肉原產地標示,合格,,,
8692,啟聰學校,臺北市,大同區,臺北市大同區重慶北路三段320號,海結肉丁,114/9/15,豬肉原產地標示,合格,,,
8693,啟聰學校,臺北市,大同區,臺北市大同區重慶北路三段320號,洋蔥麵腸炒肉片,114/9/15,豬肉原產地標示,合格,,,
8694,靜修高中,臺北市,大同區,臺北市大同區寧夏路59號,竹筍排骨湯,114/9/22,豬肉原產地標示,合格,,,
8695,幸安國小,臺北市,大安區,臺北市大安區仁愛路三段22號,大骨,114/9/30,豬肉原產地標示,合格,,,
8696,永安國小,臺北市,中山區,臺北市中山區明水路397巷19弄1號,前腿肉腳,114/9/9,豬肉原產地標示,合格,,,
8697,大同高中,臺北市,中山區,臺北市中山區長春路167號,碎培根、豬五花,114/9/24,豬肉原產地標示,合格,,,
8698,大佳國小,臺北市,中山區,臺北市中山區濱江街107號,前腿肉絲,114/9/8,豬肉原產地標示,合格,,,
8699,螢橋國小,臺北市,中正區,臺北市中正區詔安街29號,豬絞肉,114/9/15,豬肉原產地標示,合格,,,
8700,達人女中,臺北市,內湖區,臺北市內湖區內湖路二段314號,前腿肉片,114/9/9,豬肉原產地標示,合格,,,
8701,南湖國小,臺北市,內湖區,臺北市內湖區康寧路三段200號,豬肉條,114/9/30,豬肉原產地標示,合格,,,
8702,南湖國小,臺北市,內湖區,臺北市內湖區康寧路三段200號,豬肉末,114/9/30,豬肉原產地標示,合格,,,
8703,木柵國小,臺北市,文山區,臺北市文山區木柵路3段191號,絞肉,114/9/11,豬肉原產地標示,合格,,,
8704,博嘉實驗國小,臺北市,文山區,臺北市文山區木柵路四段159巷14-1號,絞肉,114/9/11,豬肉原產地標示,合格,,,
8705,力行國小,臺北市,文山區,臺北市文山區木新路三段155巷7號,絞肉,114/9/11,豬肉原產地標示,合格,,,
8706,萬興國小,臺北市,文山區,臺北市文山區秀明路2段114號,後腿肉絲,114/9/25,豬肉原產地標示,合格,,,
8707,指南實驗國小,臺北市,文山區,臺北市文山區指南路三段38巷5-2號,前腿肉絲,114/9/25,豬肉原產地標示,合格,,,
8708,指南實驗國小,臺北市,文山區,臺北市文山區指南路三段38巷5-2號,豬肉片,114/9/25,豬肉原產地標示,合格,,,
8709,景興國小,臺北市,文山區,臺北市文山區景華街150巷21號,咖哩肉柳,114/9/22,豬肉原產地標示,合格,,,
8710,靜心高中/國中/國小,臺北市,文山區,臺北市文山區興隆路二段46號,洋蔥豬排,114/9/30,豬肉原產地標示,合格,,,
8711,萬芳高中,臺北市,文山區,臺北市文山區興隆路三段115巷1號,韓式燒肉,114/9/30,豬肉原產地標示,合格,,,
8712,北投國小,臺北市,北投區,臺北市北投區中央北路一段73唬,CAS肉片,114/9/11,豬肉原產地標示,合格,,,
8713,桃源國小,臺北市,北投區,臺北市北投區中央北路三段40巷45號,大骨,114/9/15,豬肉原產地標示,合格,,,
8714,清江國小,臺北市,北投區,臺北市北投區公舘路220號,絞肉,114/9/30,豬肉原產地標示,合格,,,
8715,泉源實驗國小,臺北市,北投區,臺北市北投區東昇路34號,肉片,114/9/30,豬肉原產地標示,合格,,,
8716,薇閣高中/中學/國小,臺北市,北投區,臺北市北投區育仁路106號,V22蹄膀,114/9/11,豬肉原產地標示,合格,,,
8717,大屯國小,臺北市,北投區,臺北市北投區復興三路312號,絞肉,114/9/15,豬肉原產地標示,合格,,,
8718,復興高中,臺北市,北投區,臺北市北投區復興四路70號,立大香腸,114/9/15,豬肉原產地標示,合格,,,
8719,復興高中,臺北市,北投區,臺北市北投區復興四路70號,豬肉片,114/9/15,豬肉原產地標示,合格,,,
8720,中崙高中,臺北市,松山區,臺北市松山區八德路4段101號,立大肉絲,114/9/22,豬肉原產地標示,合格,,,
8721,松山國小,臺北市,松山區,臺北市松山區八德路四段746號,後腿肉角,114/9/30,豬肉原產地標示,合格,,,
8722,西松國小,臺北市,松山區,臺北市松山區三民路5號,CAS豬柳(粗肉絲),114/9/22,豬肉原產地標示,合格,,,
8723,健康國小,臺北市,松山區,臺北市松山區延壽街168號,里肌豬排,114/9/9,豬肉原產地標示,合格,,,
8724,雙永國小,臺北市,信義區,臺北市信義區松山路287巷5號,蠔油菇菇肉片,114/9/16,豬肉原產地標示,合格,,,
8725,雙永國小,臺北市,信義區,臺北市信義區松山路287巷5號,肉羹湯,114/9/16,豬肉原產地標示,合格,,,
8726,三興國小,臺北市,信義區,臺北市信義區基隆路二段99號,黃芽大骨湯,114/9/16,豬肉原產地標示,合格,,,
8727,福星國小,臺北市,萬華區,臺北市萬華區中華路一段66號,肉角,114/9/15,豬肉原產地標示,合格,,,
8728,西門國小,臺北市,萬華區,臺北市萬華區成都路98號,CAS絞肉,114/9/23,豬肉原產地標示,合格,,,
8730,禾食禾拾企業社,臺北市,內湖區,臺北市內湖區新明路211號,,114/8/13,GHP,合格,,,
8731,牛格格企業社,臺北市,士林區,臺北市士林區通河西街一段100號1樓,,114/8/12,GHP,合格,,,
8762,禾食禾拾企業社,臺北市,內湖區,臺北市內湖區新明路211號,松露堅果起司,114/7/21,標示,合格,,,
8763,禾食禾拾企業社,臺北市,內湖區,臺北市內湖區新明路211號,烏魚子綜合起司,114/7/21,標示,合格,,,
8764,牛格格企業社,臺北市,士林區,臺北市士林區通河西街一段100號1樓,原味優格,114/7/21,標示,合格,,,
8765,牛格格企業社,臺北市,士林區,臺北市士林區通河西街一段100號1樓,無糖優格,114/7/21,標示,合格,,,
8819,禾食禾拾企業社,臺北市,內湖區,臺北市內湖區新明路211號,YELLOWCHEDDAR黃(白)卻達,114/7/21,食品中微生物,合格,,,
8820,禾食禾拾企業社,臺北市,內湖區,臺北市內湖區新明路211號,松露堅果起司,114/7/21,食品中微生物,合格,,,
8821,牛格格企業社,臺北市,士林區,臺北市士林區通河西街一段100號1樓,無加糖優格(奶素可食),114/9/8,食品中微生物,合格,,,
8822,牛格格企業社,臺北市,士林區,臺北市士林區通河西街一段100號1樓,牛老大特級全脂奶粉,114/7/21,食品中微生物、重金屬(鉛),合格,,,
8957,本家選手村,臺北市,松山區,臺北市松山區慶城街1號2樓,梅花肉,114/9/16,標示,合格,,,
8959,本家選手村,臺北市,松山區,臺北市松山區慶城街1號2樓,伊比利豬肋條,114/9/16,標示,合格,,,
8961,本家選手村,臺北市,松山區,臺北市松山區慶城街1號2樓,胸腹肉片,114/9/16,標示,合格,,,
8963,本家選手村,臺北市,松山區,臺北市松山區慶城街1號2樓,傳統板豆腐(非基改),114/9/16,標示,合格,,,
8965,本家選手村,臺北市,松山區,臺北市松山區慶城街1號2樓,大漢嫩豆腐(基改),114/9/16,標示,合格,,,
8967,本家選手村,臺北市,松山區,臺北市松山區慶城街1號2樓,-,114/9/16,GHP,合格,,,
8969,本家選手村,臺北市,松山區,臺北市松山區慶城街1號2樓,冷凍涼麵,114/9/16,邦克列酸,合格,,,
8971,NewYorkGangsterClub,臺北市,松山區,臺北市松山區南京東路五段15號1樓,培根塊,114/9/16,標示,合格,,,
8973,NewYorkGangsterClub,臺北市,松山區,臺北市松山區南京東路五段15號1樓,紐西蘭PS菲力,114/9/16,標示,合格,,,
8975,NewYorkGangsterClub,臺北市,松山區,臺北市松山區南京東路五段15號1樓,美國極佳級肋眼,114/9/16,標示,合格,,,
8977,NewYorkGangsterClub,臺北市,松山區,臺北市松山區南京東路五段15號1樓,-,114/9/16,GHP,合格,,,
8979,NewYorkGangsterClub,臺北市,松山區,臺北市松山區南京東路五段15號1樓,紐西蘭菲力,114/9/16,動物用藥殘留,合格,,,
8981,NewYorkGangsterClub,臺北市,松山區,臺北市松山區南京東路五段15號1樓,水蜜桃蘇打含冰塊,114/9/16,食品中微生物衛生標準,合格,,,
8983,爭鮮迴轉壽司-南京復興店,臺北市,松山區,臺北市松山區南京東路三段285號1樓,方型叉燒切片,114/9/12,標示,合格,,,
8985,爭鮮迴轉壽司-南京復興店,臺北市,松山區,臺北市松山區南京東路三段285號1樓,澳洲和牛切片(M8-9)-2mm,114/9/12,標示,合格,,,
8987,爭鮮迴轉壽司-南京復興店,臺北市,松山區,臺北市松山區南京東路三段285號1樓,大漢家常火鍋豆腐,114/9/12,標示,合格,,,
8989,爭鮮迴轉壽司-南京復興店,臺北市,松山區,臺北市松山區南京東路三段285號1樓,方型叉燒切片,114/9/12,標示,合格,,,
8991,爭鮮迴轉壽司-南京復興店,臺北市,松山區,臺北市松山區南京東路三段285號1樓,海灣貝,114/9/12,標示,合格,,,
8993,爭鮮迴轉壽司-南京復興店,臺北市,松山區,臺北市松山區南京東路三段285號1樓,-,114/9/12,GHP,合格,,,
8995,肉次方台北南京東店,臺北市,中山區,臺北市中山區南京東路一段92號4樓,經典豬五花,114/9/17,標示,合格,,,
8997,肉次方台北南京東店,臺北市,中山區,臺北市中山區南京東路一段92號4樓,厚切豬梅花,114/9/17,標示,合格,,,
8999,肉次方台北南京東店,臺北市,中山區,臺北市中山區南京東路一段92號4樓,厚切松阪豬,114/9/17,標示,合格,,,
9001,肉次方台北南京東店,臺北市,中山區,臺北市中山區南京東路一段92號4樓,經典板腱牛,114/9/17,標示,合格,,,
9003,肉次方台北南京東店,臺北市,中山區,臺北市中山區南京東路一段92號4樓,經典嫩肩牛,114/9/17,標示,合格,,,
9005,肉次方台北南京東店,臺北市,中山區,臺北市中山區南京東路一段92號4樓,安格斯嫩肩牛,114/9/17,標示,合格,,,
9007,肉次方台北南京東店,臺北市,中山區,臺北市中山區南京東路一段92號4樓,-,114/9/17,GHP,合格,,,
9009,肉次方台北南京東店,臺北市,中山區,臺北市中山區南京東路一段92號4樓,冷凍豬去皮去骨五花肉,114/9/16,動物用藥殘留,合格,,,
9011,うなぎ四代目菊かわ鰻魚飯-台北SOGO天母店,臺北市,士林區,臺北市士林區中山北路六段77號8樓,-,114/9/24,GHP,合格,,,
9013,うなぎ四代目菊かわ鰻魚飯-台北SOGO天母店,臺北市,士林區,臺北市士林區中山北路六段77號8樓,盛田釀造藏出本味醂,114/9/17,防腐劑,合格,,,
9015,海岸線SEALINE牛排．手抓海鮮,臺北市,士林區,臺北市士林區忠誠路二段55號12樓,ES-帶骨里肌-伊比利豬CEBO-切排,114/9/19,標示,合格,,,
9017,海岸線SEALINE牛排．手抓海鮮,臺北市,士林區,臺北市士林區忠誠路二段55號12樓,美式路易士肋排,114/9/19,標示,合格,,,
9019,海岸線SEALINE牛排．手抓海鮮,臺北市,士林區,臺北市士林區忠誠路二段55號12樓,富統培根,114/9/19,標示,合格,,,
9021,海岸線SEALINE牛排．手抓海鮮,臺北市,士林區,臺北市士林區忠誠路二段55號12樓,美國肋眼牛排,114/9/19,標示,合格,,,
9023,海岸線SEALINE牛排．手抓海鮮,臺北市,士林區,臺北市士林區忠誠路二段55號12樓,美國紐約克牛排,114/9/19,標示,合格,,,
9025,海岸線SEALINE牛排．手抓海鮮,臺北市,士林區,臺北市士林區忠誠路二段55號12樓,US-CH-修清枋腱片,114/9/19,標示,合格,,,
9027,海岸線SEALINE牛排．手抓海鮮,臺北市,士林區,臺北市士林區忠誠路二段55號12樓,鮮嫩甜玉米粒(純素),114/9/19,標示,合格,,,
9029,海岸線SEALINE牛排．手抓海鮮,臺北市,士林區,臺北市士林區忠誠路二段55號12樓,-,114/10/3,GHP,合格,,,
9031,海岸線SEALINE牛排．手抓海鮮,臺北市,士林區,臺北市士林區忠誠路二段55號12樓,US-CH-修清板腱片,114/9/17,動物用藥殘留,合格,,,
9033,海岸線SEALINE牛排．手抓海鮮,臺北市,士林區,臺北市士林區忠誠路二段55號12樓,食用冰塊,114/9/17,食品中微生物衛生標準,合格,,,
9035,豆腐村大葉高島屋店,臺北市,士林區,臺北市士林區忠誠路二段55號12樓,LOTTE午餐肉,114/9/19,標示,合格,,,
9037,豆腐村大葉高島屋店,臺北市,士林區,臺北市士林區忠誠路二段55號12樓,豬肉,114/9/19,標示,合格,,,
9039,豆腐村大葉高島屋店,臺北市,士林區,臺北市士林區忠誠路二段55號12樓,沙朗,114/9/19,標示,合格,,,
9041,豆腐村大葉高島屋店,臺北市,士林區,臺北市士林區忠誠路二段55號12樓,牛排塊,114/9/19,標示,合格,,,
9042,豆腐村大葉高島屋店,臺北市,士林區,臺北市士林區忠誠路二段55號12樓,大漢非基因改造高濃度豆漿,114/9/19,標示,合格,,,
9043,豆腐村大葉高島屋店,臺北市,士林區,臺北市士林區忠誠路二段55號12樓,圓嫩豆腐,114/9/19,標示,合格,,,
9044,豆腐村大葉高島屋店,臺北市,士林區,臺北市士林區忠誠路二段55號12樓,-,114/10/21,GHP,合格,,,
9045,我家牛排-和平西路店,臺北市,中正區,臺北市中正區和平西路一段30號1樓,我家豬排,114/9/15,標示,合格,,,
9046,我家牛排-和平西路店,臺北市,中正區,臺北市中正區和平西路一段30號1樓,戰斧豬排,114/9/15,標示,合格,,,
9047,我家牛排-和平西路店,臺北市,中正區,臺北市中正區和平西路一段30號1樓,帶骨牛小排,114/9/15,標示,合格,,,
9048,我家牛排-和平西路店,臺北市,中正區,臺北市中正區和平西路一段30號1樓,美國熟成CAB嫩肩小排,114/9/15,標示,合格,,,
9049,我家牛排-和平西路店,臺北市,中正區,臺北市中正區和平西路一段30號1樓,我家大菲,114/9/15,標示,合格,,,
9050,我家牛排-和平西路店,臺北市,中正區,臺北市中正區和平西路一段30號1樓,-,114/10/16,GHP,合格,,,
9051,我家牛排-和平西路店,臺北市,中正區,臺北市中正區和平西路一段30號1樓,我家黑胡椒醬,114/9/15,防腐劑,合格,,,
9052,巴生仔馬來西亞料理,臺北市,中正區,臺北市中正區羅斯福路三段284巷13號1樓,綜合肉骨茶,114/9/15,標示,合格,,,
9053,巴生仔馬來西亞料理,臺北市,中正區,臺北市中正區羅斯福路三段284巷13號1樓,-,114/9/15,GHP,合格,,,
9054,巴生仔馬來西亞料理,臺北市,中正區,臺北市中正區羅斯福路三段284巷13號1樓,粿條,114/9/15,邦克列酸,合格,,,
9055,Petitdoux微兜永康店,臺北市,大安區,臺北市大安區信義路二段198巷7-3號1樓,醃戰斧豬排,114/9/15,標示,合格,,,
9056,Petitdoux微兜永康店,臺北市,大安區,臺北市大安區信義路二段198巷7-3號1樓,(微兜)美式照燒霜降肉,114/9/15,標示,合格,,,
9057,Petitdoux微兜永康店,臺北市,大安區,臺北市大安區信義路二段198巷7-3號1樓,PR翼板牛排修清,114/9/15,標示,合格,,,
9058,Petitdoux微兜永康店,臺北市,大安區,臺北市大安區信義路二段198巷7-3號1樓,帶骨牛小排,114/9/15,標示,合格,,,
9059,Petitdoux微兜永康店,臺北市,大安區,臺北市大安區信義路二段198巷7-3號1樓,水果玉米,114/9/15,標示,合格,,,
9060,Petitdoux微兜永康店,臺北市,大安區,臺北市大安區信義路二段198巷7-3號1樓,玉米筍,114/9/15,標示,合格,,,
9061,Petitdoux微兜永康店,臺北市,大安區,臺北市大安區信義路二段198巷7-3號1樓,-,114/9/23,GHP,合格,,,
9062,Petitdoux微兜永康店,臺北市,大安區,臺北市大安區信義路二段198巷7-3號1樓,綠野纖蹤蔬食沙拉,114/9/15,食品中微生物衛生標準,合格,,,
9063,金洹苑KINKANEN,臺北市,大安區,臺北市大安區延吉街131巷31號,西班牙豬梅花肉,114/9/15,標示,合格,,,
9064,金洹苑KINKANEN,臺北市,大安區,臺北市大安區延吉街131巷31號,日北和牛黃瓜條,114/9/15,標示,合格,,,
9065,金洹苑KINKANEN,臺北市,大安區,臺北市大安區延吉街131巷31號,-,114/9/23,GHP,合格,,,
9066,金洹苑KINKANEN,臺北市,大安區,臺北市大安區延吉街131巷31號,西班牙豬梅花肉,114/9/15,動物用藥殘留,合格,,,
9067,饗犇牛排館,臺北市,中山區,臺北市中山區南京東路三段8號2樓,豬耳朵,114/9/19,標示,合格,,,
9068,饗犇牛排館,臺北市,中山區,臺北市中山區南京東路三段8號2樓,夏威夷BBQ豬排,114/9/19,標示,合格,,,
9069,饗犇牛排館,臺北市,中山區,臺北市中山區南京東路三段8號2樓,沙朗,114/9/19,標示,合格,,,
9070,饗犇牛排館,臺北市,中山區,臺北市中山區南京東路三段8號2樓,板腱,114/9/19,標示,合格,,,
9071,饗犇牛排館,臺北市,中山區,臺北市中山區南京東路三段8號2樓,紐約克牛排,114/9/19,標示,合格,,,
9072,饗犇牛排館,臺北市,中山區,臺北市中山區南京東路三段8號2樓,-,114/10/15,GHP,合格,,,
9073,饗犇牛排館,臺北市,中山區,臺北市中山區南京東路三段8號2樓,涼拌豬耳朵,114/9/16,食品中微生物衛生標準,合格,,,
10006,富邦媒體科技股份有限公司(網購平台),臺北市,內湖區,臺北市內湖區洲子街96號4樓,紅藜(帶殼),114/9/5,農藥殘留,合格,,,
10008,富邦媒體科技股份有限公司(網購平台),臺北市,內湖區,臺北市內湖區洲子街96號4樓,白藜麥,114/9/5,農藥殘留,合格,,,
10029,湖光市場-無市招蔬菜攤(葉○雲),臺北市,內湖區,臺北市內湖區,豇豆,114/9/3,農藥殘留,合格,,,
10031,第一果菜批發市場(地號1334),臺北市,萬華區,臺北市萬華區萬大路533號,青豆(豇豆),114/9/3,農藥殘留,合格,,,
10033,第一果菜批發市場(地號1120),臺北市,萬華區,臺北市萬華區萬大路533號,敏豆(菜豆),114/9/3,農藥殘留,合格,,,
10035,瓦城泰統股份有限公司(瓦城臺北三越天母店A館),臺北市,士林區,臺北市士林區天母東路68號A棟7樓,長豆(豇豆),114/9/4,農藥殘留,合格,,,
10037,虎林街早市-無市招菜攤(邵○祥),臺北市,信義區,臺北市信義區,豇豆,114/9/4,農藥殘留,合格,,,
10039,五分市場-無市招菜販,臺北市,內湖區,臺北市內湖區五分街48號,敏豆(菜豆),114/10/2,農藥殘留,合格,,,
10041,五分市場-無市招菜販,臺北市,內湖區,臺北市內湖區五分街41號,豇豆,114/10/2,農藥殘留,合格,,,
10043,環南市場蔬菜區-輝哥蔬菜批發行,臺北市,萬華區,臺北市萬華區環河南路二段245號,四季豆(菜豆),114/10/2,農藥殘留,合格,,,
10045,誠果蔬果店(王家農場),臺北市,大安區,臺北市大安區敦化南路一段233巷65號,四季豆(菜豆),114/10/9,農藥殘留,合格,,,
10047,誠果蔬果店(王家農場),臺北市,大安區,臺北市大安區敦化南路一段233巷65號,嚴選長豇豆,114/10/9,農藥殘留,合格,,,
10049,松江市場-吉晟蔬果行,臺北市,中山區,臺北市中山區錦州街222號,長豆(豇豆),114/10/2,農藥殘留,合格,,,
10070,統康生活事業股份有限公司松山光復分公司,臺北市,松山區,臺北市松山區光復北路198號,精選青花菜,114/9/3,農藥殘留,合格,,,
10072,五分市場-無市招菜販,臺北市,內湖區,臺北市內湖區五分街48號,芥菜,114/10/2,農藥殘留,合格,,,
10074,五分市場-無市招菜販,臺北市,內湖區,臺北市內湖區五分街48號,花椰菜,114/10/2,農藥殘留,合格,,,
10076,第一果菜批發市場-蔡○美,臺北市,萬華區,臺北市萬華區,高麗菜,114/10/2,農藥殘留,合格,,,
10078,新光三越百貨股份有限公司臺北天母分公司(B1樓自營超市),臺北市,士林區,臺北市士林區天母東路68號B1,青花菜,114/10/1,農藥殘留,合格,,,
10080,太平洋崇光百貨股份有限公司(FreshMart忠孝店),臺北市,大安區,臺北市大安區忠孝東路四段45號B2,青花苔,114/10/9,農藥殘留,合格,,,
10082,全聯實業股份有限公司延吉分公司,臺北市,大安區,臺北市大安區市民大道4段190號1、2樓,甘藍(高麗菜),114/10/9,農藥殘留,合格,,,
10084,統康生活事業股份有限公司農安二分公司,臺北市,中山區,臺北市中山區農安街26號、26-1號,結球萵苣,114/10/2,農藥殘留,合格,,,
10086,蔬果攤,臺北市,中山區,臺北市中山區民生東路二段115巷40號,青花椰菜,114/10/2,農藥殘留,合格,,,
10099,新視紀媒體科技股份有限公司(網購平台),臺北市,大安區,臺北市大安區敦化南路二段46號4樓之1,黃肉小玉西瓜,114/9/2,農藥殘留,合格,,,
10101,新視紀媒體科技股份有限公司(網購平台),臺北市,大安區,臺北市大安區敦化南路二段46號4樓之1,洋香瓜,114/9/2,農藥殘留,合格,,,
10132,瓦克新鮮屋有限公司(網購平台),臺北市,大安區,臺北市大安區建國南路二段296號,青花椰菜,114/8/29,農藥殘留,合格,,,
10134,瓦克新鮮屋有限公司(網購平台),臺北市,大安區,臺北市大安區建國南路二段296號,高山娃娃菜,114/8/29,農藥殘留,合格,,,
10139,加鎰水果行,臺北市,中山區,臺北市中山區民族東路336號,百香果,114/9/3,農藥殘留,合格,,,
10141,第一果菜批發市場天美水果行,臺北市,萬華區,臺北市萬華區萬大路533號,百香果,114/9/3,農藥殘留,合格,,,
10143,千棠水果行,臺北市,萬華區,臺北市萬華區三水街-東-126號攤,木瓜,114/9/3,農藥殘留,合格,,,
10145,就是果汁吧,臺北市,大安區,臺北市大安區和平東路三段12號,奇異果,114/9/4,農藥殘留,合格,,,
10147,就是果汁吧,臺北市,大安區,臺北市大安區和平東路三段12號,木瓜,114/9/4,農藥殘留,合格,,,
10149,五分市場-無市招水果攤(鍾○宏),臺北市,內湖區,臺北市內湖區,甜木瓜,114/10/2,農藥殘留,合格,,,
10151,第一果菜批發市場-明煌水果行,臺北市,萬華區,臺北市萬華區萬大路533號,木瓜,114/10/2,農藥殘留,合格,,,
10153,松江市場-吉晟蔬果行,臺北市,中山區,臺北市中山區錦州街222號,木瓜,114/10/2,農藥殘留,合格,,,
10155,家福股份有限公司士林華聲分公司,臺北市,士林區,臺北市士林區華聲街17號,酪梨,114/10/1,農藥殘留,合格,,,
10157,家福股份有限公司士林華聲分公司,臺北市,士林區,臺北市士林區華聲街17號,木瓜,114/10/1,農藥殘留,合格,,,
10159,歐簿客科技股份有限公司(網購平台),臺北市,北投區,臺北市北投區文承路26、28號8樓、26、28號9樓,酪梨,114/8/28,農藥殘留,合格,,,
10161,歐簿客科技股份有限公司(網購平台),臺北市,北投區,臺北市北投區文承路26、28號8樓、26、28號9樓,酪梨,114/8/28,農藥殘留,合格,,,
10163,歐簿客科技股份有限公司(網購平台),臺北市,北投區,臺北市北投區文承路26、28號8樓、26、28號9樓,紫妃百香果,114/8/28,農藥殘留,合格,,,
10185,瓦克新鮮屋有限公司(網購平台),臺北市,大安區,臺北市大安區建國南路二段296號,酪梨,114/8/29,農藥殘留,合格,,,
10241,歐簿客科技股份有限公司(網購平台),臺北市,北投區,臺北市北投區文承路26、28號8樓、26、28號9樓,土芭樂,114/8/28,農藥殘留,合格,,,
10258,無市招菜攤(張○恩),臺北市,內湖區,臺北市內湖區,小白菜,114/9/3,農藥殘留,合格,,,
10260,大田蔬果行,臺北市,內湖區,臺北市內湖區康寧路一段67號,青江菜,114/9/3,農藥殘留,合格,,,
10262,第一果菜批發市場(地號1334),臺北市,萬華區,臺北市萬華區萬大路533號,莧菜,114/9/3,農藥殘留,合格,,,
10264,全聯實業股份有限公司北投吉利分公司,臺北市,北投區,臺北市北投區吉利街125號1樓,紅鳳菜,114/9/3,農藥殘留,合格,,,
10266,全聯實業股份有限公司北投吉利分公司,臺北市,北投區,臺北市北投區吉利街125號1樓,小白菜,114/9/3,農藥殘留,合格,,,
10268,蘇杭企業股份有限公司天母分公司,臺北市,北投區,臺北市北投區明德路365號,青蔥,114/9/3,農藥殘留,合格,,,
10270,無市招蔬菜攤,臺北市,士林區,臺北市士林區大東路15之47號前,甘藷葉,114/9/3,農藥殘留,合格,,,
10272,miacucina信義店,臺北市,信義區,臺北市信義區松壽路11號2樓,青蔥,114/9/4,農藥殘留,合格,,,
10274,遠百企業股份有限公司忠孝分公司(愛買),臺北市,信義區,臺北市信義區忠孝東路5段297號地下1、2、3層,西洋芹,114/9/4,農藥殘留,合格,,,
10276,遠百企業股份有限公司忠孝分公司(愛買),臺北市,信義區,臺北市信義區忠孝東路5段297號地下1、2、3層,芹菜,114/9/4,農藥殘留,合格,,,
10278,第二果菜批發市場第17-11號攤-莊○逸,臺北市,中山區,臺北市中山區,粉蔥,114/9/3,農藥殘留,合格,,,
10280,臺北市第二果菜批發市場15-01攤,臺北市,中山區,臺北市中山區民族東路336號,A菜,114/9/3,農藥殘留,合格,,,
10282,五分市場-東和蔬果行,臺北市,內湖區,臺北市內湖區五分街16號1樓五分市場,油菜,114/10/2,農藥殘留,合格,,,
10284,茂盛蔬菜商行,臺北市,萬華區,臺北市萬華區環河南路二段245號,紅鳳菜,114/10/2,農藥殘留,合格,,,
10286,御鼎屋食品股份有限公司(御鼎屋生鮮巧集),臺北市,士林區,臺北市士林區中山北路六段711號1樓,青蔥,114/10/1,農藥殘留,合格,,,
10288,御鼎屋食品股份有限公司(御鼎屋生鮮巧集),臺北市,士林區,臺北市士林區中山北路六段711號1樓,青江白菜,114/10/1,農藥殘留,合格,,,
10290,自強市場-無市招菜攤,臺北市,北投區,臺北市北投區西安街一段281巷11號前,小青江菜,114/10/1,農藥殘留,合格,,,
10292,太平洋崇光百貨股份有限公司(FreshMart忠孝店),臺北市,大安區,臺北市大安區忠孝東路四段45號B2,洋芹,114/10/9,農藥殘留,合格,,,
10294,全聯實業股份有限公司延吉分公司,臺北市,大安區,臺北市大安區市民大道4段190號1、2樓,小白菜,114/10/9,農藥殘留,合格,,,
10323,五分市場-無市招水果攤(鍾○宏),臺北市,內湖區,臺北市內湖區,甜柿,114/10/2,農藥殘留,合格,,,
10325,太平洋崇光百貨股份有限公司(FreshMart忠孝店),臺北市,大安區,臺北市大安區忠孝東路四段45號B2,富有柿,114/10/9,農藥殘留,合格,,,
10327,松江市場-吉晟蔬果行,臺北市,中山區,臺北市中山區錦州街222號,甜柿,114/10/2,農藥殘留,合格,,,
10339,新視紀媒體科技股份有限公司(網購平台),臺北市,大安區,臺北市大安區敦化南路二段46號4樓之1,青蘋果,114/10/7,農藥殘留,合格,,,
10341,新視紀媒體科技股份有限公司(網購平台),臺北市,大安區,臺北市大安區敦化南路二段46號4樓之1,愛妃蘋果,114/10/7,農藥殘留,合格,,,
10352,瓦克新鮮屋有限公司(網購平台),臺北市,大安區,臺北市大安區建國南路二段296號,西洋芹菜,114/8/29,農藥殘留,合格,,,
10385,瓦克新鮮屋有限公司(網購平台),臺北市,大安區,臺北市大安區建國南路二段296號,水蜜桃,114/8/29,農藥殘留,合格,,,
10437,全聯實業股份有限公司中山德惠分公司,臺北市,中山區,臺北市中山區新喜里吉林路413號1、2樓,大福柚文旦,114/9/3,農藥殘留,合格,,,
10439,日鮮蔬果專賣店,臺北市,萬華區,臺北市萬華區貴陽街二段137號,柳丁,114/10/2,農藥殘留,合格,,,
10441,新光三越百貨股份有限公司臺北天母分公司(B1樓自營超市),臺北市,士林區,臺北市士林區天母東路68號B1,砂糖橘,114/10/1,農藥殘留,合格,,,
10445,新視紀媒體科技股份有限公司(網購平台),臺北市,大安區,臺北市大安區敦化南路二段46號4樓之1,砂糖橘,114/10/7,農藥殘留,合格,,,
10527,第一果菜批發市場-林○鴦,臺北市,萬華區,臺北市萬華區,香菜(芫荽),114/9/3,農藥殘留,合格,,,
10529,環南市場蔬菜區-全興蔬菜行(71.72.121~123號攤),臺北市,萬華區,臺北市萬華區環河南路二段245號,香菜(芫荽),114/9/4,農藥殘留,合格,,,
10531,虎林街早市-無市招菜攤(邵○祥),臺北市,信義區,臺北市信義區,香菜(芫荽),114/9/4,農藥殘留,合格,,,
10533,第一果菜批發市場地號:928,臺北市,萬華區,臺北市萬華區萬大路533號,香菜(芫荽),114/10/2,農藥殘留,合格,,,
10537,富邦媒體科技股份有限公司(網購平台),臺北市,內湖區,臺北市內湖區洲子街96號4樓,粉玫瑰花,114/9/1,農藥殘留,合格,,,
10552,全聯實業股份有限公司北投吉利分公司,臺北市,北投區,臺北市北投區吉利街125號1樓,蘿蔔,114/9/3,農藥殘留,合格,,,
10554,全聯實業股份有限公司中山德惠分公司,臺北市,中山區,臺北市中山區新喜里吉林路413號1、2樓,蘿蔔,114/9/3,農藥殘留,合格,,,
10556,五分市場-東和蔬果行,臺北市,內湖區,臺北市內湖區五分街16號1樓五分市場,芋頭,114/10/2,農藥殘留,合格,,,
10558,五分市場-無市招菜販,臺北市,內湖區,臺北市內湖區五分街41號,白蘿蔔,114/10/2,農藥殘留,合格,,,
10559,第一果菜批發市場-李○俊,臺北市,萬華區,臺北市萬華區,芋頭,114/10/2,農藥殘留,合格,,,
10560,茂盛蔬菜商行,臺北市,萬華區,臺北市萬華區環河南路二段245號,白蘿蔔,114/10/2,農藥殘留,合格,,,
10561,御鼎屋食品股份有限公司(御鼎屋生鮮巧集),臺北市,士林區,臺北市士林區中山北路六段711號1樓,白蘿蔔,114/10/1,農藥殘留,合格,,,
10562,新光三越百貨股份有限公司臺北天母分公司(B1樓自營超市),臺北市,士林區,臺北市士林區天母東路68號B1,白蘿蔔,114/10/1,農藥殘留,合格,,,
10563,歐簿客科技股份有限公司(網購平台),臺北市,北投區,臺北市北投區文承路26、28號8樓、26、28號9樓,黃金地瓜,114/8/28,農藥殘留,合格,,,
10639,臺北市第二果菜批發市場第20-14號攤,臺北市,中山區,臺北市中山區民族東路336號,銀耳,114/9/3,農藥殘留,合格,,,
10640,家福股份有限公司士林華聲分公司,臺北市,士林區,臺北市士林區華聲街17號,有機銀耳,114/10/1,農藥殘留,合格,,,
10660,無市招菜攤(張○恩),臺北市,內湖區,臺北市內湖區,牛蕃茄,114/9/3,農藥殘留,合格,,,
10661,第一果菜批發市場-高○雅,臺北市,萬華區,臺北市萬華區,甜椒,114/9/3,農藥殘留,合格,,,
10662,第一果菜批發市場(地號1120),臺北市,萬華區,臺北市萬華區萬大路533號,茄子,114/9/3,農藥殘留,合格,,,
10663,第一果菜批發市場(地號919),臺北市,萬華區,臺北市萬華區萬大路533號,朝天椒(辣椒),114/9/3,農藥殘留,合格,,,
10664,無市招蔬果攤,臺北市,士林區,臺北市士林區文林路101巷接近40號,全紅番茄,114/9/3,農藥殘留,合格,,,
10665,miacucina信義店,臺北市,信義區,臺北市信義區松壽路11號2樓,牛蕃茄,114/9/4,農藥殘留,合格,,,
10666,miacucina信義店,臺北市,信義區,臺北市信義區松壽路11號2樓,茄子,114/9/4,農藥殘留,合格,,,
10667,陳○訓(第二果菜批發市場第21-06攤),臺北市,中山區,臺北市中山區,糯米椒(辣椒),114/9/3,農藥殘留,合格,,,
10668,第一果菜批發市場地號:1128,臺北市,萬華區,臺北市萬華區萬大路533號,特選全紅番茄,114/10/2,農藥殘留,合格,,,
10669,誠果蔬果店(王家農場),臺北市,大安區,臺北市大安區敦化南路一段233巷65號,茄子,114/10/9,農藥殘留,合格,,,
10670,唐龍國際餐飲股份有限公司(龍軒傳承),臺北市,中山區,臺北市中山區長春路90號2樓,紅辣椒,114/10/2,農藥殘留,合格,,,
10671,蔬果攤,臺北市,中山區,臺北市中山區民生東路二段115巷40號,朝天椒(辣椒),114/10/2,農藥殘留,合格,,,
10718,第二果菜批發市場24-13號攤,臺北市,中山區,臺北市中山區民族東路336號,青櫛瓜(冬瓜),114/9/3,農藥殘留,合格,,,
10719,阿媛蔬果店,臺北市,文山區,臺北市文山區景文街107號,栗子南瓜,114/9/24,農藥殘留,合格,,,
10720,臺北市第一果菜批發市場(承銷號:3113),臺北市,萬華區,臺北市萬華區萬大路533號,櫛瓜,114/10/2,農藥殘留,合格,,,
10749,丁煌蛋行,臺北市,萬華區,臺北市萬華區雙園街64號,白蛋,114/9/2,動物用藥殘留,合格,,,
10750,丁煌蛋行,臺北市,萬華區,臺北市萬華區雙園街64號,紅蛋,114/9/2,動物用藥殘留,合格,,,
10751,全家便利商店股份有限公司康陽店,臺北市,萬華區,臺北市萬華區康定路97號,樂禮冷藏鮮蛋(白殼),114/9/2,動物用藥殘留,合格,,,
10752,全家便利商店股份有限公司康陽店,臺北市,萬華區,臺北市萬華區康定路97號,大武山牧場x伊勢幸也鮮蛋,114/9/2,動物用藥殘留,合格,,,
10753,全家便利商店股份有限公司康陽店,臺北市,萬華區,臺北市萬華區康定路97號,元質-永續平飼紅殼蛋(雞蛋),114/9/2,動物用藥殘留,合格,,,
10754,純土雞.烏骨雞.閹雞,臺北市,南港區,臺北市南港區同德路100號,烏骨雞,114/10/1,動物用藥殘留,合格,,,
10755,家福股份有限公司北投分公司,臺北市,北投區,臺北市北投區中和街366號B1,雞里肌肉,114/10/1,動物用藥殘留,合格,,,
10756,家福股份有限公司北投分公司,臺北市,北投區,臺北市北投區中和街366號B1,去骨腿排,114/10/1,動物用藥殘留,合格,,,
10757,家福股份有限公司北投分公司,臺北市,北投區,臺北市北投區中和街366號B1,雞胸肉,114/10/1,動物用藥殘留,合格,,,
10906,康是美士東藥局,臺北市,士林區,臺北市士林區士東路91巷1號1樓,梅花肉切塊,114/9/2,動物用藥殘留,合格,,,
10907,棉花田生機園地股份有限公司士東門市,臺北市,士林區,臺北市士林區士東路97號1樓,Odiva肉絲,114/9/2,動物用藥殘留,合格,,,
10908,棉花田生機園地股份有限公司士東門市,臺北市,士林區,臺北市士林區士東路97號1樓,豬市吉~五花火鍋肉片,114/9/2,動物用藥殘留,合格,,,
10909,富敏豬肉,臺北市,士林區,臺北市士林區士東路100號,豬肉,114/9/2,動物用藥殘留,合格,,,
10910,裕明興業股份有限公司,臺北市,南港區,臺北市南港區重陽路263巷5號1樓,21*PS背肩,114/9/16,動物用藥殘留,合格,,,
10911,裕明興業股份有限公司,臺北市,南港區,臺北市南港區重陽路263巷5號1樓,38*安格斯背肩,114/9/16,動物用藥殘留,合格,,,
10912,裕明興業股份有限公司,臺北市,南港區,臺北市南港區重陽路263巷5號1樓,969*安格斯背肩,114/9/16,動物用藥殘留,合格,,,
10913,吃貨女王,臺北市,士林區,臺北市士林區士東路100號,牛五花,114/9/16,動物用藥殘留,合格,,,
10914,吃貨女王,臺北市,士林區,臺北市士林區士東路100號,澳低脂牛,114/9/16,動物用藥殘留,合格,,,
10915,統康生活事業股份有限公司農安分公司,臺北市,中山區,臺北市中山區農安街257號,美國CR安格斯牛五花火鍋片,114/9/16,動物用藥殘留,合格,,,
10916,統康生活事業股份有限公司農安分公司,臺北市,中山區,臺北市中山區農安街257號,冷凍澳洲榖飼牛雪花肉片500g,114/9/16,動物用藥殘留,合格,,,
10917,統康生活事業股份有限公司農安分公司,臺北市,中山區,臺北市中山區農安街257號,冷藏澳洲榖飼牛腱,114/9/16,動物用藥殘留,合格,,,
10918,玫瑰廚房,臺北市,內湖區,臺北市內湖區潭美街291號1樓,澳洲榖飼翼板火片,114/9/16,動物用藥殘留,合格,,,
10919,玫瑰廚房,臺北市,內湖區,臺北市內湖區潭美街291號1樓,特選雪花牛肉片,114/9/16,動物用藥殘留,合格,,,
10920,鼎輯肉品店,臺北市,北投區,臺北市北投區致遠一路1段119號1樓,炒牛肉片,114/9/16,動物用藥殘留,合格,,,
10921,鼎輯肉品店,臺北市,北投區,臺北市北投區致遠一路1段119號1樓,沙朗牛火鍋片,114/9/16,動物用藥殘留,合格,,,
10922,鼎輯肉品店,臺北市,北投區,臺北市北投區致遠一路1段119號1樓,嫩肩里肌牛燒烤片,114/9/16,動物用藥殘留,合格,,,
10923,源諸原味肉品專賣,臺北市,大安區,臺北市大安區延吉街160巷5-2號1樓,美國牛肋條,114/9/16,動物用藥殘留,合格,,,
10924,源諸原味肉品專賣,臺北市,大安區,臺北市大安區延吉街160巷5-2號1樓,牛五花肉片,114/9/16,動物用藥殘留,合格,,,
10925,源諸原味肉品專賣,臺北市,大安區,臺北市大安區延吉街160巷5-2號1樓,美國PRIME翼板牛肉片,114/9/16,動物用藥殘留,合格,,,
10926,永豐餘生技股份有限公司圓山分公司,臺北市,中山區,臺北市中山區中山北路3段51-3號,伊比利豬梅花肉片,114/9/16,動物用藥殘留,合格,,,
10927,老先覺功夫窯燒鍋,臺北市,北投區,臺北市北投區石牌路1段148號,丹麥豬COLLAR片0.2CM,114/9/16,動物用藥殘留,合格,,,
10928,泰勒肉鋪,臺北市,大安區,臺北市大安區仁愛路4段50之1號,伊比利梅花豬火鍋片,114/9/16,動物用藥殘留,合格,,,
10929,泰勒肉鋪,臺北市,大安區,臺北市大安區仁愛路4段50之1號,美國PRIME牛小排,114/9/16,動物用藥殘留,合格,,,
10930,泰勒肉鋪,臺北市,大安區,臺北市大安區仁愛路4段50之1號,自然牛肋眼,114/9/16,動物用藥殘留,合格,,,
10931,肉次方台北南京東店,臺北市,中山區,臺北市中山區南京東路1段92號4樓,牛/翼板/巴拉圭,114/9/16,動物用藥殘留,合格,,,
10932,饗犇牛排館,臺北市,中山區,臺北市中山區南京東路3段8號1樓,特製板腱牛肉排(切),114/9/16,動物用藥殘留,合格,,,
10933,築間幸福鍋物台北內湖店,臺北市,內湖區,臺北市內湖區內湖路1段318號1樓,冷凍橡木飼養純種伊比利豬去肩胛梅花肉(不帶翼板),114/9/16,動物用藥殘留,合格,,,
10934,瓦崎燒烤火鍋西門店,臺北市,萬華區,臺北市萬華區成都路17號2樓3樓,美國CH板腱(對切),114/9/17,動物用藥殘留,合格,,,
10935,瓦崎燒烤火鍋西門店,臺北市,萬華區,臺北市萬華區成都路17號2樓3樓,美國培根(十字/挑瘦),114/9/17,動物用藥殘留,合格,,,
10936,瓦崎燒烤火鍋西門店,臺北市,萬華區,臺北市萬華區成都路17號2樓3樓,梅花豬(丹麥),114/9/17,動物用藥殘留,合格,,,
10937,台北凱撒大飯店Checkers自助餐,臺北市,中正區,臺北市中正區忠孝西路1段38號2樓,胸腹肉,114/9/17,動物用藥殘留,合格,,,
10938,新大戈壁蒙古烤肉,臺北市,萬華區,臺北市萬華區成都路81號4樓,胸腹肉(未修邊),114/9/17,動物用藥殘留,合格,,,
10939,新大戈壁蒙古烤肉,臺北市,萬華區,臺北市萬華區成都路81號4樓,黃瓜條C#235,114/9/17,動物用藥殘留,合格,,,
10940,南港CITYLINK-Mo-Mo-Paradise,臺北市,南港區,臺北市南港區忠孝東路7段369號C棟10樓,美國帶油胸腹肉-對半,114/9/30,動物用藥殘留,合格,,,
10941,全聯福利中心大安北師店,臺北市,大安區,臺北市大安區和平東路2段311巷29號,美國冷藏牛腱,114/10/1,動物用藥殘留,合格,,,
10942,麟群肉店,臺北市,中正區,臺北市中正區羅斯福路1段8號地下室,牛腩,114/10/1,動物用藥殘留,合格,,,
10943,麟群肉店,臺北市,中正區,臺北市中正區羅斯福路1段8號地下室,雪花牛,114/10/1,動物用藥殘留,合格,,,
10944,麟群肉店,臺北市,中正區,臺北市中正區羅斯福路1段8號地下室,嫩牛,114/10/1,動物用藥殘留,合格,,,
10945,錢都刷刷鍋吉林二店,臺北市,中山區,臺北市中山區吉林路24號,板腱牛肉,114/10/1,動物用藥殘留,合格,,,
10946,雅香石頭火鍋,臺北市,萬華區,臺北市萬華區成都路159號1樓,牛肉片,114/10/2,動物用藥殘留,合格,,,
10947,丰明殿,臺北市,北投區,臺北市北投區東華街1段362號,濕式熟成板腱牛,114/10/3,動物用藥殘留,合格,,,
10948,鼎楓寶島火鍋,臺北市,信義區,臺北市信義區松壽路12號5樓,台灣CAS安心豚,114/10/7,動物用藥殘留,合格,,,
11200,郭O賢,臺北市,萬華區,臺北市萬華區萬大路531號,石斑,114/9/2,動物用藥殘留,合格,,,
11201,魚攤,臺北市,內湖區,臺北市內湖區成功路4段20巷7號湖光市場,鱸魚,114/9/3,動物用藥殘留,合格,,,
11202,魚攤,臺北市,內湖區,臺北市內湖區成功路4段20巷19號對面,金目鱸魚,114/9/3,動物用藥殘留,合格,,,
11203,松山野生鱉,臺北市,松山區,臺北市松山區八德路4段423號1樓,甲魚,114/9/30,動物用藥殘留,合格,,,
11204,南門鮮魚號,臺北市,中正區,臺北市中正區羅斯福路1路8號,虱目魚肚,114/10/1,動物用藥殘留,合格,,,
11205,好食采南門店,臺北市,中正區,臺北市中正區南海路6號1樓,無刺虱目魚肚片,114/10/1,動物用藥殘留,合格,,,
11206,隱鍋,臺北市,中山區,臺北市中山區林森北路353巷20號,蛤蠣,114/10/1,動物用藥殘留,合格,,,
11207,汆牛溫體牛肉火鍋西門店,臺北市,萬華區,臺北市萬華區成都路141號,冷凍白蝦,114/10/2,動物用藥殘留,合格,,,
11208,大呼過癮通化店,臺北市,大安區,臺北市大安區通化街39巷5號1樓,鯛魚腹片,114/10/7,動物用藥殘留,合格,,,
11364,全家便利商店股份有限公司康陽店,臺北市,萬華區,臺北市萬華區康定路97號,樂禮冷藏鮮蛋(白殼),114/9/2,農藥殘留,合格,,,
11365,全家便利商店股份有限公司康陽店,臺北市,萬華區,臺北市萬華區康定路97號,大武山牧場x伊勢幸也鮮蛋,114/9/2,農藥殘留,合格,,,
11366,全家便利商店股份有限公司康陽店,臺北市,萬華區,臺北市萬華區康定路97號,元質-永續平飼紅殼蛋(雞蛋),114/9/2,農藥殘留,合格,,,
11367,丁煌蛋行,臺北市,萬華區,臺北市萬華區雙園街64號,白蛋,114/9/2,農藥殘留,合格,,,
11368,丁煌蛋行,臺北市,萬華區,臺北市萬華區雙園街64號,紅蛋,114/9/2,農藥殘留,合格,,,
11369,純土雞.烏骨雞.閹雞,臺北市,南港區,臺北市南港區同德路100號,烏骨雞,114/10/1,農藥殘留,合格,,,
11370,家樂福北投店,臺北市,北投區,臺北市北投區中和街366號B1,雞里肌肉,114/10/1,農藥殘留,合格,,,
11371,家樂福北投店,臺北市,北投區,臺北市北投區中和街366號B1,去骨腿排,114/10/1,農藥殘留,合格,,,
11372,家樂福北投店,臺北市,北投區,臺北市北投區中和街366號B1,雞胸肉,114/10/1,農藥殘留,合格,,,
11479,米塔義廚股份有限公司,臺北市,松山區,臺北市松山區東興路16號1樓,泰式奶茶,114/9/2,食品微生物,不合格,違反食安法第17條，依同法第48條裁處,30000,泰式奶茶複抽驗不合格
11481,釜山有限公司(京站雪嶽山),臺北市,大同區,臺北市大同區承德路一段1號B3,-,114/9/18,GHP,合格,,,
11482,釜山有限公司(京站雪嶽山),臺北市,大同區,臺北市大同區承德路一段1號B3,-,114/9/9,標示,合格,,,
11483,釜山有限公司(京站雪嶽山),臺北市,大同區,臺北市大同區承德路一段1號B3,馬鈴薯沙拉,114/9/9,食品微生物,合格,,,
11484,釜山有限公司(京站雪嶽山),臺北市,大同區,臺北市大同區承德路一段1號B3,涼拌川耳,114/9/9,食品微生物,合格,,,
11485,豐達食品有限公司(點心世界微風台北車站店),臺北市,中正區,臺北市中正區北平西路3號2樓,-,114/9/9,GHP,合格,,,
11486,豐達食品有限公司(點心世界微風台北車站店),臺北市,中正區,臺北市中正區北平西路3號2樓,-,114/9/9,標示,合格,,,
11487,豐達食品有限公司(點心世界微風台北車站店),臺北市,中正區,臺北市中正區北平西路3號2樓,肉絲炒飯,114/9/9,食品微生物,合格,,,
11488,豐達食品有限公司(點心世界微風台北車站店),臺北市,中正區,臺北市中正區北平西路3號2樓,油豆腐,114/9/9,防腐劑、殺菌劑,合格,,,
11489,臺灣富禮納思股份有限公司(YAYOI彌生軒微風車站店),臺北市,中正區,臺北市中正區北平西路3號2樓,-,114/9/9,GHP,合格,,,
11490,臺灣富禮納思股份有限公司(YAYOI彌生軒微風車站店),臺北市,中正區,臺北市中正區北平西路3號2樓,-,114/9/9,標示,合格,,,
11491,臺灣富禮納思股份有限公司(YAYOI彌生軒微風車站店),臺北市,中正區,臺北市中正區北平西路3號2樓,花蛤烏龍麵,114/9/9,食品微生物,合格,,,
11492,臺灣富禮納思股份有限公司(YAYOI彌生軒微風車站店),臺北市,中正區,臺北市中正區北平西路3號2樓,宇治玉露抹茶(去冰),114/9/9,食品微生物,不合格,違反食安法第17條，依同法第48條裁處,30000,宇治玉露抹茶(去冰)複抽驗不合格
11493,曹鼎旺股份有限公司臺北分公司(老鼎旺功夫銷魂麵鋪-京站廣場店),臺北市,大同區,臺北市大同區承德路一段1號B3,-,114/9/18,GHP,合格,,,
11494,曹鼎旺股份有限公司臺北分公司(老鼎旺功夫銷魂麵鋪-京站廣場店),臺北市,大同區,臺北市大同區承德路一段1號B3,-,114/9/9,標示,合格,,,
11495,曹鼎旺股份有限公司臺北分公司(老鼎旺功夫銷魂麵鋪-京站廣場店),臺北市,大同區,臺北市大同區承德路一段1號B3,手工拉麵,114/9/9,防腐劑、殺菌劑、漂白劑,合格,,,
11496,百馥餐飲店,臺北市,士林區,臺北市士林區美德街16弄8樓,-,114/9/24,GHP,合格,,,
11497,百馥餐飲店,臺北市,士林區,臺北市士林區美德街16弄8樓,-,114/9/10,標示,合格,,,
11498,百馥餐飲店,臺北市,士林區,臺北市士林區美德街16弄8樓,古早味乾拌麵,114/9/10,食品微生物,合格,,,
11499,百馥餐飲店,臺北市,中山區,臺北市中山區松江路297巷8號1樓,涼拌黃瓜,114/9/10,食品微生物,合格,,,
11500,李〇平,臺北市,士林區,臺北市士林區士林市場-87號攤,豆腐,114/9/10,防腐劑(苯甲酸)、殺菌劑,不合格,依違反食安法第47條第11款規定裁處,30000,檢出防腐劑(苯甲酸，不得檢出)，查來源商無法提供違規產品確切來源，妨礙臺北市政府衛生局後續源頭追蹤查核。
11501,三口品企業社(環球南港-好滴咖啡南港店),臺北市,南港區,臺北市南港區忠孝東路7段371號B1,-,114/9/10,GHP,合格,,,
11502,三口品企業社(環球南港-好滴咖啡南港店),臺北市,南港區,臺北市南港區忠孝東路7段371號B1,-,114/9/10,標示,合格,,,
11503,三口品企業社(環球南港-好滴咖啡南港店),臺北市,南港區,臺北市南港區忠孝東路7段371號B1,雞肉凱薩沙拉,114/9/10,食品微生物,合格,,,
11504,三口品企業社(環球南港-好滴咖啡南港店),臺北市,南港區,臺北市南港區忠孝東路7段371號B1,麵,114/9/10,防腐劑、殺菌劑、漂白劑,合格,,,
11505,三口品企業社(環球南港-好滴咖啡南港店),臺北市,南港區,臺北市南港區忠孝東路7段371號B1,蔬果汁(含冰塊),114/9/10,食品微生物,合格,,,
11506,台灣東利多股份有限公司(丸亀製麺43號店統一時代店),臺北市,信義區,臺北市信義區忠孝東路五段8號B2,-,114/9/10,GHP,合格,,,
11507,台灣東利多股份有限公司(丸亀製麺43號店統一時代店),臺北市,信義區,臺北市信義區忠孝東路五段8號B2,-,114/9/10,標示,合格,,,
11508,台灣東利多股份有限公司(丸亀製麺43號店統一時代店),臺北市,信義區,臺北市信義區忠孝東路五段8號B2,自製烏龍麵,114/9/10,防腐劑、殺菌劑、漂白劑,合格,,,
11509,樂法美食股份有限公司(樂法市府轉運站門市),臺北市,信義區,臺北市信義區忠孝東路五段6號1樓,-,114/9/10,GHP,合格,,,
11510,樂法美食股份有限公司(樂法市府轉運站門市),臺北市,信義區,臺北市信義區忠孝東路五段6號1樓,林華泰四季青茶,114/9/10,食品微生物,合格,,,
11511,樂法美食股份有限公司(樂法市府轉運站門市),臺北市,信義區,臺北市信義區忠孝東路五段6號1樓,阿薩姆熟成紅茶,114/9/10,食品微生物,合格,,,
11512,樂法美食股份有限公司(樂法市府轉運站門市),臺北市,信義區,臺北市信義區忠孝東路五段6號1樓,茉莉綠茶,114/9/10,食品微生物,合格,,,
11513,日商比亞留三一冰淇淋股份有限公司(BaskinRobbins31冰淇淋台北京站店),臺北市,大同區,臺北市大同區承德路1段1號B3樓,-,114/10/3,GHP,合格,,,
11514,日商比亞留三一冰淇淋股份有限公司(BaskinRobbins31冰淇淋台北京站店),臺北市,大同區,臺北市大同區承德路1段1號B3樓,檸檬雪酪,114/9/9,食品微生物,合格,,,
12018,惠生研生物科技股份有限公司,臺北市,南港區,臺北市南港區忠孝東路7段508號8樓,Inseed好欣情乳酸菌粉劑食品,114/8/19,標示,合格,,,
12019,惠生研生物科技股份有限公司,臺北市,南港區,臺北市南港區忠孝東路7段508號8樓,Inseed激耐益乳酸菌粉劑食品,114/8/19,標示,合格,,,
12020,惠生研生物科技股份有限公司,臺北市,南港區,臺北市南港區忠孝東路7段508號8樓,Inseed益菌寶乳酸菌粉劑食品,114/8/19,標示,合格,,,
12021,新加坡商利維喜開發股份有限公司台灣分公司,臺北市,中山區,臺北市中山區中山北路2段81號,LAC益菌群25B粉末–優格口味,114/8/18,標示,不合格,違反食安法第28條規定，依同法第45條裁處,80000,
12022,新加坡商利維喜開發股份有限公司台灣分公司,臺北市,中山區,臺北市中山區中山北路2段81號,LAC益菌群25B膠囊食品30顆,114/8/12,標示,合格,,,
12023,新加坡商利維喜開發股份有限公司台灣分公司,臺北市,中山區,臺北市中山區中山北路2段81號,LAC女用益菌群30B膠囊食品30顆,114/8/12,標示,合格,,,
12024,新加坡商利維喜開發股份有限公司台灣分公司,臺北市,中山區,臺北市中山區中山北路2段81號,LAC益菌群75B膠囊食品30顆,114/8/12,標示,合格,,,
12025,悠活原力股份有限公司,臺北市,中山區,臺北市中山區民權東路2段42號2樓,日敏立清益生菌鳳梨口味粉末食品,114/8/19,標示,合格,,,
12026,悠活原力股份有限公司,臺北市,中山區,臺北市中山區民權東路2段42號2樓,YOHO敏立清乳鐵蛋白益生菌乳酸口味,114/8/19,標示,合格,,,
12027,悠活原力股份有限公司,臺北市,中山區,臺北市中山區民權東路2段42號2樓,敏立清PLUS益生菌乳酸口味,114/8/19,標示,合格,,,
12123,新加坡商利維喜開發股份有限公司台灣分公司,臺北市,中山區,臺北市中山區中山北路2段81號,LAC益菌群25B粉末–優格口味,114/8/18,菌種鑑別、乳酸菌量,合格,,,
12124,惠生研生物科技股份有限公司,臺北市,南港區,臺北市南港區忠孝東路7段508號8樓,Inseed益菌寶乳酸菌粉劑食品,114/8/19,食品微生物、菌種鑑別,合格,,,
12125,悠活原力股份有限公司,臺北市,中山區,臺北市中山區民權東路2段42號2樓,日敏立清益生菌鳳梨口味粉末食品,114/8/19,菌種鑑別,合格,,,
12250,台灣迪卡儂有限公司內湖營業所(台灣迪卡儂有限公司台北內湖店),臺北市,內湖區,臺北市內湖區新湖路1段128巷36號1樓,水瓶,114/9/15,食品器具容器包裝衛生標準(塑膠類),合格,,,
12252,台灣大創百貨股份有限公司,臺北市,士林區,臺北市士林區忠誠路2段55號12樓,矽膠保鮮膜,114/9/17,食品器具容器包裝衛生標準(塑膠類),合格,,,
12254,遠百企業股份有限公司景美分公司(愛買景美店),臺北市,文山區,臺北市文山區景中街30巷12號1至2樓,樂扣樂扣莫蘭迪雙面PP料理砧板,114/9/15,食品器具容器包裝衛生標準(塑膠類),合格,,,
12511,台灣迪卡儂有限公司內湖營業所(台灣迪卡儂有限公司台北內湖店),臺北市,內湖區,臺北市內湖區新湖路1段128巷36號1樓,水瓶,114/9/15,食品器具容器包裝衛生標準(塑膠類),合格,,,
12512,台灣大創百貨股份有限公司,臺北市,士林區,臺北市士林區忠誠路2段55號12樓,矽膠保鮮膜,114/9/17,食品器具容器包裝衛生標準(塑膠類),合格,,,
12513,遠百企業股份有限公司景美分公司(愛買景美店),臺北市,文山區,臺北市文山區景中街30巷12號1至2樓,樂扣樂扣莫蘭迪雙面PP料理砧板,114/9/15,食品器具容器包裝衛生標準(塑膠類),合格,,,
12611,台灣迪卡儂有限公司內湖營業所(台灣迪卡儂有限公司台北內湖店),臺北市,內湖區,臺北市內湖區新湖路1段128巷36號1樓,水瓶,114/9/15,標示,合格,,,
12612,台灣大創百貨股份有限公司(DAISO),臺北市,士林區,臺北市士林區忠誠路2段55號12樓,矽膠保鮮膜,114/9/17,標示,合格,,,
12613,遠百企業股份有限公司景美分公司(愛買景美店),臺北市,文山區,臺北市文山區景中街30巷12號1至2樓,4.5吋紙碗,114/9/15,標示,合格,,,
12614,遠百企業股份有限公司景美分公司(愛買景美店),臺北市,文山區,臺北市文山區景中街30巷12號1至2樓,9吋印花紙盤-10入,114/9/15,標示,合格,,,
12615,高佳林實業股份有限公司,臺北市,內湖區,臺北市內湖區新湖一路89號3樓,樂扣樂扣莫蘭迪雙面PP料理砧板,114/9/15,標示,不合格,違反食安法第26條規定，依同法第47條裁處,30000,
12618,台灣無印良品股份有限公司(無印良品南西門市),臺北市,松山區,臺北市松山區八德路4段760號13樓,攜帶式透明水壺/800mL,114/9/15,標示,合格,,,
12619,台灣無印良品股份有限公司(無印良品南西門市),臺北市,松山區,臺北市松山區八德路4段760號13樓,攜帶式透明隨行杯/540mL,114/9/15,標示,合格,,,
12620,台灣無印良品股份有限公司(無印良品南西門市),臺北市,松山區,臺北市松山區八德路4段760號13樓,附扣透明保存容器/1.94L,114/9/15,標示,合格,,,
12719,捍陞有限公司,臺北市,北投區,臺北市北投區承德路7段352號5F,"不沾披薩(圓型)烤盤(8"")",114/9/4,標示,不合格,違反食安法第26條規定，依同法第47條裁處,30000,
12757,台灣迪卡儂有限公司內湖營業所(台灣迪卡儂有限公司台北內湖店),臺北市,內湖區,臺北市內湖區新湖路1段128巷36號1樓,水瓶,114/9/15,標示,合格,,,
12758,台灣大創百貨股份有限公司(DAISO),臺北市,士林區,臺北市士林區忠誠路2段55號12樓,矽膠保鮮膜,114/9/17,標示,合格,,,
12759,遠百企業股份有限公司景美分公司(愛買景美店),臺北市,文山區,臺北市文山區景中街30巷12號1至2樓,4.5吋紙碗,114/9/15,標示,合格,,,
12760,遠百企業股份有限公司景美分公司(愛買景美店),臺北市,文山區,臺北市文山區景中街30巷12號1至2樓,9吋印花紙盤-10入,114/9/15,標示,合格,,,
12761,高佳林實業股份有限公司,臺北市,內湖區,臺北市內湖區新湖一路89號3樓,樂扣樂扣莫蘭迪雙面PP料理砧板,114/9/15,標示,不合格,違反食安法第26條規定，依同法第47條裁處,30000,
12764,台灣無印良品股份有限公司(無印良品南西門市),臺北市,松山區,臺北市松山區八德路4段760號13樓,攜帶式透明水壺/800mL,114/9/15,標示,合格,,,
12765,台灣無印良品股份有限公司(無印良品南西門市),臺北市,松山區,臺北市松山區八德路4段760號13樓,攜帶式透明隨行杯/540mL,114/9/15,標示,合格,,,
12766,台灣無印良品股份有限公司(無印良品南西門市),臺北市,松山區,臺北市松山區八德路4段760號13樓,附扣透明保存容器/1.94L,114/9/15,標示,合格,,,
12865,捍陞有限公司,臺北市,北投區,臺北市北投區承德路7段352號5F,"不沾披薩(圓型)烤盤(8"")",114/9/4,標示,不合格,違反食安法第26條規定，依同法第47條裁處,30000,
12881,人禾商行,臺北市,信義區,臺北市信義區忠孝東路5段394號,澎湖鮮凍去殼牡蠣,114/6/4,戴奧辛、戴奧辛類多氯聯苯及6項指標性非戴奧辛類多氯聯苯,合格,,,
12882,棉花田生機園地股份有限公司東湖門市,臺北市,內湖區,臺北市內湖區東湖路126號,產銷履歷午仔魚三去,114/6/4,戴奧辛、戴奧辛類多氯聯苯及6項指標性非戴奧辛類多氯聯苯,合格,,,
12883,永豐餘生技股份有限公司永春分公司,臺北市,信義區,臺北市信義區忠孝東路5段439號,現撈野生午仔(中),114/6/4,戴奧辛、戴奧辛類多氯聯苯及6項指標性非戴奧辛類多氯聯苯,合格,,,
12884,泉勝科技股份有限公司公館門市,臺北市,中正區,臺北市中正區辛亥路1段10號,養殖香魚整隻(母),114/6/4,戴奧辛、戴奧辛類多氯聯苯及6項指標性非戴奧辛類多氯聯苯,合格,,,
12885,臺北漁產運銷股份有限公司,臺北市,中山區,臺北市中山區民族東路410巷2弄18.20號,龍膽石斑清肉,114/6/4,戴奧辛、戴奧辛類多氯聯苯及6項指標性非戴奧辛類多氯聯苯,合格,,,
12886,臺北漁產運銷股份有限公司,臺北市,中山區,臺北市中山區民族東路410巷2弄18.20號,香魚,114/6/4,戴奧辛、戴奧辛類多氯聯苯及6項指標性非戴奧辛類多氯聯苯,合格,,,
12915,統健實業股份有限公司永春站門市(聖德科斯),臺北市,信義區,臺北市信義區忠孝東路五段394號,鮮乳(秀姑巒鮮乳),114/7/15,戴奧辛、戴奧辛類多氯聯苯及6項指標性非戴奧辛類多氯聯苯,合格,,,
12983,立峯蛋行,臺北市,北投區,臺北市北投區八仙里北投路1段39號,-,114/6/21,GHP,合格,,,
12984,振禾蛋店,臺北市,中正區,臺北市中正區詔安街40之8號,-,114/7/15,GHP,合格,,,
13055,立峯蛋行,臺北市,北投區,臺北市北投區八仙里北投路1段39號,未殺菌蛋白,114/6/21,標示,合格,,,
13056,立峯蛋行,臺北市,北投區,臺北市北投區八仙里北投路1段39號,未殺菌蛋黃,114/6/21,標示,合格,,,
13057,振禾蛋店,臺北市,中正區,臺北市中正區詔安街40之8號,未殺菌蛋黃液,114/6/25,標示,合格,,,
13058,振禾蛋店,臺北市,中正區,臺北市中正區詔安街40之8號,未殺菌蛋白液,114/6/25,標示,合格,,,
13234,立峯蛋行,臺北市,北投區,臺北市北投區八仙里北投路1段39號,未殺菌蛋白,114/6/21,食品中微生物,合格,,,
13235,立峯蛋行,臺北市,北投區,臺北市北投區八仙里北投路1段39號,未殺菌蛋黃,114/6/21,食品中微生物,合格,,,
13236,振禾蛋店,臺北市,中正區,臺北市中正區詔安街40之8號,未殺菌蛋黃液,114/6/25,食品中微生物,合格,,,
13237,振禾蛋店,臺北市,中正區,臺北市中正區詔安街40之8號,未殺菌蛋白液,114/6/25,食品中微生物,合格,,,
13367,立峯蛋行,臺北市,北投區,臺北市北投區八仙里北投路1段39號,常溫生鮮原料蛋,114/6/21,動物用藥殘留,合格,,,
13368,振禾蛋店,臺北市,中正區,臺北市中正區詔安街40之8號,雞蛋,114/6/25,動物用藥殘留,合格,,,
13435,立峯蛋行,臺北市,北投區,臺北市北投區八仙里北投路1段39號,常溫生鮮原料蛋,114/6/21,農藥殘留,合格,,,
13436,振禾蛋店,臺北市,中正區,臺北市中正區詔安街40之8號,雞蛋,114/6/25,農藥殘留,合格,,,
13503,扶陞貿易有限公司,臺北市,士林區,臺北市士林區大南路419號8樓,保衛佳®膠囊,114/8/6,標示,不合格,違反健康食品管理法第13條規定，依同法第23條裁處,30000,
13512,美強生營養品股份有限公司,臺北市,大安區,臺北市大安區仁愛路三段136號6樓  ,ENFA智睿1嬰兒配方-新升級,114/7/23,標示,合格,,,嬰幼兒食品
13513,美強生營養品股份有限公司,臺北市,大安區,臺北市大安區仁愛路三段136號6樓  ,親舒水解1部分水解蛋白嬰兒配方(新配方),114/7/23,標示,合格,,,嬰幼兒食品
13514,美強生營養品股份有限公司,臺北市,大安區,臺北市大安區仁愛路三段136號6樓  ,ENFA鉑睿1嬰兒配方-新升級,114/7/23,標示,合格,,,嬰幼兒食品
13515,裕利股份有限公司,臺北市,松山區,臺北市松山區南京東路4段126號10樓、10樓之1至之3  ,愛他美PROSYNEO部分水解蛋白嬰兒配方,114/7/22,標示,合格,,,嬰幼兒食品
13516,裕利股份有限公司,臺北市,松山區,臺北市松山區南京東路4段126號10樓、10樓之1至之3  ,諾優能金版初生嬰兒配方,114/7/22,標示,合格,,,嬰幼兒食品
13517,裕利股份有限公司,臺北市,松山區,臺北市松山區南京東路4段126號10樓、10樓之1至之3  ,APTAMILPROFUTURA愛他美較大嬰兒配方,114/7/22,標示,合格,,,嬰幼兒食品
13518,端強實業股份有限公司,臺北市,中山區,臺北市中山區松江路72號3樓  ,新安琪兒安哺嬰兒配方-酸化新配方,114/7/21,標示,合格,,,嬰幼兒食品
13519,端強實業股份有限公司,臺北市,中山區,臺北市中山區松江路72號3樓  ,新安琪兒安哺GOLD嬰兒配方,114/7/21,標示,合格,,,嬰幼兒食品
13520,端強實業股份有限公司,臺北市,中山區,臺北市中山區松江路72號3樓  ,新安琪兒臻護SuperCare嬰兒配方,114/7/21,標示,合格,,,嬰幼兒食品
13597,台灣卡多摩嬰童館股份有限公司台北大安分公司,臺北市,大安區,臺北市大安區大安路二段104號,ENFAALL純睿-嬰兒配方,114/7/23,重金屬,合格,,,嬰幼兒食品
13598,台灣卡多摩嬰童館股份有限公司台北大安分公司,臺北市,大安區,臺北市大安區大安路二段104號,ENFAALL純睿-嬰兒配方,114/7/23,黃麴毒素M1,合格,,,嬰幼兒食品
13599,台灣卡多摩嬰童館股份有限公司台北大安分公司,臺北市,大安區,臺北市大安區大安路二段104號,ENFAALL純睿-嬰兒配方,114/7/23,苯駢芘,合格,,,嬰幼兒食品
13600,台灣卡多摩嬰童館股份有限公司台北大安分公司,臺北市,大安區,臺北市大安區大安路二段104號,ENFAALL純睿-嬰兒配方,114/7/23,縮水甘油脂肪酸酯,合格,,,嬰幼兒食品
13601,台灣卡多摩嬰童館股份有限公司台北大安分公司,臺北市,大安區,臺北市大安區大安路二段104號,ENFAALL純睿-嬰兒配方,114/7/23,食品微生物,合格,,,嬰幼兒食品
13602,台灣卡多摩嬰童館股份有限公司台北大安分公司,臺北市,大安區,臺北市大安區大安路二段104號,ENFA智睿1嬰兒配方-新升級,114/7/23,重金屬,合格,,,嬰幼兒食品
13603,台灣卡多摩嬰童館股份有限公司台北大安分公司,臺北市,大安區,臺北市大安區大安路二段104號,ENFA智睿1嬰兒配方-新升級,114/7/23,黃麴毒素M1,合格,,,嬰幼兒食品
13604,台灣卡多摩嬰童館股份有限公司台北大安分公司,臺北市,大安區,臺北市大安區大安路二段104號,ENFA智睿1嬰兒配方-新升級,114/7/23,苯駢芘,合格,,,嬰幼兒食品
13605,台灣卡多摩嬰童館股份有限公司台北大安分公司,臺北市,大安區,臺北市大安區大安路二段104號,ENFA智睿1嬰兒配方-新升級,114/7/23,縮水甘油脂肪酸酯,合格,,,嬰幼兒食品
13606,裕利股份有限公司,臺北市,松山區,臺北市松山區南京東路4段126號10樓、10樓之1至之3  ,諾優能金版初生嬰兒配方,114/7/22,重金屬,合格,,,嬰幼兒食品
13607,裕利股份有限公司,臺北市,松山區,臺北市松山區南京東路4段126號10樓、10樓之1至之3  ,諾優能金版初生嬰兒配方,114/7/22,黃麴毒素M1,合格,,,嬰幼兒食品
13608,裕利股份有限公司,臺北市,松山區,臺北市松山區南京東路4段126號10樓、10樓之1至之3  ,諾優能金版初生嬰兒配方,114/7/22,苯駢芘,合格,,,嬰幼兒食品
13609,裕利股份有限公司,臺北市,松山區,臺北市松山區南京東路4段126號10樓、10樓之1至之3  ,諾優能金版初生嬰兒配方,114/7/22,縮水甘油脂肪酸酯,合格,,,嬰幼兒食品
13610,裕利股份有限公司,臺北市,松山區,臺北市松山區南京東路4段126號10樓、10樓之1至之3  ,諾優能金版初生嬰兒配方,114/7/22,食品微生物,合格,,,嬰幼兒食品
13611,裕利股份有限公司,臺北市,松山區,臺北市松山區南京東路4段126號10樓、10樓之1至之3  ,愛他美PROSYNEO部分水解蛋白嬰兒配方,114/7/22,重金屬,合格,,,嬰幼兒食品
13612,裕利股份有限公司,臺北市,松山區,臺北市松山區南京東路4段126號10樓、10樓之1至之3  ,愛他美PROSYNEO部分水解蛋白嬰兒配方,114/7/22,黃麴毒素M1,合格,,,嬰幼兒食品
13613,裕利股份有限公司,臺北市,松山區,臺北市松山區南京東路4段126號10樓、10樓之1至之3  ,愛他美PROSYNEO部分水解蛋白嬰兒配方,114/7/22,苯駢芘,合格,,,嬰幼兒食品
13614,裕利股份有限公司,臺北市,松山區,臺北市松山區南京東路4段126號10樓、10樓之1至之3  ,愛他美PROSYNEO部分水解蛋白嬰兒配方,114/7/22,縮水甘油脂肪酸酯,合格,,,嬰幼兒食品
13615,美康正康藥局,臺北市,中山區,臺北市中山區北安路616之1號、618號2樓之1,新安琪兒安哺GOLD嬰兒配方,114/7/21,重金屬,合格,,,嬰幼兒食品
13616,美康正康藥局,臺北市,中山區,臺北市中山區北安路616之1號、618號2樓之1,新安琪兒安哺GOLD嬰兒配方,114/7/21,黃麴毒素M1,合格,,,嬰幼兒食品
13617,美康正康藥局,臺北市,中山區,臺北市中山區北安路616之1號、618號2樓之1,新安琪兒安哺GOLD嬰兒配方,114/7/21,苯駢芘,合格,,,嬰幼兒食品
13618,美康正康藥局,臺北市,中山區,臺北市中山區北安路616之1號、618號2樓之1,新安琪兒安哺GOLD嬰兒配方,114/7/21,縮水甘油脂肪酸酯,合格,,,嬰幼兒食品
13619,美康正康藥局,臺北市,中山區,臺北市中山區北安路616之1號、618號2樓之1,新安琪兒安哺GOLD嬰兒配方,114/7/21,食品微生物,合格,,,嬰幼兒食品
13620,美康正康藥局,臺北市,中山區,臺北市中山區北安路616之1號、618號2樓之1,新安琪兒安哺嬰兒配方-酸化新配方,114/7/21,重金屬,合格,,,嬰幼兒食品
13621,美康正康藥局,臺北市,中山區,臺北市中山區北安路616之1號、618號2樓之1,新安琪兒安哺嬰兒配方-酸化新配方,114/7/21,黃麴毒素M1,合格,,,嬰幼兒食品
13622,美康正康藥局,臺北市,中山區,臺北市中山區北安路616之1號、618號2樓之1,新安琪兒安哺嬰兒配方-酸化新配方,114/7/21,苯駢芘,合格,,,嬰幼兒食品
13623,美康正康藥局,臺北市,中山區,臺北市中山區北安路616之1號、618號2樓之1,新安琪兒安哺嬰兒配方-酸化新配方,114/7/21,縮水甘油脂肪酸酯,合格,,,嬰幼兒食品
13690,家福股份有限公司臺北重慶分公司,臺北市,大同區,臺北市大同區重慶北路2段171號,白米,114/7/7,重金屬,合格,,,
13691,棉花田生機園地股份有限公司內湖門市,臺北市,內湖區,臺北市內湖區成功路3段181號,有機白米,114/9/3,重金屬,合格,,,
13692,棉花田生機園地股份有限公司內湖門市,臺北市,內湖區,臺北市內湖區成功路3段181號,小麥胚芽,114/9/3,重金屬,合格,,,
13722,家福股份有限公司臺北重慶分公司,臺北市,大同區,臺北市大同區重慶北路2段171號,九層塔,114/7/7,重金屬,合格,,,
13723,家福股份有限公司臺北重慶分公司,臺北市,大同區,臺北市大同區重慶北路2段171號,肉桂粉,114/7/7,重金屬,合格,,,
13724,瑞康生醫科技股份有限公司,臺北市,松山區,臺北市松山區南京東路4段53巷7弄6號,臺灣巴西蘑菇乾菇,114/7/4,重金屬,合格,,,
13725,千家食堂,臺北市,大安區,臺北市大安區仁愛路四段300巷19弄6號,巴西蘑菇,114/9/2,重金屬,不合格,違反食安法第47條第11款規定,30000,
13726,沅馥食品有限公司,臺北市,大同區,臺北市大同區迪化街1段65號,竹笙,114/9/2,重金屬,合格,,,
13727,橘色涮涮屋火鍋店大安分店,臺北市,大安區,臺北市大安區大安路1段135號,特級竹笙,114/9/2,重金屬,合格,,,
13791,海園水產有限公司,臺北市,中山區,臺北市中山區民族東路410巷23弄4號,活鮑魚(70-90g),114/9/2,重金屬,合格,,,
13792,濱江漁屋台,臺北市,中山區,臺北市中山區龍江路370巷65號,(生食用)冷凍海膽,114/9/2,重金屬,合格,,,
13793,榮濱商圈-珍興水產,臺北市,中山區,臺北市中山區民族東路410巷(4區店009號),海膽,114/9/2,重金屬,合格,,,
13794,臺北漁產零批理貨場-郭振賢(8排10號攤),臺北市,萬華區,臺北市萬華區萬大路531號,帶魚,114/9/2,重金屬,合格,,,
13810,全家便利商店股份有限公司臺北市第632分公司,臺北市,士林區,臺北市士林區士東路86號1樓,鮮榨蘋果原汁,114/7/3,重金屬,合格,,,
13821,格銳國際實業有限公司,臺北市,中正區,臺北市中正區信義路2段1之4號1樓,歐特有機亞麻仁籽,114/7/1,重金屬,合格,,,
13822,棉花田生機園地股份有限公司信義門市,臺北市,中正區,臺北市中正區金山南路1段139-1號1樓及2樓,西伯利亞野生松子,114/7/1,重金屬,合格,,,
13837,棉花田生機園地股份有限公司信義門市,臺北市,中正區,臺北市中正區金山南路1段139-1號,野生胭脂蝦仁,114/7/1,重金屬,合格,,,
13838,全聯實業股份有限公司士林社子分公司,臺北市,士林區,臺北市士林區社正路59號61及61之1號1樓,船凍透抽,114/7/1,重金屬,合格,,,
13839,統康生活事業股份有限公司臺北101分公司,臺北市,信義區,臺北市信義區市府路45號B1,冷凍牡蠣肉,114/7/2,重金屬,合格,,,
13840,統康生活事業股份有限公司臺北101分公司,臺北市,信義區,臺北市信義區市府路45號B1,爭鮮北海道生干貝,114/7/2,重金屬,合格,,,
13885,統一生活事業股份有限公司臺北市第四十二分公司,臺北市,中山區,臺北市中山區松江路307號1、2樓,大研EPA1200頂級魚油軟膠囊,114/9/2,重金屬,合格,,,
13895,點點心股份有限公司,臺北市,士林區,臺北市士林區忠誠路2段55號B1,松花皮旦,114/7/8,重金屬,合格,,,
13896,裕霖餐飲股份有限公司,臺北市,士林區,臺北市士林區忠誠路2段55號12樓,皮蛋,114/7/8,重金屬,合格,,,
13897,嘉億蛋行,臺北市,大安區,臺北市大安區和平東路2段118巷54弄11號,雞蛋,114/9/3,重金屬,合格,,,
13898,嘉億蛋行,臺北市,大安區,臺北市大安區和平東路2段118巷54弄11號,皮蛋,114/9/3,重金屬,合格,,,
13951,北投春天藥局,臺北市,北投區,臺北市北投區中央南路1段76號,親舒水解3部分水解蛋白幼兒成長配方,114/7/1,重金屬,合格,,,嬰幼兒食品
13952,統康生活事業股份有限公司(松山光復分公司),臺北市,松山區,臺北市松山區光復北路198號,桂格有機米精,114/9/3,重金屬,合格,,,嬰幼兒食品
14019,123甘草芭樂,臺北市,士林區,臺北市士林區中正路679-1號一樓,–,114/7/31,GHP,合格,,,
14021,CoCo壱番屋,臺北市,士林區,臺北市士林區士商路189號B1,–,114/8/6,GHP,合格,,,
14023,MisterDonut-101,臺北市,信義區,臺北市信義區市府路45號B1,–,114/10/1,GHP,合格,,,
14025,小南門食品股份有限公司(小南門豆花捷運店),臺北市,中正區,臺北市中正區忠孝西路一段49號b1,–,114/7/8,GHP,合格,,,
14027,云之南美食坊(云滇),臺北市,大安區,臺北市大安區忠孝東路四段49巷4弄14號,–,114/9/30,GHP,合格,,,
14029,天天菜,臺北市,松山區,臺北市松山區民生東路4段56巷1弄2號,–,114/7/21,GHP,合格,,,
14031,古早味絕配雞魯飯,臺北市,中山區,臺北市中山區合江街124號2樓,–,114/10/14,GHP,合格,,,
14033,百變全球餐飲股份有限公司光復分公司,臺北市,松山區,臺北市松山區光復北路8號,–,114/7/21,GHP,合格,,,
14035,百變全球餐飲股份有限公司,臺北市,信義區,臺北市信義區忠孝東路五段790巷25弄9號1樓,–,114/7/9,GHP,合格,,,
14037,艾叻沙慶城店,臺北市,松山區,臺北市松山區慶城街1號B1,–,114/7/24,GHP,合格,,,
14039,來福企業社(燴飯達人),臺北市,中山區,臺北市中山區新生北路2段41巷36號,–,114/8/6,GHP,合格,,,
14041,阿麗越南河粉,臺北市,大同區,臺北市大同區萬全街32巷10號,–,114/10/14,GHP,合格,,,
14043,姥干爹酸菜魚(老干爹),臺北市,文山區,臺北市文山區羅斯福路5段287號2樓,–,114/7/8,GHP,合格,,,
14045,泉源咖啡煎焙所,臺北市,北投區,臺北市北投區泉源路58號,–,114/7/15,GHP,合格,,,
14047,茗香園冰室,臺北市,大同區,臺北市大同區南京西路18巷6號2樓之1,–,114/8/4,GHP,合格,,,
14049,老饕廚房,臺北市,文山區,臺北市文山區景文街137號2樓,–,114/7/25,GHP,合格,,,
14051,和德昌股份有限公司(麥當勞民生III分店),臺北市,大同區,臺北市大同區民生西路55號1樓,–,114/7/8,GHP,合格,,,
14053,勝成餐飲股份有限公司(勝博殿三創店),臺北市,中正區,臺北市中正區市民大道三段2號B2,–,114/7/28,GHP,合格,,,
14055,啾咖啡,臺北市,大安區,臺北市大安區忠孝東路四段223巷47號,–,114/7/9,GHP,合格,,,
14057,誠記河粉公司-慶城店,臺北市,松山區,臺北市松山區慶城街1號地下1樓,–,114/7/16,GHP,合格,,,
14059,路易莎咖啡有限公司-基河新光店,臺北市,士林區,臺北市士林區基河路250號之1,–,114/8/7,GHP,合格,,,
14061,路易莎咖啡-忠孝延吉店,臺北市,大安區,臺北市大安區延吉街137巷4號1樓、B1,–,114/7/9,GHP,合格,,,
14063,路易莎咖啡-研究院路門市,臺北市,南港區,臺北市南港區忠孝東路七段620號B1+1F,–,114/7/7,GHP,合格,,,
14065,鴉片粉圓,臺北市,士林區,臺北市士林區中正路340號1樓,–,114/9/15,GHP,合格,,,
14067,蘇杭小館(蘇杭點心店古亭店),臺北市,中正區,臺北市中正區羅斯福路2段14號1樓,–,114/7/7,GHP,合格,,,
14174,123甘草芭樂,臺北市,士林區,臺北市士林區中正路679-1號一樓,–,114/7/15,標示,合格,,,
14176,CoCo壱番屋,臺北市,士林區,臺北市士林區士商路189號B1,–,114/7/7,標示,合格,,,
14178,MisterDonut-101,臺北市,信義區,臺北市信義區市府路45號B1,–,114/7/9,標示,合格,,,
14180,小南門食品股份有限公司(小南門豆花捷運店),臺北市,中正區,臺北市中正區忠孝西路一段49號b1,–,114/7/8,標示,合格,,,
14182,云之南美食坊(云滇),臺北市,大安區,臺北市大安區忠孝東路四段49巷4弄14號,–,114/9/30,標示,合格,,,
14184,天天菜,臺北市,松山區,臺北市松山區民生東路4段56巷1弄2號,–,114/7/21,標示,合格,,,
14186,古早味絕配雞魯飯,臺北市,中山區,臺北市中山區合江街124號2樓,–,114/9/2,標示,合格,,,
14188,百變全球餐飲股份有限公司光復分公司,臺北市,松山區,臺北市松山區光復北路8號,–,114/7/21,標示,合格,,,
14190,百變全球餐飲股份有限公司,臺北市,信義區,臺北市信義區忠孝東路五段790巷25弄9號1樓,–,114/7/9,標示,合格,,,
14192,艾叻沙慶城店,臺北市,松山區,臺北市松山區慶城街1號B1,–,114/7/24,標示,合格,,,
14194,來福企業社(燴飯達人),臺北市,中山區,臺北市中山區新生北路2段41巷36號,–,114/8/6,標示,合格,,,
14196,阿麗越南河粉,臺北市,大同區,臺北市大同區萬全街32巷10號,–,114/7/8,標示,合格,,,
14198,姥干爹酸菜魚(老干爹),臺北市,文山區,臺北市文山區羅斯福路5段287號2樓,–,114/7/8,標示,合格,,,
14200,泉源咖啡煎焙所,臺北市,北投區,臺北市北投區泉源路58號,–,114/7/15,標示,合格,,,
14202,茗香園冰室,臺北市,大同區,臺北市大同區南京西路18巷6號2樓之1,–,114/7/8,標示,合格,,,
14204,老饕廚房,臺北市,文山區,臺北市文山區景文街137號2樓,–,114/7/8,標示,合格,,,
14206,和德昌股份有限公司(麥當勞民生III分店),臺北市,大同區,臺北市大同區民生西路55號1樓,–,114/7/8,標示,合格,,,
14208,勝成餐飲股份有限公司(勝博殿三創店),臺北市,中正區,臺北市中正區市民大道三段2號B2,–,114/7/10,標示,合格,,,
14210,啾咖啡,臺北市,大安區,臺北市大安區忠孝東路四段223巷47號,–,114/7/9,標示,合格,,,
14212,誠記河粉公司-慶城店,臺北市,松山區,臺北市松山區慶城街1號地下1樓,–,114/7/16,標示,合格,,,
14214,路易莎咖啡有限公司-基河新光店,臺北市,士林區,臺北市士林區基河路250號之1,–,114/7/7,標示,合格,,,
14216,路易莎咖啡-忠孝延吉店,臺北市,大安區,臺北市大安區延吉街137巷4號1樓、B1,–,114/7/9,標示,合格,,,
14218,路易莎咖啡-研究院路門市,臺北市,南港區,臺北市南港區忠孝東路七段620號B1+1F,–,114/7/7,標示,合格,,,
14220,鴉片粉圓,臺北市,士林區,臺北市士林區中正路340號1樓,–,114/7/4,標示,合格,,,
14222,蘇杭小館(蘇杭點心店古亭店),臺北市,中正區,臺北市中正區羅斯福路2段14號1樓,–,114/7/7,標示,合格,,,
14691,123甘草芭樂,臺北市,士林區,臺北市士林區中正路679-1號一樓,茉香綠茶(無糖),114/7/15,食品微生物,合格,,,
14692,CoCo壱番屋,臺北市,士林區,臺北市士林區士商路189號B1,小沙拉,114/7/7,食品微生物,合格,,,
14693,MisterDonut-101,臺北市,信義區,臺北市信義區市府路45號B1,台灣無糖青茶(含冰塊),114/7/9,食品微生物,合格,,,
14694,小南門食品股份有限公司(小南門豆花捷運店),臺北市,中正區,臺北市中正區忠孝西路一段49號b1,仙草冰(不含配料),114/8/11,食品微生物,合格,,,
14695,云之南美食坊(云滇),臺北市,大安區,臺北市大安區忠孝東路四段49巷4弄14號,米線,114/7/9,邦克列酸,合格,,,
14696,云之南美食坊(云滇),臺北市,大安區,臺北市大安區忠孝東路四段49巷4弄14號,彝族涼拌米線(原味),114/7/9,食品微生物,合格,,,
14697,天天菜,臺北市,松山區,臺北市松山區民生東路4段56巷1弄2號,麻婆豆腐波奇碗,114/7/7,食品微生物,合格,,,
14698,古早味絕配雞魯飯,臺北市,中山區,臺北市中山區合江街124號2樓,肉燥乾意麵,114/7/8,食品微生物,合格,,,
14699,百變全球餐飲股份有限公司光復分公司,臺北市,松山區,臺北市松山區光復北路8號,雞柳便當,114/7/7,食品微生物,合格,,,
14700,百變全球餐飲股份有限公司,臺北市,信義區,臺北市信義區忠孝東路五段790巷25弄9號1樓,BBQ醬手撕豬便當,114/7/9,食品微生物,合格,,,
14701,艾叻沙慶城店,臺北市,松山區,臺北市松山區慶城街1號B1,柚香甜蘿蔔,114/7/7,食品微生物,合格,,,
14702,來福企業社(燴飯達人),臺北市,中山區,臺北市中山區新生北路2段41巷36號,雞腿飯,114/7/8,食品微生物,合格,,,
14703,阿麗越南河粉,臺北市,大同區,臺北市大同區萬全街32巷10號,打拋豬飯(不辣),114/7/8,食品微生物,合格,,,
14704,阿麗越南河粉,臺北市,大同區,臺北市大同區萬全街32巷10號,河粉,114/7/8,邦克列酸,合格,,,
14705,姥干爹酸菜魚(老干爹),臺北市,文山區,臺北市文山區羅斯福路5段287號2樓,金湯酸菜魚,114/7/8,食品微生物,合格,,,
14706,泉源咖啡煎焙所,臺北市,北投區,臺北市北投區泉源路58號,經典黑咖啡(加冰塊),114/7/15,食品微生物,合格,,,
14707,茗香園冰室,臺北市,大同區,臺北市大同區南京西路18巷6號2樓之1,滑蛋牛肉飯,114/7/8,食品微生物,合格,,,
14708,老饕廚房,臺北市,文山區,臺北市文山區景文街137號2樓,炙燒梅花豬肉飯,114/7/8,食品微生物,合格,,,
14709,和德昌股份有限公司(麥當勞民生III分店),臺北市,大同區,臺北市大同區民生西路55號1樓,四季沙拉,114/7/8,食品微生物,合格,,,
14710,勝成餐飲股份有限公司(勝博殿三創店),臺北市,中正區,臺北市中正區市民大道三段2號B2,可樂(不含冰塊),114/7/8,食品微生物,合格,,,
14711,啾咖啡,臺北市,大安區,臺北市大安區忠孝東路四段223巷47號,美式,114/7/9,食品微生物,合格,,,
14712,誠記河粉公司-慶城店,臺北市,松山區,臺北市松山區慶城街1號地下1樓,涼拌木瓜絲,114/7/7,食品微生物,合格,,,
14713,路易莎咖啡有限公司-基河新光店,臺北市,士林區,臺北市士林區基河路250號之1,精選英式紅茶,114/7/7,食品微生物,合格,,,
14714,路易莎咖啡-忠孝延吉店,臺北市,大安區,臺北市大安區延吉街137巷4號1樓、B1,精選英式紅茶(無糖少冰),114/7/9,食品微生物,合格,,,
14715,路易莎咖啡-研究院路門市,臺北市,南港區,臺北市南港區忠孝東路七段620號B1+1F,錫蘭紅茶(含冰塊),114/7/7,食品微生物,合格,,,
14716,鴉片粉圓,臺北市,士林區,臺北市士林區中正路340號1樓,粉圓,114/7/7,食品微生物,合格,,,
14717,蘇杭小館(蘇杭點心店古亭店),臺北市,中正區,臺北市中正區羅斯福路2段14號1樓,重酥芋泥松子,114/7/8,食品微生物,合格,,,
15037,大潤發流通事業股份有限公司南湖分公司,臺北市,內湖區,臺北市內湖區舊宗路1段188號,-,114/4/22,GHP,合格,,,
15042,大潤發流通事業股份有限公司南湖分公司,臺北市,內湖區,臺北市內湖區舊宗路1段188號,金目鱸魚,114/4/22,標示,合格,,,
15043,大潤發流通事業股份有限公司南湖分公司,臺北市,內湖區,臺北市內湖區舊宗路1段188號,大城根島生態蝦,114/4/22,標示,合格,,,
15044,大潤發流通事業股份有限公司南湖分公司,臺北市,內湖區,臺北市內湖區舊宗路1段188號,特選鮭魚後切,114/4/22,標示,合格,,,
15051,高利水產有限公司,臺北市,萬華區,臺北市萬華區桂林路242巷67號1樓,天鑽特大蝦仁,114/5/2,標示,不合格,違反食安法第22條及第28條規定，依同法第45條裁處,40000,
15052,高利水產有限公司,臺北市,萬華區,臺北市萬華區桂林路242巷67號1樓,新鮮蝦仁,114/5/2,標示,不合格,違反食安法第28條規定，依同法第45條裁處,40000,
15057,大潤發流通事業股份有限公司南湖分公司,臺北市,內湖區,臺北市內湖區舊宗路1段188號,冷凍生白蝦,114/4/22,重金屬,合格,,,
15060,大潤發流通事業股份有限公司南湖分公司,臺北市,內湖區,臺北市內湖區舊宗路1段188號,冷凍生白蝦,114/4/22,動物用藥,合格,,,
15063,大潤發流通事業股份有限公司南湖分公司,臺北市,內湖區,臺北市內湖區舊宗路1段188號,現流蝦仁,114/4/22,磷酸鹽,合格,,,
15067,大潤發流通事業股份有限公司南湖分公司,臺北市,內湖區,臺北市內湖區舊宗路1段188號,冷凍草蝦,114/4/22,硼酸及其鹽類、漂白劑,合格,,,
15384,漢來美食股份有限公司(漢來海港),臺北市,士林區,臺北市士林區徳行里中山北路六段77號7樓,-,114/7/28,GHP,合格,-,,
15386,饗麻南港有限公司(饗麻饗辣PLUSLALAPORT南港店),臺北市,南港區,臺北市南港區經貿二路131號6樓,-,114/7/24,GHP,合格,-,,
15409,碳霸小吃店(胖肚肚燒肉),臺北市,中山區,臺北市中山區建國北路一段74號,-,114/7/31,GHP,合格,-,,
15411,眾勝實業有限公司(燒肉眾精緻炭火燒肉台北大安店),臺北市,大安區,臺北市大安區大安路一段51巷7號1樓,-,114/7/15,GHP,合格,-,,
15413,勁銘食品有限公司(串燒殿敦南店),臺北市,大安區,臺北市大安區敦化南路一段160巷24號,-,114/7/14,GHP,合格,-,,
15415,東鋪股份有限公司(潮肉壽喜燒敦南店),臺北市,大安區,臺北市大安區敦化南路一段160巷17號,-,114/7/14,GHP,合格,-,,
15417,金滿旺餐飲股份有限公司(糧倉1號頂級麻辣鴛鴦鍋松江店),臺北市,中山區,臺北市中山區松江路185號2樓、2樓之1,-,114/7/15,GHP,合格,-,,
15419,怡康國際有限公司(阿豬媽韓式烤肉吃到飽信義店),臺北市,信義區,臺北市信義區松壽路12號5樓,-,114/7/28,GHP,合格,-,,
15421,眾興實業有限公司(燒肉眾燒肉吃到飽),臺北市,萬華區,臺北市萬華區成都路66號2、3樓,-,114/7/18,GHP,合格,-,,
15423,品瑜實業有限公司(燒肉眾),臺北市,中山區,臺北市中山區吉林路181號1樓,-,114/7/31,GHP,合格,-,,
15425,復大股份有限公司(馬辣頂級麻辣鴛鴦火鍋復興店),臺北市,大安區,臺北市大安區復興南路一段152至162號4樓,-,114/7/17,GHP,合格,-,,
15427,立安呈有限公司(夯肉殿),臺北市,萬華區,臺北市萬華區漢中街42號3樓之2,-,114/9/3,GHP,合格,-,,
15429,上上鑫有限公司(胖肚肚燒肉),臺北市,松山區,臺北市松山區八德路四段108號2樓,-,114/9/4,GHP,合格,-,,
15458,碳霸小吃店(胖肚肚燒肉),臺北市,中山區,臺北市中山區建國北路一段74號,-,114/7/14,標示,合格,-,,
15460,眾勝實業有限公司(燒肉眾精緻炭火燒肉台北大安店),臺北市,大安區,臺北市大安區大安路一段51巷7號1樓,-,114/7/14,標示,合格,-,,
15462,勁銘食品有限公司(串燒殿敦南店),臺北市,大安區,臺北市大安區敦化南路一段160巷24號,-,114/7/14,標示,合格,-,,
15464,東鋪股份有限公司(潮肉壽喜燒敦南店),臺北市,大安區,臺北市大安區敦化南路一段160巷17號,-,114/7/14,標示,合格,-,,
15466,金滿旺餐飲股份有限公司(糧倉1號頂級麻辣鴛鴦鍋松江店),臺北市,中山區,臺北市中山區松江路185號2樓、2樓之1,-,114/7/15,標示,合格,-,,
15468,怡康國際有限公司(阿豬媽韓式烤肉吃到飽信義店),臺北市,信義區,臺北市信義區松壽路12號5樓,-,114/7/15,標示,合格,-,,
15470,眾興實業有限公司(燒肉眾燒肉吃到飽),臺北市,萬華區,臺北市萬華區成都路66號2、3樓,-,114/7/15,標示,合格,-,,
15472,品瑜實業有限公司(燒肉眾),臺北市,中山區,臺北市中山區吉林路181號1樓,-,114/7/16,標示,合格,-,,
15474,復大股份有限公司(馬辣頂級麻辣鴛鴦火鍋復興店),臺北市,大安區,臺北市大安區復興南路一段152至162號4樓,-,114/7/17,標示,合格,-,,
15476,立安呈有限公司(夯肉殿),臺北市,萬華區,臺北市萬華區漢中街42號3樓之2,-,114/7/22,標示,合格,-,,
15478,上上鑫有限公司(胖肚肚燒肉),臺北市,松山區,臺北市松山區八德路四段108號2樓,-,114/9/4,標示,合格,-,,
15630,漢來美食股份有限公司(漢來海港),臺北市,士林區,臺北市士林區徳行里中山北路六段77號7樓,-,114/7/14,標示,合格,-,,
15631,饗麻南港有限公司(饗麻饗辣PLUSLALAPORT南港店),臺北市,南港區,臺北市南港區經貿二路131號6樓,-,114/7/15,標示,合格,-,,
15698,碳霸小吃店(胖肚肚燒肉),臺北市,中山區,臺北市中山區建國北路一段74號,千島沙拉,114/7/14,食品微生物,合格,-,,
15699,碳霸小吃店(胖肚肚燒肉),臺北市,中山區,臺北市中山區建國北路一段74號,日式醬香溏心蛋,114/7/14,食品微生物,合格,-,,
15700,東鋪股份有限公司(潮肉壽喜燒敦南店),臺北市,大安區,臺北市大安區敦化南路一段160巷17號,梅花豬(本地),114/7/14,動物用藥殘留,合格,-,,
15701,金滿旺餐飲股份有限公司(糧倉1號頂級麻辣鴛鴦鍋松江店),臺北市,中山區,臺北市中山區松江路185號2樓、2樓之1,薄荷巧克力(比利時蜂蜜雪頌冰淇淋,114/7/15,食品微生物,合格,-,,
15702,金滿旺餐飲股份有限公司(糧倉1號頂級麻辣鴛鴦鍋松江店),臺北市,中山區,臺北市中山區松江路185號2樓、2樓之1,香草豬,114/7/15,動物用藥殘留,合格,,,
15703,怡康國際有限公司(阿豬媽韓式烤肉吃到飽信義店),臺北市,信義區,臺北市信義區松壽路12號5樓,韓國年糕條(原味),114/7/15,邦克列酸,合格,-,,
15704,怡康國際有限公司(阿豬媽韓式烤肉吃到飽信義店),臺北市,信義區,臺北市信義區松壽路12號5樓,韓式蜜醬雞塊,114/7/15,食品微生物,合格,,,
15705,眾興實業有限公司(燒肉眾燒肉吃到飽),臺北市,萬華區,臺北市萬華區成都路66號2、3樓,燒烤豚梅花,114/7/15,動物用藥殘留,合格,-,,
15706,眾興實業有限公司(燒肉眾燒肉吃到飽),臺北市,萬華區,臺北市萬華區成都路66號2、3樓,日式烤年糕,114/7/15,邦克列酸,合格,,,
15707,復大股份有限公司(馬辣頂級麻辣鴛鴦火鍋復興店),臺北市,大安區,臺北市大安區復興南路一段152至162號4樓,抹茶冰淇淋,114/7/17,食品微生物,合格,-,,
15708,復大股份有限公司(馬辣頂級麻辣鴛鴦火鍋復興店),臺北市,大安區,臺北市大安區復興南路一段152至162號4樓,A級松阪豬,114/7/17,動物用藥殘留,合格,,,
15709,立安呈有限公司(夯肉殿),臺北市,萬華區,臺北市萬華區漢中街42號3樓之2,黃金烏龍茶,114/8/14,食品微生物,合格,-,,
15710,立安呈有限公司(夯肉殿),臺北市,萬華區,臺北市萬華區漢中街42號3樓之2,松阪麻糬(厚切,114/7/22,邦克列酸,合格,,,
15851,漢來美食股份有限公司(漢來海港),臺北市,士林區,臺北市士林區徳行里中山北路六段77號7樓,蘋果醋,114/8/13,食品微生物(腸桿菌科),不合格,違反食安法第17條，依同法第48條裁處。,40000,
15852,漢來美食股份有限公司(漢來海港),臺北市,士林區,臺北市士林區徳行里中山北路六段77號7樓,日式煎茶(無糖),114/8/13,食品微生物(腸桿菌科),不合格,違反食安法第17條，依同法第48條裁處。,40000,
15853,漢來美食股份有限公司(漢來海港),臺北市,士林區,臺北市士林區徳行里中山北路六段77號7樓,軟法,114/7/14,食品微生物,合格,,,
15854,饗麻南港有限公司(饗麻饗辣PLUSLALAPORT南港店),臺北市,南港區,臺北市南港區經貿二路131號6樓,蒜蝦飯,114/7/15,食品微生物,合格,-,,
15855,饗麻南港有限公司(饗麻饗辣PLUSLALAPORT南港店),臺北市,南港區,臺北市南港區經貿二路131號6樓,紅玉紅茶台茶十八號,114/8/14,食品微生物(腸桿菌科),不合格,違反食安法第17條，依同法第48條裁處。,30000,
15856,饗麻南港有限公司(饗麻饗辣PLUSLALAPORT南港店),臺北市,南港區,臺北市南港區經貿二路131號6樓,凱薩沙拉,114/7/15,食品微生物,合格,,,
15867,晟鳴有限公司,臺北市,中山區,臺北市中山區中山北路2段77巷47號9樓,藍莓,114/5/27,農藥(滅芬座),不合格,依食安法第44條裁處,120000,
15875,沈○銀,臺北市,中山區,臺北市中山區,小白菜,114/7/23,農藥(賽安勃),不合格,依食安法第47條裁處,30000,
15895,姚○泰,臺北市,大安區,臺北市大安區,菜頭,114/8/5,農藥(賽速安、可尼丁),不合格,依食安法第47條裁處,30001,
15898,新加坡商蝦皮娛樂電商有限公司(網購平台),臺北市,信義區,臺北市信義區忠孝東路四段555號17樓,有機發芽糙米,114/7/29,農藥殘留,合格,,,
15929,虎林街早市-無市招蔬果攤,臺北市,信義區,臺北市信義區虎林街72-3號,白花椰菜,114/7/3,農藥殘留,合格,,,
15930,武昌市場-無市招攤販,臺北市,松山區,臺北市松山區南京東路五段59巷27弄22號,花椰菜,114/8/6,農藥殘留,合格,,,
15931,全聯實業股份有限公司北市建國分公司,臺北市,大安區,臺北市大安區建國南路二段123巷16號地下1樓,青花菜,114/8/5,農藥殘留,合格,,,
16021,高雄空廚股份有限公司松山廠,臺北市,松山區,臺北市松山區精忠里敦化北路405巷123弄9號1、2樓,九層塔(羅勒),114/7/1,農藥殘留,合格,,,
16022,虎林街早市-無市招蔬果攤,臺北市,信義區,臺北市信義區虎林街72-3號,九層塔(羅勒),114/7/3,農藥殘留,合格,,,
16023,張○蓮,臺北市,中山區,臺北市中山區,紅鳳菜,114/7/3,農藥殘留,合格,,,
16024,無市招蔬果攤,臺北市,信義區,臺北市信義區虎林街74巷1號,皇宮菜(落葵),114/7/3,農藥殘留,合格,,,
16025,粒粒鮮股份有限公司(粒粒鮮),臺北市,中山區,臺北市中山區吉林路146號146之1號,九層塔(羅勒),114/7/3,農藥殘留,合格,,,
16026,士東市場112號攤-草山新鮮蔬菜,臺北市,士林區,臺北市士林區士東路100號,紅菜(紅鳳菜),114/7/4,農藥殘留,合格,,,
16027,阿一蔬果有限公司(阿一蔬果),臺北市,南港區,臺北市南港區忠孝東路六段85號1樓,九層塔(羅勒),114/8/6,農藥殘留,合格,,,
16028,菓之鄉水果專賣店,臺北市,南港區,臺北市南港區同德路60號,小白菜,114/8/6,農藥殘留,合格,,,
16029,明利水果行,臺北市,南港區,臺北市南港區忠孝東路六段484號,三星青蔥,114/8/6,農藥殘留,合格,,,
16030,環南市場蔬菜攤-李○昇,臺北市,萬華區,臺北市萬華區,九層塔(羅勒),114/8/5,農藥殘留,合格,,,
16031,武松果菜行,臺北市,北投區,臺北市北投區磺港路33號A棟,紅鳳菜,114/8/5,農藥殘留,合格,,,
16032,無市招流動蔬菜攤,臺北市,北投區,臺北市北投區新市街41號前馬路中間,九層塔(羅勒),114/8/5,農藥殘留,合格,,,
16033,日鮮蔬果專賣店,臺北市,萬華區,臺北市萬華區貴陽街二段137號,皇宮菜(落葵),114/8/5,農藥殘留,合格,,,
16034,全國食養創作全自助餐復興店(復興小吃店/全國素食),臺北市,大安區,臺北市大安區復興南路二段314號,九層塔(羅勒),114/8/5,農藥殘留,合格,,,
16037,臨江街早市-秋香蔬菜商行,臺北市,大安區,臺北市大安區臨江街29-1號,青江菜,114/8/5,農藥殘留,合格,,,
16038,臺北市第二果菜批發市場(濱江果菜市場)-陳○○月,臺北市,中山區,臺北市中山區,芹菜,114/8/5,農藥殘留,合格,,,
16039,陳○水,臺北市,中山區,臺北市中山區,白杏菜(莧菜),114/8/5,農藥殘留,合格,,,
16081,新加坡商蝦皮娛樂電商有限公司(網購平台),臺北市,信義區,臺北市信義區忠孝東路四段555號17樓,一般蘿勒/甜蘿勒,114/7/23,農藥殘留,合格,,,
16158,臺北市第二果菜批發市場-楊○青,臺北市,中山區,臺北市中山區,白蘿蔔,114/7/2,農藥殘留,合格,,,
16159,環南市場蔬菜區-阮○釧,臺北市,萬華區,臺北市萬華區,白蘿蔔,114/7/2,農藥殘留,合格,,,
16160,第一果菜批發市場3574攤,臺北市,萬華區,臺北市萬華區萬大路533號,白蘿蔔,114/8/5,農藥殘留,合格,,,
16161,統康生活事業股份有限公司美麗華分公司,臺北市,中山區,臺北市中山區敬業三路20號地下1樓之1,白蘿蔔,114/8/5,農藥殘留,合格,,,
16188,瓦克新鮮屋有限公司(網購平台),臺北市,大安區,臺北市大安區建國南路二段296號,紫洋蔥,114/7/30,農藥殘留,合格,,,
16233,五分市場-小亞蔬果行,臺北市,內湖區,臺北市內湖區五分街48號,牛蕃茄,114/7/1,農藥殘留,合格,,,
16234,辣十九國際開發股份有限公司(馬辣頂級鴛鴦鍋信義店),臺北市,信義區,臺北市信義區松壽路22號3樓,牛蕃茄,114/7/3,農藥殘留,合格,,,
16235,為福樓餐廳有限公司,臺北市,南港區,臺北市南港區忠孝東路五段996號,紅辣椒,114/8/6,農藥殘留,合格,,,
16236,成德市場-無市招攤販,臺北市,南港區,臺北市南港區東新街80巷10弄2號,全紅牛番茄,114/8/6,農藥殘留,合格,,,
16237,明利水果行,臺北市,南港區,臺北市南港區忠孝東路六段484號,全紅牛番茄,114/8/6,農藥殘留,合格,,,
16238,大豐蔬果行,臺北市,北投區,臺北市北投區清江路49號,聖女小番茄,114/8/5,農藥殘留,合格,,,
16239,順豐蔬果行,臺北市,北投區,臺北市北投區清江路22號,牛蕃茄,114/8/5,農藥殘留,合格,,,
16240,武松果菜行,臺北市,北投區,臺北市北投區磺港路33號A棟,糯米椒,114/8/5,農藥殘留,合格,,,
16241,第一果菜批發市場-福大水果行,臺北市,萬華區,臺北市萬華區萬大路533號,黃金蕃茄聖女,114/8/5,農藥殘留,合格,,,
16242,宜新蔬果行,臺北市,萬華區,臺北市萬華區富民路155巷49之3號1樓,全紅蕃茄,114/8/5,農藥殘留,合格,,,
16243,臨江街早市-秋香蔬菜商行,臺北市,大安區,臺北市大安區臨江街29-1號,牛蕃茄,114/8/5,農藥殘留,合格,,,
16244,第二果菜批發市場17-03攤,臺北市,中山區,臺北市中山區民族東路336號,牛番茄,114/8/5,農藥殘留,合格,,,
16245,馬來亞餐廳有限公司,臺北市,大同區,臺北市大同區長安西路287之2號1樓,牛番茄,114/8/5,農藥殘留,合格,,,
16311,環南市場蔬菜區-阮○釧,臺北市,萬華區,臺北市萬華區,翠玉白玉苦瓜,114/7/2,農藥殘留,合格,,,
16312,環南市場蔬菜區-阮○釧,臺北市,萬華區,臺北市萬華區,花胡瓜(小黃瓜),114/7/2,農藥殘留,合格,,,
16313,歐波卡生鮮蔬果專賣店,臺北市,萬華區,臺北市萬華區臺北市萬華區環河南路三段347號,南瓜,114/7/2,農藥殘留,合格,,,
16314,我家蔬果園,臺北市,萬華區,臺北市萬華區中華路二段416巷56號,絲瓜,114/7/2,農藥殘留,合格,,,
16315,我家蔬果園,臺北市,萬華區,臺北市萬華區中華路二段416巷56號,南瓜,114/7/2,農藥殘留,合格,,,
16316,我家蔬果園,臺北市,萬華區,臺北市萬華區中華路二段416巷56號,花瓜(小黃瓜),114/7/2,農藥殘留,合格,,,
16317,無市招蔬果攤,臺北市,信義區,臺北市信義區虎林街74巷1號,白大米苦瓜,114/7/3,農藥殘留,合格,,,
16318,無市招蔬果攤,臺北市,信義區,臺北市信義區虎林街74巷1號,絲瓜,114/7/3,農藥殘留,合格,,,
16319,士東市場112號攤-草山新鮮蔬菜,臺北市,士林區,臺北市士林區士東路100號,瓠瓜,114/7/4,農藥殘留,合格,,,
16320,美麗網室有機蔬菜高冷蔬菜士東專賣店,臺北市,士林區,臺北市士林區士東路100號,南瓜,114/7/4,農藥殘留,合格,,,
16321,全聯實業股份有限公司北市建國分公司,臺北市,大安區,臺北市大安區建國南路二段123巷16號地下1樓,小黃瓜,114/8/5,農藥殘留,合格,,,
16370,虎林街早市-無市招蔬果攤,臺北市,信義區,臺北市信義區虎林街72-3號,豇豆(長豆),114/7/3,農藥殘留,合格,,,
16371,臨江街早市-秋香蔬菜商行,臺北市,大安區,臺北市大安區臨江街29-1號,菜豆(豇豆),114/8/5,農藥殘留,合格,,,
16397,全聯實業股份有限公司內湖東湖分公司(全聯福利中心),臺北市,內湖區,臺北市內湖區五分里東湖路118號地下一層、地下一層之1至40、安康路480號地下一層、地下一層之1至4,小玉西瓜,114/7/1,農藥殘留,合格,,,
16398,22號蔬果園,臺北市,萬華區,臺北市萬華區西藏路125巷22號1樓,甜瓜(美濃),114/7/2,農藥殘留,合格,,,
16399,無市招水果攤(張○德),臺北市,信義區,臺北市信義區,西瓜,114/7/3,農藥殘留,合格,,,
16400,無市招水果攤(張○德),臺北市,信義區,臺北市信義區,洋香瓜,114/7/3,農藥殘留,合格,,,
16401,臺北市第二果菜批發市場-嘉宏水果行,臺北市,中山區,臺北市中山區民族東路336號,香瓜,114/7/2,農藥殘留,合格,,,
16402,士東市場4號攤-唯采果物商行,臺北市,士林區,臺北市士林區士東路100號,香瓜,114/7/4,農藥殘留,合格,,,
16403,臺北市第二果菜批發市場-嘉宏水果行,臺北市,中山區,臺北市中山區民族東路336號,香瓜,114/7/2,農藥殘留,合格,,,
16437,明欣鮮果專賣店,臺北市,松山區,臺北市松山區南京東路五段123巷27號,滿天星百香果,114/7/1,農藥殘留,合格,,,
16438,士東市場4號攤-唯采果物商行,臺北市,士林區,臺北市士林區士東路100號,木瓜,114/7/4,農藥殘留,合格,,,
16439,第一果菜批發市場-大輪水果行,臺北市,萬華區,臺北市萬華區萬大路533號,酪梨,114/8/5,農藥殘留,合格,,,
16440,明欣鮮果專賣店,臺北市,松山區,臺北市松山區南京東路五段123巷27號,火龍果,114/8/6,農藥殘留,合格,,,
16441,明欣鮮果專賣店,臺北市,松山區,臺北市松山區南京東路五段123巷27號,百香果,114/8/6,農藥殘留,合格,,,
16442,大豐蔬果行,臺北市,北投區,臺北市北投區清江路49號,百香果滿天星,114/8/5,農藥殘留,合格,,,
16443,北投市場外攤-無市招水果攤,臺北市,北投區,臺北市北投區清江路34號前,紅龍果,114/8/5,農藥殘留,合格,,,
16444,北投市場攤商-無市招水果攤,臺北市,北投區,臺北市北投區新市街75號前,網室木瓜,114/8/5,農藥殘留,合格,,,
16445,第一果菜批發市場-福大水果行,臺北市,萬華區,臺北市萬華區萬大路533號,百香果,114/8/5,農藥殘留,合格,,,
16446,日鮮蔬果專賣店,臺北市,萬華區,臺北市萬華區貴陽街二段137號,木瓜,114/8/5,農藥殘留,合格,,,
16447,全聯實業股份有限公司北市建國分公司,臺北市,大安區,臺北市大安區建國南路二段123巷16號地下1樓,木瓜,114/8/5,農藥殘留,合格,,,
16448,無名水果攤,臺北市,大同區,臺北市大同區長安西路218之1號旁,百香果,114/8/5,農藥殘留,合格,,,
16484,新加坡商蝦皮娛樂電商有限公司(網購平台),臺北市,信義區,臺北市信義區忠孝東路四段555號17樓,百香果,114/7/28,農藥殘留,合格,,,
16519,富邦媒體科技股份有限公司(網購平台),臺北市,內湖區,臺北市內湖區洲子街96號4樓,砲彈蓮霧,114/6/4,農藥殘留,合格,,,
16520,網路家庭國際資訊股份有限公司(網購平台),臺北市,大安區,臺北市大安區敦化南路二段105號12樓,砲彈蓮霧,114/6/5,農藥殘留,合格,,,
16521,北投市場商圈-無市招流動水果攤,臺北市,北投區,臺北市北投區新市街67號對面機車格,帝王芭(番石榴),114/8/5,農藥殘留,合格,,,
16554,明欣鮮果專賣店,臺北市,松山區,臺北市松山區南京東路五段123巷27號,荔枝,114/7/1,農藥殘留,合格,,,
16555,臺北市第二果菜批發市場-嘉宏水果行,臺北市,中山區,臺北市中山區民族東路336號,糯米荔枝,114/7/2,農藥殘留,合格,,,
16556,果鮮一品商行(果鮮蔬果超市),臺北市,中山區,臺北市中山區吉林路176號,糯米荔枝,114/7/3,農藥殘留,合格,,,
16557,粘○福,臺北市,中山區,臺北市中山區,芒果,114/7/3,農藥殘留,合格,,,
16648,明欣鮮果專賣店,臺北市,松山區,臺北市松山區南京東路五段123巷27號,檸檬,114/8/6,農藥殘留,合格,,,
16670,美麗網室有機蔬菜高冷蔬菜士東專賣店,臺北市,士林區,臺北市士林區士東路100號,香菜(芫荽),114/7/4,農藥殘留,合格,,,
16676,永加企業有限公司,臺北市,萬華區,臺北市萬華區西藏路284號1樓,-,114/7/21,GHP,合格,,,
16727,永加企業有限公司,臺北市,萬華區,臺北市萬華區西藏路284號1樓,日本味糖,114/7/15,標示,合格,,,
16728,永加企業有限公司,臺北市,萬華區,臺北市萬華區西藏路284號1樓,可利能,114/7/15,標示,合格,,,
16837,海喆有限公司,臺北市,內湖區,臺北市內湖區新明路321巷10弄18號1樓,-,114/6/18,GHP,合格,,,
16895,海喆有限公司,臺北市,內湖區,臺北市內湖區新明路321巷10弄18號1樓,尊泉包裝飲用水,114/6/18,標示,合格,,,
16986,海喆有限公司,臺北市,內湖區,臺北市內湖區新明路321巷10弄18號1樓,尊泉包裝飲用水,114/6/18,食品微生物、重金屬、溴酸鹽,合格,,,
17047,味萊樹,臺北市,信義區,臺北市信義區吳興街22巷35號1樓,-,114/7/1,GHP,合格,,,
17048,漢來蔬食,臺北市,大安區,臺北市大安區忠孝東路4段45號11樓,-,114/6/17,GHP,合格,,,
17049,修緣素食店,臺北市,內湖區,臺北市內湖區內湖路1段737巷8弄18號1樓,-,114/6/18,GHP,合格,,,
17050,京席素食料理館,臺北市,中正區,臺北市中正區寧波西街78之3號,-,114/6/17,GHP,合格,,,
17051,尊上食坊,臺北市,南港區,臺北市南港區南港路1段84號,-,114/7/11,GHP,合格,,,
17052,和禧素食坊,臺北市,北投區,臺北市北投區知行路316巷20弄1號1樓,-,114/7/11,GHP,合格,,,
17053,靜心健康素食坊,臺北市,士林區,臺北市士林區美德街26號,-,114/7/4,GHP,合格,,,
17054,八德素食坊,臺北市,中山區,臺北市中山區建國南路1段14號,-,114/7/17,GHP,合格,,,
17055,妙觀音素食-北車許昌店,臺北市,中正區,臺北市中正區許昌街6號1樓,-,114/7/16,GHP,合格,,,
17191,味萊樹,臺北市,信義區,臺北市信義區吳興街22巷35號1樓,嫩肉片,114/6/17,防腐劑、殺菌劑,合格,,,
17192,漢來蔬食,臺北市,大安區,臺北市大安區忠孝東路4段45號11樓,經典素肉燥,114/6/17,防腐劑、殺菌劑,合格,,,
17193,漢來蔬食,臺北市,大安區,臺北市大安區忠孝東路4段45號11樓,蘿蔔糕,114/6/17,邦克列酸,合格,,,
17194,修緣素食店,臺北市,內湖區,臺北市內湖區內湖路1段737巷8弄18號1樓,香魚排,114/6/18,動物性成分,合格,,,
17195,修緣素食店,臺北市,內湖區,臺北市內湖區內湖路1段737巷8弄18號1樓,黃金素齋料,114/6/18,防腐劑、殺菌劑,合格,,,
17196,修緣素食店,臺北市,內湖區,臺北市內湖區內湖路1段737巷8弄18號1樓,滷豆干,114/6/18,食品微生物,合格,,,
17197,京席素食料理館,臺北市,中正區,臺北市中正區寧波西街78之3號,米粉,114/6/17,邦克列酸,合格,,,
17198,和禧素食坊,臺北市,北投區,臺北市北投區知行路316巷20弄1號1樓,蘿蔔糕,114/6/17,邦克列酸,合格,,,
17199,和禧素食坊,臺北市,北投區,臺北市北投區知行路316巷20弄1號1樓,素鱈魚酥排,114/6/17,動物性成分,合格,,,
17200,和禧素食坊,臺北市,北投區,臺北市北投區知行路316巷20弄1號1樓,歐風薯泥,114/6/17,食品微生物,合格,,,
17201,八德素食坊,臺北市,中山區,臺北市中山區建國南路1段14號,馬蹄條,114/6/27,動物性成分,合格,,,
17202,八德素食坊,臺北市,中山區,臺北市中山區建國南路1段14號,炸豆腐,114/6/27,食品微生物,合格,,,
17203,八德素食坊,臺北市,中山區,臺北市中山區建國南路1段14號,細陽春麵,114/6/27,邦克列酸,合格,,,
17204,妙觀音素食-北車許昌店,臺北市,中正區,臺北市中正區許昌街6號1樓,梅子白玉蘿蔔,114/7/16,食品微生物,合格,,,
17205,妙觀音素食-北車許昌店,臺北市,中正區,臺北市中正區許昌街6號1樓,魚排,114/7/16,動物性成分,合格,,,
17446,味萊樹,臺北市,信義區,臺北市信義區吳興街22巷35號1樓,嫩肉片,114/6/17,標示,合格,,,
17447,味萊樹,臺北市,信義區,臺北市信義區吳興街22巷35號1樓,素黃金酥排,114/6/17,標示,合格,,,
17448,漢來蔬食,臺北市,大安區,臺北市大安區忠孝東路4段45號11樓,經典素肉燥,114/6/17,標示,合格,,,
17449,修緣素食店,臺北市,內湖區,臺北市內湖區內湖路1段737巷8弄18號1樓,香魚排,114/6/18,標示,合格,,,
17450,修緣素食店,臺北市,內湖區,臺北市內湖區內湖路1段737巷8弄18號1樓,黃金素齋料,114/6/18,標示,合格,,,
17451,京席素食料理館,臺北市,中正區,臺北市中正區寧波西街78之3號,東坡素肉丁,114/6/17,標示,合格,,,
17452,京席素食料理館,臺北市,中正區,臺北市中正區寧波西街78之3號,純素雞丁,114/6/17,標示,合格,,,
17453,京席素食料理館,臺北市,中正區,臺北市中正區寧波西街78之3號,素之都牛蒡絲蔬排,114/6/17,標示,合格,,,
17454,尊上食坊,臺北市,南港區,臺北市南港區南港路1段84號,猴頭菇,114/7/11,標示,合格,,,
17455,尊上食坊,臺北市,南港區,臺北市南港區南港路1段84號,素珍香魚豆腐,114/7/11,標示,合格,,,
17456,和禧素食坊,臺北市,北投區,臺北市北投區知行路316巷20弄1號1樓,素松珍雞排,114/6/17,標示,合格,,,
17457,和禧素食坊,臺北市,北投區,臺北市北投區知行路316巷20弄1號1樓,素鱈魚酥排,114/6/17,標示,合格,,,
17458,和禧素食坊,臺北市,北投區,臺北市北投區知行路316巷20弄1號1樓,黑胡椒香酥排,114/6/17,標示,合格,,,
17459,靜心健康素食坊,臺北市,士林區,臺北市士林區美德街26號,素松旺黑胡椒雞排,114/6/17,標示,合格,,,
17460,靜心健康素食坊,臺北市,士林區,臺北市士林區美德街26號,素鱈魚排切片,114/6/17,標示,合格,,,
17461,八德素食坊,臺北市,中山區,臺北市中山區建國南路1段14號,萬家香香菇素蠔油,114/6/27,標示,合格,,,
17462,八德素食坊,臺北市,中山區,臺北市中山區建國南路1段14號,30g蚵仔捲,114/6/27,標示,合格,,,
17463,八德素食坊,臺北市,中山區,臺北市中山區建國南路1段14號,天婦羅(黑輪片),114/6/27,標示,合格,,,
17464,妙觀音素食-北車許昌店,臺北市,中正區,臺北市中正區許昌街6號1樓,黃金杏鮑菇水餃,114/7/16,標示,合格,,,
17465,妙觀音素食-北車許昌店,臺北市,中正區,臺北市中正區許昌街6號1樓,招牌紅燒湯底,114/7/16,標示,合格,,,
17466,妙觀音素食-北車許昌店,臺北市,中正區,臺北市中正區許昌街6號1樓,養身藥膳當歸湯底,114/7/16,標示,合格,,,
17768,宜和糕餅有限公司,臺北市,大安區,臺北市大安區潮州街149號,-,114/7/29,GHP,合格,,,
17770,國鼎食品有限公司,臺北市,中正區,臺北市中正區羅斯福路1段28號1樓,-,114/8/21,GHP,合格,,,
17772,程有明蔬果攤,臺北市,中山區,臺北市中山區錦西街26號,-,114/7/29,GHP,合格,,,
17774,統一超商新復勢門市(臺北市第9分公司),臺北市,松山區,臺北市松山區八德路3段200號202號1樓,-,114/8/4,GHP,合格,,,
17776,味珍西點麵包店,臺北市,南港區,臺北市南港區東新街75號,-,114/7/29,GHP,合格,,,
17778,遠東都會股份有限公司,臺北市,大安區,臺北市大安區仁愛路四段64號7樓,-,114/8/4,GHP,合格,,,
17780,橙佳坊,臺北市,南港區,臺北市南港區玉成街211號1樓,-,114/7/29,GHP,合格,,,
17782,世運食品股份有限公司(世運食品西門町總店),臺北市,萬華區,臺北市萬華區成都路78號1樓,-,114/9/2,GHP,合格,,,
17784,全聯實業股份有限公司龍山捷運分公司,臺北市,萬華區,臺北市萬華區富福里和平西路三段120號地下一層,-,114/8/25,GHP,合格,,,
17786,潤泰創新國際股份有限公司中崙分公司,臺北市,中山區,臺北市中山區八德路二段306號B3,-,114/7/30,GHP,合格,,,
17788,棋軒實業有限公司,臺北市,大安區,臺北市大安區復興南路2段292號,-,114/7/31,GHP,合格,,,
17790,固的有限公司(果生堂),臺北市,中山區,臺北市中山區農安街153號1樓,-,114/8/25,GHP,合格,,,
18196,宜和糕餅有限公司,臺北市,大安區,臺北市大安區潮州街149號,紅豆沙(大餅),114/7/29,標示,合格,,,
18198,宜和糕餅有限公司,臺北市,大安區,臺北市大安區潮州街149號,芝麻奶酥(大餅),114/7/29,標示,合格,,,
18200,宜和糕餅有限公司,臺北市,大安區,臺北市大安區潮州街149號,蛋黃酥,114/7/29,標示,合格,,,
18202,國鼎食品有限公司,臺北市,中正區,臺北市中正區羅斯福路1段28號1樓,拿破崙派,114/7/30,標示,合格,,,
18204,國鼎食品有限公司,臺北市,中正區,臺北市中正區羅斯福路1段28號1樓,鳳梨冬瓜醬,114/7/30,標示,合格,,,
18206,國鼎食品有限公司,臺北市,中正區,臺北市中正區羅斯福路1段28號1樓,辣味筍豆,114/7/30,標示,合格,,,
18208,統一超商新復勢門市(臺北市第9分公司),臺北市,松山區,臺北市松山區八德路3段200號202號1樓,滿漢嘟嘟好蒜味小香腸,114/7/29,標示,合格,,,
18210,統一超商新復勢門市(臺北市第9分公司),臺北市,松山區,臺北市松山區八德路3段200號202號1樓,三協成和生魯肉餅,114/7/29,標示,合格,,,
18212,統一超商新復勢門市(臺北市第9分公司),臺北市,松山區,臺北市松山區八德路3段200號202號1樓,紫玉酥(奶素),114/7/29,標示,合格,,,
18214,味珍西點麵包店,臺北市,南港區,臺北市南港區東新街75號,午后時光-重乳咖啡拿鐵,114/7/29,標示,合格,,,
18216,味珍西點麵包店,臺北市,南港區,臺北市南港區東新街75號,巧克力牛乳,114/7/29,標示,合格,,,
18218,味珍西點麵包店,臺北市,南港區,臺北市南港區東新街75號,果汁時刻芭芒柳綜合果汁,114/7/29,標示,合格,,,
18220,遠東都會股份有限公司,臺北市,大安區,臺北市大安區仁愛路四段64號7樓,新東陽紅燒牛肉鍋,114/7/29,標示,合格,,,
18222,遠東都會股份有限公司,臺北市,大安區,臺北市大安區仁愛路四段64號7樓,豆油伯釭底釀造醬油,114/7/29,標示,合格,,,
18224,遠東都會股份有限公司,臺北市,大安區,臺北市大安區仁愛路四段64號7樓,糖醋醬,114/7/29,標示,合格,,,
18226,橙佳坊,臺北市,南港區,臺北市南港區玉成街211號1樓,吉利T金級果凍粉,114/7/29,標示,合格,,,
18228,橙佳坊,臺北市,南港區,臺北市南港區玉成街211號1樓,吉利T蒟蒻果凍粉,114/7/29,標示,合格,,,
18230,橙佳坊,臺北市,南港區,臺北市南港區玉成街211號1樓,素食吉利丁粉,114/7/29,標示,合格,,,
18232,世運食品股份有限公司(世運食品西門町總店),臺北市,萬華區,臺北市萬華區成都路78號1樓,唐芋艿,114/8/13,標示,合格,,,
18234,世運食品股份有限公司(世運食品西門町總店),臺北市,萬華區,臺北市萬華區成都路78號1樓,招牌蛋黃酥,114/8/13,標示,合格,,,
18236,世運食品股份有限公司(世運食品西門町總店),臺北市,萬華區,臺北市萬華區成都路78號1樓,白豆沙,114/8/13,標示,合格,,,
18238,全聯實業股份有限公司龍山捷運分公司,臺北市,萬華區,臺北市萬華區富福里和平西路三段120號地下一層,美國無骨牛小排火鍋片,114/7/30,標示,合格,,,
18240,全聯實業股份有限公司龍山捷運分公司,臺北市,萬華區,臺北市萬華區富福里和平西路三段120號地下一層,豬梅花火鍋片-解凍肉,114/7/30,標示,合格,,,
18242,全聯實業股份有限公司龍山捷運分公司,臺北市,萬華區,臺北市萬華區富福里和平西路三段120號地下一層,古早烤肉醬,114/7/30,標示,合格,,,
18244,潤泰創新國際股份有限公司中崙分公司,臺北市,中山區,臺北市中山區八德路二段306號B3,牛肉火鍋片(紐西蘭),114/7/30,標示,合格,,,
18246,潤泰創新國際股份有限公司中崙分公司,臺北市,中山區,臺北市中山區八德路二段306號B3,梅花薄切(台灣),114/7/30,標示,合格,,,
18248,潤泰創新國際股份有限公司中崙分公司,臺北市,中山區,臺北市中山區八德路二段306號B3,冷藏肉台糖豬肉五花肉塊(台灣),114/7/30,標示,合格,,,
18250,棋軒實業有限公司,臺北市,大安區,臺北市大安區復興南路2段292號,烏豆沙,114/7/28,標示,合格,,,
18252,棋軒實業有限公司,臺北市,大安區,臺北市大安區復興南路2段292號,紅豆沙,114/7/28,標示,合格,,,
18254,棋軒實業有限公司,臺北市,大安區,臺北市大安區復興南路2段292號,頂級黑胡椒醬,114/7/28,標示,合格,,,
18256,固的有限公司(果生堂),臺北市,中山區,臺北市中山區農安街153號1樓,白豆沙(全素),114/7/28,標示,合格,,,
18258,固的有限公司(果生堂),臺北市,中山區,臺北市中山區農安街153號1樓,好時巧克力陷,114/7/28,標示,合格,,,
18260,固的有限公司(果生堂),臺北市,中山區,臺北市中山區農安街153號1樓,棗泥豆餡A(全素),114/7/28,標示,合格,,,
18347,一起尬意燒肉IKIGAI-內科店,臺北市,內湖區,臺北市內湖區內湖路一段242號1樓,-,114/8/21,GHP,合格,,,
18349,燒肉smile-台北內湖店,臺北市,內湖區,臺北市內湖區西湖里內湖路一段320號,-,114/8/14,GHP,合格,,,
18351,oh!my原燒日式燒肉-台北林森北店,臺北市,中山區,臺北市中山區林森北路121號2樓及123號2樓,-,114/8/4,GHP,合格,,,
18353,王品餐飲股份有限公司(原燒台北西門店),臺北市,萬華區,臺北市萬華區中華路一段90號2樓,-,114/7/29,GHP,合格,,,
18355,乾杯股份有限公司(乾杯中山店),臺北市,大同區,臺北市大同區南京西路25巷2-1號,-,114/7/29,GHP,合格,,,
18357,本家燒肉-敦南店,臺北市,大安區,臺北市大安區市民大道四段102號,-,114/7/30,GHP,合格,,,
18359,老乾杯-SOGO復興店,臺北市,大安區,臺北市大安區臺北市大安區忠孝東路三段300號11樓,-,114/7/30,GHP,合格,,,
18361,玖佰號火鍋烤豬五花專門店(玖佰號),臺北市,萬華區,臺北市萬華區忠德里寶興街163號１樓,-,114/8/22,GHP,合格,,,
18363,燒肉smile-大安忠孝店,臺北市,大安區,臺北市大安區忠孝東路四段104號2樓之1,-,114/7/30,GHP,合格,,,
18365,築間餐飲事業股份有限公司(绘馬別邸台北西門町店),臺北市,萬華區,臺北市萬華區中華路1段88號3樓,-,114/7/30,GHP,合格,,,
18601,一起尬意燒肉IKIGAI-內科店,臺北市,內湖區,臺北市內湖區內湖路一段242號1樓,-,114/8/21,標示,合格,,,
18603,燒肉smile-台北內湖店,臺北市,內湖區,臺北市內湖區西湖里內湖路一段320號,-,114/7/28,標示,合格,,,
18605,oh!my原燒日式燒肉-台北林森北店,臺北市,中山區,臺北市中山區林森北路121號2樓及123號2樓,-,114/7/29,標示,合格,,,
18607,王品餐飲股份有限公司(原燒台北西門店),臺北市,萬華區,臺北市萬華區中華路一段90號2樓,-,114/7/29,標示,合格,,,
18609,乾杯股份有限公司(乾杯中山店),臺北市,大同區,臺北市大同區南京西路25巷2-1號,-,114/7/29,標示,合格,,,
18611,本家燒肉-敦南店,臺北市,大安區,臺北市大安區市民大道四段102號,-,114/7/30,標示,合格,,,
18613,老乾杯-SOGO復興店,臺北市,大安區,臺北市大安區臺北市大安區忠孝東路三段300號11樓,-,114/7/30,標示,合格,,,
18615,玖佰號火鍋烤豬五花專門店(玖佰號),臺北市,萬華區,臺北市萬華區忠德里寶興街163號１樓,-,114/7/30,標示,合格,,,
18617,燒肉smile-大安忠孝店,臺北市,大安區,臺北市大安區忠孝東路四段104號2樓之1,-,114/7/30,標示,合格,,,
18619,築間餐飲事業股份有限公司(绘馬別邸台北西門町店),臺北市,萬華區,臺北市萬華區中華路1段88號3樓,-,114/7/30,標示,合格,,,
18855,一起尬意燒肉IKIGAI-內科店,臺北市,內湖區,臺北市內湖區內湖路一段242號1樓,梅花肉片,114/7/28,乙型受體素,合格,,,
18857,燒肉smile-台北內湖店,臺北市,內湖區,臺北市內湖區西湖里內湖路一段320號,生菜沙拉,114/7/28,食品中微生物,合格,,,
18859,oh!my原燒日式燒肉-台北林森北店,臺北市,中山區,臺北市中山區林森北路121號2樓及123號2樓,鮮蔬沙拉,114/7/28,食品中微生物,合格,,,
18861,王品餐飲股份有限公司(原燒台北西門店),臺北市,萬華區,臺北市萬華區中華路一段90號2樓,南瓜蛋沙拉,114/7/29,食品中微生物,合格,,,
18863,乾杯股份有限公司(乾杯中山店),臺北市,大同區,臺北市大同區南京西路25巷2-1號,去皮豬五花(切1cm)-3kg/包,114/7/28,乙型受體素,合格,,,
18865,本家燒肉-敦南店,臺北市,大安區,臺北市大安區市民大道四段102號,辣蘿蔔絲,114/7/30,食品中微生物,合格,,,
18867,老乾杯-SOGO復興店,臺北市,大安區,臺北市大安區臺北市大安區忠孝東路三段300號11樓,伊比利豬肋條,114/7/30,乙型受體素,合格,,,
18869,玖佰號火鍋烤豬五花專門店(玖佰號),臺北市,萬華區,臺北市萬華區忠德里寶興街163號１樓,泡菜,114/7/29,食品中微生物,合格,,,
18871,燒肉smile-大安忠孝店,臺北市,大安區,臺北市大安區忠孝東路四段104號2樓之1,韓式泡菜,114/7/30,食品中微生物,合格,,,
18873,築間餐飲事業股份有限公司(绘馬別邸台北西門町店),臺北市,萬華區,臺北市萬華區中華路1段88號3樓,牛五花,114/7/29,乙型受體素,合格,,,
19455,宜和糕餅有限公司,臺北市,大安區,臺北市大安區潮州街149號,紅豆沙(大餅),114/7/29,防腐劑,合格,,,
19456,宜和糕餅有限公司,臺北市,大安區,臺北市大安區潮州街149號,芝麻奶酥(大餅),114/7/29,防腐劑,合格,,,
19457,宜和糕餅有限公司,臺北市,大安區,臺北市大安區潮州街149號,蛋黃酥,114/7/29,防腐劑、蘇丹色素,合格,,,
19458,國鼎食品有限公司,臺北市,中正區,臺北市中正區羅斯福路1段28號1樓,鹹蛋黃,114/7/30,蘇丹色素,合格,,,
19459,國鼎食品有限公司,臺北市,中正區,臺北市中正區羅斯福路1段28號1樓,豆沙餡,114/7/30,防腐劑,合格,,,
19460,國鼎食品有限公司,臺北市,中正區,臺北市中正區羅斯福路1段28號1樓,叉燒酥,114/7/30,防腐劑,合格,,,
19461,泉勝科技股份有限公司(媽媽魚安心超市公館店),臺北市,中正區,臺北市中正區辛亥路一段10號,櫻桃鴨菲力肉,114/7/30,動物用藥殘留,合格,,,
19462,老大房食品行(老大房麵包店),臺北市,文山區,臺北市文山區羅斯福路6段30之1號,鹹蛋黃,114/7/30,蘇丹色素,合格,,,
19463,老大房食品行(老大房麵包店),臺北市,文山區,臺北市文山區羅斯福路6段30之1號,芋頭酥,114/7/30,防腐劑,合格,,,
19464,中崙市場-佰芸蔬果行,臺北市,松山區,臺北市松山區八德路3段74巷3弄18號,青椒,114/7/29,農藥殘留,合格,,,
19465,日光烘焙材料專門店,臺北市,信義區,臺北市信義區莊敬路341巷19號1樓,鹹蛋黃,114/7/29,蘇丹色素,合格,,,
19466,程有明蔬果攤,臺北市,中山區,臺北市中山區錦西街26號,甜椒,114/7/29,農藥殘留,合格,,,
19467,統一超商新復勢門市(臺北市第9分公司),臺北市,松山區,臺北市松山區八德路3段200號202號1樓,三協成和生魯肉餅,114/7/29,防腐劑,合格,,,
19468,統一超商新復勢門市(臺北市第9分公司),臺北市,松山區,臺北市松山區八德路3段200號202號1樓,紫玉酥(奶素),114/7/29,防腐劑,合格,,,
19469,統一超商新復勢門市(臺北市第9分公司),臺北市,松山區,臺北市松山區八德路3段200號202號1樓,鮮剝蝦仁,114/7/29,動物用藥殘留,合格,,,
19470,統一超商新復勢門市(臺北市第9分公司),臺北市,松山區,臺北市松山區八德路3段200號202號1樓,冰の戀雙旋冰淇淋-巧克力香草風味,114/7/29,環氧乙烷,合格,,,
19471,味珍西點麵包店,臺北市,南港區,臺北市南港區東新街75號,蛋黃,114/7/29,蘇丹色素,合格,,,
19472,味珍西點麵包店,臺北市,南港區,臺北市南港區東新街75號,酥油烏豆沙,114/7/29,防腐劑,合格,,,
19473,味珍西點麵包店,臺北市,南港區,臺北市南港區東新街75號,綠豆沙,114/7/29,防腐劑,合格,,,
19474,遠東都會股份有限公司,臺北市,大安區,臺北市大安區仁愛路四段64號7樓,臺灣豬五花火鍋肉片,114/7/29,乙型受體素類,合格,,,
19475,遠東都會股份有限公司,臺北市,大安區,臺北市大安區仁愛路四段64號7樓,臺灣豬梅花火鍋肉片,114/7/29,乙型受體素類,合格,,,
19476,遠東都會股份有限公司,臺北市,大安區,臺北市大安區仁愛路四段64號7樓,美國特優牛五花火鍋片,114/7/29,乙型受體素類,合格,,,
19477,遠東都會股份有限公司,臺北市,大安區,臺北市大安區仁愛路四段64號7樓,活凍透抽,114/7/29,動物用藥殘留,合格,,,
19478,遠東都會股份有限公司,臺北市,大安區,臺北市大安區仁愛路四段64號7樓,榮華鹹蛋黃小桃酥(曲奇),114/7/29,防腐劑,合格,,,
19479,橙佳坊,臺北市,南港區,臺北市南港區玉成街211號1樓,13g特選鴨蛋黃,114/7/29,蘇丹色素,合格,,,
19480,橙佳坊,臺北市,南港區,臺北市南港區玉成街211號1樓,相思餡,114/7/29,防腐劑,合格,,,
19481,世運食品股份有限公司(世運食品西門町總店),臺北市,萬華區,臺北市萬華區成都路78號1樓,唐芋艿,114/7/29,防腐劑,合格,,,
19482,世運食品股份有限公司(世運食品西門町總店),臺北市,萬華區,臺北市萬華區成都路78號1樓,招牌蛋黃酥,114/7/29,防腐劑,合格,,,
19483,全聯實業股份有限公司龍山捷運分公司,臺北市,萬華區,臺北市萬華區富福里和平西路三段120號地下一層,美國無骨牛小排火鍋片,114/7/30,乙型受體素類,合格,,,
19484,全聯實業股份有限公司龍山捷運分公司,臺北市,萬華區,臺北市萬華區富福里和平西路三段120號地下一層,豬梅花火鍋片-解凍肉,114/7/30,乙型受體素類,合格,,,
19485,全聯實業股份有限公司龍山捷運分公司,臺北市,萬華區,臺北市萬華區富福里和平西路三段120號地下一層,雲林土雞切塊-解凍肉,114/7/30,動物用藥殘留,合格,,,
19486,全聯實業股份有限公司龍山捷運分公司,臺北市,萬華區,臺北市萬華區富福里和平西路三段120號地下一層,古早味烤肉醬,114/7/30,防腐劑,合格,,,
19487,菁乙商行,臺北市,文山區,臺北市文山區景華街88號,綠豆沙,114/7/29,防腐劑,合格,,,
19488,潤泰創新國際股份有限公司中崙分公司,臺北市,中山區,臺北市中山區八德路二段306號B3,鳳梨酥,114/7/30,防腐劑,合格,,,
19489,潤泰創新國際股份有限公司中崙分公司,臺北市,中山區,臺北市中山區八德路二段306號B3,鳳梨酥,114/7/30,防腐劑,合格,,,
19490,潤泰創新國際股份有限公司中崙分公司,臺北市,中山區,臺北市中山區八德路二段306號B3,牛肉火鍋片,114/7/30,乙型受體素類,合格,,,
19491,潤泰創新國際股份有限公司中崙分公司,臺北市,中山區,臺北市中山區八德路二段306號B3,梅花薄片,114/7/30,乙型受體素類,合格,,,
19492,家福股份有限公司臺北內湖一分公司,臺北市,內湖區,臺北市內湖區內湖路1段155號,冷藏臺灣豬前腿肉片,114/7/28,乙型受體素類,合格,,,
19493,家福股份有限公司臺北內湖一分公司,臺北市,內湖區,臺北市內湖區內湖路1段155號,冷藏澳洲穀飼板腱牛排,114/7/28,乙型受體素類,合格,,,
19494,糖村SOGO復興店,臺北市,大安區,臺北市大安區忠孝東路三段300號B3,QD05-6經典鳳梨酥8入,114/7/28,防腐劑,合格,,,
19495,棋軒實業有限公司,臺北市,大安區,臺北市大安區復興南路2段292號,鹹蛋黃(需冷凍)20入,114/7/28,蘇丹色素,合格,,,
19496,棋軒實業有限公司,臺北市,大安區,臺北市大安區復興南路2段292號,烏豆沙,114/7/28,防腐劑,合格,,,
19497,棋軒實業有限公司,臺北市,大安區,臺北市大安區復興南路2段292號,紅豆沙,114/7/28,防腐劑,合格,,,
19498,棋軒實業有限公司,臺北市,大安區,臺北市大安區復興南路2段292號,頂級黑胡椒醬,114/7/28,防腐劑,合格,,,
19499,固的有限公司(果生堂),臺北市,中山區,臺北市中山區農安街153號1樓,黑芝麻餡(固態),114/7/28,防腐劑,合格,,,
19500,固的有限公司(果生堂),臺北市,中山區,臺北市中山區農安街153號1樓,特製油烏餡,114/7/28,防腐劑,合格,,,
19501,固的有限公司(果生堂),臺北市,中山區,臺北市中山區農安街153號1樓,純芋頭餡(麵包甜點用),114/7/28,防腐劑,合格,,,
19502,固的有限公司(果生堂),臺北市,中山區,臺北市中山區農安街153號1樓,鹹蛋黃20顆,114/7/28,蘇丹色素,合格,,,
19503,做點心過生活(常欣烘焙食品材料行),臺北市,中山區,臺北市中山區北安路578巷8弄1號(1樓),鹹蛋黃,114/7/28,蘇丹色素,合格,,,
19504,統康生活事業股份有限公司美麗華分公司(MiaC'bon超市臺北美麗華店),臺北市,中山區,臺北市中山區敬業三路20號地下1樓之1,維格餅家-鳳黃酥,114/7/28,防腐劑,合格,,,
19505,統康生活事業股份有限公司美麗華分公司(MiaC'bon超市臺北美麗華店),臺北市,中山區,臺北市中山區敬業三路20號地下1樓之1,究好豬-梅花肉片(精裝),114/7/28,乙型受體素類,合格,,,
19938,李亭香食品有限公司,臺北市,大同區,臺北市大同區迪化街一段309號,-,114/7/28,GHP,合格,,,
19940,慧上癮股份有限公司,臺北市,中山區,臺北市中山區建國北路二段226巷42號,-,114/8/6,GHP,合格,,,
19942,金橞食品股份有限公司(市招：食芋堂),臺北市,中山區,臺北市中山區松江路297巷5號,-,114/8/27,GHP,合格,,,
19944,清泉食品行,臺北市,南港區,臺北市南港區八德路4段836號,-,114/7/28,GHP,合格,,,
19946,麥香麵包店,臺北市,內湖區,臺北市內湖區康寧路1段45號1樓,-,114/7/28,GHP,合格,,,
19948,順成西點麵包有限公司-忠孝一店,臺北市,大安區,臺北市大安區敦化南路1段212號1樓,-,114/7/30,GHP,合格,,,
19950,福記餅店(市招：滿福堂),臺北市,中正區,臺北市中正區忠孝東路2段3號,-,114/8/12,GHP,合格,,,
20028,李亭香食品有限公司,臺北市,大同區,臺北市大同區迪化街一段309號,綠豆凸(奶素),114/7/28,標示,合格,,,
20029,李亭香食品有限公司,臺北市,大同區,臺北市大同區迪化街一段309號,白玉平西(奶素),114/7/28,標示,合格,,,
20030,李亭香食品有限公司,臺北市,大同區,臺北市大同區迪化街一段309號,烏豆沙蛋黃酥(蛋奶素),114/7/28,標示,合格,,,
20031,慧上癮股份有限公司,臺北市,中山區,臺北市中山區建國北路二段226巷42號,鳳梨酥(蛋奶素),114/7/28,標示,合格,,,
20032,慧上癮股份有限公司,臺北市,中山區,臺北市中山區建國北路二段226巷42號,豆漿核桃牛軋糖90g(蛋奶素),114/7/28,標示,不合格,違反食安法第22條規定，依同法第47條裁處,30000,
20033,慧上癮股份有限公司,臺北市,中山區,臺北市中山區建國北路二段226巷42號,紅土鹹蛋黃酥2入(蛋奶素),114/7/28,標示,合格,,,
20034,金橞食品股份有限公司(市招：食芋堂),臺北市,中山區,臺北市中山區松江路297巷5號,芋香太陽餅(奶素),114/7/28,標示,不合格,違反食安法第22條及第28條規定，依同法第47條及第45條裁處,80000,與同日同業者芋鬆參Q餅(葷食)及芋光寶盒（蛋奶素）產品同案辦理
20035,金橞食品股份有限公司(市招：食芋堂),臺北市,中山區,臺北市中山區松江路297巷5號,芋鬆參Q餅(葷食),114/7/28,標示,不合格,違反食安法第22條及第28條規定，依同法第47條及第45條裁處,80000,與同日同業者芋香太陽餅(奶素)及芋光寶盒（蛋奶素）產品同案辦理
20036,金橞食品股份有限公司(市招：食芋堂),臺北市,中山區,臺北市中山區松江路297巷5號,芋光寶盒（蛋奶素）,114/7/28,標示,不合格,違反食安法第22條及第28條規定，依同法第47條及第45條裁處,80000,與同日同業者芋香太陽餅(奶素)及芋鬆參Q餅(葷食)產品同案辦理
20037,金橞食品股份有限公司(市招：食芋堂),臺北市,中山區,臺北市中山區松江路297巷5號,半蛋芋頭酥(蛋奶素),114/7/28,標示,合格,,,
20038,清泉食品行,臺北市,南港區,臺北市南港區八德路4段836號,棗泥蛋黃酥,114/7/28,標示,合格,,,
20039,清泉食品行,臺北市,南港區,臺北市南港區八德路4段836號,豆沙蛋黃酥,114/7/28,標示,合格,,,
20040,清泉食品行,臺北市,南港區,臺北市南港區八德路4段836號,鳳梨酥(蛋奶素),114/7/28,標示,合格,,,
20041,麥香麵包店,臺北市,內湖區,臺北市內湖區康寧路1段45號1樓,小綠豆,114/7/28,標示,合格,,,
20042,麥香麵包店,臺北市,內湖區,臺北市內湖區康寧路1段45號1樓,烏豆沙蛋黃酥,114/7/28,標示,合格,,,
20043,麥香麵包店,臺北市,內湖區,臺北市內湖區康寧路1段45號1樓,鳳梨酥,114/7/28,標示,合格,,,
20044,順成西點麵包有限公司-忠孝一店,臺北市,大安區,臺北市大安區敦化南路1段212號1樓,原味鳳梨酥,114/7/28,標示,合格,,,
20045,順成西點麵包有限公司-忠孝一店,臺北市,大安區,臺北市大安區敦化南路1段212號1樓,小鳳梨酥,114/7/28,標示,合格,,,
20046,順成西點麵包有限公司-忠孝一店,臺北市,大安區,臺北市大安區敦化南路1段212號1樓,綠豆椪,114/7/28,標示,合格,,,
20047,福記餅店(市招：滿福堂),臺北市,中正區,臺北市中正區忠孝東路2段3號,總統三Q餅,114/7/28,標示,合格,,,
20048,福記餅店(市招：滿福堂),臺北市,中正區,臺北市中正區忠孝東路2段3號,芋泥蛋蛋椪,114/7/28,標示,合格,,,
20049,福記餅店(市招：滿福堂),臺北市,中正區,臺北市中正區忠孝東路2段3號,古早味魯肉綠豆椪,114/7/28,標示,合格,,,
20271,李亭香食品有限公司,臺北市,大同區,臺北市大同區迪化街一段309號,沙拉油烏豆沙,114/7/28,防腐劑,合格,,,
20272,慧上癮股份有限公司,臺北市,中山區,臺北市中山區建國北路二段226巷42號,鳳梨酥(蛋奶素),114/7/28,防腐劑,合格,,,
20273,金橞食品股份有限公司(市招：食芋堂),臺北市,中山區,臺北市中山區松江路297巷5號,芋泥餡,114/7/28,防腐劑,合格,,,
20274,金橞食品股份有限公司(市招：食芋堂),臺北市,中山區,臺北市中山區松江路297巷5號,半蛋芋頭酥(蛋奶素),114/7/28,防腐劑、蘇丹色素,合格,,,
20275,清泉食品行,臺北市,南港區,臺北市南港區八德路4段836號,鳳梨酥(蛋奶素),114/7/28,防腐劑,合格,,,
20276,清泉食品行,臺北市,南港區,臺北市南港區八德路4段836號,鮮果鳳梨冬瓜醬(泉),114/7/28,防腐劑,合格,,,
20277,麥香麵包店,臺北市,內湖區,臺北市內湖區康寧路1段45號1樓,烏豆沙蛋黃酥,114/7/28,防腐劑、蘇丹色素,合格,,,
20278,麥香麵包店,臺北市,內湖區,臺北市內湖區康寧路1段45號1樓,奶油紅豆沙餡,114/7/28,防腐劑,合格,,,
20279,順成西點麵包有限公司-忠孝一店,臺北市,大安區,臺北市大安區敦化南路1段212號1樓,紅豆粒餡,114/7/28,防腐劑,合格,,,
20280,順成西點麵包有限公司-忠孝一店,臺北市,大安區,臺北市大安區敦化南路1段212號1樓,10入鳳梨酥,114/7/28,防腐劑,合格,,,
20281,福記餅店(市招：滿福堂),臺北市,中正區,臺北市中正區忠孝東路2段3號,烏沙蛋黃酥,114/7/28,防腐劑、蘇丹色素,合格,,,
20282,福記餅店(市招：滿福堂),臺北市,中正區,臺北市中正區忠孝東路2段3號,芋頭餡(低),114/7/28,防腐劑,合格,,,
20475,尚碩生活科技股份有限公司,臺北市,內湖區,臺北市內湖區民權東路6段15巷16號1樓,-,114/5/22,GHP,合格,,,
20539,尚碩生活科技股份有限公司,臺北市,內湖區,臺北市內湖區民權東路6段15巷16號1樓,珍味午仔魚一夜干,114/4/22,標示,合格,,,
20844,仁承健康餐廳(尋味舒肥健康食盒),臺北市,北投區,臺北市北投區石牌路2段99巷51號1樓,—,114/6/11,標示,合格,,,
20845,仁承健康餐廳(尋味舒肥健康食盒),臺北市,北投區,臺北市北投區石牌路2段99巷51號1樓,紅茶,114/6/11,食品微生物,合格,,,
20846,仁承健康餐廳(尋味舒肥健康食盒),臺北市,北投區,臺北市北投區石牌路2段99巷51號1樓,和風芥末雞胸餐盒,114/6/11,食品微生物,合格,,,
20847,仁承健康餐廳(尋味舒肥健康食盒),臺北市,北投區,臺北市北投區石牌路2段99巷51號1樓,—,114/7/7,GHP,合格,,,
20848,沙拉嘿呦健康餐盒專賣店(SHALAHEYO沙拉·健康餐盒),臺北市,大同區,臺北市大同區長安西路145巷12號1樓,—,114/6/11,標示,合格,,,
20849,沙拉嘿呦健康餐盒專賣店(SHALAHEYO沙拉·健康餐盒),臺北市,大同區,臺北市大同區長安西路145巷12號1樓,舒肥雞胸肉沙拉,114/6/11,食品微生物,合格,,,
20850,沙拉嘿呦健康餐盒專賣店(SHALAHEYO沙拉·健康餐盒),臺北市,大同區,臺北市大同區長安西路145巷12號1樓,鹽烤鮭魚餐盒,114/6/11,食品微生物,合格,,,
20851,沙拉嘿呦健康餐盒專賣店(SHALAHEYO沙拉·健康餐盒),臺北市,大同區,臺北市大同區長安西路145巷12號1樓,—,114/6/20,GHP,合格,,,
20852,明美商行(瘦瘦食堂明美店),臺北市,中山區,臺北市中山區農安街227巷3弄22之1號1樓,—,114/6/11,標示,合格,,,
20853,明美商行(瘦瘦食堂明美店),臺北市,中山區,臺北市中山區農安街227巷3弄22之1號1樓,麥茶,114/7/28,食品微生物,合格,,,
20854,明美商行(瘦瘦食堂明美店),臺北市,中山區,臺北市中山區農安街227巷3弄22之1號1樓,花椒香麻舒肥雞,114/6/11,食品微生物,合格,,,
20855,明美商行(瘦瘦食堂明美店),臺北市,中山區,臺北市中山區農安街227巷3弄22之1號1樓,—,114/7/10,GHP,合格,,,
20856,庭茂農業生技股份有限公司(NICEGREEn美蔬菜廚房-誠品松菸店),臺北市,信義區,臺北市信義區菸廠路88號B1F,—,114/6/12,標示,合格,,,
20857,庭茂農業生技股份有限公司(NICEGREEn美蔬菜廚房-誠品松菸店),臺北市,信義區,臺北市信義區菸廠路88號B1F,馬薩拉舒肥雞活力碗,114/6/12,食品微生物,合格,,,
20858,庭茂農業生技股份有限公司(NICEGREEn美蔬菜廚房-誠品松菸店),臺北市,信義區,臺北市信義區菸廠路88號B1F,桔醬,114/6/12,食品微生物,合格,,,
20859,庭茂農業生技股份有限公司(NICEGREEn美蔬菜廚房-誠品松菸店),臺北市,信義區,臺北市信義區菸廠路88號B1F,—,114/6/13,GHP,合格,,,
20860,晴天輕食沙拉l健康餐,臺北市,南港區,臺北市南港區南港路三段16巷1號,—,114/7/4,標示,合格,,,
20861,晴天輕食沙拉l健康餐,臺北市,南港區,臺北市南港區南港路三段16巷1號,鮭魚飯,114/6/11,食品微生物,合格,,,
20862,晴天輕食沙拉l健康餐,臺北市,南港區,臺北市南港區南港路三段16巷1號,雞肉輕食,114/6/11,食品微生物,合格,,,
20863,晴天輕食沙拉l健康餐,臺北市,南港區,臺北市南港區南港路三段16巷1號,—,114/7/4,GHP,合格,,,
20864,嘉家實業有限公司(TamedFox大安店),臺北市,大安區,臺北市大安區四維路76巷5號1樓,—,114/6/12,標示,合格,,,
20865,嘉家實業有限公司(TamedFox大安店),臺北市,大安區,臺北市大安區四維路76巷5號1樓,開心果火腿佛卡夏,114/6/12,食品微生物,合格,,,
20866,嘉家實業有限公司(TamedFox大安店),臺北市,大安區,臺北市大安區四維路76巷5號1樓,阿根廷醬,114/6/12,食品微生物,合格,,,
20867,嘉家實業有限公司(TamedFox大安店),臺北市,大安區,臺北市大安區四維路76巷5號1樓,—,114/6/12,GHP,合格,,,
20868,榎輕食時尚創意坊,臺北市,南港區,臺北市南港區興中路28巷31號1樓,—,114/6/11,標示,合格,,,
20869,榎輕食時尚創意坊,臺北市,南港區,臺北市南港區興中路28巷31號1樓,—,114/6/19,GHP,合格,,,
20870,鮮語商行(舒肥底家),臺北市,萬華區,臺北市萬華區東園街49號,—,114/6/24,標示,合格,,,
20871,鮮語商行(舒肥底家),臺北市,萬華區,臺北市萬華區東園街49號,普羅旺斯雞腿排(單點),114/6/12,食品微生物,合格,,,
20872,鮮語商行(舒肥底家),臺北市,萬華區,臺北市萬華區東園街49號,檸檬香茅雞腿排(便當),114/6/12,食品微生物,合格,,,
20873,鮮語商行(舒肥底家),臺北市,萬華區,臺北市萬華區東園街49號,—,114/7/16,GHP,合格,,,
20874,癒善糧餐飲股份有限公司水源分店(uMeal台大水源店),臺北市,中正區,臺北市中正區思源街16號,—,114/6/16,標示,合格,,,
20875,癒善糧餐飲股份有限公司水源分店(uMeal台大水源店),臺北市,中正區,臺北市中正區思源街16號,海陸雙拼,114/6/12,食品微生物,合格,,,
20876,癒善糧餐飲股份有限公司水源分店(uMeal台大水源店),臺北市,中正區,臺北市中正區思源街16號,元氣酪梨醬,114/6/12,食品微生物,合格,,,
20877,癒善糧餐飲股份有限公司水源分店(uMeal台大水源店),臺北市,中正區,臺北市中正區思源街16號,—,114/6/16,GHP,合格,,,
21362,好市多股份有限公司北投分公司,臺北市,北投區,臺北市北投區立德路117號,—,114/6/11,GHP,合格,,,
21363,好市多股份有限公司北投分公司,臺北市,北投區,臺北市北投區立德路117號,—,114/6/11,標示,合格,,,
21364,好市多股份有限公司北投分公司,臺北市,北投區,臺北市北投區立德路117號,綜合蔬菜沙拉(已清洗),114/6/11,食品微生物,合格,,,
21365,好市多股份有限公司北投分公司,臺北市,北投區,臺北市北投區立德路117號,卜蜂義式雞胸肉,114/6/11,食品微生物,合格,,,
21366,喬治兄弟有限公司(南港車站GL-蔬坊(TheGreenery)),臺北市,南港區,臺北市南港區忠孝東路七段371號B1,—,114/6/19,GHP,合格,,,
21367,喬治兄弟有限公司(南港車站GL-蔬坊(TheGreenery)),臺北市,南港區,臺北市南港區忠孝東路七段371號B1,—,114/6/19,標示,合格,,,
21368,喬治兄弟有限公司(南港車站GL-蔬坊(TheGreenery)),臺北市,南港區,臺北市南港區忠孝東路七段371號B1,三色起司,114/6/11,食品微生物,合格,,,
21369,喬治兄弟有限公司(南港車站GL-蔬坊(TheGreenery)),臺北市,南港區,臺北市南港區忠孝東路七段371號B1,凱薩大帝,114/6/11,食品微生物,合格,,,
21528,專售花東的雞,臺北市,信義區,臺北市信義區松山路294號,雞胸肉,114/7/1,動物用藥殘留,合格,,,
21529,鄉下の土雞,臺北市,松山區,臺北市松山區松山路294號,雞胸肉,114/7/1,動物用藥殘留,合格,,,
21530,甲的雞,臺北市,信義區,臺北市信義區松山路294號,雞胸肉,114/7/1,動物用藥殘留,合格,,,
21531,東部山放山雞,臺北市,內湖區,臺北市內湖區五分街75之6號,烏骨雞,114/7/8,動物用藥殘留,合格,,,
21532,東部山放山雞,臺北市,內湖區,臺北市內湖區五分街75之6號,文昌雞,114/7/8,動物用藥殘留,合格,,,
21533,東部山放山雞,臺北市,內湖區,臺北市內湖區五分街75之6號,雞胗,114/7/8,動物用藥殘留,合格,,,
21534,王O裕,臺北市,內湖區,臺北市內湖區五分街18號,鴨肉,114/7/8,動物用藥殘留,合格,,,
21535,阿妹雞鴨商行,臺北市,萬華區,臺北市萬華區環河南路2段245號2樓,烏骨雞,114/7/9,動物用藥殘留,合格,,,
21536,阿妹雞鴨商行,臺北市,萬華區,臺北市萬華區環河南路2段245號2樓,雞心,114/7/9,動物用藥殘留,合格,,,
21537,大未來鴨肉,臺北市,萬華區,臺北市萬華區環河南路2段245號,鴨肉,114/7/9,動物用藥殘留,合格,,,
21538,大未來鴨肉,臺北市,萬華區,臺北市萬華區環河南路2段245號,鴨胗,114/7/9,動物用藥殘留,合格,,,
21539,聖富雞鴨商號,臺北市,萬華區,臺北市萬華區環河南路2段245號2樓,雞翅,114/7/9,動物用藥殘留,合格,,,
21540,八方行食品股份有限公司,臺北市,中山區,臺北市中山區民族東路410巷23弄1號1樓,鴨胸(三角),114/7/10,動物用藥殘留,合格,,,
21541,八方行食品股份有限公司,臺北市,中山區,臺北市中山區民族東路410巷23弄1號1樓,烏骨雞,114/7/10,動物用藥殘留,合格,,,
21542,阿文土雞,臺北市,北投區,臺北市北投區磺港路33號,烏骨雞,114/7/10,動物用藥殘留,合格,,,
21543,龍發雞肉商,臺北市,中山區,臺北市中山區民族東路410巷27號,雞心,114/7/10,動物用藥殘留,合格,,,
21544,阿文土雞,臺北市,北投區,臺北市北投區磺港路33號,鴨,114/7/10,動物用藥殘留,合格,,,
21545,龍發雞肉商,臺北市,中山區,臺北市中山區民族東路410巷27號,雞胸肉,114/7/10,動物用藥殘留,合格,,,
21546,順興雞鴨行,臺北市,北投區,臺北市北投區磺港路33號,雞佛,114/7/10,動物用藥殘留,合格,,,
21547,鼎宏土雞專營,臺北市,北投區,臺北市北投區磺港路33號,仿土雞,114/7/10,動物用藥殘留,合格,,,
21548,台灣好食雞商行,臺北市,中山區,臺北市中山區民族東路410巷6號,雞佛,114/7/10,動物用藥殘留,合格,,,
21549,黃大鮮有限公司,臺北市,大安區,臺北市大安區建國南路2段33號1樓,珍珠雞心,114/7/10,動物用藥殘留,合格,,,
21550,棉花田生機園地股份有限公司大安門市,臺北市,大安區,臺北市大安區大安路1段182號,標裕-去骨雞腿,114/7/10,動物用藥殘留,合格,,,
21551,湯瑪仕肉舖,臺北市,大安區,臺北市大安區忠孝東路3段230號1樓,法式櫻桃鴨胸,114/7/10,動物用藥殘留,合格,,,
21552,全聯福利中心大安仁愛店,臺北市,大安區,臺北市大安區仁愛路4段418號,火山烏骨雞切-解凍肉,114/7/15,動物用藥殘留,合格,,,
21553,元榆牧場台北安和店,臺北市,大安區,臺北市大安區安和路1段97號,黑羽生鮮雞肝,114/7/15,動物用藥殘留,合格,,,
21554,安和蛋行,臺北市,大安區,臺北市大安區樂利路11巷11號1樓,鴨蛋,114/8/1,動物用藥殘留,合格,,,
21555,健昌雜糧行,臺北市,大安區,臺北市大安區安居街9巷10號,鴨蛋,114/8/1,動物用藥殘留,合格,,,
21556,家樂福超市台北中坡南店,臺北市,南港區,臺北市南港區忠孝東路5段970號地下1樓,伊利蛋,114/8/11,動物用藥殘留,合格,,,
21557,家樂福超市台北中坡南店,臺北市,南港區,臺北市南港區忠孝東路5段970號地下1樓,家樂福非籠飼平飼新鮮蛋(紅),114/8/11,動物用藥殘留,合格,,,
21558,有利蛋行,臺北市,中山區,臺北市中山區新生北路3段11巷49號,白蛋,114/8/11,動物用藥殘留,合格,,,
21559,有利蛋行,臺北市,中山區,臺北市中山區新生北路3段11巷49號,白仁紅蛋,114/8/11,動物用藥殘留,合格,,,
21560,有利蛋行,臺北市,中山區,臺北市中山區新生北路3段11巷49號,紅仁紅蛋,114/8/11,動物用藥殘留,合格,,,
21561,全聯實業股份有限公司南港中坡分公司,臺北市,南港區,臺北市南港區中坡南路7號1樓,養力紅仁卵,114/8/11,動物用藥殘留,合格,,,
21562,全聯實業股份有限公司南港中坡分公司,臺北市,南港區,臺北市南港區中坡南路7號1樓,川果白殼蛋,114/8/11,動物用藥殘留,合格,,,
21563,吉林台安藥局,臺北市,中山區,臺北市中山區吉林路399號,DHA聰明蛋,114/8/11,動物用藥殘留,合格,,,
21564,進鋒蛋行,臺北市,信義區,臺北市信義區吳興街13號,紅仁,114/8/11,動物用藥殘留,合格,,,
21565,進鋒蛋行,臺北市,信義區,臺北市信義區吳興街13號,白蛋,114/8/11,動物用藥殘留,合格,,,
21566,吉興商行,臺北市,信義區,臺北市信義區吳興街148號,紅蛋,114/8/11,動物用藥殘留,合格,,,
21567,吉興商行,臺北市,信義區,臺北市信義區吳興街148號,白蛋,114/8/11,動物用藥殘留,合格,,,
21568,日新蛋行,臺北市,士林區,臺北市士林區基河路101號,寶貝土雞蛋,114/8/12,動物用藥殘留,合格,,,
21569,日新蛋行,臺北市,士林區,臺北市士林區基河路101號,大成上品語鮮蛋(白蛋),114/8/12,動物用藥殘留,合格,,,
21570,自達香食品部,臺北市,北投區,臺北市北投區石牌路1段166巷132號,特選傳統土雞蛋,114/8/12,動物用藥殘留,合格,,,
21571,自達香食品部,臺北市,北投區,臺北市北投區石牌路1段166巷132號,特選養生蛋,114/8/12,動物用藥殘留,合格,,,
21572,林O顯號,臺北市,中正區,臺北市中正區中華路2段311巷43號,雞蛋,114/8/12,動物用藥殘留,合格,,,
21573,雙成雜糧飼料行,臺北市,萬華區,臺北市萬華區雙和街68號,土雞蛋,114/8/12,動物用藥殘留,合格,,,
21574,協興蛋業,臺北市,萬華區,臺北市萬華區康定路172巷1號,紅殼黃心蛋,114/8/12,動物用藥殘留,合格,,,
21575,宏昇糧行,臺北市,萬華區,臺北市萬華區萬青街172號1樓,土雞蛋,114/8/12,動物用藥殘留,合格,,,
21766,美特多股份有限公司,臺北市,內湖區,臺北市內湖區南京東路6段266號,冷凍去骨豬後腿肉,114/8/1,動物用藥殘留,合格,,,
21767,美特多股份有限公司,臺北市,內湖區,臺北市內湖區南京東路6段266號,冷凍去骨豬肉,114/8/1,動物用藥殘留,合格,,,
21768,家福股份有限公司台北天母分公司熟食區,臺北市,士林區,臺北市士林區德行西路47號,立大冷藏台灣豬僧帽肌,114/8/1,動物用藥殘留,合格,,,
22030,大潤發中崙店,臺北市,中山區,臺北市中山區八德路2段306號地下2樓之3,吳郭魚(大),114/7/1,動物用藥殘留,合格,,,
22031,大潤發中崙店,臺北市,中山區,臺北市中山區八德路2段306號地下2樓之3,台灣鯛背肉,114/7/1,動物用藥殘留,合格,,,
22032,棉花田生機園地股份有限公司信義門市,臺北市,中正區,臺北市中正區金山南路1段139之1號1樓,產銷履歷午仔魚三去,114/7/1,動物用藥殘留,合格,,,
22033,吃火堂鍋北投姐,臺北市,北投區,臺北市北投區磺港路33號,冷凍生白蝦,114/8/1,動物用藥殘留,合格,,,
22034,家福股份有限公司台北天母分公司,臺北市,士林區,臺北市士林區德行西路47號,冷凍大比目魚切片,114/8/1,動物用藥殘留,合格,,,
22035,全聯實業股份有限公司北投吉利分公司,臺北市,北投區,臺北市北投區吉利街125號1樓,文蛤(特大)真空包,114/8/1,動物用藥殘留,合格,,,
22036,全聯實業股份有限公司北投吉利分公司,臺北市,北投區,臺北市北投區吉利街125號1樓,鯛魚火鍋片,114/8/1,動物用藥殘留,合格,,,
22159,專售花東的雞,臺北市,信義區,臺北市信義區松山路294號,雞胸肉,114/7/1,農藥殘留,合格,,,
22160,鄉下の土雞,臺北市,松山區,臺北市松山區松山路294號,雞胸肉,114/7/1,農藥殘留,合格,,,
22161,大甲的雞,臺北市,信義區,臺北市信義區松山路294號,雞胸肉,114/7/1,農藥殘留,合格,,,
22162,安和蛋行,臺北市,大安區,臺北市大安區樂利路11巷11號1樓,鴨蛋,114/8/1,農藥殘留,合格,,,
22163,健昌雜糧行,臺北市,大安區,臺北市大安區安居街9巷10號,鴨蛋,114/8/1,農藥殘留,合格,,,
22164,家樂福超市台北中坡南店,臺北市,南港區,臺北市南港區忠孝東路5段970號地下1樓,伊利蛋,114/8/11,農藥殘留,合格,,,
22165,家樂福超市台北中坡南店,臺北市,南港區,臺北市南港區忠孝東路5段970號地下1樓,家樂福非籠飼平飼新鮮蛋(紅),114/8/11,農藥殘留,合格,,,
22166,有利蛋行,臺北市,中山區,臺北市中山區新生北路3段11巷49號,白蛋,114/8/11,農藥殘留,合格,,,
22167,有利蛋行,臺北市,中山區,臺北市中山區新生北路3段11巷49號,白仁紅蛋,114/8/11,農藥殘留,合格,,,
22168,有利蛋行,臺北市,中山區,臺北市中山區新生北路3段11巷49號,紅仁紅蛋,114/8/11,農藥殘留,合格,,,
22169,全聯實業股份有限公司南港中坡分公司,臺北市,南港區,臺北市南港區中坡南路7號1樓,養力紅仁卵,114/8/11,農藥殘留,合格,,,
22170,全聯實業股份有限公司南港中坡分公司,臺北市,南港區,臺北市南港區中坡南路7號1樓,川果白殼蛋,114/8/11,農藥殘留,合格,,,
22171,吉林台安藥局,臺北市,中山區,臺北市中山區吉林路399號,DHA聰明蛋,114/8/11,農藥殘留,合格,,,
22172,進鋒蛋行,臺北市,信義區,臺北市信義區吳興街13號,紅仁,114/8/11,農藥殘留,合格,,,
22173,進鋒蛋行,臺北市,信義區,臺北市信義區吳興街13號,白蛋,114/8/11,農藥殘留,合格,,,
22174,吉興商行,臺北市,信義區,臺北市信義區吳興街148號,紅蛋,114/8/11,農藥殘留,合格,,,
22175,吉興商行,臺北市,信義區,臺北市信義區吳興街148號,白蛋,114/8/11,農藥殘留,合格,,,
22176,日新蛋行,臺北市,士林區,臺北市士林區基河路101號,寶貝土雞蛋,114/8/12,農藥殘留,合格,,,
22177,日新蛋行,臺北市,士林區,臺北市士林區基河路101號,大成上品語鮮蛋(白蛋),114/8/12,農藥殘留,合格,,,
22178,自達香食品部,臺北市,北投區,臺北市北投區石牌路1段166巷132號,特選傳統土雞蛋,114/8/12,農藥殘留,合格,,,
22179,自達香食品部,臺北市,北投區,臺北市北投區石牌路1段166巷132號,特選養生蛋,114/8/12,農藥殘留,合格,,,
22180,林O顯號,臺北市,中正區,臺北市中正區中華路2段311巷43號,雞蛋,114/8/12,農藥殘留,合格,,,
22181,雙成雜糧飼料行,臺北市,萬華區,臺北市萬華區雙和街68號,土雞蛋,114/8/12,農藥殘留,合格,,,
22182,協興蛋業,臺北市,萬華區,臺北市萬華區康定路172巷1號,紅殼黃心蛋,114/8/12,農藥殘留,合格,,,
22183,宏昇糧行,臺北市,萬華區,臺北市萬華區萬青街172號1樓,土雞蛋,114/8/12,農藥殘留,合格,,,
22312,美特多股份有限公司,臺北市,內湖區,臺北市內湖區南京東路6段266號,冷凍去骨豬後腿肉,114/8/1,農藥殘留,合格,,,
22313,美特多股份有限公司,臺北市,內湖區,臺北市內湖區南京東路6段266號,冷凍去骨豬肉,114/8/1,農藥殘留,合格,,,
23125,長源冰店,臺北市,松山區,臺北市松山區延吉街9巷10號,-,114/4/18,GHP,合格,,,
23126,金川冰行,臺北市,士林區,臺北市士林區延平北路八段2巷56弄51號1樓,-,114/6/10,GHP,合格,,,
23127,雪王食品行(雪王冰淇淋),臺北市,中正區,臺北市中正區武昌街1段65號2樓,-,114/4/28,GHP,合格,,,
23204,雪王食品行(雪王冰淇淋),臺北市,中正區,臺北市中正區武昌街1段65號2樓,巧克力燕麥奶冰淇淋,114/4/9,標示,不合格,違反食安法第22條規定，依同法第47條裁處,30000,外包裝未標示有效日期、成分「黏稠劑」未依食品添加物使用範圍及限量標準所定之品名標示
23300,長源冰店,臺北市,松山區,臺北市松山區延吉街9巷10號,食用冰塊(2.8cm*3cm),114/4/8,食品微生物,合格,,,
23301,長源冰店,臺北市,松山區,臺北市松山區延吉街9巷10號,食用冰塊(4cm*4cm),114/4/8,食品微生物,合格,,,
23302,金川冰行,臺北市,士林區,臺北市士林區延平北路八段2巷56弄51號1樓,食用衛生冰塊,114/4/8,食品微生物,合格,,,
23303,雪王食品行(雪王冰淇淋),臺北市,中正區,臺北市中正區武昌街1段65號2樓,巧克力燕麥奶冰淇淋,114/4/9,食品微生物,合格,,,
23304,雪王食品行(雪王冰淇淋),臺北市,中正區,臺北市中正區武昌街1段65號2樓,巧克力燕麥奶冰淇淋,114/4/9,環氧乙烷,合格,,,
23575,伊荳食品行(伊荳養生甜品),臺北市,中山區,臺北市中山區長春路133-2號1樓,挫冰,114/4/8,食品微生物,合格,,,
23576,張晉鴉片粉圓店(鴉片粉圓),臺北市,中山區,臺北市中山區龍洲里122號1樓,三圓冰,114/6/10,食品微生物,合格,,,
23577,巧珍森商行松山營業所(清原芋圓),臺北市,松山區,臺北市松山區南京東路三段303巷6弄1-1號1樓,剉冰,114/4/1,食品微生物,合格,,,
23578,四季甜煮食品有限公司四季甜煮食品有限公司台安分公司(綠逗薏人台安店),臺北市,松山區,臺北市松山區八德路二段414號,剉冰,114/4/1,食品微生物,合格,,,
23579,四季甜煮食品有限公司四季甜煮食品有限公司台安分公司(綠逗薏人台安店),臺北市,松山區,臺北市松山區八德路2段414號,綠豆,114/4/1,食品微生物,合格,,,
23580,歐歐歐有限公司一號店(OddOneOut),臺北市,大安區,臺北市大安區敦化南路一段187巷48號,提拉米蘇義式手工冰淇淋,114/3/31,食品微生物,合格,,,
23581,和德昌股份有限公司(麥當勞),臺北市,北投區,臺北市北投區石牌路二段126號,蛋捲冰淇淋,114/4/1,食品微生物,合格,,,
23582,滿圓冰店(滿圓冰店),臺北市,中正區,臺北市中正區南昌路二段156號1樓,清冰,114/4/1,食品微生物,合格,,,
23583,全家便利商店股份有限公司(全家便利商店),臺北市,中正區,臺北市中正區羅斯福路二段140號1樓,木瓜牛奶霜淇淋,114/4/1,食品微生物,合格,,,
23584,抓冰茶商行(抓·冰·TEA),臺北市,士林區,臺北市士林區承德路四段309號1樓,黑糖綜合冰,114/4/16,食品微生物,合格,,,
23585,開心展業有限公司(開心複合式甜品),臺北市,萬華區,臺北市萬華區昆明街262號1樓,牛奶雪花冰,114/4/2,食品微生物,合格,,,
23752,青島茶館(CoCo都可),臺北市,中正區,臺北市中正區青島東路21之10號,仙草,114/4/1,食品微生物,合格,,,
23763,裕民飲品店(COMEBUY),臺北市,北投區,臺北市北投區裕民一路30-1號,,114/4/1,標示,合格,,,
23764,咪路星球社(十盛),臺北市,士林區,臺北市士林區中正路235巷24號1樓,,114/4/1,標示,合格,,,
23765,和德昌股份有限公司(麥當勞),臺北市,北投區,臺北市北投區石牌路二段126號,,114/4/1,標示,合格,,,
23766,灃裕企業社(武林茶),臺北市,信義區,臺北市信義區永吉路30巷178弄1號1樓,,114/3/31,標示,合格,,,
23767,三暘企業社(山焙),臺北市,內湖區,臺北市內湖區內湖路一段367號1樓,,114/4/1,標示,合格,,,
23768,統一超商股份有限公司(7-ELEVEN),臺北市,大同區,臺北市大同區民生西路95、97號1樓,,114/4/2,標示,合格,,,
23769,寧夏綠茶店(50嵐寧夏店),臺北市,大同區,臺北市大同區寧夏路47號,,114/3/28,標示,合格,,,
23935,永裕飲料店(進發家東門永康店),臺北市,大安區,臺北市大安區永康街6之7號,,114/3/31,標示,合格,,,
23936,青島茶館(CoCo都可),臺北市,中正區,臺北市中正區青島東路21之10號,,114/4/1,標示,合格,,,
23937,盛古亭有限公司(十盛臺北古亭店),臺北市,大安區,臺北市大安區和平東路一段19號,,114/5/26,標示,合格,,,
23938,永裕飲料店(進發家東門永康店),臺北市,大安區,臺北市大安區永康街6之7號,手作冬瓜露,114/3/31,食品微生物(腸桿菌科),不合格,違反食安法第17條，依同法第48條裁處,30000,
23939,青島茶館(CoCo都可),臺北市,中正區,臺北市中正區青島東路21之10號,四季春青茶,114/4/1,食品微生物(腸桿菌科),不合格,違反食安法第17條，依同法第48條裁處,30000,
23940,盛古亭有限公司(十盛臺北古亭店),臺北市,大安區,臺北市大安區和平東路一段19號,冬焙蕎麥,114/5/26,食品微生物(腸桿菌科),不合格,違反食安法第17條，依同法第48條裁處,30000,
23951,藍灣餐飲有限公司(SOMA特調飲品永康旗艦店),臺北市,大安區,臺北市大安區永康街7巷3號,,114/3/31,標示(連鎖飲料便利商店及速食業之現場調製飲料標示規定),不合格,違反食安法第25條第2項，依同法第47條裁處,30000,
23977,裕民飲品店(COMEBUY),臺北市,北投區,臺北市北投區裕民一路30-1號,,114/4/1,GHP,合格,,,
23978,咪路星球社(十盛),臺北市,士林區,臺北市士林區中正路235巷24號1樓,,114/4/1,GHP,合格,,,
23979,士紀豆漿店(永和士紀豆漿大王),臺北市,大同區,臺北市大同區民生西路120號1樓,,114/4/2,GHP,合格,,,
23980,田木果茶飲專賣店(田木果),臺北市,松山區,臺北市松山區南京東路五段123巷6弄1號,,114/4/1,GHP,合格,,,
23981,和德昌股份有限公司(麥當勞),臺北市,北投區,臺北市北投區石牌路二段126號,,114/4/1,GHP,合格,,,
23982,灃裕企業社(武林茶),臺北市,信義區,臺北市信義區永吉路30巷178弄1號1樓,,114/3/31,GHP,合格,,,
23983,三暘企業社(山焙),臺北市,內湖區,臺北市內湖區內湖路一段367號1樓,,114/4/1,GHP,合格,,,
23984,統一超商股份有限公司(7-ELEVEN),臺北市,大同區,臺北市大同區民生西路95、97號1樓,,114/4/2,GHP,合格,,,
23985,鎧西有限公司(都行茶飲WhateverTea),臺北市,大安區,臺北市大安區忠孝東路四段248巷6號,,114/3/31,GHP,合格,,,
23986,寧夏綠茶店(50嵐寧夏店),臺北市,大同區,臺北市大同區寧夏路47號,,114/3/28,GHP,合格,,,
24209,伊荳食品行(伊荳養生甜品),臺北市,中山區,臺北市中山區長春路133-2號1樓,,114/4/8,GHP,合格,,,
24210,張晉鴉片粉圓店(鴉片粉圓),臺北市,中山區,臺北市中山區龍洲里122號1樓,,114/6/10,GHP,合格,,,
24211,巧珍森商行松山營業所(清原芋圓),臺北市,松山區,臺北市松山區南京東路三段303巷6弄1-1號1樓,,114/4/1,GHP,合格,,,
24212,四季甜煮食品有限公司四季甜煮食品有限公司台安分公司(綠逗薏人台安店),臺北市,松山區,臺北市松山區八德路二段414號,,114/4/1,GHP,合格,,,
24213,歐歐歐有限公司一號店(OddOneOut),臺北市,大安區,臺北市大安區敦化南路一段187巷48號,,114/3/31,GHP,合格,,,
24214,和德昌股份有限公司(麥當勞),臺北市,北投區,臺北市北投區石牌路二段126號,,114/4/1,GHP,合格,,,
24215,滿圓冰店(滿圓冰店),臺北市,中正區,臺北市中正區南昌路二段156號1樓,,114/4/1,GHP,合格,,,
24216,全家便利商店股份有限公司(全家便利商店),臺北市,中正區,臺北市中正區羅斯福路二段140號1樓,,114/4/1,GHP,合格,,,
24217,抓冰茶商行(抓·冰·TEA),臺北市,士林區,臺北市士林區承德路四段309號1樓,,114/4/16,GHP,合格,,,
24218,開心展業有限公司(開心複合式甜品),臺北市,萬華區,臺北市萬華區昆明街262號1樓,,114/4/2,GHP,合格,,,
24342,藍灣餐飲有限公司(SOMA特調飲品永康旗艦店),臺北市,大安區,臺北市大安區永康街7巷3號,,114/3/31,GHP,合格,,,
24359,永裕飲料店(進發家東門永康店),臺北市,大安區,臺北市大安區永康街6之7號,,114/3/31,GHP,合格,,,
24360,青島茶館(CoCo都可),臺北市,中正區,臺北市中正區青島東路21之10號,,114/4/1,GHP,合格,,,
24361,盛古亭有限公司(十盛臺北古亭店),臺北市,大安區,臺北市大安區和平東路一段19號,,114/5/26,GHP,合格,,,
24373,裕民飲品店(COMEBUY),臺北市,北投區,臺北市北投區裕民一路30-1號,經典可可,114/4/1,食品微生物,合格,,,
24374,士紀豆漿店(永和士紀豆漿大王),臺北市,大同區,臺北市大同區民生西路120號1樓,豆漿,114/4/2,食品微生物,合格,,,
24375,田木果茶飲專賣店(田木果),臺北市,松山區,臺北市松山區南京東路五段123巷6弄1號,仙草甘茶,114/4/1,食品微生物,合格,,,
24376,田木果茶飲專賣店(田木果),臺北市,松山區,臺北市松山區南京東路5段123巷6弄1號,鮮榨葡萄汁,114/4/1,食品微生物,合格,,,
24377,和德昌股份有限公司(麥當勞),臺北市,北投區,臺北市北投區石牌路二段126號,冰奶茶,114/4/1,食品微生物,合格,,,
24378,灃裕企業社(武林茶),臺北市,信義區,臺北市信義區永吉路30巷178弄1號1樓,凍頂山烏龍茶,114/3/31,食品微生物,合格,,,
24379,統一超商股份有限公司(7-ELEVEN),臺北市,大同區,臺北市大同區民生西路95、97號1樓,HERSHYE'S好時經典可可,114/4/2,食品微生物,合格,,,
24380,鎧西有限公司(都行茶飲WhateverTea),臺北市,大安區,臺北市大安區忠孝東路四段248巷6號,黑糖寒天,114/3/31,食品微生物,合格,,,
24381,寧夏綠茶店(50嵐寧夏店),臺北市,大同區,臺北市大同區寧夏路47號,食用冰塊,114/3/28,食品微生物,合格,,,
24443,天仁餐盒有限公司,臺北市,內湖區,臺北市內湖區新明路321巷10弄8號1樓,-,114/2/25,GHP,合格,,,
24444,天仁餐盒有限公司,臺北市,內湖區,臺北市內湖區新明路321巷10弄8號1樓,-,114/3/21,GHP,合格,,,
24445,士福實業股份有限公司,臺北市,內湖區,臺北市內湖區新明路193號195號1樓,-,114/2/25,GHP,合格,,,
24446,士福實業股份有限公司,臺北市,內湖區,臺北市內湖區新明路193號195號1樓,-,114/3/7,GHP,合格,,,
24447,冠冕盒餐食品股份有限公司,臺北市,內湖區,臺北市內湖區內湖路1段91巷38弄5號、7號、9號,-,114/3/3,GHP,合格,,,
24448,冠冕盒餐食品股份有限公司,臺北市,內湖區,臺北市內湖區內湖路1段91巷38弄5號、7號、9號,-,114/3/31,GHP,合格,,,
24449,第一餐盒股份有限公司,臺北市,南港區,臺北市南港區重陽路263巷8號,-,114/3/6,GHP,合格,,,
24450,第一餐盒股份有限公司,臺北市,南港區,臺北市南港區重陽路263巷8號,-,114/4/29,GHP,合格,,,
24451,宮保王食品有限公司,臺北市,南港區,臺北市南港區南港路3段149巷49弄12、14號,-,114/2/20,GHP,合格,,,
24452,宮保王食品有限公司,臺北市,南港區,臺北市南港區南港路3段149巷49弄12、14號,-,114/3/6,GHP,合格,,,
24453,鉅登團膳食品有限公司,臺北市,南港區,臺北市南港區南港路3段80巷32號2樓、地下,-,114/2/20,GHP,合格,,,
24454,鉅登團膳食品有限公司,臺北市,南港區,臺北市南港區南港路3段80巷32號2樓、地下,-,114/3/6,GHP,合格,,,
24455,榮彬食品有限公司,臺北市,士林區,臺北市士林區福港街110巷1弄2之1號,-,114/3/4,GHP,合格,,,
24456,榮彬食品有限公司,臺北市,士林區,臺北市士林區福港街110巷1弄2之1號,-,114/3/31,GHP,合格,,,
24457,天仁餐盒有限公司,臺北市,內湖區,臺北市內湖區新明路321巷10弄8號1樓,蘿蔔燉肉便當,114/2/25,食品中微生物,合格,,,
24458,天仁餐盒有限公司,臺北市,內湖區,臺北市內湖區新明路321巷10弄8號1樓,桶餐,114/4/10,食品中微生物,合格,,,該公司供應新北市轄內學校之午餐，由新北市衛生局抽驗
24459,士福實業股份有限公司,臺北市,內湖區,臺北市內湖區新明路193號195號1樓,香仔嫩肉便當,114/2/25,食品中微生物,合格,,,
24460,士福實業股份有限公司,臺北市,內湖區,臺北市內湖區新明路193號195號1樓,桶餐,114/4/10,食品中微生物,合格,,,該公司供應新北市轄內學校之午餐，由新北市衛生局抽驗
24461,冠冕盒餐食品股份有限公司,臺北市,內湖區,臺北市內湖區內湖路1段91巷38弄5號、7號、9號,酥炸雞腿便當,114/3/3,食品中微生物,合格,,,
24462,第一餐盒股份有限公司,臺北市,南港區,臺北市南港區重陽路263巷8號,香滷豬排便當,114/3/6,食品中微生物,合格,,,
24463,宮保王食品有限公司,臺北市,南港區,臺北市南港區南港路3段149巷49弄12、14號,小翅腿便當,114/3/6,食品中微生物,合格,,,
24464,鉅登團膳食品有限公司,臺北市,南港區,臺北市南港區南港路3段80巷32號2樓、地下,蠔油豬排便當,114/3/6,食品中微生物,合格,,,
24465,榮彬食品有限公司,臺北市,士林區,臺北市士林區福港街110巷1弄2之1號,肉燥滷蛋有機白飯,114/3/4,食品中微生物,合格,,,
24466,天仁餐盒有限公司,臺北市,內湖區,臺北市內湖區新明路321巷10弄8號1樓,豬絞肉,114/2/25,動物用藥殘留,合格,,,
24467,士福實業股份有限公司,臺北市,內湖區,臺北市內湖區新明路193號195號1樓,前腿絞肉,114/2/25,動物用藥殘留,合格,,,
24468,冠冕盒餐食品股份有限公司,臺北市,內湖區,臺北市內湖區內湖路1段91巷38弄5號、7號、9號,豬肉絲,114/3/3,動物用藥殘留,合格,,,
24469,第一餐盒股份有限公司,臺北市,南港區,臺北市南港區重陽路263巷8號,津谷豬肉肉角,114/3/6,動物用藥殘留,合格,,,
24470,宮保王食品有限公司,臺北市,南港區,臺北市南港區南港路3段149巷49弄12、14號,津谷豬肉肉片,114/3/6,動物用藥殘留,合格,,,
24471,鉅登團膳食品有限公司,臺北市,南港區,臺北市南港區南港路3段80巷32號2樓、地下,津谷豬肉肉片,114/3/6,動物用藥殘留,合格,,,
24472,榮彬食品有限公司,臺北市,士林區,臺北市士林區福港街110巷1弄2之1號,前腿肉絲,114/3/4,動物用藥殘留,合格,,,
24473,天仁餐盒有限公司,臺北市,內湖區,臺北市內湖區新明路321巷10弄8號1樓,豬絞肉,114/2/25,豬肉原產地標示,合格,,,
24474,士福實業股份有限公司,臺北市,內湖區,臺北市內湖區新明路193號195號1樓,前腿絞肉,114/2/25,豬肉原產地標示,合格,,,
24475,冠冕盒餐食品股份有限公司,臺北市,內湖區,臺北市內湖區內湖路1段91巷38弄5號、7號、9號,豬肉絲,114/3/3,豬肉原產地標示,合格,,,
24476,第一餐盒股份有限公司,臺北市,南港區,臺北市南港區重陽路263巷8號,豬肉,114/3/6,豬肉原產地標示,合格,,,
24477,宮保王食品有限公司,臺北市,南港區,臺北市南港區南港路3段149巷49弄12、14號,豬肉,114/3/6,豬肉原產地標示,合格,,,
24478,鉅登團膳食品有限公司,臺北市,南港區,臺北市南港區南港路3段80巷32號2樓、地下,豬肉,114/3/6,豬肉原產地標示,合格,,,
24479,榮彬食品有限公司,臺北市,士林區,臺北市士林區福港街110巷1弄2之1號,前腿肉絲,114/3/4,豬肉原產地標示,合格,,,
26235,士林國小,臺北市,士林區,臺北市士林區大東路165號,-,114/3/6,GHP,合格,,,
26239,文昌國小,臺北市,士林區,臺北市士林區文林路615巷20號,-,114/3/6,GHP,合格,,,
26243,華興中學,臺北市,士林區,臺北市士林區仰德大道一段101號,-,114/3/3,GHP,合格,,,
26247,衛理女中,臺北市,士林區,臺北市士林區至善路二段321號,-,114/3/3,GHP,合格,,,
26251,啟明學校,臺北市,士林區,臺北市士林區忠誠路二段207巷1號,-,114/4/21,GHP,合格,,,
26255,劍潭國小,臺北市,士林區,臺北市士林區通河街16號,-,114/3/3,GHP,合格,,,
26259,百齡國小,臺北市,士林區,臺北市士林區福港街205號,-,114/3/4,GHP,合格,,,
26263,葫蘆國小,臺北市,士林區,臺北市士林區環河北路三段95號,-,114/3/4,GHP,合格,,,
26267,大同國小,臺北市,大同區,臺北市大同區大龍街51號,-,114/2/25,GHP,合格,,,
26271,太平國小,臺北市,大同區,臺北市大同區延平北路二段239號,-,114/2/24,GHP,合格,,,
26275,成淵高中,臺北市,大同區,臺北市大同區承德路二段235號,-,114/4/9,GHP,合格,,,
26279,啟聰學校,臺北市,大同區,臺北市大同區重慶北路三段320號,-,114/4/1,GHP,合格,,,
26283,靜修高中,臺北市,大同區,臺北市大同區寧夏路59號,-,114/4/9,GHP,合格,,,
26287,幸安國小,臺北市,大安區,臺北市大安區仁愛路三段22號,-,114/2/24,GHP,合格,,,
26291,公館國小,臺北市,大安區,臺北市大安區基隆路四段41巷68弄2號,-,114/3/6,GHP,合格,,,
26295,復興實驗高中,臺北市,大安區,臺北市大安區敦化南路一段262號,-,114/2/24,GHP,合格,,,
26299,和平實驗國小,臺北市,大安區,臺北市大安區敦南街76巷28號　,-,114/3/6,GHP,合格,,,
26303,新生國小,臺北市,大安區,臺北市大安區新生南路二段36號,-,114/3/6,GHP,合格,,,
26307,永安國小,臺北市,中山區,臺北市中山區明水路397巷19弄1號,-,114/3/10,GHP,合格,,,
26311,大同高中,臺北市,中山區,臺北市中山區長春路167號,-,114/4/16,GHP,合格,,,
26315,中正國小,臺北市,中山區,臺北市中山區龍江路62號,-,114/2/14,GHP,合格,,,
26319,大佳國小,臺北市,中山區,臺北市中山區濱江街107號,-,114/3/14,GHP,合格,,,
26323,螢橋國小,臺北市,中正區,臺北市中正區詔安街29號,-,114/3/4,GHP,合格,,,
26327,達人女中,臺北市,內湖區,臺北市內湖區內湖路二段314號,-,114/3/10,GHP,合格,,,
26331,碧湖國小,臺北市,內湖區,臺北市內湖區金龍路100號,-,114/3/10,GHP,合格,,,
26335,南湖國小,臺北市,內湖區,臺北市內湖區康寧路三段200號,-,114/2/24,GHP,合格,,,
26339,麗山國小,臺北市,內湖區,臺北市內湖區港華街100號,-,114/3/10,GHP,合格,,,
26343,木柵國小,臺北市,文山區,臺北市文山區木柵路3段191號,-,114/3/10,GHP,合格,,,
26347,博嘉實驗國小,臺北市,文山區,臺北市文山區木柵路四段159巷14-1號,-,114/3/10,GHP,合格,,,
26351,力行國小,臺北市,文山區,臺北市文山區木新路三段155巷7號,-,114/3/10,GHP,合格,,,
26355,萬興國小,臺北市,文山區,臺北市文山區秀明路2段114號,-,114/2/19,GHP,合格,,,
26359,文山特教學校,臺北市,文山區,臺北市文山區秀明路一段169號,-,114/2/18,GHP,合格,,,
26363,指南實驗國小,臺北市,文山區,臺北市文山區指南路三段38巷5-2號,-,114/2/19,GHP,合格,,,
26367,景美國小,臺北市,文山區,臺北市文山區景文街108號,-,114/3/6,GHP,合格,,,
26371,景興國小,臺北市,文山區,臺北市文山區景華街150巷21號,-,114/3/6,GHP,合格,,,
26375,靜心高中/國中/國小,臺北市,文山區,臺北市文山區興隆路二段46號,-,114/2/19,GHP,合格,,,
26379,萬芳高中,臺北市,文山區,臺北市文山區興隆路三段115巷1號,-,114/3/3,GHP,合格,,,
26383,再興高中/國中/國小,臺北市,文山區,臺北市文山區興隆路四段2號,-,114/2/13,GHP,合格,,,
26387,北投國小,臺北市,北投區,臺北市北投區中央北路一段73唬,-,114/3/11,GHP,合格,,,
26391,桃源國小,臺北市,北投區,臺北市北投區中央北路三段40巷45號,-,114/2/25,GHP,合格,,,
26395,清江國小,臺北市,北投區,臺北市北投區公舘路220號,-,114/3/10,GHP,合格,,,
26399,泉源實驗國小,臺北市,北投區,臺北市北投區東昇路34號,-,114/2/11,GHP,合格,,,
26403,薇閣高中/中學/國小,臺北市,北投區,臺北市北投區育仁路106號,-,114/2/13,GHP,合格,,,
26407,大屯國小,臺北市,北投區,臺北市北投區復興三路312號,-,114/2/25,GHP,合格,,,
26411,復興高中,臺北市,北投區,臺北市北投區復興四路70號,-,114/2/25,GHP,合格,,,
26415,湖山國小,臺北市,北投區,臺北市北投區湖底路11號,-,114/3/10,GHP,合格,,,
26419,中崙高中,臺北市,松山區,臺北市松山區八德路4段101號,-,114/3/11,GHP,合格,,,
26423,松山國小,臺北市,松山區,臺北市松山區八德路四段746號,-,114/2/24,GHP,合格,,,
26427,西松國小,臺北市,松山區,臺北市松山區三民路5號,-,114/3/11,GHP,合格,,,
26431,健康國小,臺北市,松山區,臺北市松山區延壽街168號,-,114/3/3,GHP,合格,,,
26435,雙永國小,臺北市,信義區,臺北市信義區松山路287巷5號,-,114/3/4,GHP,合格,,,
26439,三興國小,臺北市,信義區,臺北市信義區基隆路二段99號,-,114/3/4,GHP,合格,,,
26443,玉成國小,臺北市,南港區,臺北市南港區向陽路31號,-,114/2/24,GHP,合格,,,
26447,福星國小,臺北市,萬華區,臺北市萬華區中華路一段66號,-,114/2/12,GHP,合格,,,
26451,西門國小,臺北市,萬華區,臺北市萬華區成都路98號,-,114/2/24,GHP,合格,,,
26455,大理高中,臺北市,萬華區,臺北市萬華區長順街2號,-,114/3/27,GHP,合格,,,
26459,雙園國小,臺北市,萬華區,臺北市萬華區莒光路315號,-,114/2/20,GHP,合格,,,
27521,士林國小,臺北市,士林區,臺北市士林區大東路165號,特製豬排家常肉燥拌麵,114/3/6,食品微生物,合格,,,
27525,文昌國小,臺北市,士林區,臺北市士林區文林路615巷20號,冬瓜麵輪燒肉糙米飯,114/3/6,食品微生物,合格,,,
27529,華興中學,臺北市,士林區,臺北市士林區仰德大道一段101號,糖醋雞丁白飯,114/3/3,食品微生物,合格,,,
27533,衛理女中,臺北市,士林區,臺北市士林區至善路二段321號,梅干肉片紅藜飯,114/3/3,食品微生物,合格,,,
27537,啟明學校,臺北市,士林區,臺北市士林區忠誠路二段207巷1號,醬燒豆皮三色炒飯,114/3/6,食品微生物,合格,,,
27541,劍潭國小,臺北市,士林區,臺北市士林區通河街16號,鴿蛋肉燥燕麥飯,114/3/3,食品微生物,合格,,,
27545,百齡國小,臺北市,士林區,臺北市士林區福港街205號,照燒洋蔥豬柳麥仁飯,114/3/4,食品微生物,合格,,,
27549,葫蘆國小,臺北市,士林區,臺北市士林區環河北路三段95號,玉米魚板蒸蛋烏龍麵,114/3/4,食品微生物,合格,,,
27553,大同國小,臺北市,大同區,臺北市大同區大龍街51號,烤肉醬燒魚塊便當,114/2/25,食品微生物,合格,,,
27557,太平國小,臺北市,大同區,臺北市大同區延平北路二段239號,五香滷肉古早味雞肉有機飯便當,114/2/25,食品微生物,合格,,,
27561,成淵高中,臺北市,大同區,臺北市大同區承德路二段235號,蒜泥白肉便當,114/3/11,食品微生物,合格,,,
27565,啟聰學校,臺北市,大同區,臺北市大同區重慶北路三段320號,燒軟排便當,114/3/3,食品微生物,合格,,,
27569,靜修高中,臺北市,大同區,臺北市大同區寧夏路59號,左宗棠雞便當,114/3/11,食品微生物,合格,,,
27573,幸安國小,臺北市,大安區,臺北市大安區仁愛路三段22號,香烤翅腿飯,114/2/24,食品微生物,合格,,,
27577,公館國小,臺北市,大安區,臺北市大安區基隆路四段41巷68弄2號,梅干油腐滷蛋南瓜飯,114/3/6,食品微生物,合格,,,
27581,復興實驗高中,臺北市,大安區,臺北市大安區敦化南路一段262號,肉絲蛋炒飯餐,114/2/24,食品微生物,合格,,,
27585,和平實驗國小,臺北市,大安區,臺北市大安區敦南街76巷28號　,塔香魚丁胚芽飯,114/3/6,食品微生物,合格,,,
27589,新生國小,臺北市,大安區,臺北市大安區新生南路二段36號,豆豉水煮魚糙米飯,114/3/6,食品微生物,合格,,,
27593,永安國小,臺北市,中山區,臺北市中山區明水路397巷19弄1號,咖哩豬肉便當,114/3/3,食品微生物,合格,,,
27597,大同高中,臺北市,中山區,臺北市中山區長春路167號,雞排便當,114/3/11,食品微生物,合格,,,
27601,中正國小,臺北市,中山區,臺北市中山區龍江路62號,照燒豬肉便當,114/3/4,食品微生物,合格,,,
27605,大佳國小,臺北市,中山區,臺北市中山區濱江街107號,紅燒豬豬肉便當,114/3/4,食品微生物,合格,,,
27609,螢橋國小,臺北市,中正區,臺北市中正區詔安街29號,左宗棠雞紅藜飯(桶餐),114/3/4,食品微生物,合格,,,
27613,達人女中,臺北市,內湖區,臺北市內湖區內湖路二段314號,紅燒肉桶餐,114/3/10,食品微生物,合格,,,
27617,碧湖國小,臺北市,內湖區,臺北市內湖區金龍路100號,肉燥麵桶餐,114/3/10,食品微生物,合格,,,
27621,南湖國小,臺北市,內湖區,臺北市內湖區康寧路三段200號,蘿蔔燒肉便當,114/2/24,食品微生物,合格,,,
27625,麗山國小,臺北市,內湖區,臺北市內湖區港華街100號,炸虱目魚柳桶餐,114/3/10,食品微生物,合格,,,
27629,木柵國小,臺北市,文山區,臺北市文山區木柵路3段191號,黑胡椒洋蔥肉片便當,114/3/10,食品微生物,合格,,,
27633,博嘉實驗國小,臺北市,文山區,臺北市文山區木柵路四段159巷14-1號,黑胡椒洋蔥肉片便當,114/3/10,食品微生物,合格,,,
27637,力行國小,臺北市,文山區,臺北市文山區木新路三段155巷7號,三杯雞便當,114/3/10,食品微生物,合格,,,
27641,萬興國小,臺北市,文山區,臺北市文山區秀明路2段114號,黃豆燒肉麥片飯(桶餐),114/2/25,食品微生物,合格,,,
27645,文山特教學校,臺北市,文山區,臺北市文山區秀明路一段169號,沙茶魚片胚芽飯,114/2/25,食品微生物,合格,,,
27649,指南實驗國小,臺北市,文山區,臺北市文山區指南路三段38巷5-2號,紅糟滷豆腐野菇焗烤飯(桶餐),114/2/25,食品微生物,合格,,,
27653,景美國小,臺北市,文山區,臺北市文山區景文街108號,打拋豬胚芽飯(有機),114/3/13,食品微生物,合格,,,
27657,景興國小,臺北市,文山區,臺北市文山區景華街150巷21號,黑胡椒豬柳胚芽飯,114/3/13,食品微生物,合格,,,
27661,靜心高中/國中/國小,臺北市,文山區,臺北市文山區興隆路二段46號,泰式打拋肉便當,114/2/24,食品微生物,合格,,,
27665,萬芳高中,臺北市,文山區,臺北市文山區興隆路三段115巷1號,韓式燒肉(炒)便當,114/2/24,食品微生物,合格,,,
27669,再興高中/國中/國小,臺北市,文山區,臺北市文山區興隆路四段2號,冬瓜燒雞便當,114/2/24,食品微生物,合格,,,
27673,北投國小,臺北市,北投區,臺北市北投區中央北路一段73唬,香酥雞翅義大利麵,114/3/11,食品微生物,合格,,,
27677,桃源國小,臺北市,北投區,臺北市北投區中央北路三段40巷45號,蜜汁烤雞腿玉米飯,114/2/25,食品微生物,合格,,,
27681,清江國小,臺北市,北投區,臺北市北投區公舘路220號,宮保雞丁胚芽糙米飯,114/3/10,食品微生物,合格,,,
27685,泉源實驗國小,臺北市,北投區,臺北市北投區東昇路34號,馬鈴薯燉肉玉米飯,114/3/10,食品微生物,合格,,,
27689,薇閣高中/中學/國小,臺北市,北投區,臺北市北投區育仁路106號,紅燒豬肉地瓜飯,114/3/11,食品微生物,合格,,,
27693,大屯國小,臺北市,北投區,臺北市北投區復興三路312號,椒鹽魚丁水鯊有機米飯,114/2/25,食品微生物,合格,,,
27697,復興高中,臺北市,北投區,臺北市北投區復興四路70號,椒鹽魚條飯便當,114/2/25,食品微生物,合格,,,
27701,湖山國小,臺北市,北投區,臺北市北投區湖底路11號,梅汁排骨南瓜飯,114/3/10,食品微生物,合格,,,
27705,中崙高中,臺北市,松山區,臺北市松山區八德路4段101號,咔啦雞排便當,114/3/11,食品微生物,合格,,,
27709,松山國小,臺北市,松山區,臺北市松山區八德路四段746號,京醬肉柳便當,114/2/24,食品微生物,合格,,,
27713,西松國小,臺北市,松山區,臺北市松山區三民路5號,塔香三杯雞便當,114/3/11,食品微生物,合格,,,
27717,健康國小,臺北市,松山區,臺北市松山區延壽街168號,韓式燒肉便當,114/3/3,食品微生物,合格,,,
27721,雙永國小,臺北市,信義區,臺北市信義區松山路287巷5號,鹽酥雞飯,114/3/4,食品微生物,合格,,,
27725,三興國小,臺北市,信義區,臺北市信義區基隆路二段99號,泰式炒河粉,114/3/4,食品微生物,合格,,,
27729,玉成國小,臺北市,南港區,臺北市南港區向陽路31號,松子奶香豬便當,114/2/24,食品微生物,合格,,,
27733,福星國小,臺北市,萬華區,臺北市萬華區中華路一段66號,椰香咖哩魚有機白米飯(桶餐),114/3/4,食品微生物,合格,,,
27737,西門國小,臺北市,萬華區,臺北市萬華區成都路98號,炸烏魚燕麥飯(桶餐),114/3/3,食品微生物,合格,,,
27741,大理高中,臺北市,萬華區,臺北市萬華區長順街2號,川味麻辣燙麵,114/3/3,食品微生物,合格,,,
27745,雙園國小,臺北市,萬華區,臺北市萬華區莒光路315號,椒鹽魚丁蕎麥飯(桶餐),114/3/3,食品微生物,合格,,,
30758,公館國小,臺北市,大安區,臺北市大安區基隆路四段41巷68弄2號,非基改8格三角油,114/3/6,防腐劑、殺菌劑,合格,,,
30759,達人女中,臺北市,內湖區,臺北市內湖區內湖路二段314號,非基改8格三角油,114/3/10,防腐劑、殺菌劑,合格,,,
30760,碧湖國小,臺北市,內湖區,臺北市內湖區金龍路100號,肉片,114/3/10,動物用藥,合格,,,
30761,麗山國小,臺北市,內湖區,臺北市內湖區港華街100號,腿肉絲,114/3/10,動物用藥,合格,,,
30762,文山特教學校,臺北市,文山區,臺北市文山區秀明路一段169號,板豆腐,114/2/25,防腐劑、殺菌劑,合格,,,
30763,復興高中,臺北市,北投區,臺北市北投區復興四路70號,非基改薄豆腐盤(鋪袋),114/2/25,防腐劑、殺菌劑,合格,,,
30764,三興國小,臺北市,信義區,臺北市信義區基隆路二段99號,河粉(板切),114/3/4,防腐劑、殺菌劑,合格,,,
30765,三興國小,臺北市,信義區,臺北市信義區基隆路二段99號,河粉(板切),114/3/4,邦克列酸,合格,,,
30766,大理高中,臺北市,萬華區,臺北市萬華區長順街2號,白油麵(中),114/3/3,防腐劑,合格,,,
30989,士林國小,臺北市,士林區,臺北市士林區大東路165號,特製豬排,114/3/6,豬肉原產地標示,合格,,,
30990,文昌國小,臺北市,士林區,臺北市士林區文林路615巷20號,冬瓜麵輪燒肉,114/3/6,豬肉原產地標示,合格,,,
30991,華興中學,臺北市,士林區,臺北市士林區仰德大道一段101號,排骨酥,114/3/3,豬肉原產地標示,合格,,,
30992,衛理女中,臺北市,士林區,臺北市士林區至善路二段321號,梅干肉片,114/3/3,豬肉原產地標示,合格,,,
30993,劍潭國小,臺北市,士林區,臺北市士林區通河街16號,低脂絞肉,114/3/3,豬肉原產地標示,合格,,,
30994,百齡國小,臺北市,士林區,臺北市士林區福港街205號,肉條,114/3/4,豬肉原產地標示,合格,,,
30995,大同國小,臺北市,大同區,臺北市大同區大龍街51號,洋蔥炒肉絲,114/2/25,豬肉原產地標示,合格,,,
30996,太平國小,臺北市,大同區,臺北市大同區延平北路二段239號,五香滷肉,114/2/25,豬肉原產地標示,合格,,,
30997,成淵高中,臺北市,大同區,臺北市大同區承德路二段235號,蒜泥白肉,114/3/11,豬肉原產地標示,合格,,,
30998,啟聰學校,臺北市,大同區,臺北市大同區重慶北路三段320號,小排丁,114/3/3,豬肉原產地標示,合格,,,
30999,靜修高中,臺北市,大同區,臺北市大同區寧夏路59號,什錦黃瓜(豬肉片),114/3/11,豬肉原產地標示,合格,,,
31000,幸安國小,臺北市,大安區,臺北市大安區仁愛路三段22號,羅宋湯,114/2/24,豬肉原產地標示,合格,,,
31001,復興實驗高中,臺北市,大安區,臺北市大安區敦化南路一段262號,肉絲蛋炒飯,114/2/24,豬肉原產地標示,合格,,,
31002,永安國小,臺北市,中山區,臺北市中山區明水路397巷19弄1號,津谷豬肉肉角,114/3/3,豬肉原產地標示,合格,,,
31003,大同高中,臺北市,中山區,臺北市中山區長春路167號,古早味肉燥飯,114/3/11,豬肉原產地標示,合格,,,
31004,中正國小,臺北市,中山區,臺北市中山區龍江路62號,照燒豬肉,114/3/4,豬肉原產地標示,合格,,,
31005,大佳國小,臺北市,中山區,臺北市中山區濱江街107號,梅花肉丁,114/3/14,豬肉原產地標示,合格,,,
31006,螢橋國小,臺北市,中正區,臺北市中正區詔安街29號,豬絞肉,114/3/4,豬肉原產地標示,合格,,,
31007,達人女中,臺北市,內湖區,臺北市內湖區內湖路二段314號,前腿肉片,114/3/10,豬肉原產地標示,合格,,,
31008,碧湖國小,臺北市,內湖區,臺北市內湖區金龍路100號,肉片,114/3/10,豬肉原產地標示,合格,,,
31009,南湖國小,臺北市,內湖區,臺北市內湖區康寧路三段200號,和榮意CAS大肉角,114/2/24,豬肉原產地標示,合格,,,
31010,南湖國小,臺北市,內湖區,臺北市內湖區康寧路三段200號,和榮意CAS上肉片,114/2/24,豬肉原產地標示,合格,,,
31011,麗山國小,臺北市,內湖區,臺北市內湖區港華街100號,腿肉絲,114/3/10,豬肉原產地標示,合格,,,
31012,木柵國小,臺北市,文山區,臺北市文山區木柵路3段191號,肉片,114/3/11,豬肉原產地標示,合格,,,
31013,博嘉實驗國小,臺北市,文山區,臺北市文山區木柵路四段159巷14-1號,豬肉片,114/3/10,豬肉原產地標示,合格,,,
31014,力行國小,臺北市,文山區,臺北市文山區木新路三段155巷7號,排骨,114/3/10,豬肉原產地標示,合格,,,
31015,萬興國小,臺北市,文山區,臺北市文山區秀明路2段114號,豬肉片,114/2/25,豬肉原產地標示,合格,,,
31016,文山特教學校,臺北市,文山區,臺北市文山區秀明路一段169號,豬絞肉,114/2/25,豬肉原產地標示,合格,,,
31017,景美國小,臺北市,文山區,臺北市文山區景文街108號,打拋豬,114/3/13,豬肉原產地標示,合格,,,
31018,景興國小,臺北市,文山區,臺北市文山區景華街150巷21號,黑胡椒豬柳,114/3/13,豬肉原產地標示,合格,,,
31019,靜心高中/國中/國小,臺北市,文山區,臺北市文山區興隆路二段46號,絞肉,114/2/24,豬肉原產地標示,合格,,,
31020,萬芳高中,臺北市,文山區,臺北市文山區興隆路三段115巷1號,去皮五花肉片,114/2/24,豬肉原產地標示,合格,,,
31021,再興高中/國中/國小,臺北市,文山區,臺北市文山區興隆路四段2號,前腿肉片,114/2/24,豬肉原產地標示,合格,,,
31022,北投國小,臺北市,北投區,臺北市北投區中央北路一段73唬,絞肉,114/3/11,豬肉原產地標示,合格,,,
31023,桃源國小,臺北市,北投區,臺北市北投區中央北路三段40巷45號,冬瓜大骨湯,114/2/25,豬肉原產地標示,合格,,,
31024,泉源實驗國小,臺北市,北投區,臺北市北投區東昇路34號,馬鈴薯燉肉,114/3/10,豬肉原產地標示,合格,,,
31025,薇閣高中/中學/國小,臺北市,北投區,臺北市北投區育仁路106號,紅燒豬肉,114/3/11,豬肉原產地標示,合格,,,
31026,復興高中,臺北市,北投區,臺北市北投區復興四路70號,東坡三層肉,114/2/25,豬肉原產地標示,合格,,,
31027,湖山國小,臺北市,北投區,臺北市北投區湖底路11號,梅汁排骨,114/3/10,豬肉原產地標示,合格,,,
31028,中崙高中,臺北市,松山區,臺北市松山區八德路4段101號,立大豬柳,114/3/11,豬肉原產地標示,合格,,,
31029,松山國小,臺北市,松山區,臺北市松山區八德路四段746號,豬肉絲,114/2/24,豬肉原產地標示,合格,,,
31030,西松國小,臺北市,松山區,臺北市松山區三民路5號,CAS肉片,114/3/11,豬肉原產地標示,合格,,,
31031,健康國小,臺北市,松山區,臺北市松山區延壽街168號,CAS肉片津谷,114/3/3,豬肉原產地標示,合格,,,
31032,三興國小,臺北市,信義區,臺北市信義區基隆路二段99號,滷豬排,114/3/4,豬肉原產地標示,合格,,,
31033,玉成國小,臺北市,南港區,臺北市南港區向陽路31號,CAS肉片津谷,114/2/24,豬肉原產地標示,合格,,,
31034,大理高中,臺北市,萬華區,臺北市萬華區長順街2號,台灣絞肉,114/3/3,豬肉原產地標示,合格,,,
31097,台東黃金雞,臺北市,北投區,臺北市北投區磺港路33號,冷涷鴨肉,114/6/3,動物用藥殘留,合格,,,
31099,日新雞肉店,臺北市,士林區,臺北市士林區大南路89號,冷涷鴨肉,114/6/3,動物用藥殘留,合格,,,
31174,穩好鮮魚號,臺北市,萬華區,臺北市萬華區萬大路531號,金目鱸,114/5/1,動物用藥殘留,合格,,,
31176,穩好鮮魚號,臺北市,萬華區,臺北市萬華區萬大路531號,午仔魚,114/5/1,動物用藥殘留,合格,,,
31178,SOGO天母店漢來美食股份有限公司,臺北市,士林區,臺北市士林區中山北路6段77號7樓,香魚.(散裝)IQ-10K,114/6/3,動物用藥殘留,合格,,,
31180,阪豚企業社,臺北市,北投區,臺北市北投區復興四路8巷7號,香魚,114/6/4,動物用藥殘留,合格,,,
31182,板前屋串燒店,臺北市,南港區,臺北市南港區研究院路1段88號,冷凍白蝦,114/6/4,動物用藥殘留,合格,,,
31184,臺北魚市,臺北市,中山區,臺北市中山區民族東路410巷2弄20號,生鮮鱸鰻清肉片,114/6/4,動物用藥殘留,合格,,,
31301,鄭O豐,臺北市,中山區,臺北市中山區民族東路410巷31號,大腸,114/5/1,動物用藥殘留,合格,,,
31303,良友牛肉專賣店,臺北市,松山區,臺北市松山區南京東路5段59巷27弄30號,本地牛肉,114/5/2,動物用藥殘留,合格,,,
31305,良友牛肉專賣店,臺北市,松山區,臺北市松山區南京東路5段59巷27弄30號,進口牛肉,114/5/2,動物用藥殘留,合格,,,
31307,南東三媽臭臭鍋,臺北市,松山區,臺北市松山區南京東路5段123巷39號1樓,牛培根,114/5/2,動物用藥殘留,合格,,,
31309,家樂福台北四維店,臺北市,大安區,臺北市大安區四維路198巷35號1樓,冷藏台灣豬肝(切片),114/5/2,動物用藥殘留,合格,,,
31311,家樂福台北四維店,臺北市,大安區,臺北市大安區四維路198巷35號1樓,新生活鮮羊乳,114/5/2,動物用藥殘留,合格,,,
31313,心樸市集四維二店,臺北市,大安區,臺北市大安區四維路45號,羊舍鮮羊乳,114/5/2,動物用藥殘留,合格,,,
31315,銅錵鍋,臺北市,松山區,臺北市松山區光復北路208號,伊比利豬肉,114/5/2,動物用藥殘留,合格,,,
31317,銅錵鍋,臺北市,松山區,臺北市松山區光復北路208號,梅花豬肉,114/5/2,動物用藥殘留,合格,,,
31319,第一牛肉實業社,臺北市,大安區,臺北市大安區通化街57巷21號1樓,臺灣溫體臀心肉,114/5/2,動物用藥殘留,合格,,,
31321,第一牛肉實業社,臺北市,大安區,臺北市大安區通化街57巷21號1樓,花腱,114/5/2,動物用藥殘留,合格,,,
31323,第一牛肉實業社,臺北市,大安區,臺北市大安區通化街57巷21號1樓,美國Choice肩小排肉片,114/5/2,動物用藥殘留,合格,,,
31325,麻神,臺北市,松山區,臺北市松山區南京東路5段8號3樓,台灣本地脆牛胸,114/5/2,動物用藥殘留,合格,,,
31327,麻神,臺北市,松山區,臺北市松山區南京東路5段8號3樓,本地五花肉,114/5/2,動物用藥殘留,合格,,,
31329,凱文肉舖,臺北市,大安區,臺北市大安區復興南路2段148巷38號1樓,美國霜降牛肉火鍋片200g,114/5/2,動物用藥殘留,合格,,,
31331,麻神,臺北市,松山區,臺北市松山區南京東路5段8號3樓,西班牙伊比利豬梅花,114/5/2,動物用藥殘留,合格,,,
31333,凱文肉舖,臺北市,大安區,臺北市大安區復興南路2段148巷38號1樓,豬五花火鍋片200g,114/5/2,動物用藥殘留,合格,,,
31335,凱文肉舖,臺北市,大安區,臺北市大安區復興南路2段148巷38號1樓,豬梅花火鍋片200g,114/5/2,動物用藥殘留,合格,,,
31337,石二鍋台北信義店,臺北市,大安區,臺北市大安區信義路2段72號1樓,上選豬肉,114/5/2,動物用藥殘留,合格,,,
31339,石二鍋台北信義店,臺北市,大安區,臺北市大安區信義路2段72號1樓,西班牙橄欖豬,114/5/2,動物用藥殘留,合格,,,
31341,好市多股份有限公司內湖分公司,臺北市,內湖區,臺北市內湖區舊宗路1段268號,進口冷凍松阪豬肉捲,114/5/6,動物用藥殘留,合格,,,
31343,好市多股份有限公司內湖分公司,臺北市,內湖區,臺北市內湖區舊宗路1段268號,西班牙伊比利豬五花燒烤,114/5/6,動物用藥殘留,合格,,,
31345,LOPIA南港LaLaPort,臺北市,南港區,臺北市南港區經貿二路131號B1,芬蘭豬梅花火鍋片,114/5/6,動物用藥殘留,合格,,,
31347,LOPIA南港LaLaPort,臺北市,南港區,臺北市南港區經貿二路131號B1,伊比利豬梅花火鍋片,114/5/6,動物用藥殘留,合格,,,
31349,永豐餘生技股份有限公司永春分公司,臺北市,信義區,臺北市信義區忠孝東路5段439號,伊比利豬梅花肉片,114/5/7,動物用藥殘留,合格,,,
31351,永豐餘生技股份有限公司永春分公司,臺北市,信義區,臺北市信義區忠孝東路5段439號,伊比利豬松阪肉片,114/5/7,動物用藥殘留,合格,,,
31353,醐同燒肉夜食胡同燒肉5號店,臺北市,信義區,臺北市信義區松壽路22號2樓,伊比利梅花豚肩肉,114/5/7,動物用藥殘留,合格,,,
31355,醐同燒肉夜食胡同燒肉5號店,臺北市,信義區,臺北市信義區松壽路22號2樓,豬肋條,114/5/7,動物用藥殘留,合格,,,
31357,撈王松江南京店,臺北市,中山區,臺北市中山區南京東路2段111號,德利亞伊比利豬前頸(松阪),114/5/7,動物用藥殘留,合格,,,
31359,撈王松江南京店,臺北市,中山區,臺北市中山區南京東路2段111號,德利亞伊比利梅花豬,114/5/7,動物用藥殘留,合格,,,
31361,柏克金啤酒餐廳南京分公司,臺北市,中山區,臺北市中山區南京東路2段1號1樓,西班牙冷凍松阪豬,114/5/7,動物用藥殘留,合格,,,
31363,聚鍋台北南京東分公司,臺北市,中山區,臺北市中山區南京東路2段72號地下室,雪花豬肉,114/5/7,動物用藥殘留,合格,,,
31365,肉次方西門峨眉店,臺北市,萬華區,臺北市萬華區峨眉街37號4樓,經典豬五花,114/5/8,動物用藥殘留,合格,,,
31367,肉次方西門峨眉店,臺北市,萬華區,臺北市萬華區峨眉街37號4樓,厚切豬梅花,114/5/8,動物用藥殘留,合格,,,
31369,熊一燒肉,臺北市,萬華區,臺北市萬華區西寧南路155號2樓,大梅花豬真空包(加拿大),114/5/8,動物用藥殘留,合格,,,
31371,熊一燒肉,臺北市,萬華區,臺北市萬華區西寧南路155號2樓,大梅花豬燒肉片(加拿大),114/5/8,動物用藥殘留,合格,,,
31373,韓虎嘯EXPRESS,臺北市,士林區,臺北市士林區士商路189號B1,PY-梅花肉-切0.2CM平鋪1K/盒,114/5/8,動物用藥殘留,合格,,,
31375,秋風軒鍋物,臺北市,士林區,臺北市士林區士商路189號B1,伊比利梅豬,114/5/8,動物用藥殘留,合格,,,
31377,小鍋仔台北延平店,臺北市,士林區,臺北市士林區延平北路6段125號,豬梅花肉片,114/5/8,動物用藥殘留,合格,,,
31379,統一超商臺北市第828分公司,臺北市,士林區,臺北市士林區延平北路6段122號,伊比利豬嚴選火鍋片,114/5/8,動物用藥殘留,合格,,,
31381,裕坤牛肉商行,臺北市,中山區,臺北市中山區民族東路410巷27號,牛腩,114/6/3,動物用藥殘留,合格,,,
31383,家樂福超市台北林森北店,臺北市,中山區,臺北市中山區林森北路413號B1,冷藏美國牛腱真空包,114/6/3,動物用藥殘留,合格,,,
31385,家樂福超市台北林森北店,臺北市,中山區,臺北市中山區林森北路413號B1,冷藏澳洲牛條真空包蓮,114/6/3,動物用藥殘留,合格,,,
31387,全聯實業股份有限公司大同大龍分公司,臺北市,大同區,臺北市大同區大龍街91巷7號地下,美國冷藏牛肋條,114/6/3,動物用藥殘留,合格,,,
31778,鉅登團膳食品有限公司,臺北市,南港區,臺北市南港區西新里南港路3段80巷32號2樓、地下,-,114/4/14,GHP,合格,,,
31779,凱鴻素食有限公司,臺北市,南港區,臺北市南港區松河街406號,-,114/4/30,GHP,合格,,,
31780,宮保王食品有限公司,臺北市,南港區,臺北市南港區南港路3段49巷49弄12號、14號,-,114/4/15,GHP,合格,,,
31781,國營臺灣鐵路股份有限公司附業營運處臺北餐旅分處,臺北市,中正區,臺北市中正區北平西路3號,-,114/3/31,GHP,合格,,,
31782,高雄空廚股份有限公司松山廠,臺北市,松山區,臺北市松山區敦化北路405巷123弄9號1、2樓,-,114/4/21,GHP,合格,,,
31783,廣和坐月子生技股份有限公司,臺北市,北投區,臺北市北投區立功街122號,-,114/4/10,GHP,合格,,,
31872,鉅登團膳食品有限公司,臺北市,南港區,臺北市南港區西新里南港路3段80巷32號2樓、地下,糖醋雞丁炒飯,114/3/25,食品微生物,合格,,,
31873,鉅登團膳食品有限公司,臺北市,南港區,臺北市南港區西新里南港路3段80巷32號2樓、地下,非基改干片,114/4/23,防腐劑、殺菌劑,合格,,,
31874,鉅登團膳食品有限公司,臺北市,南港區,臺北市南港區西新里南港路3段80巷32號2樓、地下,肉絲,114/3/25,動物用藥殘留,合格,,,
31875,凱鴻素食有限公司,臺北市,南港區,臺北市南港區松河街406號,蘿蔔菜圃炊飯便當,114/3/26,食品微生物,合格,,,
31876,凱鴻素食有限公司,臺北市,南港區,臺北市南港區松河街406號,非基改薄豆腐盤(舖袋),114/3/26,防腐劑、殺菌劑,合格,,,
31877,宮保王食品有限公司,臺北市,南港區,臺北市南港區南港路3段49巷49弄12號、14號,蒙古炒肉片便當,114/3/26,食品微生物,合格,,,
31878,宮保王食品有限公司,臺北市,南港區,臺北市南港區南港路3段49巷49弄12號、14號,非基改素肉絲,114/3/26,防腐劑、殺菌劑,合格,,,
31879,宮保王食品有限公司,臺北市,南港區,臺北市南港區南港路3段49巷49弄12號、14號,前腿絞肉,114/3/26,動物用藥殘留,合格,,,
31880,國營臺灣鐵路股份有限公司附業營運處臺北餐旅分處,臺北市,中正區,臺北市中正區北平西路3號,排骨便當(圓紙),114/3/26,食品微生物,合格,,,
31881,國營臺灣鐵路股份有限公司附業營運處臺北餐旅分處,臺北市,中正區,臺北市中正區北平西路3號,非基因改小豆干,114/3/26,防腐劑、殺菌劑,合格,,,
31882,國營臺灣鐵路股份有限公司附業營運處臺北餐旅分處,臺北市,中正區,臺北市中正區北平西路3號,香里大排,114/3/26,動物用藥殘留,合格,,,
31883,高雄空廚股份有限公司松山廠,臺北市,松山區,臺北市松山區敦化北路405巷123弄9號1、2樓,香滷肉排盒餐,114/3/25,食品微生物,合格,,,
31884,高雄空廚股份有限公司松山廠,臺北市,松山區,臺北市松山區敦化北路405巷123弄9號1、2樓,越乃華(全素),114/3/25,防腐劑、漂白劑,合格,,,
31885,高雄空廚股份有限公司松山廠,臺北市,松山區,臺北市松山區敦化北路405巷123弄9號1、2樓,後腱肉-去清-冷凍,114/3/25,動物用藥殘留,合格,,,
31886,廣和坐月子生技股份有限公司,臺北市,北投區,臺北市北投區立功街122號,月子餐B,114/3/25,食品微生物,合格,,,
31887,廣和坐月子生技股份有限公司,臺北市,北投區,臺北市北投區立功街122號,東坡臘肉,114/3/25,防腐劑、殺菌劑,合格,,,
31888,廣和坐月子生技股份有限公司,臺北市,北投區,臺北市北投區立功街122號,津谷豬肉肉片,114/3/25,動物用藥殘留,合格,,,
32035,大潤發流通事業股份有限公司南湖分公司,臺北市,內湖區,臺北市內湖區舊宗路一段188號,貝納頌尊爵級咖啡豆,114/3/28,標示,合格,,,
32036,大潤發流通事業股份有限公司南湖分公司,臺北市,內湖區,臺北市內湖區舊宗路一段188號,摩卡衣索比亞烘焙豆,114/3/28,標示,合格,,,
32037,好市多股份有限公司內湖分公司,臺北市,內湖區,臺北市內湖區舊宗路一段268號,Magnum有機雨林綜合咖啡豆,114/3/28,標示,合格,,,
32058,金發醬園,臺北市,大同區,臺北市大同區延平北路2段247巷14號,-,114/5/12,GHP,合格,,,
32059,第一果菜市場(承銷號：5093),臺北市,萬華區,臺北市萬華區萬大路533號/地號104,-,114/4/22,GHP,合格,,,
32133,金發醬園,臺北市,大同區,臺北市大同區延平北路2段247巷14號,醃蘿蔔,114/4/24,標示,不合格,違反食安法第22條，依同法第47條裁處,48000,與同業者同日查核產品(泡菜、鹹菜)同案辦理
32134,金發醬園,臺北市,大同區,臺北市大同區延平北路2段247巷14號,泡菜,114/4/24,標示,不合格,違反食安法第22條，依同法第47條裁處,48000,與同業者同日查核產品(醃蘿蔔、鹹菜)同案辦理
32135,金發醬園,臺北市,大同區,臺北市大同區延平北路2段247巷14號,鹹菜,114/4/24,標示,不合格,違反食安法第22條，依同法第47條裁處,48000,與同業者同日查核產品(醃蘿蔔、泡菜)同案辦理
32136,第一果菜市場(承銷號：5093),臺北市,萬華區,臺北市萬華區萬大路533號/地號104,綠竹筍,114/4/22,標示,合格,,,
32137,第一果菜市場(承銷號：5093),臺北市,萬華區,臺北市萬華區萬大路533號/地號104,東北酸白菜,114/4/22,標示,合格,,,
32138,第一果菜市場(承銷號：5093),臺北市,萬華區,臺北市萬華區萬大路533號/地號104,淡榨菜,114/4/22,標示,合格,,,
32225,金發醬園,臺北市,大同區,臺北市大同區延平北路2段247巷14號,菜頭(大),114/4/23,防腐劑、漂白劑、甜味劑,合格,,,
32308,金發醬園,臺北市,大同區,臺北市大同區延平北路2段247巷14號,菜頭(大),114/4/23,食品中微生物,合格,,,
32350,黃○群即宏洋蔬菜行,臺北市,萬華區,臺北市萬華區,蔥,114/4/8,農藥(芬普尼),不合格,依食安法第47條裁處,30000,與同業者抽驗產品(九層塔(羅勒))同案辦理
32352,黃○群即宏洋蔬菜行,臺北市,萬華區,臺北市萬華區,九層塔(羅勒),114/4/8,農藥(賽座滅、達滅芬、撲滅寧),不合格,依食安法第47條裁處,30000,與同業者抽驗產品(蔥)同案辦理
32478,食尚自助餐店,臺北市,中山區,臺北市中山區農安街241號,高麗菜,114/5/13,農藥殘留,合格,,,
32482,新視紀媒體科技股份有限公司(網路平台),臺北市,大安區,臺北市大安區敦化南路二段46號4樓之1,有機高山高麗菜,114/5/29,農藥殘留,合格,,,
32501,環南綜合市場蔬菜攤(358號),臺北市,萬華區,臺北市萬華區環河南路二段245號,敏豆(菜豆),114/5/7,農藥殘留,合格,,,
32503,食尚自助餐店,臺北市,中山區,臺北市中山區農安街241號,敏豆(菜豆),114/5/13,農藥殘留,合格,,,
32505,新光三越百貨股份有限公司臺北天母分公司(新光三越天母A館B1樓自營超市),臺北市,士林區,臺北市士林區天母東路68號B1,青豆仁(豌豆),114/5/5,農藥殘留,合格,,,
32507,有源果菜專賣店,臺北市,大同區,臺北市大同區大龍街284號,豇豆,114/6/4,農藥殘留,合格,,,
32509,無市招菜攤,臺北市,士林區,臺北市士林區社中街28號前,特選菜豆,114/6/3,農藥殘留,合格,,,
32569,新加坡商蝦皮娛樂電商有限公司(網購平台),臺北市,信義區,臺北市信義區忠孝東路四段555號17樓,嚴選菜豆,114/6/2,農藥殘留,合格,,,
32631,無市招水果攤,臺北市,松山區,臺北市松山區南京東路五段291巷32之3號,洋香瓜,114/5/6,農藥殘留,合格,,,
32633,麗山市場-水果大王,臺北市,內湖區,臺北市內湖區內湖路一段737巷51弄1之1號,香瓜,114/6/4,農藥殘留,合格,,,
32635,果粉水果行(果粉水果超市汀州店),臺北市,中正區,臺北市中正區汀州路二段335號,洋香瓜,114/6/4,農藥殘留,合格,,,
32637,臺北市第二果菜批發市場(濱江市場)-昱豪水果行(7-03號攤),臺北市,中山區,臺北市中山區民族東路336號,洋香瓜,114/6/5,農藥殘留,合格,,,
32639,有源果菜專賣店,臺北市,大同區,臺北市大同區大龍街284號,西瓜,114/6/4,農藥殘留,合格,,,
32641,洧東生鮮行,臺北市,士林區,臺北市士林區社中街53號,特選小西瓜,114/6/3,農藥殘留,合格,,,
32643,嬡美水果店,臺北市,士林區,臺北市士林區社中街229號,香瓜,114/6/3,農藥殘留,合格,,,
32644,無市招蔬果攤販,臺北市,松山區,臺北市松山區南京東路五段291巷37號,白杏菜(莧菜),114/5/6,農藥殘留,合格,,,
32646,成德市場菜店(陳○亦),臺北市,南港區,臺北市南港區,韭菜,114/5/6,農藥殘留,合格,,,
32647,新視紀媒體科技股份有限公司(網路平台),臺北市,大安區,臺北市大安區敦化南路二段46號4樓之1,美濃洋香瓜,114/5/29,農藥殘留,合格,,,
32648,幸福品味實業股份有限公司(Mayfull),臺北市,內湖區,臺北市內湖區民善街128號,韭菜花,114/5/6,農藥殘留,合格,,,
32650,環南市場蔬菜區田心蔬菜(8號攤),臺北市,萬華區,臺北市萬華區環河南路二段245號,皇宮菜(落葵),114/5/7,農藥殘留,合格,,,
32652,第一果菜批發市場-直達香草,臺北市,萬華區,臺北市萬華區萬大路533號,九層塔(羅勒),114/5/7,農藥殘留,合格,,,
32654,環南綜合市場501蔬菜攤(130號攤),臺北市,萬華區,臺北市萬華區環河南路二段245號,韭菜花,114/5/7,農藥殘留,合格,,,
32656,第一果菜批發市場-3543沃海群,臺北市,萬華區,臺北市萬華區萬大路533號,白蒜,114/5/7,農藥殘留,合格,,,
32658,環南市場蔬菜區101商行(101號攤),臺北市,萬華區,臺北市萬華區環河南路二段245號1樓,韭菜,114/5/7,農藥殘留,合格,,,
32660,欣葉國際餐飲股份有限公司(欣葉台菜信義新天地A9館),臺北市,信義區,臺北市信義區松壽路9號8樓,韭菜,114/5/6,農藥殘留,合格,,,
32662,欣葉國際餐飲股份有限公司(欣葉台菜信義新天地A9館),臺北市,信義區,臺北市信義區松壽路9號8樓,芥蘭(芥藍),114/5/6,農藥殘留,合格,,,
32664,廣興農產,臺北市,信義區,臺北市信義區松山路292巷15號,莧菜,114/5/6,農藥殘留,合格,,,
32666,廣興農產,臺北市,信義區,臺北市信義區松山路292巷15號,皇宮菜(落葵),114/5/6,農藥殘留,合格,,,
32668,虎林街早市-家傑蔬果行,臺北市,信義區,臺北市信義區虎林街105號,芹菜,114/5/6,農藥殘留,合格,,,
32670,無市招蔬果攤,臺北市,中山區,臺北市中山區龍江路179巷15之5號,韭菜花,114/5/6,農藥殘留,合格,,,
32672,臺北市第二果菜批發市場21-07號,臺北市,中山區,臺北市中山區民族東路336號,莧菜,114/5/6,農藥殘留,合格,,,
32674,臺北市第二果菜批發市場承銷號2092,臺北市,中山區,臺北市中山區民族東路336號,韭菜,114/5/6,農藥殘留,合格,,,
32676,全聯實業股份有限公司北投行義分公司,臺北市,北投區,臺北市北投區永欣里行義路10巷2號,精選大蒜(青蒜),114/5/6,農藥殘留,合格,,,
32678,有限責任台灣主婦聯盟生活消費合作社(主婦聯盟石牌站),臺北市,北投區,臺北市北投區明德路331巷2號,韭菜,114/5/6,農藥殘留,合格,,,
32680,士東市場16號攤-美娥蔬果,臺北市,士林區,臺北市士林區士東路100號,莧菜,114/5/6,農藥殘留,合格,,,
32682,家福股份有限公司臺北天母分公司,臺北市,士林區,臺北市士林區德行西路47號,大蒜(青蒜),114/5/6,農藥殘留,合格,,,
32684,家福股份有限公司臺北天母分公司,臺北市,士林區,臺北市士林區德行西路47號,精選九層塔,114/5/6,農藥殘留,合格,,,
32686,兄弟大飯店股份有限公司(蘭花廳),臺北市,松山區,臺北市松山區南京東路三段255號,韮菜(韭菜),114/6/4,農藥殘留,合格,,,
32688,兄弟大飯店股份有限公司(蘭花廳),臺北市,松山區,臺北市松山區南京東路三段255號,芹菜,114/6/4,農藥殘留,合格,,,
32690,弘一蔬果股份有限公司(阿一蔬果專賣店),臺北市,內湖區,臺北市內湖區內湖路一段737巷51弄14號,紅鳳菜,114/6/4,農藥殘留,合格,,,
32692,弘一蔬果股份有限公司(阿一蔬果專賣店),臺北市,內湖區,臺北市內湖區內湖路一段737巷51弄14號,青蒜,114/6/4,農藥殘留,合格,,,
32694,御宴鐵板燒,臺北市,內湖區,臺北市內湖區舊宗路一段188號,九層塔(羅勒),114/6/4,農藥殘留,合格,,,
32695,鼎皇麻辣火鍋店(天外天麻辣火鍋),臺北市,中山區,臺北市中山區民權東路二段1號,百香果,114/5/6,農藥殘留,合格,,,
32696,第一果菜批發市場-顏○櫻,臺北市,萬華區,臺北市萬華區,芹菜,114/6/4,農藥殘留,合格,,,
32697,全聯實業股份有限公司士林中正分公司,臺北市,士林區,臺北市士林區福林里中正路115號,特選木瓜,114/5/5,農藥殘留,合格,,,
32698,第一果菜批發市場-謝○枚,臺北市,萬華區,臺北市萬華區,芹菜,114/6/4,農藥殘留,合格,,,
32699,全聯實業股份有限公司士林中正分公司,臺北市,士林區,臺北市士林區福林里中正路115號,向陽蜜香百香果,114/5/5,農藥殘留,合格,,,
32700,第一果菜批發市場-陳○鑑,臺北市,萬華區,臺北市萬華區,青韭菜,114/6/4,農藥殘留,合格,,,
32702,第一果菜批發市場地號909,臺北市,萬華區,臺北市萬華區萬大路533號,青韭菜,114/6/4,農藥殘留,合格,,,
32704,遠東都會股份有限公司復興店(city'super復興店),臺北市,大安區,臺北市大安區忠孝東路三段300號B3樓,芹菜,114/6/2,農藥殘留,合格,,,
32705,新視紀媒體科技股份有限公司(網路平台),臺北市,大安區,臺北市大安區敦化南路二段46號4樓之1,台農二號木瓜,114/5/29,農藥殘留,合格,,,
32706,太平洋崇光百貨股份有限公司(FreshMart忠孝店),臺北市,大安區,臺北市大安區忠孝東路四段45號B2,韭菜,114/6/2,農藥殘留,合格,,,
32707,新視紀媒體科技股份有限公司(網路平台),臺北市,大安區,臺北市大安區敦化南路二段46號4樓之1,紅肉火龍果,114/5/29,農藥殘留,合格,,,
32708,濱江果菜市場17-03攤-陳○溪,臺北市,中山區,臺北市中山區,紅鳳菜,114/6/5,農藥殘留,合格,,,
32709,新視紀媒體科技股份有限公司(網路平台),臺北市,大安區,臺北市大安區敦化南路二段46號4樓之1,黃金奇異果,114/5/29,農藥殘留,合格,,,
32710,蘭州市場117號蔬菜攤,臺北市,大同區,臺北市大同區昌吉街55號,芹菜,114/6/4,農藥殘留,合格,,,
32712,無市招菜攤,臺北市,北投區,臺北市北投區復興四路8巷11號前,皇宮菜(落葵),114/6/4,農藥殘留,合格,,,
32714,添好運天母高島屋店,臺北市,士林區,臺北市士林區忠誠路二段55號B1,白頭韭菜,114/6/4,農藥殘留,合格,,,
32716,無市招菜攤,臺北市,士林區,臺北市士林區文林路101巷18號前,紅鳳菜,114/6/5,農藥殘留,合格,,,
32726,新視紀媒體科技股份有限公司(網路平台),臺北市,大安區,臺北市大安區敦化南路二段46號4樓之1,有機龍鬚菜,114/5/29,農藥殘留,合格,,,
32728,新視紀媒體科技股份有限公司(網路平台),臺北市,大安區,臺北市大安區敦化南路二段46號4樓之1,產銷履歷芥藍菜,114/5/29,農藥殘留,合格,,,
32841,無市招水果攤,臺北市,松山區,臺北市松山區南京東路五段291巷32之3號,蓮霧,114/5/6,農藥殘留,合格,,,
32843,虎林街早市-日青蔬果行,臺北市,信義區,臺北市信義區虎林街117-4號,蓮霧,114/5/6,農藥殘留,合格,,,
32863,家樂福線上購物(網購平台),臺北市,北投區,臺北市北投區大業路136號5樓(台灣),黑珍珠蓮霧,114/4/29,農藥殘留,合格,,,
32896,富邦媒體科技股份有限公司(網購平台),臺北市,內湖區,臺北市內湖區洲子街96號4樓,西洋芹菜,114/6/3,農藥殘留,合格,,,
32899,第一果菜批發市場-永佳水果行,臺北市,萬華區,臺北市萬華區萬大路533號,愛文芒果,114/5/7,農藥殘留,合格,,,
32901,虎林街早市無市招菜攤(陳○通),臺北市,信義區,臺北市信義區,芒果,114/5/6,農藥殘留,合格,,,
32903,遠東都會股份有限公司天母店(Citysuper天母店),臺北市,士林區,臺北市士林區中山北路六段77號B1樓,荔枝,114/5/5,農藥殘留,合格,,,
32905,双喜臨門水果行(双囍臨門水果行),臺北市,大安區,臺北市大安區和平東路三段228巷35號,愛文芒果,114/6/3,農藥殘留,合格,,,
32907,麗山市場-水果大王,臺北市,內湖區,臺北市內湖區內湖路一段737巷51弄1之1號,玉荷包(荔枝),114/6/4,農藥殘留,合格,,,
32909,第一果菜批發市場-正良水果行(大來水果行),臺北市,萬華區,臺北市萬華區萬大路533號,玉荷包(荔枝),114/6/4,農藥殘留,合格,,,
32911,第一果菜批發市場-建勝水果行(承銷號:4020),臺北市,萬華區,臺北市萬華區萬大路533號,玉荷包(荔枝),114/6/4,農藥殘留,合格,,,
32913,第一果菜批發市場-建勝水果行(承銷號:4020),臺北市,萬華區,臺北市萬華區萬大路533號,愛文芒果,114/6/4,農藥殘留,合格,,,
32915,遠東都會股份有限公司復興店(city'super復興店),臺北市,大安區,臺北市大安區忠孝東路三段300號B3樓,黑香芒果,114/6/2,農藥殘留,合格,,,
32917,太平洋崇光百貨股份有限公司(FreshMart忠孝店),臺北市,大安區,臺北市大安區忠孝東路四段45號B2,玉荷包荔枝,114/6/2,農藥殘留,合格,,,
32919,臺北市第二果菜批發市場(濱江市場)-昱豪水果行(7-03號攤),臺北市,中山區,臺北市中山區民族東路336號,荔枝,114/6/5,農藥殘留,合格,,,
32921,富露利鮮果行,臺北市,大同區,臺北市大同區大龍街257號1樓,金煌(芒果),114/6/4,農藥殘留,合格,,,
32923,無市招水果攤,臺北市,士林區,臺北市士林區社中街10號對面,愛文芒果,114/6/3,農藥殘留,合格,,,
32929,富邦媒體科技股份有限公司(網購平台),臺北市,內湖區,臺北市內湖區洲子街96號4樓,荔香玉荷包,114/6/3,農藥殘留,合格,,,
32947,網路家庭國際資訊股份有限公司(網購平台),臺北市,大安區,臺北市大安區敦化南路二段105號12樓,特級玉荷包,114/6/4,農藥殘留,合格,,,
32971,歐簿客科技股份有限公司(網路平台),臺北市,北投區,臺北市北投區文承路26、28號8樓、26、28號9樓,玉荷包,114/5/27,農藥殘留,合格,,,
32973,統一數網股份有限公司(網購平台),臺北市,大安區,臺北市大安區安和路一段27號2樓,玉荷包荔枝,114/5/28,農藥殘留,合格,,,
33009,協豐水果行(青果承銷人1107),臺北市,中山區,臺北市中山區民族東路336號,紅櫻桃,114/5/6,農藥殘留,合格,,,
33106,統康生活事業股份有限公司(MiaC'bon超市臺北大葉店),臺北市,士林區,臺北市士林區忠誠路二段55號B1,大根,114/5/5,農藥殘留,合格,,,
33108,全聯實業股份有限公司大安敦南分公司,臺北市,大安區,臺北市大安區忠孝東路四段126之1號房屋地下1層,蘿蔔,114/6/2,農藥殘留,合格,,,
33141,御宴鐵板燒,臺北市,內湖區,臺北市內湖區舊宗路一段188號,香菜(芫荽),114/6/4,農藥殘留,合格,,,
33145,富邦媒體科技股份有限公司(網購平台),臺北市,內湖區,臺北市內湖區洲子街96號4樓,紅玫瑰花,114/5/28,農藥殘留,合格,,,
33173,宣洋實業股份有限公司(網購平台),臺北市,中山區,臺北市中山區南京東路二段76號9樓,曼寧玫瑰花,114/4/21,農藥殘留,合格,,,
33211,幸福品味實業股份有限公司(Mayfull),臺北市,內湖區,臺北市內湖區民善街128號,紅辣椒,114/5/6,農藥殘留,合格,,,
33212,第一果菜批發市場-莊○美,臺北市,萬華區,臺北市萬華區,紅辣椒,114/5/7,農藥殘留,合格,,,
33213,香香辣椒攤,臺北市,萬華區,臺北市萬華區環河南路二段245號,辣椒,114/5/7,農藥殘留,合格,,,
33214,双喜臨門水果行(双囍臨門水果行),臺北市,大安區,臺北市大安區和平東路三段228巷35號,朝天椒(辣椒),114/6/3,農藥殘留,合格,,,
33215,信遠國際開發股份有限公司(新馬辣經典麻辣鍋Plus+),臺北市,信義區,臺北市信義區臺北市信義區松仁路58號14樓、遠東百貨櫃號-1402號,朝天椒(辣椒),114/6/2,農藥殘留,合格,,,
33216,世界城水果店,臺北市,北投區,臺北市北投區石牌路一段166巷117號,辣椒,114/6/5,農藥殘留,合格,,,
33238,耕萬畬有限公司(畬室法式巧克力甜點創作),臺北市,大安區,臺北市大安區仁愛路4段112巷3弄10號1樓,-,114/3/31,GHP,合格,,,
33239,絹絲谷休閒店(絹絲谷SilkSweet),臺北市,士林區,臺北市士林區永公路500巷46號 ,-,114/4/18,GHP,合格,,,
33240,鋭亞創意有限公司(RayyaBakes瑞雅蛋糕),臺北市,松山區,臺北市松山區塔悠路216號1樓,-,114/3/20,GHP,合格,,,
33241,九日風股份有限公司,臺北市,大安區,臺北市大安區溫州街7號,-,114/3/20,GHP,合格,,,
33266,耕萬畬有限公司(畬室法式巧克力甜點創作),臺北市,大安區,臺北市大安區仁愛路4段112巷3弄10號1樓,夾心巧克力-胡椒芒果,114/3/21,標示,合格,,,
33267,耕萬畬有限公司(畬室法式巧克力甜點創作),臺北市,大安區,臺北市大安區仁愛路4段112巷3弄10號1樓,夾心巧克力-黃芥末蜜柑,114/3/21,標示,合格,,,
33268,耕萬畬有限公司(畬室法式巧克力甜點創作),臺北市,大安區,臺北市大安區仁愛路4段112巷3弄10號1樓,夾心巧克力-金桔檸檬,114/3/21,標示,合格,,,
33269,耕萬畬有限公司(畬室法式巧克力甜點創作),臺北市,大安區,臺北市大安區仁愛路4段112巷3弄10號1樓,夾心巧克力-米酒釀,114/3/21,標示,合格,,,
33270,耕萬畬有限公司(畬室法式巧克力甜點創作),臺北市,大安區,臺北市大安區仁愛路4段112巷3弄10號1樓,夾心巧克力-桂花麻油,114/3/21,標示,合格,,,
33271,耕萬畬有限公司(畬室法式巧克力甜點創作),臺北市,大安區,臺北市大安區仁愛路4段112巷3弄10號1樓,夾心巧克力-薑汁覆盆子,114/3/21,標示,合格,,,
33272,耕萬畬有限公司(畬室法式巧克力甜點創作),臺北市,大安區,臺北市大安區仁愛路4段112巷3弄10號1樓,夾心巧克力-四季之蜜,114/3/21,標示,合格,,,
33273,耕萬畬有限公司(畬室法式巧克力甜點創作),臺北市,大安區,臺北市大安區仁愛路4段112巷3弄10號1樓,夾心巧克力-一翦梅,114/3/21,標示,合格,,,
33274,耕萬畬有限公司(畬室法式巧克力甜點創作),臺北市,大安區,臺北市大安區仁愛路4段112巷3弄10號1樓,夾心巧克力-干邑白蘭地,114/3/21,標示,合格,,,
33275,耕萬畬有限公司(畬室法式巧克力甜點創作),臺北市,大安區,臺北市大安區仁愛路4段112巷3弄10號1樓,夾心巧克力-胡椒威士忌,114/3/21,標示,合格,,,
33276,耕萬畬有限公司(畬室法式巧克力甜點創作),臺北市,大安區,臺北市大安區仁愛路4段112巷3弄10號1樓,夾心巧克力-紅櫻桃酒,114/3/21,標示,合格,,,
33277,耕萬畬有限公司(畬室法式巧克力甜點創作),臺北市,大安區,臺北市大安區仁愛路4段112巷3弄10號1樓,夾心巧克力-黑麻油,114/3/21,標示,合格,,,
33278,耕萬畬有限公司(畬室法式巧克力甜點創作),臺北市,大安區,臺北市大安區仁愛路4段112巷3弄10號1樓,夾心巧克力-畬,114/3/21,標示,合格,,,
33279,耕萬畬有限公司(畬室法式巧克力甜點創作),臺北市,大安區,臺北市大安區仁愛路4段112巷3弄10號1樓,夾心巧克力-台灣,114/3/21,標示,合格,,,
33280,耕萬畬有限公司(畬室法式巧克力甜點創作),臺北市,大安區,臺北市大安區仁愛路4段112巷3弄10號1樓,夾心巧克力-加勒比海,114/3/21,標示,合格,,,
33281,耕萬畬有限公司(畬室法式巧克力甜點創作),臺北市,大安區,臺北市大安區仁愛路4段112巷3弄10號1樓,夾心巧克力-迷霧雨林,114/3/21,標示,合格,,,
33282,耕萬畬有限公司(畬室法式巧克力甜點創作),臺北市,大安區,臺北市大安區仁愛路4段112巷3弄10號1樓,夾心巧克力-湄公,114/3/21,標示,合格,,,
33283,耕萬畬有限公司(畬室法式巧克力甜點創作),臺北市,大安區,臺北市大安區仁愛路4段112巷3弄10號1樓,夾心巧克力-茉莉,114/3/21,標示,合格,,,
33284,耕萬畬有限公司(畬室法式巧克力甜點創作),臺北市,大安區,臺北市大安區仁愛路4段112巷3弄10號1樓,夾心巧克力-百香薑花,114/3/21,標示,合格,,,
33285,絹絲谷休閒店(絹絲谷SilkSweet),臺北市,士林區,臺北市士林區永公路500巷46號,80%全心黑巧克力(零蔗糖),114/3/20,標示,合格,,,
33286,絹絲谷休閒店(絹絲谷SilkSweet),臺北市,士林區,臺北市士林區永公路500巷46號,95%極黑巧克力厄瓜多古老莊園,114/3/20,標示,合格,,,
33287,絹絲谷休閒店(絹絲谷SilkSweet),臺北市,士林區,臺北市士林區永公路500巷46號,75%頂級黑巧克力祕魯阿普里瑪克,114/3/20,標示,合格,,,
33288,絹絲谷休閒店(絹絲谷SilkSweet),臺北市,士林區,臺北市士林區永公路500巷46號,75%頂級黑巧克力馬達加斯加特等莊園,114/3/20,標示,合格,,,
33289,絹絲谷休閒店(絹絲谷SilkSweet),臺北市,士林區,臺北市士林區永公路500巷46號,經典原味生巧克力,114/3/20,標示,合格,,,
33290,鋭亞創意有限公司(RayyaBakes瑞雅蛋糕),臺北市,松山區,臺北市松山區塔悠路216號1樓,開心榛果脆脆,114/3/20,標示,合格,,,外包裝印製「Chocolate」字樣
33291,鋭亞創意有限公司(RayyaBakes瑞雅蛋糕),臺北市,松山區,臺北市松山區塔悠路216號1樓,芝麻米香脆脆,114/3/20,標示,合格,,,外包裝印製「Chocolate」字樣
33292,鋭亞創意有限公司(RayyaBakes瑞雅蛋糕),臺北市,松山區,臺北市松山區塔悠路216號1樓,覆盆莓開心果脆脆,114/3/20,標示,合格,,,外包裝印製「Chocolate」字樣
33293,九日風股份有限公司,臺北市,大安區,臺北市大安區溫州街7號,秘魯70%CACAO,114/3/20,標示,不合格,違反食安法第22條規定，依同法第47條裁處,70000,1.與同業者同日抽查其他16件產品併案處理2.外包裝印有TERRA巧克力吧
33294,九日風股份有限公司,臺北市,大安區,臺北市大安區溫州街7號,越南70%CACAO,114/3/20,標示,不合格,違反食安法第22條規定，依同法第47條裁處,70000,1.與同業者同日抽查其他16件產品併案處理2.外包裝印有TERRA巧克力吧
33295,九日風股份有限公司,臺北市,大安區,臺北市大安區溫州街7號,馬達加斯加70%CACAO,114/3/20,標示,不合格,違反食安法第22條規定，依同法第47條裁處,70000,1.與同業者同日抽查其他16件產品併案處理2.外包裝印有TERRA巧克力吧
33296,九日風股份有限公司,臺北市,大安區,臺北市大安區溫州街7號,坦尚尼亞70%CACAO,114/3/20,標示,不合格,違反食安法第22條規定，依同法第47條裁處,70000,1.與同業者同日抽查其他16件產品併案處理2.外包裝印有TERRA巧克力吧
33297,九日風股份有限公司,臺北市,大安區,臺北市大安區溫州街7號,千里達70%CACAO,114/3/20,標示,不合格,違反食安法第22條規定，依同法第47條裁處,70000,1.與同業者同日抽查其他16件產品併案處理2.外包裝印有TERRA巧克力吧
33298,九日風股份有限公司,臺北市,大安區,臺北市大安區溫州街7號,哥倫比亞70%CACAO,114/3/20,標示,不合格,違反食安法第22條規定，依同法第47條裁處,70000,1.與同業者同日抽查其他16件產品併案處理2.外包裝印有TERRA巧克力吧
33299,九日風股份有限公司,臺北市,大安區,臺北市大安區溫州街7號,印度70%CACAO,114/3/20,標示,不合格,違反食安法第22條規定，依同法第47條裁處,70000,1.與同業者同日抽查其他16件產品併案處理2.外包裝印有TERRA巧克力吧
33300,九日風股份有限公司,臺北市,大安區,臺北市大安區溫州街7號,多明尼加70%CACAO,114/3/20,標示,不合格,違反食安法第22條規定，依同法第47條裁處,70000,1.與同業者同日抽查其他16件產品併案處理2.外包裝印有TERRA巧克力吧
33301,九日風股份有限公司,臺北市,大安區,臺北市大安區溫州街7號,70%泉明合作社,114/3/20,標示,不合格,違反食安法第22條規定，依同法第47條裁處,70000,1.與同業者同日抽查其他16件產品併案處理2.外包裝印有TERRA巧克力吧
33302,九日風股份有限公司,臺北市,大安區,臺北市大安區溫州街7號,80%泉明合作社,114/3/20,標示,不合格,違反食安法第22條規定，依同法第47條裁處,70000,1.與同業者同日抽查其他16件產品併案處理2.外包裝印有TERRA巧克力吧
33303,九日風股份有限公司,臺北市,大安區,臺北市大安區溫州街7號,90%泉明合作社,114/3/20,標示,不合格,違反食安法第22條規定，依同法第47條裁處,70000,1.與同業者同日抽查其他16件產品併案處理2.外包裝印有TERRA巧克力吧
33304,九日風股份有限公司,臺北市,大安區,臺北市大安區溫州街7號,茶韻風味|鐵觀音64%CACAO,114/3/20,標示,不合格,違反食安法第22條規定，依同法第47條裁處,70000,1.與同業者同日抽查其他16件產品併案處理2.外包裝印有TERRA巧克力吧
33305,九日風股份有限公司,臺北市,大安區,臺北市大安區溫州街7號,涼果風味|八仙果68%CACAO,114/3/20,標示,不合格,違反食安法第22條規定，依同法第47條裁處,70000,1.與同業者同日抽查其他16件產品併案處理2.外包裝印有TERRA巧克力吧
33306,九日風股份有限公司,臺北市,大安區,臺北市大安區溫州街7號,黑金風味|烏魚子64%CACAO,114/3/20,標示,不合格,違反食安法第22條規定，依同法第47條裁處,70000,1.與同業者同日抽查其他16件產品併案處理2.外包裝印有TERRA巧克力吧
33307,九日風股份有限公司,臺北市,大安區,臺北市大安區溫州街7號,萬靈丹風味|枇杷膏68%CACAO,114/3/20,標示,不合格,違反食安法第22條、第28條規定，依同法第45條、第47條裁處,70000,1.與同業者同日抽查其他16件產品併案處理2.外包裝印有TERRA巧克力吧
33308,九日風股份有限公司,臺北市,大安區,臺北市大安區溫州街7號,雷咖哩風味|雷香料65%CACAO,114/3/20,標示,不合格,違反食安法第22條規定，依同法第47條裁處,70000,1.與同業者同日抽查其他16件產品併案處理2.外包裝印有TERRA巧克力吧
33309,九日風股份有限公司,臺北市,大安區,臺北市大安區溫州街7號,芸香科檸檬70%CACAO,114/3/20,標示,不合格,違反食安法第22條規定，依同法第47條裁處,70000,1.與同業者同日抽查其他16件產品併案處理2.外包裝印有TERRA巧克力吧
33310,九日風股份有限公司,臺北市,大安區,臺北市大安區溫州街7號,產區生巧克力,114/3/20,標示,合格,,,
33311,擇食股份有限公司,臺北市,中正區,臺北市中正區金山南路1段81之4號,台灣特色茶巧克力-黑后葡萄酒,114/3/27,標示,不合格,違反食安法第28條規定，依同法第45條裁處,40000,1.與同業者同日抽查其他6件產品併案處理2.產品外包裝未印有巧克力字樣，惟現場陳列之菜單標示宣稱其為「台灣特色茶巧克力」
33312,擇食股份有限公司,臺北市,中正區,臺北市中正區金山南路1段81之4號,台灣特色茶巧克力-紅玉紅茶,114/3/27,標示,不合格,違反食安法第28條規定，依同法第45條裁處,40000,1.與同業者同日抽查其他6件產品併案處理2.產品外包裝未印有巧克力字樣，惟現場陳列之菜單標示宣稱其為「台灣特色茶巧克力」
33313,擇食股份有限公司,臺北市,中正區,臺北市中正區金山南路1段81之4號,台灣特色茶巧克力-高山烏龍,114/3/27,標示,不合格,違反食安法第28條規定，依同法第45條裁處,40000,1.與同業者同日抽查其他6件產品併案處理2.產品外包裝未印有巧克力字樣，惟現場陳列之菜單標示宣稱其為「台灣特色茶巧克力」
33314,擇食股份有限公司,臺北市,中正區,臺北市中正區金山南路1段81之4號,台灣特色茶巧克力-奇種烏龍,114/3/27,標示,不合格,違反食安法第28條規定，依同法第45條裁處,40000,1.與同業者同日抽查其他6件產品併案處理2.產品外包裝未印有巧克力字樣，惟現場陳列之菜單標示宣稱其為「台灣特色茶巧克力」
33315,擇食股份有限公司,臺北市,中正區,臺北市中正區金山南路1段81之4號,台灣特色茶巧克力-紅烏龍鳳梨,114/3/27,標示,不合格,違反食安法第28條規定，依同法第45條裁處,40000,1.與同業者同日抽查其他6件產品併案處理2.產品外包裝未印有巧克力字樣，惟現場陳列之菜單標示宣稱其為「台灣特色茶巧克力」
33316,擇食股份有限公司,臺北市,中正區,臺北市中正區金山南路1段81之4號,台灣特色茶巧克力-八茶組(8小片裝),114/3/27,標示,不合格,違反食安法第28條規定，依同法第45條裁處,40000,1.與同業者同日抽查其他6件產品併案處理2.產品外包裝未印有巧克力字樣，惟現場陳列之菜單標示宣稱其為「台灣特色茶巧克力」
33317,擇食股份有限公司,臺北市,中正區,臺北市中正區金山南路1段81之4號,台灣特色茶巧克力-花果茶八茶組(8小片裝),114/3/27,標示,不合格,違反食安法第28條規定，依同法第45條裁處,40000,1.與同業者同日抽查其他6件產品併案處理2.產品外包裝未印有巧克力字樣，惟現場陳列之菜單標示宣稱其為「台灣特色茶巧克力」
33451,耕萬畬有限公司(畬室法式巧克力甜點創作),臺北市,大安區,臺北市大安區仁愛路4段112巷3弄10號1樓,夾心巧克力-桂花麻油,114/3/21,環氧乙烷,合格,,,
33452,耕萬畬有限公司(畬室法式巧克力甜點創作),臺北市,大安區,臺北市大安區仁愛路4段112巷3弄10號1樓,加勒比巧克力鈕扣66%,114/3/21,苯(a)駢芘,合格,,,
33453,耕萬畬有限公司(畬室法式巧克力甜點創作),臺北市,大安區,臺北市大安區仁愛路4段112巷3弄10號1樓,加勒比巧克力鈕扣66%,114/3/21,總黃麴毒素,合格,,,
33454,絹絲谷休閒店(絹絲谷SilkSweet),臺北市,士林區,臺北市士林區永公路500巷46號 ,75%頂級黑巧克力祕魯阿普里瑪克,114/3/20,環氧乙烷,合格,,,
33455,絹絲谷休閒店(絹絲谷SilkSweet),臺北市,士林區,臺北市士林區永公路500巷46號 ,MOROGOROTanzaniaCocoamass100%,114/3/20,苯(a)駢芘,合格,,,
33456,絹絲谷休閒店(絹絲谷SilkSweet),臺北市,士林區,臺北市士林區永公路500巷46號 ,MOROGOROTanzaniaCocoamass100%,114/3/20,總黃麴毒素,合格,,,
33457,鋭亞創意有限公司(RayyaBakes瑞雅蛋糕),臺北市,松山區,臺北市松山區塔悠路216號1樓,開心榛果脆脆,114/3/20,環氧乙烷,合格,,,外包裝印製「Chocolate」字樣
33458,鋭亞創意有限公司(RayyaBakes瑞雅蛋糕),臺北市,松山區,臺北市松山區塔悠路216號1樓,DLA伊娃娜白巧克力30%,114/3/20,苯(a)駢芘,合格,,,
33459,鋭亞創意有限公司(RayyaBakes瑞雅蛋糕),臺北市,松山區,臺北市松山區塔悠路216號1樓,DLA伊娃娜白巧克力30%,114/3/20,總黃麴毒素,合格,,,
33460,九日風股份有限公司,臺北市,大安區,臺北市大安區溫州街7號,產區生巧克力,114/3/20,環氧乙烷,合格,,,
33461,九日風股份有限公司,臺北市,大安區,臺北市大安區溫州街7號,歌劇可可脂COCOABUTTER,114/3/20,苯(a)駢芘,合格,,,
33462,九日風股份有限公司,臺北市,大安區,臺北市大安區溫州街7號,歌劇可可脂COCOABUTTER,114/3/20,總黃麴毒素,合格,,,
33554,昇恒昌股份有限公司(HomeGARDEN),臺北市,內湖區,臺北市內湖區金莊路129號5樓,-,114/4/29,GHP,合格,,,
33555,鬍鬚張股份有限公司重慶分公司(鬍鬚張滷肉飯),臺北市,士林區,臺北市士林區重慶北路四段146號,-,114/5/9,GHP,合格,,,
33556,台灣善商股份有限公司圓山門市(SUKIYA),臺北市,大同區,臺北市大同區庫倫街51之2號及51之3號,-,114/5/5,GHP,合格,,,
33557,寶賢企業社(孫東寶台式牛排教父),臺北市,士林區,臺北市士林區承德路4段56號,-,114/5/28,GHP,合格,,,
33759,昇恒昌股份有限公司(HomeGARDEN),臺北市,內湖區,臺北市內湖區金莊路129號5樓,-,114/4/29,標示,合格,,,
33760,鬍鬚張股份有限公司重慶分公司(鬍鬚張滷肉飯),臺北市,士林區,臺北市士林區重慶北路四段146號,-,114/5/9,標示,合格,,,
33761,台灣善商股份有限公司圓山門市(SUKIYA),臺北市,大同區,臺北市大同區庫倫街51之2號及51之3號,-,114/4/29,標示,合格,,,
33762,寶賢企業社(孫東寶台式牛排教父),臺北市,士林區,臺北市士林區承德路4段56號,-,114/4/29,標示,合格,,,
33929,昇恒昌股份有限公司(HomeGARDEN),臺北市,內湖區,臺北市內湖區金莊路129號5樓,韓式大象辣椒醬,114/4/29,防腐劑,合格,,,
33930,寶賢企業社(孫東寶台式牛排教父),臺北市,士林區,臺北市士林區承德路4段56號,JA050311中式勁麵,114/4/29,邦克列酸,合格,,,
34075,新展百貨行(櫻桃爺爺),臺北市,萬華區,臺北市萬華區武昌街2段58-2號,花生貢糖酥,114/4/7,真菌毒素,合格,,,—
34360,有限責任台灣主婦聯盟生活消費合作社信義站,臺北市,信義區,臺北市信義區莊敬路391巷2弄13號,迷你食用百合(友A優)李家豐-100g/包,114/5/12,重金屬,合格,,,
34361,家福股份有限公司台北重慶分公司,臺北市,大同區,臺北市大同區重慶北路2段171號,筊白筍-家樂福嚴選,114/5/13,重金屬,合格,,,
34362,家福股份有限公司台北重慶分公司,臺北市,大同區,臺北市大同區重慶北路2段171號,芹菜-履歷-青苑洋芹,114/5/13,重金屬,合格,,,
34441,鮮活倉廚,臺北市,信義區,臺北市信義區吳興街89號1樓,鱈魚,114/5/13,重金屬,合格,,,
34442,平壽司,臺北市,信義區,臺北市信義區仁愛路4段434號,鰹魚,114/5/13,重金屬,合格,,,
34522,大潤發流通事業股份有限公司內湖分公司,臺北市,內湖區,臺北市內湖區舊宗路1段188號,深海魚油膠囊,114/5/7,重金屬,合格,,,
34528,大潤發流通事業股份有限公司南湖分公司,臺北市,內湖區,臺北市內湖區舊宗路1段188號,鹹蛋,114/5/7,重金屬,合格,,,
34573,營養銀行,臺北市,大同區,臺北市大同區昌吉街4號,番茄洋蔥珠貝雞粥,114/5/8,重金屬,合格,,,嬰幼兒食品
34574,營養銀行,臺北市,大同區,臺北市大同區昌吉街4號,脆妮妮原味牛奶磨牙棒,114/5/8,重金屬,合格,,,嬰幼兒食品
34575,安琪兒百貨有限公司,臺北市,大安區,臺北市大安區和平東路274-1號1樓及B1,波堤寶寶-順暢豬肉玉米粥,114/5/5,重金屬,合格,,,嬰幼兒食品
34627,彥城商行(CoCo),臺北市,士林區,臺北市士林區中正路342號1樓,金桔,114/3/3,農藥殘留,合格,,,
34629,士林綠茶店(市招:50嵐),臺北市,士林區,臺北市士林區中正路235巷38號,四季金桔,114/3/3,農藥殘留,合格,,,
34687,菓之鄉水果專賣店,臺北市,南港區,臺北市南港區同德路60號,香菜(芫荽),114/3/7,農藥殘留,合格,,,
34689,瓦克新鮮屋有限公司(網購平台),臺北市,大安區,臺北市大安區建國南路二段296號,有機香菜(芫荽),114/3/24,農藥殘留,合格,,,
34710,菓之鄉水果專賣店,臺北市,南港區,臺北市南港區同德路60號,刈菜(包心芥菜),114/3/5,農藥殘留,合格,,,
34712,詠鑽蔬果專賣店(新天地蔬果量販店),臺北市,士林區,臺北市士林區美崙街18號1樓,青花菜,114/3/5,農藥殘留,合格,,,
34714,虎林街早市-無市招菜攤(邵○祥),臺北市,信義區,臺北市信義區,青梗花椰菜,114/3/5,農藥殘留,合格,,,
34716,榮濱市場路邊攤(吳○玲),臺北市,中山區,臺北市中山區,白菜,114/3/6,農藥殘留,合格,,,
34717,台朔環保科技股份有限公司(網購平台),臺北市,內湖區,臺北市內湖區石潭里南京東路六段390號5樓,香菜,114/2/12,農藥殘留,合格,,,
34718,第一果菜批發市場-林○梅(地號216),臺北市,萬華區,臺北市萬華區,白花椰菜,114/4/9,農藥殘留,合格,,,
34719,台朔環保科技股份有限公司(網購平台),臺北市,內湖區,臺北市內湖區石潭里南京東路六段390號5樓,有機香菜,114/2/12,農藥殘留,合格,,,
34723,槿棠數位廣告股份有限公司(網購平台),臺北市,大同區,臺北市大同區迪化街1段72巷8弄4號2樓,粉紅玫瑰花,114/3/4,農藥殘留,合格,,,
34724,新視紀媒體科技股份有限公司(網購平台),臺北市,大安區,臺北市大安區敦化南路二段46號4樓之1,產銷履歷青花椰菜,114/3/4,農藥殘留,合格,,,
34725,槿棠數位廣告股份有限公司(網購平台),臺北市,大同區,臺北市大同區迪化街1段72巷8弄4號2樓,紅玫瑰花,114/3/4,農藥殘留,合格,,,
34806,武昌市場-無市招攤販(鄞○明),臺北市,松山區,臺北市松山區,青蔥,114/3/7,農藥殘留,合格,,,
34807,菓之鄉水果專賣店,臺北市,南港區,臺北市南港區同德路60號,格藍芽,114/3/5,農藥殘留,合格,,,
34808,翡翠綠水果專賣店,臺北市,士林區,臺北市士林區美崙路14號1樓,青蔥,114/3/5,農藥殘留,合格,,,
34809,翡翠綠水果專賣店,臺北市,士林區,臺北市士林區美崙路14號1樓,青江菜,114/3/5,農藥殘留,合格,,,
34810,全聯實業股份有限公司文山保儀分公司,臺北市,文山區,臺北市文山區保儀路12號1樓、12號地下1樓、26巷1-1號、26巷1號地下1樓及14號1樓,油菜(產銷履歷),114/3/4,農藥殘留,合格,,,
34811,全聯實業股份有限公司文山保儀分公司,臺北市,文山區,臺北市文山區保儀路12號1樓、12號地下1樓、26巷1-1號、26巷1號地下1樓及14號1樓,青蔥,114/3/4,農藥殘留,合格,,,
34812,鼎王國際餐飲股份有限公司無老臺北中華分公司(無老鍋西門町店),臺北市,中正區,臺北市中正區中華路1段55號2樓,粉蔥(青蔥),114/3/4,農藥殘留,合格,,,
34813,瓦克新鮮屋有限公司(網購平台),臺北市,大安區,臺北市大安區建國南路二段296號,有機青江菜,114/3/5,農藥殘留,合格,,,
34814,虎林街早市-無市招菜攤(邵○祥),臺北市,信義區,臺北市信義區,紅鳳菜,114/3/5,農藥殘留,合格,,,
34815,大地美饌有限公司(KiKiATT4FUN信義店),臺北市,信義區,臺北市信義區松壽路12號6樓,韭菜花,114/3/5,農藥殘留,合格,,,
34816,陽明山蔬菜水果專賣店,臺北市,中山區,臺北市中山區民生東路二段115巷40號,芥藍,114/3/6,農藥殘留,合格,,,
34817,榮濱市場路邊攤(吳○玲),臺北市,中山區,臺北市中山區,青江菜,114/3/6,農藥殘留,合格,,,
34818,他家小吃店(你家我家客家菜),臺北市,中山區,臺北市中山區吉林路135號1樓,蔥,114/3/6,農藥殘留,合格,,,
34819,富邦媒體科技股份有限公司(網購平台),臺北市,內湖區,臺北市內湖區洲子街96號4樓,韭菜花,114/3/10,農藥殘留,合格,,,
34820,六福開發股份有限公司南港分公司(臺北六福萬怡酒店-粵亮廳),臺北市,南港區,臺北市南港區忠孝東路七段359號8樓,青蔥,114/3/5,農藥殘留,合格,,,
34821,中崙市場-小慧果菜行,臺北市,松山區,臺北市松山區八德路三段76號,青江菜,114/4/9,農藥殘留,合格,,,
34822,永吉蔬果行,臺北市,松山區,臺北市松山區八德路三段106巷48號,紅鳳菜,114/4/9,農藥殘留,合格,,,
34823,永吉蔬果行,臺北市,松山區,臺北市松山區八德路三段106巷48號,油菜,114/4/9,農藥殘留,合格,,,
34824,永吉蔬果行,臺北市,松山區,臺北市松山區八德路三段106巷48號,青蔥,114/4/9,農藥殘留,合格,,,
34825,中崙市場-百芸蔬果行,臺北市,松山區,臺北市松山區八德路三段74巷3弄18號,青江菜,114/4/9,農藥殘留,合格,,,
34826,中崙市場-百芸蔬果行,臺北市,松山區,臺北市松山區八德路三段74巷3弄18號,油菜,114/4/9,農藥殘留,合格,,,
34827,湖光市場-無市招蔬菜攤(葉○雲),臺北市,內湖區,臺北市內湖區,油菜,114/4/9,農藥殘留,合格,,,
34828,湖光市場-無市招蔬菜攤(葉○雲),臺北市,內湖區,臺北市內湖區,芥藍,114/4/9,農藥殘留,合格,,,
34829,湖光市場-無市招蔬菜攤(葉○雲),臺北市,內湖區,臺北市內湖區,青韭菜,114/4/9,農藥殘留,合格,,,
34830,全聯實業股份有限公司中山吉林分公司,臺北市,中山區,臺北市中山區吉林路213、215、217、219號1樓,履歷油菜,114/4/8,農藥殘留,合格,,,
34831,食昌企業股份有限公司(市招:紅豆食府SOGO天母店),臺北市,士林區,臺北市士林區中山北路六段77號8樓,青江菜,114/4/8,農藥殘留,合格,,,
34832,菓然是妳,臺北市,士林區,臺北市士林區承德路四段36號,格蘭苗(芥藍菜苗),114/4/8,農藥殘留,合格,,,
34833,旺福生鮮選物店(旺福),臺北市,士林區,臺北市士林區通河街86號,蔥(青蔥),114/4/8,農藥殘留,合格,,,
34834,欣盛小吃店(晴光精緻自助餐),臺北市,士林區,臺北市士林區中正路363號,油菜,114/4/9,農藥殘留,合格,,,
34835,第一果菜批發市場-顏○櫻(地號1013),臺北市,萬華區,臺北市萬華區,韭菜花,114/4/9,農藥殘留,合格,,,
34836,第一果菜批發市場-陳○利(地號327),臺北市,萬華區,臺北市萬華區,青蔥,114/4/9,農藥殘留,合格,,,
34837,宏欣食材有限公司(宏仁蔬菜行),臺北市,萬華區,臺北市萬華區長順街47號,青江菜,114/4/9,農藥殘留,合格,,,
34838,宏欣食材有限公司(宏仁蔬菜行),臺北市,萬華區,臺北市萬華區長順街47號,油菜,114/4/9,農藥殘留,合格,,,
34839,春申匯集有限公司(春申食府),臺北市,大安區,臺北市大安區仁愛路4段66號,莧菜,114/4/8,農藥殘留,合格,,,
34840,頂好蔬果行,臺北市,大安區,臺北市大安區大安路一段31巷10號,青江菜,114/4/2,農藥殘留,合格,,,
34841,頂好蔬果行,臺北市,大安區,臺北市大安區大安路一段31巷10號,青蔥,114/4/2,農藥殘留,合格,,,
34842,頂好蔬果行,臺北市,大安區,臺北市大安區大安路一段31巷10號,莧菜,114/4/2,農藥殘留,合格,,,
34843,金旺來蔬果行,臺北市,大安區,臺北市大安區大安路一段170號1樓,芥藍芽,114/4/2,農藥殘留,合格,,,
34844,富馨園麵食館,臺北市,大安區,臺北市大安區復興南路1段269號,青蔥,114/4/2,農藥殘留,合格,,,
34845,臺北市第二果菜批發市場-高○松(11-08號攤),臺北市,中山區,臺北市中山區,蔥,114/4/8,農藥殘留,合格,,,
34846,臺北市第二果菜批發市場-高○松(11-08號攤),臺北市,中山區,臺北市中山區,三星蔥(青蔥),114/4/8,農藥殘留,合格,,,
34853,新視紀媒體科技股份有限公司(網購平台),臺北市,大安區,臺北市大安區敦化南路二段46號4樓之1,有機羽衣甘藍,114/3/4,農藥殘留,合格,,,
34854,新視紀媒體科技股份有限公司(網購平台),臺北市,大安區,臺北市大安區敦化南路二段46號4樓之1,產銷履歷芹菜,114/3/4,農藥殘留,合格,,,
34951,富邦媒體科技股份有限公司(網購平台),臺北市,內湖區,臺北市內湖區洲子街96號4樓,韭菜,114/2/27,農藥殘留,合格,,,
34952,富邦媒體科技股份有限公司(網購平台),臺北市,內湖區,臺北市內湖區洲子街96號4樓,大蒜,114/2/27,農藥殘留,合格,,,
34957,樂購蝦皮股份有限公司(網購平台),臺北市,信義區,臺北市信義區菸廠路88號9樓之1,粉蔥,114/3/28,農藥殘留,合格,,,
34958,樂購蝦皮股份有限公司(網購平台),臺北市,信義區,臺北市信義區菸廠路88號9樓之1,皇宮菜,114/3/28,農藥殘留,合格,,,
35079,榮濱市場路邊攤(吳○玲),臺北市,中山區,臺北市中山區,白蘿蔔,114/3/6,農藥殘留,合格,,,
35080,榮濱商圈-粗魯人蔬果行(7區店005號),臺北市,中山區,臺北市中山區民族東路410巷18號,白蘿蔔,114/4/8,農藥殘留,合格,,,
35170,翡翠綠水果專賣店,臺北市,士林區,臺北市士林區美崙路14號1樓,大辣椒,114/3/5,農藥殘留,合格,,,
35171,他家小吃店(你家我家客家菜),臺北市,中山區,臺北市中山區吉林路135號1樓,辣椒,114/3/6,農藥殘留,合格,,,
35172,富馨園麵食館,臺北市,大安區,臺北市大安區復興南路1段269號,辣椒,114/4/2,農藥殘留,合格,,,
35256,全聯實業股份有限公司南港旗艦分公司,臺北市,南港區,臺北市南港區東明里南港路二段20巷5號地下,履歷敏豆,114/3/5,農藥殘留,合格,,,
35257,南京公寓市場-尚揚蔬果行,臺北市,松山區,臺北市松山區南京東路五段291巷30號,敏豆(菜豆),114/3/7,農藥殘留,合格,,,
35258,統康生活事業股份有限公司政大分公司,臺北市,文山區,臺北市文山區萬壽路27號1、2樓及地下1樓,有機甜豆莢(豌豆),114/3/4,農藥殘留,合格,,,
35259,欣欣大眾市場股份有限公司莒光店,臺北市,萬華區,臺北市萬華區新忠里西藏路125巷13-15號,履歷甜豆莢(豌豆),114/3/4,農藥殘留,合格,,,
35260,自強市場(市招:果菜俗賣),臺北市,北投區,臺北市北投區自強街119號,醜豆(菜豆),114/4/9,農藥殘留,合格,,,
35261,第一果菜批發市場-沈○鳳(地號714),臺北市,萬華區,臺北市萬華區,敏豆(菜豆),114/4/9,農藥殘留,合格,,,
35262,第一果菜批發市場-沈○鳳(地號714),臺北市,萬華區,臺北市萬華區,醜豆(菜豆),114/4/9,農藥殘留,合格,,,
35263,臺北市第二果菜批發市場第18-01號攤,臺北市,中山區,臺北市中山區民族東路336號,醜豆(菜豆),114/4/8,農藥殘留,合格,,,
35285,網路家庭國際資訊股份有限公司(網購平台),臺北市,大安區,臺北市大安區敦化南路二段105號12樓,冷凍青豆仁,114/2/27,農藥殘留,合格,,,
35317,金旺鮮果,臺北市,松山區,臺北市松山區延吉街28號,網室木瓜,114/4/9,農藥殘留,合格,,,
35318,榮濱商圈-阿滿水果攤,臺北市,中山區,臺北市中山區民族東路410巷35號前(4區攤31號),木瓜,114/4/8,農藥殘留,合格,,,
35356,台灣泛亞零售管理顧問股份有限公司南港分公司(Donki唐吉訶德),臺北市,南港區,臺北市南港區忠孝東路七段359號3樓,紅草莓,114/3/5,農藥殘留,合格,,,
35357,統康生活事業股份有限公司政大分公司,臺北市,文山區,臺北市文山區萬壽路27號1、2樓及地下1樓,草莓,114/3/4,農藥殘留,合格,,,
35358,統康生活事業股份有限公司政大分公司,臺北市,文山區,臺北市文山區萬壽路27號1、2樓及地下1樓,草莓,114/3/4,農藥殘留,合格,,,
35359,永豐餘生技股份有限公司木柵分公司(GREEN&SAFE真食物專賣店),臺北市,文山區,臺北市文山區新光路一段143號,珍珠芭樂,114/3/4,農藥殘留,合格,,,
35360,新潔水菓行(新豐水果店),臺北市,士林區,臺北市士林區天母西路69號,糖蜜草莓,114/3/5,農藥殘留,合格,,,
35361,瓦克新鮮屋有限公司(網購平台),臺北市,大安區,臺北市大安區建國南路二段296號,草莓,114/3/5,農藥殘留,合格,,,
35362,禾原水果行,臺北市,大安區,臺北市大安區辛亥路二段221號,草莓,114/3/5,農藥殘留,合格,,,
35363,陽明山蔬菜水果專賣店,臺北市,中山區,臺北市中山區民生東路二段115巷40號,草莓,114/3/6,農藥殘留,合格,,,
35364,瓦克新鮮屋有限公司(網購平台),臺北市,大安區,臺北市大安區建國南路二段296號,草莓,114/3/4,農藥殘留,合格,,,
35365,旺福生鮮選物店(旺福),臺北市,士林區,臺北市士林區通河街86號,麝香葡萄,114/4/8,農藥殘留,合格,,,
35366,春申匯集有限公司(春申食府),臺北市,大安區,臺北市大安區仁愛路4段66號,芭樂(番石榴),114/4/8,農藥殘留,合格,,,
35367,真情水果行,臺北市,中山區,臺北市中山區民族東路336號,蓮霧,114/4/8,農藥殘留,合格,,,
35379,富邦媒體科技股份有限公司(網購平台),臺北市,內湖區,臺北市內湖區洲子街96號4樓,草莓,114/3/5,農藥殘留,合格,,,
35405,永豐餘生技股份有限公司木柵分公司(GREEN&SAFE真食物專賣店),臺北市,文山區,臺北市文山區新光路一段143號,蜜棗(印度棗),114/3/4,農藥殘留,合格,,,
35434,海克利斯國際股份有限公司(海克力士健身補給),臺北市,中正區,臺北市中正區博愛路25號3樓之1,乳清蛋白飲-英式奶茶,114/3/17,標示,合格,,,
35435,海克利斯國際股份有限公司(海克力士健身補給),臺北市,中正區,臺北市中正區博愛路25號3樓之1,乳清蛋白飲-英式奶茶,114/3/17,總黃麴毒素、金黃色葡萄球菌、沙門氏菌,合格,,,
35436,海克利斯國際股份有限公司(海克力士健身補給),臺北市,中正區,臺北市中正區博愛路25號3樓之1,乳清蛋白飲-英式奶茶,114/3/17,粗蛋白含量,合格,,,
35437,新加坡商利維喜開發股份有限公司(LAC南西新光店),臺北市,中山區,臺北市中山區南京西路12號B2,ON乳清蛋白飲品-雙倍巧克力風味,114/3/17,標示,不合格,違反食品安全衛生管理法第22條及第28條規定，依同法第47條第8款及第45條第1項裁處,40000,
35438,新加坡商利維喜開發股份有限公司(LAC南西新光店),臺北市,中山區,臺北市中山區南京西路12號B2,ON乳清蛋白飲品-雙倍巧克力風味,114/3/17,總黃麴毒素、金黃色葡萄球菌、沙門氏菌,合格,,,
35439,新加坡商利維喜開發股份有限公司(LAC南西新光店),臺北市,中山區,臺北市中山區南京西路12號B2,ON乳清蛋白飲品-雙倍巧克力風味,114/3/17,粗蛋白含量,合格,,,
35440,星睿食品股份有限公司(SparkProtein品牌概念店),臺北市,大安區,臺北市大安區和平東路1段161號2樓,SparkPure極-低脂分離乳清(美國產區),114/3/17,標示,合格,,,
35441,星睿食品股份有限公司(SparkProtein品牌概念店),臺北市,大安區,臺北市大安區和平東路1段161號2樓,SparkPure極-低脂分離乳清(美國產區),114/3/17,總黃麴毒素、金黃色葡萄球菌、沙門氏菌,合格,,,
35442,星睿食品股份有限公司(SparkProtein品牌概念店),臺北市,大安區,臺北市大安區和平東路1段161號2樓,SparkPure極-低脂分離乳清(美國產區),114/3/17,粗蛋白含量,合格,,,
35443,全聯實業股份有限公司內湖葫洲分公司,臺北市,內湖區,臺北市內湖區民權東路6段296巷20號,BodyGoals乳清蛋白-法式可可,114/3/17,標示,合格,,,
35444,全聯實業股份有限公司內湖葫洲分公司,臺北市,內湖區,臺北市內湖區民權東路6段296巷20號,BodyGoals乳清蛋白-法式可可,114/3/17,總黃麴毒素、金黃色葡萄球菌、沙門氏菌,合格,,,
35445,全聯實業股份有限公司內湖葫洲分公司,臺北市,內湖區,臺北市內湖區民權東路6段296巷20號,BodyGoals乳清蛋白-法式可可,114/3/17,粗蛋白含量,合格,,,
35446,全聯實業股份有限公司內湖葫洲分公司,臺北市,內湖區,臺北市內湖區民權東路6段296巷20號,Tryall分離豌豆蛋白靜岡抹茶,114/3/17,標示,合格,,,
35447,全聯實業股份有限公司內湖葫洲分公司,臺北市,內湖區,臺北市內湖區民權東路6段296巷20號,Tryall分離豌豆蛋白靜岡抹茶,114/3/17,總黃麴毒素、金黃色葡萄球菌、沙門氏菌,合格,,,
35448,全聯實業股份有限公司內湖葫洲分公司,臺北市,內湖區,臺北市內湖區民權東路6段296巷20號,Tryall分離豌豆蛋白靜岡抹茶,114/3/17,粗蛋白含量,合格,,,
35449,台灣屈臣氏個人用品商店股份有限公司士林分公司,臺北市,士林區,臺北市士林區臺北市士林區中正路285號1、2樓,MIHONG高效乳清蛋白-雙倍拿鐵,114/3/17,標示,合格,,,
35450,台灣屈臣氏個人用品商店股份有限公司士林分公司,臺北市,士林區,臺北市士林區臺北市士林區中正路285號1、2樓,MIHONG高效乳清蛋白-雙倍拿鐵,114/3/17,總黃麴毒素、金黃色葡萄球菌、沙門氏菌,合格,,,
35451,台灣屈臣氏個人用品商店股份有限公司士林分公司,臺北市,士林區,臺北市士林區臺北市士林區中正路285號1、2樓,MIHONG高效乳清蛋白-雙倍拿鐵,114/3/17,粗蛋白含量,合格,,,
35489,臺北市松山區農會,臺北市,松山區,臺北市松山區八德路4段656之1號,石門有機農場自然放牧土雞蛋,114/3/3,動物用藥殘留,合格,,,
35490,濱江商行,臺北市,中山區,臺北市中山區民族東路410巷37號,珍品烏骨雞蛋,114/3/4,動物用藥殘留,合格,,,
35491,濱江商行,臺北市,中山區,臺北市中山區民族東路410巷37號,機能卵,114/3/4,動物用藥殘留,合格,,,
35492,濱江商行,臺北市,中山區,臺北市中山區民族東路410巷37號,白蛋,114/3/4,動物用藥殘留,合格,,,
35493,來德香商行,臺北市,中山區,臺北市中山區民族東路410巷20號,芙蓉紅冷藏,114/3/4,動物用藥殘留,合格,,,
35494,效基商行,臺北市,內湖區,臺北市內湖區內湖路2段378號,雞蛋,114/3/3,動物用藥殘留,合格,,,
35495,臺北市內湖區農會,臺北市,內湖區,臺北市內湖區內湖路2段334號,烏骨綠殼雞蛋,114/3/3,動物用藥殘留,合格,,,
35496,元榆牧場台北東門店,臺北市,中正區,臺北市中正區金山南路1段94號1樓,田庄好蛋,114/3/3,動物用藥殘留,合格,,,
35497,全聯實業(股)公司北投文林北分公司,臺北市,北投區,臺北市北投區文林北路116號,中一國民蛋(白蛋),114/3/3,動物用藥殘留,合格,,,
35498,全聯實業(股)公司北投文林北分公司,臺北市,北投區,臺北市北投區文林北路116號,香草園鮮雞蛋,114/3/3,動物用藥殘留,合格,,,
35499,全聯實業(股)公司北投文林北分公司,臺北市,北投區,臺北市北投區文林北路116號,富翁洗選蛋(白殼雞蛋),114/3/3,動物用藥殘留,合格,,,
35500,家福股份有限公司台北天母分公司,臺北市,士林區,臺北市士林區德行西路47號,日饕白鮮蛋,114/3/3,動物用藥殘留,合格,,,
35501,利民雜糧行,臺北市,內湖區,臺北市內湖區內湖路2段300號,有機紅蛋,114/3/3,動物用藥殘留,合格,,,
35502,美廉社萬華雙園店,臺北市,萬華區,臺北市萬華區雙園街13號1樓,心樸冷藏鮮雞蛋(白蛋)600g(10入),114/3/3,動物用藥殘留,合格,,,
35503,美廉社萬華雙園店,臺北市,萬華區,臺北市萬華區雙園街13號1樓,心樸冷藏鮮雞蛋(白蛋)550g(10入),114/3/3,動物用藥殘留,合格,,,
35504,信泰蛋行,臺北市,萬華區,臺北市萬華區西昌街86號1樓,雞蛋,114/3/3,動物用藥殘留,合格,,,
35505,永吉蛋行,臺北市,信義區,臺北市信義區忠孝東路5段790巷47弄22號,白蛋1,114/3/4,動物用藥殘留,合格,,,
35506,永吉蛋行,臺北市,信義區,臺北市信義區忠孝東路5段790巷47弄22號,白蛋2,114/3/4,動物用藥殘留,合格,,,
35507,好農市安心食品有限公司,臺北市,大安區,臺北市大安區復興南路2段155號,鮮力蛋(動福雞蛋),114/3/3,動物用藥殘留,合格,,,
35508,好農市安心食品有限公司,臺北市,大安區,臺北市大安區復興南路2段155號,自然放牧雞蛋,114/3/3,動物用藥殘留,合格,,,
35509,和信蛋行,臺北市,士林區,臺北市士林區大南路425號,鴨蛋,114/2/26,動物用藥殘留,合格,,,
35510,和信蛋行,臺北市,士林區,臺北市士林區大南路425號,鴨蛋,114/2/26,動物用藥殘留,合格,,,
35511,福星土雞專賣店,臺北市,萬華區,臺北市萬華區環河南路2段245號,烏骨雞,114/4/2,動物用藥殘留,合格,,,
35512,全聯實業股份有限公司中正南昌分公司,臺北市,中正區,臺北市中正區南昌路1段51巷1號,火山烏骨雞切-解凍肉,114/4/2,動物用藥殘留,合格,,,
35513,大雄蛋行,臺北市,中山區,臺北市中山區錦西街180之3號,雞蛋(紅殼紅心),114/4/1,動物用藥殘留,合格,,,
35514,大雄蛋行,臺北市,中山區,臺北市中山區錦西街180之3號,雞蛋(白殼紅心),114/4/1,動物用藥殘留,合格,,,
35515,有利蛋行,臺北市,中山區,臺北市中山區新生北路3段11巷49號,雞蛋,114/4/1,動物用藥殘留,合格,,,
35516,有利蛋行,臺北市,中山區,臺北市中山區新生北路3段11巷49號,雞蛋,114/4/1,動物用藥殘留,合格,,,
35517,有利蛋行,臺北市,中山區,臺北市中山區新生北路3段11巷49號,雞蛋,114/4/1,動物用藥殘留,合格,,,
35518,737市場第8攤,臺北市,內湖區,臺北市內湖區內湖路一段737巷50弄6號,帶骨雞腿,114/4/1,動物用藥殘留,合格,,,
35519,新來興,臺北市,內湖區,臺北市內湖區內湖路一段737巷50弄6號,去骨雞胸肉,114/4/1,動物用藥殘留,合格,,,
35520,737市場第86攤,臺北市,內湖區,臺北市內湖區內湖路一段737巷50弄6號,去骨雞胸肉,114/4/1,動物用藥殘留,合格,,,
35683,台灣溫體牛肉,臺北市,大安區,臺北市大安區敦化南路2段120號,牛後腿肉,114/3/12,動物用藥殘留,合格,,,
35684,台灣溫體牛肉,臺北市,大安區,臺北市大安區敦化南路2段120號,牛肚,114/3/12,動物用藥殘留,合格,,,
35685,文川豬肉攤,臺北市,大安區,臺北市大安區敦化南路2段120號,豬肝,114/3/12,動物用藥殘留,合格,,,
35686,友成牛肉店,臺北市,萬華區,臺北市萬華區環河南路2段245號,牛肚,114/3/13,動物用藥殘留,合格,,,
35687,台灣新鮮黃牛肉,臺北市,士林區,臺北市士林區貴富街19號,牛腿肉,114/3/11,動物用藥殘留,合格,,,
35688,黑豬肉,臺北市,士林區,臺北市士林區華榮街79號,豬小腸,114/3/11,動物用藥殘留,合格,,,
35689,黑豬肉,臺北市,士林區,臺北市士林區華榮街79號,生腸,114/3/11,動物用藥殘留,合格,,,
35690,美福食集,臺北市,內湖區,臺北市內湖區民善街128號,西班牙頂級伊比利豬梅花豬燒烤片1300g,114/3/12,動物用藥殘留,合格,,,
35691,大潤發內湖二店,臺北市,內湖區,臺北市內湖區舊宗路1段188號,冷藏肉-豬肝(意)公斤,114/3/12,動物用藥殘留,合格,,,
35692,大潤發內湖二店,臺北市,內湖區,臺北市內湖區舊宗路1段188號,冷藏肉-豬小腸(意)公斤,114/3/12,動物用藥殘留,合格,,,
35693,大潤發內湖二店,臺北市,內湖區,臺北市內湖區舊宗路1段188號,澳洲牛百頁肚300g,114/3/12,動物用藥殘留,合格,,,
35694,全聯實業股份有限公司內湖舊宗分公司,臺北市,內湖區,臺北市內湖區舊宗路1段128號1樓,豬肝切片,114/3/12,動物用藥殘留,合格,,,
35695,大友牛肉店,臺北市,內湖區,臺北市內湖區湖光市場,牛腿肉,114/3/12,動物用藥殘留,合格,,,
35696,獸肉區106號攤,臺北市,萬華區,臺北市萬華區環河南路2段245號1樓,豬肝,114/3/13,動物用藥殘留,合格,,,
35697,獸肉區106號攤,臺北市,萬華區,臺北市萬華區環河南路2段245號1樓,豬生腸,114/3/13,動物用藥殘留,合格,,,
35698,販售準備區21號攤,臺北市,萬華區,臺北市萬華區環河南路2段245號3樓,冷凍豬肝連肉,114/3/13,動物用藥殘留,合格,,,
35699,永豐順肉品,臺北市,萬華區,臺北市萬華區環河南路2段245號2樓,豬肉(帶骨),114/3/13,動物用藥殘留,合格,,,
35700,元明獸肉號,臺北市,萬華區,臺北市萬華區環河南路2段294號,牛肉腿肉,114/3/13,動物用藥殘留,合格,,,
35701,老絕麻辣美食有限公司,臺北市,北投區,臺北市北投區中央南路2段16號,豬大腸,114/3/11,動物用藥殘留,合格,,,
35702,喜喜鍋鍋吧,臺北市,北投區,臺北市北投區崇仁路1段77號1樓,豬肉片,114/3/11,動物用藥殘留,合格,,,
35703,董記牛肉水餃店,臺北市,北投區,臺北市北投區崇仁路1段64號1樓,牛肚,114/3/11,動物用藥殘留,合格,,,
35704,撈王,臺北市,信義區,臺北市信義區松壽路12號9樓,黃喉,114/3/12,動物用藥殘留,合格,,,
35705,撈王,臺北市,信義區,臺北市信義區松壽路12號9樓,西班牙伊比利豬,114/3/12,動物用藥殘留,合格,,,
35706,信義黃金麵線,臺北市,信義區,臺北市信義區吳興街40號1樓,大腸頭,114/3/13,動物用藥殘留,合格,,,
35707,瓏豪餐飲有限公司,臺北市,中山區,臺北市中山區農安街273號,豬梅花肉片,114/3/11,動物用藥殘留,合格,,,
35708,萬利肉舖,臺北市,大同區,臺北市大同區重慶北路3段347號,豬肝,114/3/11,動物用藥殘留,合格,,,
35709,萬利肉舖,臺北市,大同區,臺北市大同區重慶北路3段347號,豬腸,114/3/11,動物用藥殘留,合格,,,
35710,延三溫體牛,臺北市,大同區,臺北市大同區西寧北路120號,牛肉,114/3/11,動物用藥殘留,合格,,,
35711,延三溫體牛,臺北市,大同區,臺北市大同區西寧北路120號,牛肝,114/3/11,動物用藥殘留,合格,,,
35712,新加坡商海底撈事業股份有限公司台灣第一分公司台北京站店,臺北市,大同區,臺北市大同區承德路1段1號4樓,撈派豬腦,114/3/11,動物用藥殘留,合格,,,
35713,大潤發內湖二店,臺北市,內湖區,臺北市內湖區舊宗路1段188號,冷藏肉-豬里肌肉塊(雅勝),114/2/26,動物用藥殘留,合格,,,
35714,大潤發內湖二店,臺北市,內湖區,臺北市內湖區舊宗路1段188號,冷藏肉-台糖豬梅花肉塊,114/2/26,動物用藥殘留,合格,,,
35715,家樂福內湖店,臺北市,內湖區,臺北市內湖區民善街88號,冷凍里肌烤肉片,114/2/26,動物用藥殘留,合格,,,
35716,家樂福內湖店,臺北市,內湖區,臺北市內湖區民善街88號,立大冷藏台灣豬胛心肉,114/2/26,動物用藥殘留,合格,,,
35846,臺北市松山區農會供銷部,臺北市,松山區,臺北市松山區八德路4段656-1號3樓,白蝦仁,114/3/3,動物用藥殘留,合格,,,
35847,全聯實業股份有限公司八德分公司,臺北市,松山區,臺北市松山區八德路4段626號B1,CP鮮凍大白蝦30/40,114/3/4,動物用藥殘留,合格,,,
35848,夜上海餐廳,臺北市,信義區,臺北市信義區松高路19號5樓,小黃魚,114/3/3,動物用藥殘留,合格,,,
35849,新光三越美麗市場A4超市,臺北市,信義區,臺北市信義區松高路19號B2,生食牡蠣,114/3/3,動物用藥殘留,合格,,,
35850,GREEN&SAFE永春店,臺北市,信義區,臺北市信義區忠孝東路5段439號,海水生態養殖午仔魚2入,114/3/3,動物用藥殘留,合格,,,
35851,大湖餐館,臺北市,內湖區,臺北市內湖區內湖路2段103巷76號,黃魚,114/4/2,動物用藥殘留,合格,,,
35852,澄食小人屋,臺北市,內湖區,臺北市內湖區成功路4段41巷1號,天使紅蝦,114/4/2,動物用藥殘留,合格,,,
35853,澄食小人屋,臺北市,內湖區,臺北市內湖區成功路4段41巷1號,午仔魚,114/4/2,動物用藥殘留,合格,,,
35854,大潤發內湖二店,臺北市,內湖區,臺北市內湖區舊宗路1段188號,特大巴沙魚片(鯰魚),114/4/1,動物用藥殘留,合格,,,
35855,南門鮮魚號,臺北市,中正區,臺北市中正區羅斯福路1路8號,青衣魚,114/4/1,動物用藥殘留,合格,,,
35856,正益魚行,臺北市,萬華區,臺北市萬華區富民路145巷5號1樓,午仔魚,114/4/1,動物用藥殘留,合格,,,
35857,正益魚行,臺北市,萬華區,臺北市萬華區富民路145巷5號1樓,冷凍半殼貽貝,114/4/1,動物用藥殘留,合格,,,
35858,上海鄉村信義137店,臺北市,大安區,臺北市大安區信義路4段137號,龍虎斑,114/4/1,動物用藥殘留,合格,,,
35859,台北君悅酒店凱菲屋Cafe,臺北市,信義區,臺北市信義區松壽路2號,午仔魚,114/4/1,動物用藥殘留,合格,,,
35860,饗食天堂信義店,臺北市,信義區,臺北市信義區松壽路12號6樓,生蠔,114/4/1,動物用藥殘留,合格,,,
35861,漁王企業行,臺北市,中山區,臺北市中山區民族東路410巷12號,黃魚,114/4/1,動物用藥殘留,合格,,,
35862,魚金貿易有限公司民族營業所,臺北市,中山區,臺北市中山區民族東路410巷2弄18號1樓,台灣蚵300g/包(超市用),114/4/1,動物用藥殘留,合格,,,
35863,正益魚行,臺北市,萬華區,臺北市萬華區富民路145巷5號1樓,黃魚,114/4/2,動物用藥殘留,合格,,,
35864,家福股份有限公司台北天母分公司,臺北市,士林區,臺北市士林區德行西路47號,冷凍鳳螺,114/4/2,動物用藥殘留,合格,,,
35865,MiaC'bon超市台北大葉店,臺北市,士林區,臺北市士林區忠誠路2段55號B1,黃魚,114/4/2,動物用藥殘留,合格,,,
35866,MiaC'bon超市台北大葉店,臺北市,士林區,臺北市士林區忠誠路2段55號B1,午仔,114/4/2,動物用藥殘留,合格,,,
35938,元億食品行,臺北市,萬華區,臺北市萬華區興義街56號,鴨肉,114/1/2,動物用藥殘留(氯吡啶),不合格,違反食品安全衛生管理法第47條,30000,
35943,和信蛋行,臺北市,士林區,臺北市士林區大南路425號,鴨蛋,114/2/26,農藥殘留,合格,,,
35944,和信蛋行,臺北市,士林區,臺北市士林區大南路425號,鴨蛋,114/2/26,農藥殘留,合格,,,
35945,有利蛋行,臺北市,中山區,臺北市中山區新生北路3段11巷49號,雞蛋,114/4/1,農藥殘留,合格,,,
35946,有利蛋行,臺北市,中山區,臺北市中山區新生北路3段11巷49號,雞蛋,114/4/1,農藥殘留,合格,,,
35947,有利蛋行,臺北市,中山區,臺北市中山區新生北路3段11巷49號,雞蛋,114/4/1,農藥殘留,合格,,,
35948,大雄蛋行,臺北市,中山區,臺北市中山區錦西街180之3號,雞蛋(紅殼紅心),114/4/1,農藥殘留,合格,,,
35949,大雄蛋行,臺北市,中山區,臺北市中山區錦西街180之3號,雞蛋(白殼紅心),114/4/1,農藥殘留,合格,,,
35950,福星土雞專賣店,臺北市,萬華區,臺北市萬華區環河南路2段245號,烏骨雞,114/4/2,農藥殘留,合格,,,
35951,全聯實業股份有限公司中正南昌分公司,臺北市,中正區,臺北市中正區南昌路1段51巷1號,火山烏骨雞切-解凍肉,114/4/2,農藥殘留,合格,,,
35952,737市場第8攤,臺北市,內湖區,臺北市內湖區內湖路一段737巷50弄6號,帶骨雞腿,114/4/1,農藥殘留,合格,,,
35953,新來興,臺北市,內湖區,臺北市內湖區內湖路一段737巷50弄6號,去骨雞胸肉,114/4/1,農藥殘留,合格,,,
35954,737市場第86攤,臺北市,內湖區,臺北市內湖區內湖路一段737巷50弄6號,去骨雞胸肉,114/4/1,農藥殘留,合格,,,
36112,元億食品行,臺北市,萬華區,臺北市萬華區興義街56號,鴨肉,114/1/2,農藥殘留,合格,,,
36131,勝光行,臺北市,大同區,臺北市大同區歸綏街238號1樓,-,114/4/15,GHP,合格,,,
36133,家見行,臺北市,大同區,臺北市大同區歸綏街234號1樓,-,114/4/15,GHP,合格,,,
36135,鼎鼎大飯店股份有限公司,臺北市,大安區,臺北市大安區敦化南路2段201號、203號1至5樓,-,114/4/15,GHP,合格,,,
36137,萬財商行,臺北市,信義區,臺北市信義區莊敬路289巷3弄6號,-,114/4/15,GHP,合格,,,
36139,新東陽股份有限公司忠孝東路分公司,臺北市,大安區,臺北市大安區忠孝東路4段303號,-,114/4/15,GHP,合格,,,
36141,瑞寶商店(信義市場6號攤),臺北市,大安區,臺北市大安區信義路3段107號,-,114/4/23,GHP,合格,,,
36143,福華大飯店股份有限公司,臺北市,大安區,臺北市大安區仁愛路3段160號,-,114/4/15,GHP,合格,,,
36145,李日勝有限公司,臺北市,大同區,臺北市大同區迪化街1段203號,-,114/4/30,GHP,合格,,,
36147,金玉蔥蒜行,臺北市,大同區,臺北市大同區迪化街1段222號,-,114/4/28,GHP,合格,,,
36149,桐寶飲食店(阿桐阿寶四神湯),臺北市,大同區,臺北市大同區民生西路153號,-,114/5/6,GHP,合格,,,
36151,全聯實業股份有限公司中山雙連分公司,臺北市,中山區,臺北市中山區錦西街8號1樓,-,114/4/16,GHP,合格,,,
36153,郭彥良號(常興南北貨專門店),臺北市,中正區,臺北市中正區羅斯福路1段8號B1樓(南門市場攤24號),-,114/4/25,GHP,合格,,,
36155,合興糕糰店,臺北市,中正區,臺北市中正區羅斯福路1段8號1樓(南門市場攤43號),-,114/4/16,GHP,合格,,,
36156,鍾秉叡號,臺北市,中正區,臺北市中正區羅斯福路一段8號B1-31.32,湖州豆沙粽,114/4/15,標示,合格,,,
36157,蔡宜縉號(大連食品),臺北市,中正區,臺北市中正區羅斯福路1段8號1樓(南門市場37號攤),-,114/4/25,GHP,合格,,,
36158,鍾秉叡號,臺北市,中正區,臺北市中正區羅斯福路一段8號B1-31.32,湖州鮮肉粽,114/4/15,標示,合格,,,
36159,棉花田生機園地股份有限公司福州門市,臺北市,中正區,臺北市中正區福州街11-7號,-,114/4/28,GHP,合格,,,
36160,鍾秉叡號,臺北市,中正區,臺北市中正區羅斯福路一段8號B1-31.32,鮮肉蛋黃粽,114/4/15,標示,合格,,,
36161,萊爾富國際股份有限公司,臺北市,內湖區,臺北市內湖區瑞光路502號3樓,-,114/4/21,GHP,合格,,,
36162,南園食品店,臺北市,中正區,臺北市中正區羅斯福路1段8號(76.77號攤B1),湖州鮮肉蛋黃粽,114/4/15,標示,合格,,,
36164,南園食品店,臺北市,中正區,臺北市中正區羅斯福路1段8號(76.77號攤B1),湖州鮮肉粽,114/4/15,標示,合格,,,
36166,南園食品店,臺北市,中正區,臺北市中正區羅斯福路1段8號(76.77號攤B1),湖州豆沙粽,114/4/15,標示,合格,,,
36168,珍品九如麵食館,臺北市,信義區,臺北市信義區忠孝東路5段141號1樓,湖州豆沙粽,114/4/15,標示,合格,,,
36170,珍品九如麵食館,臺北市,信義區,臺北市信義區忠孝東路5段141號1樓,湖州鮮肉粽,114/4/15,標示,合格,,,
36172,雙福肉粽行,臺北市,大同區,臺北市大同區延平北路4段34號,冷凍栗子仁G.B,114/4/16,標示,合格,,,
36174,雙福肉粽行,臺北市,大同區,臺北市大同區延平北路4段34號,鹹蛋黃,114/4/16,標示,合格,,,
36176,雙福肉粽行,臺北市,大同區,臺北市大同區延平北路4段34號,肉粽,114/4/16,標示,合格,,,
36178,佳興粿行,臺北市,大同區,臺北市大同區迪化街2段215之11號,南粽,114/4/16,標示,合格,,,
36180,佳興粿行,臺北市,大同區,臺北市大同區迪化街2段215之11號,AA蝦仁,114/4/16,標示,合格,,,
36182,佳興粿行,臺北市,大同區,臺北市大同區迪化街2段215之11號,鹹蛋黃,114/4/16,標示,合格,,,
36508,鍾秉叡號,臺北市,中正區,臺北市中正區羅斯福路一段8號B1-31.32,湖州豆沙粽,114/4/15,食品微生物,合格,,,
36510,鍾秉叡號,臺北市,中正區,臺北市中正區羅斯福路一段8號B1-31.32,湖州鮮肉粽,114/4/15,食品微生物,合格,,,
36512,鍾秉叡號,臺北市,中正區,臺北市中正區羅斯福路一段8號B1-31.32,鹹蛋黃,114/4/15,蘇丹色素,合格,,,
36514,南園食品店,臺北市,中正區,臺北市中正區羅斯福路1段8號(76.77號攤B1),湖州鮮肉蛋黃粽,114/4/15,食品微生物,合格,,,
36516,南園食品店,臺北市,中正區,臺北市中正區羅斯福路1段8號(76.77號攤B1),鹹蛋黃,114/4/15,蘇丹色素,合格,,,
36518,南園食品店,臺北市,中正區,臺北市中正區羅斯福路1段8號(76.77號攤B1),豬肉,114/4/15,乙型受體素,合格,,,
36520,珍品九如麵食館,臺北市,信義區,臺北市信義區忠孝東路5段141號1樓,湖州豆沙粽,114/4/15,食品微生物,合格,,,
36522,珍品九如麵食館,臺北市,信義區,臺北市信義區忠孝東路5段141號1樓,湖州鮮肉粽,114/4/15,食品微生物,合格,,,
36524,珍品九如麵食館,臺北市,信義區,臺北市信義區忠孝東路5段141號1樓,五花肉,114/4/16,乙型受體素,合格,,,
36526,雙福肉粽行,臺北市,大同區,臺北市大同區延平北路4段34號,冷凍栗子仁G.B,114/4/16,漂白劑、殺菌劑,合格,,,
36528,雙福肉粽行,臺北市,大同區,臺北市大同區延平北路4段34號,鹹蛋黃,114/4/16,蘇丹色素,合格,,,
36530,雙福肉粽行,臺北市,大同區,臺北市大同區延平北路4段34號,肉粽,114/4/16,食品微生物,合格,,,
36532,佳興粿行,臺北市,大同區,臺北市大同區迪化街2段215之11號,南粽,114/4/16,食品微生物,合格,,,
36534,佳興粿行,臺北市,大同區,臺北市大同區迪化街2段215之11號,AA蝦仁,114/4/16,漂白劑、殺菌劑,合格,,,
36536,佳興粿行,臺北市,大同區,臺北市大同區迪化街2段215之11號,鹹蛋黃,114/4/16,蘇丹色素,合格,,,
36659,勝光行,臺北市,大同區,臺北市大同區歸綏街238號1樓,桑椹乾,114/4/15,標示,合格,,,
36661,勝光行,臺北市,大同區,臺北市大同區歸綏街238號1樓,特級仙楂,114/4/15,標示,合格,,,
36663,勝光行,臺北市,大同區,臺北市大同區歸綏街238號1樓,楓糖腰果,114/4/15,標示,合格,,,
36665,家見行,臺北市,大同區,臺北市大同區歸綏街234號1樓,米豆醬,114/4/15,標示,合格,,,
36667,家見行,臺北市,大同區,臺北市大同區歸綏街234號1樓,家見辣椒醬,114/4/15,標示,合格,,,
36669,家見行,臺北市,大同區,臺北市大同區歸綏街234號1樓,辣豆瓣醬,114/4/15,標示,合格,,,
36671,鼎鼎大飯店股份有限公司,臺北市,大安區,臺北市大安區敦化南路2段201號、203號1至5樓,霸王級乾隆一品粽,114/4/15,標示,合格,,,
36673,鼎鼎大飯店股份有限公司,臺北市,大安區,臺北市大安區敦化南路2段201號、203號1至5樓,香宮經典烤鴨粽,114/4/15,標示,合格,,,
36675,鼎鼎大飯店股份有限公司,臺北市,大安區,臺北市大安區敦化南路2段201號、203號1至5樓,紫米奶黃流沙粽,114/4/15,標示,合格,,,
36677,萬財商行,臺北市,信義區,臺北市信義區莊敬路289巷3弄6號,梅花豬,114/4/15,標示,合格,,,
36679,萬財商行,臺北市,信義區,臺北市信義區莊敬路289巷3弄6號,牛雪花PRINE肉片,114/4/15,標示,合格,,,
36681,新東陽股份有限公司忠孝東路分公司,臺北市,大安區,臺北市大安區忠孝東路4段303號,北部肉粽,114/4/15,標示,合格,,,
36683,新東陽股份有限公司忠孝東路分公司,臺北市,大安區,臺北市大安區忠孝東路4段303號,紫米八寶甜粽,114/4/15,標示,合格,,,
36685,新東陽股份有限公司忠孝東路分公司,臺北市,大安區,臺北市大安區忠孝東路4段303號,松露和牛粽,114/4/15,標示,合格,,,
36687,瑞寶商店(信義市場6號攤),臺北市,大安區,臺北市大安區信義路3段107號,甘醇油膏(調和),114/4/15,標示,合格,,,
36689,瑞寶商店(信義市場6號攤),臺北市,大安區,臺北市大安區信義路3段107號,花蓮黑秈米,114/4/15,標示,合格,,,
36691,瑞寶商店(信義市場6號攤),臺北市,大安區,臺北市大安區信義路3段107號,香菇素蠔油,114/4/15,標示,合格,,,
36693,福華大飯店股份有限公司,臺北市,大安區,臺北市大安區仁愛路3段160號,碎菜脯(信發),114/4/15,標示,合格,,,
36695,福華大飯店股份有限公司,臺北市,大安區,臺北市大安區仁愛路3段160號,湖洲鮮肉粽,114/4/15,標示,合格,,,
36697,福華大飯店股份有限公司,臺北市,大安區,臺北市大安區仁愛路3段160號,艾草菜脯鹹粿粽,114/4/15,標示,合格,,,
36699,李日勝有限公司,臺北市,大同區,臺北市大同區迪化街1段203號,台灣劍蝦(大),114/4/16,標示,合格,,,
36701,李日勝有限公司,臺北市,大同區,臺北市大同區迪化街1段203號,埔里香菇,114/4/16,標示,合格,,,
36703,李日勝有限公司,臺北市,大同區,臺北市大同區迪化街1段203號,丸頭魚皮,114/4/16,標示,合格,,,
36705,金玉蔥蒜行,臺北市,大同區,臺北市大同區迪化街1段222號,[嚴選]台灣埔里冬小中香菇,114/4/16,標示,合格,,,
36707,金玉蔥蒜行,臺北市,大同區,臺北市大同區迪化街1段222號,[嚴選]小饅頭蛋酥,114/4/16,標示,合格,,,
36709,金玉蔥蒜行,臺北市,大同區,臺北市大同區迪化街1段222號,啓發陳皮梅李,114/4/16,標示,合格,,,
36711,桐寶飲食店(阿桐阿寶四神湯),臺北市,大同區,臺北市大同區民生西路153號,肉粽,114/4/16,標示,合格,,,
36713,全聯實業股份有限公司中山雙連分公司,臺北市,中山區,臺北市中山區錦西街8號1樓,豬瘦絞肉(粗),114/4/16,標示,合格,,,
36715,全聯實業股份有限公司中山雙連分公司,臺北市,中山區,臺北市中山區錦西街8號1樓,冷藏澳洲穀飼嫩肩牛排,114/4/16,標示,合格,,,
36717,全聯實業股份有限公司中山雙連分公司,臺北市,中山區,臺北市中山區錦西街8號1樓,豬五花火鍋/薄切肉片,114/4/16,標示,合格,,,
36719,郭彥良號(常興南北貨專門店),臺北市,中正區,臺北市中正區羅斯福路1段8號B1樓(南門市場攤24號),桂林辣椒醬,114/4/25,標示,合格,,,
36721,郭彥良號(常興南北貨專門店),臺北市,中正區,臺北市中正區羅斯福路1段8號B1樓(南門市場攤24號),油咖哩,114/4/25,標示,合格,,,
36723,郭彥良號(常興南北貨專門店),臺北市,中正區,臺北市中正區羅斯福路1段8號B1樓(南門市場攤24號),杜侯醬,114/4/25,標示,合格,,,
36725,合興糕糰店,臺北市,中正區,臺北市中正區羅斯福路1段8號1樓(南門市場攤43號),草仔粿,114/4/16,標示,合格,,,
36727,合興糕糰店,臺北市,中正區,臺北市中正區羅斯福路1段8號1樓(南門市場攤43號),紅豆糖年糕,114/4/16,標示,合格,,,
36729,合興糕糰店,臺北市,中正區,臺北市中正區羅斯福路1段8號1樓(南門市場攤43號),台灣糖年糕,114/4/16,標示,合格,,,
36731,蔡宜縉號(大連食品),臺北市,中正區,臺北市中正區羅斯福路1段8號1樓(南門市場37號攤),四川五香油辣子(微辣),114/4/25,標示,合格,,,
36733,蔡宜縉號(大連食品),臺北市,中正區,臺北市中正區羅斯福路1段8號1樓(南門市場37號攤),臭乳腐,114/4/25,標示,合格,,,
36735,蔡宜縉號(大連食品),臺北市,中正區,臺北市中正區羅斯福路1段8號1樓(南門市場37號攤),蔴油乳腐,114/4/25,標示,合格,,,
36737,棉花田生機園地股份有限公司福州門市,臺北市,中正區,臺北市中正區福州街11-7號,豬市吉五花火鍋肉片,114/4/21,標示,合格,,,
36739,棉花田生機園地股份有限公司福州門市,臺北市,中正區,臺北市中正區福州街11-7號,Odiva肉絲,114/4/21,標示,合格,,,
36741,棉花田生機園地股份有限公司福州門市,臺北市,中正區,臺北市中正區福州街11-7號,低脂肉絲,114/4/21,標示,合格,,,
36743,萊爾富國際股份有限公司,臺北市,內湖區,臺北市內湖區瑞光路502號3樓,紐澳良烤雞三明治,114/4/21,標示,合格,,,
36745,萊爾富國際股份有限公司,臺北市,內湖區,臺北市內湖區瑞光路502號3樓,夾心三角飯糰-龍蝦沙拉,114/4/21,標示,合格,,,
36747,萊爾富國際股份有限公司,臺北市,內湖區,臺北市內湖區瑞光路502號3樓,唐楊咖哩歐姆蛋包飯,114/4/21,標示,合格,,,
37583,勝光行,臺北市,大同區,臺北市大同區歸綏街238號1樓,蝦皮,114/4/15,漂白劑、殺菌劑,合格,,,
37584,家見行,臺北市,大同區,臺北市大同區歸綏街234號1樓,B.B.美美辣醬,114/4/15,漂白劑、防腐劑,合格,,,
37585,鼎鼎大飯店股份有限公司,臺北市,大安區,臺北市大安區敦化南路2段201號、203號1至5樓,蝦米,114/4/15,漂白劑、殺菌劑,合格,,,
37586,鼎鼎大飯店股份有限公司,臺北市,大安區,臺北市大安區敦化南路2段201號、203號1至5樓,白胡椒粉,114/4/15,環氧乙烷,合格,,,
37587,萬財商行,臺北市,信義區,臺北市信義區莊敬路289巷3弄6號,梅花豬,114/4/15,乙型受體素類,合格,,,
37588,萬財商行,臺北市,信義區,臺北市信義區莊敬路289巷3弄6號,牛雪花PRINE肉片,114/4/15,乙型受體素類,合格,,,
37589,新東陽股份有限公司忠孝東路分公司,臺北市,大安區,臺北市大安區忠孝東路4段303號,北部肉粽,114/4/15,防腐劑,合格,,,
37590,新東陽股份有限公司忠孝東路分公司,臺北市,大安區,臺北市大安區忠孝東路4段303號,紫米八寶甜粽,114/4/15,防腐劑,合格,,,
37591,瑞寶商店(信義市場6號攤),臺北市,大安區,臺北市大安區信義路3段107號,甘醇油膏(調和),114/4/15,防腐劑、漂白劑,合格,,,
37592,瑞寶商店(信義市場6號攤),臺北市,大安區,臺北市大安區信義路3段107號,蝦米,114/4/15,漂白劑、殺菌劑,合格,,,
37593,瑞寶商店(信義市場6號攤),臺北市,大安區,臺北市大安區信義路3段107號,香菇,114/4/15,漂白劑,合格,,,
37594,福華大飯店股份有限公司,臺北市,大安區,臺北市大安區仁愛路3段160號,碎菜脯(信發),114/4/15,防腐劑、漂白劑,合格,,,
37595,福華大飯店股份有限公司,臺北市,大安區,臺北市大安區仁愛路3段160號,五花肉-外銷豬,114/4/15,乙型受體素類,合格,,,
37596,李日勝有限公司,臺北市,大同區,臺北市大同區迪化街1段203號,台灣劍蝦(大),114/4/16,漂白劑、殺菌劑,合格,,,
37597,金玉蔥蒜行,臺北市,大同區,臺北市大同區迪化街1段222號,[嚴選]台灣埔里冬小中香菇,114/4/16,漂白劑,合格,,,
37598,桐寶飲食店(阿桐阿寶四神湯),臺北市,大同區,臺北市大同區民生西路153號,肉粽,114/4/16,防腐劑,合格,,,
37599,全聯實業股份有限公司中山雙連分公司,臺北市,中山區,臺北市中山區錦西街8號1樓,豬瘦絞肉(粗),114/4/16,乙型受體素類,合格,,,
37600,全聯實業股份有限公司中山雙連分公司,臺北市,中山區,臺北市中山區錦西街8號1樓,冷藏澳洲安格斯無骨牛小排,114/4/16,乙型受體素類,合格,,,
37601,郭彥良號(常興南北貨專門店),臺北市,中正區,臺北市中正區羅斯福路1段8號B1樓(南門市場攤24號),魷魚干,114/4/25,防腐劑、漂白劑,合格,,,
37602,合興糕糰店,臺北市,中正區,臺北市中正區羅斯福路1段8號1樓(南門市場攤43號),鹼粽,114/4/16,防腐劑,合格,,,
37603,合興糕糰店,臺北市,中正區,臺北市中正區羅斯福路1段8號1樓(南門市場攤43號),鮮肉粽,114/4/16,防腐劑,合格,,,
37604,蔡宜縉號(大連食品),臺北市,中正區,臺北市中正區羅斯福路1段8號1樓(南門市場37號攤),蝦干-金鉤蝦,114/4/25,漂白劑、殺菌劑,合格,,,
37605,蔡宜縉號(大連食品),臺北市,中正區,臺北市中正區羅斯福路1段8號1樓(南門市場37號攤),蝦干-大劍蝦,114/4/25,漂白劑、殺菌劑,合格,,,
37606,棉花田生機園地股份有限公司福州門市,臺北市,中正區,臺北市中正區福州街11-7號,豬市吉五花火鍋肉片,114/4/21,乙型受體素類,合格,,,
37607,棉花田生機園地股份有限公司福州門市,臺北市,中正區,臺北市中正區福州街11-7號,低脂肉絲,114/4/21,乙型受體素類,合格,,,
37608,蘭州市場(43號攤),臺北市,大同區,臺北市大同區昌吉街55號,胛心肉,114/4/15,乙型受體素類,合格,,,
37609,威爾森甜品舖(二水三京),臺北市,大同區,臺北市大同區酒泉街66號1樓,鹼粽,114/4/15,防腐劑,合格,,,
37610,吉興雜貨店,臺北市,信義區,臺北市信義區吳興街148號,蝦米,114/4/15,漂白劑、殺菌劑,合格,,,
37611,吉興雜貨店,臺北市,信義區,臺北市信義區吳興街148號,乾魷魚,114/4/15,防腐劑、漂白劑,合格,,,
37612,全聯實業股份有限公司文山萬美分公司,臺北市,文山區,臺北市文山區萬美街1段55號,美國冷藏牛腱,114/4/16,乙型受體素類,合格,,,
37613,全聯實業股份有限公司文山萬美分公司,臺北市,文山區,臺北市文山區萬美街1段55號,金蘭甜辣醬,114/4/16,防腐劑、漂白劑,合格,,,
37614,全聯實業股份有限公司士林蘭雅分公司,臺北市,士林區,臺北市士林區德行東路109巷104號,豬梅花火鍋/薄切肉片,114/4/16,乙型受體素類,合格,,,
38154,鍾秉叡號,臺北市,中正區,臺北市中正區羅斯福路一段8號B1-31.32,–,114/4/15,GHP,合格,,,
38155,南園食品店,臺北市,中正區,臺北市中正區羅斯福路1段8號(76.77號攤B1),–,114/4/15,GHP,合格,,,
38156,珍品九如麵食館,臺北市,信義區,臺北市信義區忠孝東路5段141號1樓,–,114/5/2,GHP,合格,,,
38157,雙福肉粽行,臺北市,大同區,臺北市大同區延平北路4段34號,–,114/5/2,GHP,合格,,,
38158,佳興粿行,臺北市,大同區,臺北市大同區迪化街2段215之11號,–,114/4/16,GHP,合格,,,
38230,大潤發流通事業股份有限公司南湖分公司,臺北市,內湖區,臺北市內湖區舊宗路一段188號,甜豆莢(豌豆),114/1/8,農藥殘留,合格,,,
38269,中崙市場-無市招菜攤(陳○宏),臺北市,松山區,臺北市松山區,芥菜(包心芥菜),114/1/3,農藥殘留,合格,,,
38270,旺旺水果行(龍江水果行),臺北市,中山區,臺北市中山區龍江路189號,鳳梨釋迦,114/1/2,農藥殘留,合格,,,
38271,中崙市場-無市招菜攤(陳○宏),臺北市,松山區,臺北市松山區,花椰菜,114/1/3,農藥殘留,合格,,,
38273,大潤發流通事業股份有限公司南湖分公司,臺北市,內湖區,臺北市內湖區舊宗路一段188號,青花菜,114/1/8,農藥殘留,合格,,,
38275,全聯實業股份有限公司信義林口分公司,臺北市,信義區,臺北市信義區大道里林口街176號地下一層,大芥菜(包心芥菜),114/1/7,農藥殘留,合格,,,
38277,阿海果菜行,臺北市,中山區,臺北市中山區龍江路356巷55號,大芥菜,114/1/2,農藥殘留,合格,,,
38279,興蓬萊有限公司大葉高島屋店(興蓬萊),臺北市,士林區,臺北市士林區忠誠路二段55號12樓,刈菜心(包心芥菜),114/1/3,農藥殘留,合格,,,
38281,全聯實業股份有限公司天母天玉分公司,臺北市,士林區,臺北市士林區天玉里天母西路3號地下,結球白菜,114/1/3,農藥殘留,合格,,,
38283,黃○汝,臺北市,中山區,臺北市中山區,花椰菜,114/1/2,農藥殘留,合格,,,
38290,阿一蔬果有限公司(阿一蔬果),臺北市,南港區,臺北市南港區忠孝東路六段85號1樓,草莓,114/1/8,農藥殘留,合格,,,
38294,旺旺水果行(龍江水果行),臺北市,中山區,臺北市中山區龍江路189號,草莓,114/1/2,農藥殘留,合格,,,
38296,一級鮮果商行,臺北市,大安區,臺北市大安區仁愛路四段408號,草莓,114/1/7,農藥殘留,合格,,,
38320,梅林水果行,臺北市,中正區,臺北市中正區開封街一段81.83號1樓,草莓,114/1/8,農藥殘留,合格,,,
38386,阿一蔬果有限公司(阿一蔬果),臺北市,南港區,臺北市南港區忠孝東路六段85號1樓,頂級雪麗棗,114/1/8,農藥殘留,合格,,,
38388,棉花田生機園地股份有限公司信義門市(棉花田),臺北市,中正區,臺北市中正區金山南路一段139-1號1樓及2樓,有機富士蘋果,114/1/16,農藥殘留,合格,,,
38390,一級鮮果商行,臺北市,大安區,臺北市大安區仁愛路四段408號,棗子(印度棗),114/1/7,農藥殘留,合格,,,
38406,棉花田生機園地股份有限公司信義門市(棉花田),臺北市,中正區,臺北市中正區金山南路一段139-1號1樓及2樓,有機愛妃Enry蘋果,114/1/16,農藥殘留,合格,,,
38417,中崙市場-天香蔬菜(24號攤),臺北市,松山區,臺北市松山區八德路三段76號,芥蘭花(格藍芽),114/1/3,農藥殘留,合格,,,
38419,微風超市股份有限公司(BreezeSuper),臺北市,松山區,臺北市松山區南京東路三段337號2樓,有機小白菜,114/1/3,農藥殘留,合格,,,
38421,全聯實業股份有限公司信義林口分公司,臺北市,信義區,臺北市信義區大道里林口街176號地下一層,茼蒿,114/1/7,農藥殘留,合格,,,
38423,余○鋒,臺北市,中山區,臺北市中山區,茼蒿,114/1/2,農藥殘留,合格,,,
38425,士東市場10號攤-小林蔬菜,臺北市,士林區,臺北市士林區士東路100號,小白菜,114/1/3,農藥殘留,合格,,,
38427,士東市場10號攤-小林蔬菜,臺北市,士林區,臺北市士林區士東路100號,小芥蘭(芥藍),114/1/3,農藥殘留,合格,,,
38429,青鄰蔬果行(青鄰蔬果),臺北市,士林區,臺北市士林區忠義街24號1樓,茼蒿,114/1/6,農藥殘留,合格,,,
38431,臺北士東水果行(亞洲水果大賣場),臺北市,士林區,臺北市士林區德行東路109巷15號,菠菜,114/1/3,農藥殘留,合格,,,
38433,全聯實業股份有限公司天母天玉分公司,臺北市,士林區,臺北市士林區天玉里天母西路3號地下,青江白菜(青江菜),114/1/3,農藥殘留,合格,,,
38435,侯○隆/榮濱商圈-蔬菜水菓店(13區店010),臺北市,中山區,臺北市中山區,芥蘭菜(芥藍菜),114/1/2,農藥殘留,合格,,,
38437,龍來餐飲有限公司(儂來美食),臺北市,中山區,臺北市中山區民生東路二段147巷11弄2-1號,菠菜,114/1/2,農藥殘留,合格,,,
38438,阿一蔬果有限公司(阿一蔬果),臺北市,南港區,臺北市南港區忠孝東路六段85號1樓,金桔,114/1/8,農藥殘留,合格,,,
38440,御之果有限公司,臺北市,信義區,臺北市信義區松信路117號,金桔,114/1/7,農藥殘留,合格,,,
38442,旺旺水果行(龍江水果行),臺北市,中山區,臺北市中山區龍江路189號,金桔,114/1/2,農藥殘留,合格,,,
38452,第一果菜市場-大臺北水果行(藍○智),臺北市,萬華區,臺北市萬華區,蜜柑,114/1/8,農藥殘留,合格,,,
38472,富邦媒體科技股份有限公司(網購平台),臺北市,內湖區,臺北市內湖區洲子街96號4樓,金桔,114/2/6,農藥殘留,合格,,,
38478,歐簿客科技股份有限公司,新北市,板橋區,新北市板橋區臺北市北投區文承路26、28號8樓、26、28號9樓,有機金柑(金棗),114/2/7,農藥殘留,合格,,,
38506,富邦媒體科技股份有限公司(網購平台),臺北市,內湖區,臺北市內湖區洲子街96號4樓,食品級玫瑰花,114/2/3,農藥殘留,合格,,,
38508,富邦媒體科技股份有限公司(網購平台),臺北市,內湖區,臺北市內湖區洲子街96號4樓,玫瑰,114/2/5,農藥殘留,合格,,,
38512,華夏全方位國際有限公司,臺北市,松山區,臺北市松山區南京東路四段197號8樓之2,玫瑰花茶,114/2/7,農藥殘留,合格,,,
38514,諾軒純禾烘焙材料商行,臺北市,松山區,臺北市松山區光復北路120巷28號一樓,天然粉玫瑰花朵,114/2/7,農藥殘留,合格,,,
38533,第一果菜批發市場地號1610,臺北市,萬華區,臺北市萬華區萬大路533號,青江菜,114/1/8,農藥殘留,合格,,,
38534,第一果菜批發市場地號1231,臺北市,萬華區,臺北市萬華區萬大路533號,茼蒿,114/1/8,農藥殘留,合格,,,
38535,第一果菜批發市場地號1229,臺北市,萬華區,臺北市萬華區萬大路533號,菠菜,114/1/8,農藥殘留,合格,,,
38622,錢儷小吃店(錢都日式涮涮鍋),臺北市,士林區,臺北市士林區福國路71號之1,白蘿蔔,114/1/6,農藥殘留,合格,,,
38666,大潤發流通事業股份有限公司南湖分公司,臺北市,內湖區,臺北市內湖區舊宗路1段88號,卡薩特選老饕咖啡豆,114/3/4,真菌毒素,合格,,,—
38667,大潤發流通事業股份有限公司南湖分公司,臺北市,內湖區,臺北市內湖區舊宗路1段88號,費拉拉咖啡-經典曼巴,114/3/4,真菌毒素,合格,,,—
38668,家樂福股份有限公司,臺北市,內湖區,臺北市內湖區民善街88號,家樂福有機三色藜麥,114/3/4,真菌毒素,合格,,,—
38669,家樂福股份有限公司,臺北市,內湖區,臺北市內湖區民善街88號,【Jauz】奇瓦紅藜麥,114/3/4,真菌毒素,合格,,,—
38670,統一生活事業股份有限公司臺北市第一九一分公司,臺北市,士林區,臺北市士林區天母東路19號、21號,信東紅麴膠囊,114/3/4,真菌毒素,合格,,,—
38671,臺灣屈臣氏個人用品商店股份有限公司天東分公司,臺北市,士林區,臺北市士林區天母東路32號,台糖紅麴膠囊,114/3/4,真菌毒素,合格,,,—
38672,新光三越百貨股份有限公司臺北天母分公司,臺北市,士林區,臺北市士林區天母東路68號B1,義大利帝舍嬰兒牛奶餅,114/3/4,真菌毒素,合格,,,嬰幼兒食品
38673,新光三越百貨股份有限公司臺北天母分公司,臺北市,士林區,臺北市士林區天母東路68號B1,日清油菜籽油,114/3/4,真菌毒素,合格,,,—
38674,新光三越百貨股份有限公司臺北天母分公司,臺北市,士林區,臺北市士林區天母東路68號B1,百益頂級高油酸葵花油,114/3/4,真菌毒素,合格,,,—
38675,咖樂迪咖啡農場,臺北市,南港區,臺北市南港區忠孝東路7段369號C棟2樓,KREIS即溶咖啡(EXPRESS),114/3/4,真菌毒素,合格,,,—
38676,三商行股份有限公司信義永吉分公司(美聯社),臺北市,信義區,臺北市信義區永吉路180巷66弄24號,SimpleLife黃金辣條子,114/3/5,真菌毒素,合格,,,—
38677,全聯信義松興店,臺北市,信義區,臺北市信義區松隆路36號1、2樓,DanDPak腰果原味600g,114/3/5,真菌毒素,合格,,,—
38678,全聯信義松興店,臺北市,信義區,臺北市信義區松隆路36號1、2樓,Skippy吉比顆粒花生醬,114/3/5,真菌毒素,合格,,,—
38679,全聯信義松興店,臺北市,信義區,臺北市信義區松隆路36號1、2樓,梨山牌顆粒花生醬,114/3/5,真菌毒素,合格,,,—
38680,統康生活事業股份有限公司松德分公司(家樂福超市臺北松德店),臺北市,信義區,臺北市信義區松德路99號B1,美國PBC無添加糖柔滑花生醬,114/3/5,真菌毒素,合格,,,—
38681,統康生活事業股份有限公司松德分公司(家樂福超市臺北松德店),臺北市,信義區,臺北市信義區松德路99號B1,黑胡椒豆乾,114/3/5,真菌毒素,合格,,,—
38682,世益雜糧商行,臺北市,中山區,臺北市中山區龍江路356巷81號1樓,辣椒乾,114/3/5,真菌毒素,合格,,,—
38683,世益雜糧商行,臺北市,中山區,臺北市中山區龍江路356巷81號1樓,土豆麩,114/3/5,真菌毒素,合格,,,—
38684,豐泰食品行,臺北市,中山區,臺北市中山區龍江路356巷62號,熟花生粉,114/3/5,真菌毒素,合格,,,—
38685,家福股份有限公司台北桂林分公司(家樂福),臺北市,萬華區,臺北市萬華區桂林路1號,家樂福刀削麵,114/3/5,真菌毒素,合格,,,—
38686,家福股份有限公司台北重慶分公司,臺北市,大同區,臺北市大同區重慶北路2段171號,極品辣椒乾,114/3/5,真菌毒素,合格,,,—
38687,家福股份有限公司台北重慶分公司,臺北市,大同區,臺北市大同區重慶北路2段171號,家樂福無花果乾,114/3/5,真菌毒素,合格,,,—
38688,家福股份有限公司台北桂林分公司(家樂福),臺北市,萬華區,臺北市萬華區桂林路1號,維力媽媽拉麵(六入裝),114/3/5,真菌毒素,合格,,,—
38689,鎂克企業有限公司(唐舖子),臺北市,萬華區,臺北市萬華區武昌街2段65-1號,布田花生糖,114/3/5,真菌毒素,合格,,,—
38690,鎂克企業有限公司(唐舖子),臺北市,萬華區,臺北市萬華區武昌街2段65-1號,一口酥花生貢糖,114/3/5,真菌毒素,合格,,,—
38691,永恆製麵店(菜漆麵匠),臺北市,萬華區,臺北市萬華區三水街71之1號,小麥乾麵,114/3/5,真菌毒素,合格,,,—
38692,潤泰創新國際股份有限公司中崙分公司,臺北市,中山區,臺北市中山區八德路2段306號,無花果乾,114/3/5,真菌毒素,合格,,,—
38843,里仁事業股份有限公司,臺北市,士林區,臺北市士林區文林路422號,小麥胚芽,114/3/6,重金屬,合格,,,
38857,家福股份有限公司,臺北市,內湖區,臺北市內湖區民善街88號,有機地瓜550g,114/3/3,重金屬,合格,,,
38858,家福股份有限公司,臺北市,內湖區,臺北市內湖區民善街88號,蘿蔔-履歷白蘿蔔,114/3/3,重金屬,合格,,,
38859,Citysuper天母店,臺北市,士林區,臺北市士林區中山北路六段77號B1樓,冷凍蔓越莓,114/3/10,重金屬,合格,,,
38860,Citysuper天母店,臺北市,士林區,臺北市士林區中山北路六段77號B1樓,台灣大湖草莓,114/3/10,重金屬,合格,,,
38893,誠邦食品有限公司,臺北市,士林區,臺北市士林區文林路434號,生食旗魚生魚片-紅肉旗魚3KG,114/3/3,重金屬,合格,,,
38894,安安海鮮店,臺北市,中山區,臺北市中山區建國北路3段113巷25號1樓,鮪魚(油串-赤身),114/3/4,重金屬,合格,,,
38925,統一生活事業股份有限公司,臺北市,士林區,臺北市士林區天母東路19號、21號,台糖精選魚油膠囊,114/3/4,重金屬,合格,,,
38938,裕昌牛羊肉,臺北市,萬華區,臺北市萬華區富民路81號,牛肚,114/3/7,重金屬,合格,,,
38939,廣和商行,臺北市,萬華區,臺北市萬華區富民路117號1樓,皮旦,114/3/7,重金屬,合格,,,
38941,台灣卡多摩嬰童館股份有限公司,臺北市,大安區,臺北市大安區大安路二段104號,新安琪兒安哺GOLD嬰兒配方,114/3/6,重金屬,合格,,,嬰幼兒食品
38942,南昌春天藥局,臺北市,中正區,臺北市中正區南昌路1段157號1樓,心美力黃豆蛋白嬰兒配方(無乳糖配方),114/3/7,重金屬,合格,,,嬰幼兒食品
38963,四行倉庫商行(四行倉庫),臺北市,士林區,臺北市士林區士東路100號,花生粉,114/2/11,真菌毒素,合格,,,
38964,楊豆工坊,臺北市,士林區,臺北市士林區士東路100號士東市場55號攤,干絲,114/2/11,防腐劑、殺菌劑、漂白劑,合格,,,
38965,全聯實業股份有限公司士林大南分公司,臺北市,士林區,臺北市士林區福港街104號1樓,有機綠豆芽,114/2/11,漂白劑,合格,,,
38966,無市招素食攤,臺北市,北投區,臺北市北投區西安街1段281巷14號前,三杯雞丁,114/2/11,動物性成分,合格,,,
38967,無市招素食攤,臺北市,北投區,臺北市北投區西安街1段281巷14號前,蜜汁燻蹄,114/2/11,動物性成分,合格,,,
38968,禾富食品行,臺北市,萬華區,臺北市萬華區三水街79號(103號攤),精緻大果凍(水果風味)-葡萄(風味)果凍,114/2/11,防腐劑、甜味劑、著色劑,合格,,,
38969,芳億行,臺北市,萬華區,臺北市萬華區富民路155巷1號,五香豆干,114/2/11,防腐劑、殺菌劑,合格,,,
38970,惠Q潤餅,臺北市,中正區,臺北市中正區臨沂街73-1號旁,傳統原味,114/2/11,食品微生物,合格,,,
38971,義美股份有限公司石牌門市,臺北市,北投區,臺北市北投區石牌路1段56之1號,義美紅片龜300g,114/2/11,邦克列酸、防腐劑、殺菌劑,合格,,,
38972,裕民素料店,臺北市,萬華區,臺北市萬華區富民路155巷13號1樓,素鮭魚生魚片,114/2/11,動物性成分,合格,,,
38973,裕民素料店,臺北市,萬華區,臺北市萬華區富民路155巷13號1樓,潤餅皮,114/2/11,邦克列酸、防腐劑、殺菌劑、漂白劑,合格,,,
38974,裕民素料店,臺北市,萬華區,臺北市萬華區富民路155巷13號1樓,冷凍素肉牲禮,114/2/11,動物性成分,合格,,,
38975,豐盛潤餅,臺北市,士林區,臺北市士林區忠誠路2段40巷14弄11號之5號1樓,原味潤餅,114/2/11,食品微生物,合格,,,
39454,八方行,臺北市,中山區,臺北市中山區民族東路410巷23弄1號1樓,太空鴨肉,114/1/2,動物用藥殘留,合格,,,
39456,全聯福利中心萬華雙園店,臺北市,萬華區,臺北市萬華區興寧街2號1樓,雞胸肉去皮-冷藏肉,114/1/2,動物用藥殘留,合格,,,
39458,全聯福利中心萬華雙園店,臺北市,萬華區,臺北市萬華區興寧街2號1樓,土公雞骨腿切-冷藏肉,114/1/2,動物用藥殘留,合格,,,
39460,天和鮮物,臺北市,中正區,臺北市中正區北平東路30號1樓,【厚呷雞】-去骨雞腿(去踝)22,114/1/2,動物用藥殘留,合格,,,
39462,詠樂鵝肉店,臺北市,士林區,臺北市士林區延平北路5段300號,鵝肉,114/2/4,動物用藥殘留,合格,,,
39464,關渡鵝肉,臺北市,北投區,臺北市北投區知行路190號1樓,鵝肉,114/2/4,動物用藥殘留,合格,,,
39466,日新雞肉店,臺北市,士林區,臺北市士林區基河路101號,烏骨雞,114/2/4,動物用藥殘留,合格,,,
39468,日新雞肉店,臺北市,士林區,臺北市士林區基河路101號,土雞,114/2/4,動物用藥殘留,合格,,,
39470,日新雞肉店,臺北市,士林區,臺北市士林區基河路101號,雞胗,114/2/4,動物用藥殘留,合格,,,
39472,濱江雞肉雞媽媽,臺北市,中山區,臺北市中山區民族東路410巷17號,烏骨雞,114/2/4,動物用藥殘留,合格,,,
39474,濱江雞肉雞媽媽,臺北市,中山區,臺北市中山區民族東路410巷17號,紅羽土雞,114/2/4,動物用藥殘留,合格,,,
39476,阿明雞鴨店,臺北市,中山區,臺北市中山區民族東路410巷19號,烏骨雞,114/2/4,動物用藥殘留,合格,,,
39478,阿明雞鴨店,臺北市,中山區,臺北市中山區民族東路410巷19號,雞胗,114/2/4,動物用藥殘留,合格,,,
39480,石牌鵝肉小吃店,臺北市,北投區,臺北市北投區石牌路1段166巷111號,鵝,114/2/4,動物用藥殘留,合格,,,
39482,濱江台東古早雞,臺北市,中山區,臺北市中山區民族東路410巷16號,鵝,114/2/4,動物用藥殘留,合格,,,
39484,天鍋宴餐飲有限公司芝山門市,臺北市,士林區,臺北市士林區中山北路6段35巷27號,烏骨雞,114/2/4,動物用藥殘留,合格,,,
39486,肯德基台北雙連店,臺北市,中山區,臺北市中山區民生西路9號,小腿肉片,114/2/4,動物用藥殘留,合格,,,
39488,肯德基台北雙連店,臺北市,中山區,臺北市中山區民生西路9號,雞腿堡肉片,114/2/4,動物用藥殘留,合格,,,
39490,愛立鮮雞,臺北市,大安區,臺北市大安區樂業街黃昏市場,烏骨雞,114/2/4,動物用藥殘留,合格,,,
39492,信用好現宰土雞店,臺北市,松山區,臺北市松山區南京東路5段59巷27弄37號,烏骨雞,114/2/5,動物用藥殘留,合格,,,
39494,信用好現宰土雞店,臺北市,松山區,臺北市松山區南京東路5段59巷27弄37號,土雞肉,114/2/5,動物用藥殘留,合格,,,
39496,陳O鴻,臺北市,松山區,臺北市松山區,雞胗,114/2/5,動物用藥殘留,合格,,,
39498,純土雞.烏骨雞.閹雞,臺北市,南港區,臺北市南港區同德路100號,烏骨雞,114/2/5,動物用藥殘留,合格,,,
39500,府城鵝肉,臺北市,信義區,臺北市信義區吳興街271號,鵝肉,114/2/5,動物用藥殘留,合格,,,
39502,梁雞商行,臺北市,信義區,臺北市信義區吳興街163號,雞胗,114/2/5,動物用藥殘留,合格,,,
39504,梁雞商行,臺北市,信義區,臺北市信義區吳興街163號,玉米母雞,114/2/5,動物用藥殘留,合格,,,
39506,呈信食堂股份有限公司,臺北市,松山區,臺北市松山區南京東路4段133巷7弄4號,鵝肉,114/2/5,動物用藥殘留,合格,,,
39508,姚雞莊成功店,臺北市,大安區,臺北市大安區敦化南路2段120號,烏骨雞,114/2/5,動物用藥殘留,合格,,,
39510,健業生鮮肉品,臺北市,萬華區,臺北市萬華區環河南路2段245號,烏骨雞,114/2/5,動物用藥殘留,合格,,,
39512,南傑土雞專賣店,臺北市,萬華區,臺北市萬華區環河南路2段245號,烏骨雞,114/2/5,動物用藥殘留,合格,,,
39514,光揚家禽畜產,臺北市,中正區,臺北市中正區羅斯福路1段8號,雞胗,114/2/5,動物用藥殘留,合格,,,
39516,光揚家禽畜產,臺北市,中正區,臺北市中正區羅斯福路1段8號,雞腿,114/2/5,動物用藥殘留,合格,,,
39518,阿樂雞鴨商行,臺北市,萬華區,臺北市萬華區富民路97號1樓,鵝肉,114/2/5,動物用藥殘留,合格,,,
39559,八方行,臺北市,中山區,臺北市中山區民族東路410巷23弄1號1樓,太空鴨肉,114/1/2,農藥殘留,合格,,,
39561,全聯福利中心萬華雙園店,臺北市,萬華區,臺北市萬華區興寧街2號1樓,雞胸肉去皮-冷藏肉,114/1/2,農藥殘留,合格,,,
39563,全聯福利中心萬華雙園店,臺北市,萬華區,臺北市萬華區興寧街2號1樓,土公雞骨腿切-冷藏肉,114/1/2,農藥殘留,合格,,,
39565,天和鮮物股份有限公司華山分公司,臺北市,中正區,臺北市中正區北平東路30號1樓,【厚呷雞】-去骨雞腿(去踝)22,114/1/2,農藥殘留,合格,,,
39567,肯德基台北雙連店,臺北市,中山區,臺北市中山區民生西路9號,小腿肉片,114/2/4,農藥殘留,合格,,,
39569,肯德基台北雙連店,臺北市,中山區,臺北市中山區民生西路9號,雞腿堡肉片,114/2/4,農藥殘留,合格,,,
39798,鼎輯肉品店,臺北市,北投區,臺北市北投區致遠一路1段119號1樓,沙朗牛火鍋片,114/1/7,動物用藥殘留,合格,,,
39799,鼎輯肉品店,臺北市,北投區,臺北市北投區致遠一路1段119號1樓,梅花豬燒烤片,114/1/7,動物用藥殘留,合格,,,
39800,鼎輯肉品店,臺北市,北投區,臺北市北投區致遠一路1段119號1樓,炒羊肉片,114/1/7,動物用藥殘留,合格,,,
39801,順裕牛羊專賣店,臺北市,北投區,臺北市北投區磺港路33號,台灣牛腩,114/1/7,動物用藥殘留,合格,,,
39802,順裕牛羊專賣店,臺北市,北投區,臺北市北投區磺港路33號,台灣羊肉,114/1/7,動物用藥殘留,合格,,,
39803,麗觀號牛羊肉店,臺北市,北投區,臺北市北投區新市街30號2樓,CT黃瓜條,114/1/7,動物用藥殘留,合格,,,
39804,火鍋世家,臺北市,北投區,臺北市北投區中和街28號,伊比利松阪豬(西班牙),114/1/7,動物用藥殘留,合格,,,
39805,鍋董日式涮涮鍋,臺北市,北投區,臺北市北投區大業路741號,伊比利梅花豬肉,114/1/7,動物用藥殘留,合格,,,
39806,玫瑰廚房,臺北市,內湖區,臺北市內湖區潭美街291號1樓,美國冷凍牛炒肉片,114/1/8,動物用藥殘留,合格,,,
39807,玫瑰廚房,臺北市,內湖區,臺北市內湖區潭美街291號1樓,台灣豬五花肉片,114/1/8,動物用藥殘留,合格,,,
39808,玫瑰廚房,臺北市,內湖區,臺北市內湖區潭美街291號1樓,紐西蘭嫩肩小羊肉片,114/1/8,動物用藥殘留,合格,,,
39809,金春發牛肉店,臺北市,南港區,臺北市南港區忠孝東路6段372號,台灣牛肉,114/1/8,動物用藥殘留,合格,,,
39810,古府餐飲,臺北市,中山區,臺北市中山區復興北路292號,溫體牛,114/1/8,動物用藥殘留,合格,,,
39811,林家蔬菜羊肉爐,臺北市,中山區,臺北市中山區吉林路327號1樓,土羊肉,114/1/8,動物用藥殘留,合格,,,
39812,全聯實業股份有限公司大同圓環分公司,臺北市,大同區,臺北市大同區南京西路165號1樓,豬五花火鍋肉片,114/1/8,動物用藥殘留,合格,,,
39813,全聯實業股份有限公司大同圓環分公司,臺北市,大同區,臺北市大同區南京西路165號1樓,澳洲穀飼牛梅花火鍋肉片,114/1/8,動物用藥殘留,合格,,,
39814,全聯實業股份有限公司大同圓環分公司,臺北市,大同區,臺北市大同區南京西路165號1樓,火鍋羊肉片,114/1/8,動物用藥殘留,合格,,,
39815,家樂福重慶店,臺北市,大同區,臺北市大同區重慶北路2段171號地下1樓,豬梅花火鍋肉片(厚度2mm),114/1/8,動物用藥殘留,合格,,,
39816,家樂福重慶店,臺北市,大同區,臺北市大同區重慶北路2段171號地下1樓,美國冷凍牛雪花火鍋片,114/1/8,動物用藥殘留,合格,,,
39817,家樂福重慶店,臺北市,大同區,臺北市大同區重慶北路2段171號地下1樓,豬後腿火鍋肉片(厚度2mm),114/1/8,動物用藥殘留,合格,,,
39818,無市招羊肉攤,臺北市,內湖區,臺北市內湖區安康路325號,前腿羊肉,114/1/8,動物用藥殘留,合格,,,
39819,林家進口牛羊肉,臺北市,內湖區,臺北市內湖區五分街52號,丹麥梅花豬,114/1/8,動物用藥殘留,合格,,,
39820,貴族世家昆陽店,臺北市,南港區,臺北市南港區忠孝東路6段317號,澳洲穀飼肋眼牛排,114/1/8,動物用藥殘留,合格,,,
39821,吉品涮涮鍋,臺北市,內湖區,臺北市內湖區成功路3段187巷4號1樓,西班牙冷凍梅花肉,114/1/8,動物用藥殘留,合格,,,
39822,雲鼎阿二麻辣食堂,臺北市,大安區,臺北市大安區通化街78號1樓,牛胸腹肉(美國),114/1/8,動物用藥殘留,合格,,,
39823,雲鼎阿二麻辣食堂,臺北市,大安區,臺北市大安區通化街78號1樓,梅花豬(丹麥),114/1/8,動物用藥殘留,合格,,,
39824,清真國際牛肉店,臺北市,大安區,臺北市大安區和平東路1段14號,牛肋條,114/1/9,動物用藥殘留,合格,,,
39825,清真國際牛肉店,臺北市,大安區,臺北市大安區和平東路1段14號,帶皮羊肉,114/1/9,動物用藥殘留,合格,,,
39826,清真國際牛肉店,臺北市,大安區,臺北市大安區和平東路1段14號,紐西蘭小羊肩火鍋肉片,114/1/9,動物用藥殘留,合格,,,
39827,御牛殿麵食鍋物東門店,臺北市,中正區,臺北市中正區臨沂街70號,精選腿肉(閹牛頭刀.和尚頭),114/1/9,動物用藥殘留,合格,,,
39828,南門牛羊肉店,臺北市,中正區,臺北市中正區羅斯福路1路8號,羊肉塊,114/1/9,動物用藥殘留,合格,,,
39829,恆發肉店,臺北市,中正區,臺北市中正區羅斯福路1路8號,梅花肉,114/1/9,動物用藥殘留,合格,,,
39830,四維肉鋪大安店,臺北市,大安區,臺北市大安區信義路4段265巷29號1樓,伊比利豬梅花火鍋片,114/1/9,動物用藥殘留,合格,,,
39831,四維肉鋪大安店,臺北市,大安區,臺北市大安區信義路4段265巷29號1樓,台灣豬五花排,114/1/9,動物用藥殘留,合格,,,
39832,四維肉鋪大安店,臺北市,大安區,臺北市大安區信義路4段265巷29號1樓,美國牛五花火鍋片,114/1/9,動物用藥殘留,合格,,,
39833,中興牛羊肉鋪,臺北市,萬華區,臺北市萬華區環河南路2段245號2樓,進口帶皮羊排,114/1/9,動物用藥殘留,合格,,,
39834,中興牛羊肉鋪,臺北市,萬華區,臺北市萬華區環河南路2段245號2樓,巴拉圭條肉,114/1/9,動物用藥殘留,合格,,,
39835,養鍋石頭涮涮鍋,臺北市,中正區,臺北市中正區寧波西街81號1樓,梅花豬,114/1/9,動物用藥殘留,合格,,,
39836,上棺木桶中正店,臺北市,中正區,臺北市中正區南昌路1段97號1樓,伊比利黑梅花肉(去肩排),114/1/9,動物用藥殘留,合格,,,
39837,勤大豬牛羊肉,臺北市,萬華區,臺北市萬華區環河南路2段245號,後腱,114/1/9,動物用藥殘留,合格,,,
39838,蔡記岡山羊肉店,臺北市,信義區,臺北市信義區基隆路1段380巷3號1樓,羊肉片,114/2/4,動物用藥殘留,合格,,,
39839,阿里不達太監羊,臺北市,信義區,臺北市信義區忠孝東路5段558號1樓,羊里肌,114/2/4,動物用藥殘留,合格,,,
39974,士東市場第90號攤位,臺北市,士林區,臺北市士林區士東路100號,活鮑魚,114/1/2,動物用藥殘留,合格,,,
39975,MiaC'bon超市台北大葉店,臺北市,士林區,臺北市士林區忠誠路2段55號B1,帶殼鮑魚,114/1/2,動物用藥殘留,合格,,,
39976,家樂福內湖店,臺北市,內湖區,臺北市內湖區民善街88號,大文蛤,114/1/2,動物用藥殘留,合格,,,
39977,利鑫水產有限公司,臺北市,萬華區,臺北市萬華區桂林路244巷120號1樓,澳洲活龍蝦,114/1/2,動物用藥殘留,合格,,,
39978,天和鮮物,臺北市,中正區,臺北市中正區北平東路30號1樓,龍虎斑腹邊肉,114/1/2,動物用藥殘留,合格,,,
39979,全聯實業股份有限公司內湖文德分公司,臺北市,內湖區,臺北市內湖區文德路212號地下一層,文蛤(300g)真空包,114/1/2,動物用藥殘留,合格,,,
39980,臺北魚市,臺北市,中山區,臺北市中山區民族東路410巷2弄20號,澎湖優鮮海鱺魚輪切片,114/1/2,動物用藥殘留,合格,,,
39981,臺北魚市,臺北市,中山區,臺北市中山區民族東路410巷2弄20號,履歷益生菌烏魚排(L),114/1/2,動物用藥殘留,合格,,,
39982,全聯實業股份有限公司大安居安分公司,臺北市,大安區,臺北市大安區安和路2段88號,金目鱸魚排,114/2/4,動物用藥殘留,合格,,,
39983,棉花田生機園地股份有限公司敦南門市,臺北市,大安區,臺北市大安區敦化南路2段81巷65號1樓,金目鱸魚,114/2/4,動物用藥殘留,合格,,,
51,玉記亭香食品行(玉記李亭香),新北市,三重區,新北市三重區中央北路12號,寸棗-中(純素),115/1/19,標示,合格,,,
52,玉記亭香食品行(玉記李亭香),新北市,三重區,新北市三重區中央北路12號,寸棗-中(純素),115/1/19,防腐劑、甜味劑、著色劑,合格,,,
53,睿寶商行(吉町小舖),新北市,土城區,新北市土城區學府路1段197號,LOTTE巧克力布雷雪糕-經典起司口味(12顆裝),115/1/19,標示,合格,,,
54,睿寶商行(吉町小舖),新北市,土城區,新北市土城區學府路1段197號,LOTTE巧克力布雷雪糕-經典起司口味(12顆裝),115/1/19,防腐劑、甜味劑、著色劑,合格,,,
55,源昌食品行(良益食品),新北市,土城區,新北市土城區裕民路160巷12號,新貴派大格酥(經典巧克力口味),115/1/19,標示,合格,,,
56,源昌食品行(良益食品),新北市,土城區,新北市土城區裕民路160巷12號,新貴派大格酥(經典巧克力口味),115/1/19,防腐劑、甜味劑、著色劑,合格,,,
57,金興發股份有限公司永和分公司,新北市,永和區,新北市永和區永平路16號,冬筍餅量販包,115/1/19,標示,合格,,,
58,金興發股份有限公司永和分公司,新北市,永和區,新北市永和區永平路16號,冬筍餅量販包,115/1/19,防腐劑、甜味劑,合格,,,
59,皇朝食品行(良益食品),新北市,中和區,新北市中和區員山路148巷40號,堅果風味酥,115/1/19,標示,合格,,,
60,皇朝食品行(良益食品),新北市,中和區,新北市中和區員山路148巷40號,堅果風味酥,115/1/19,防腐劑、甜味劑,合格,,,
61,得倫食品有限公司,新北市,板橋區,新北市板橋區文化路1段285巷18號,豆腐餅乾(原味),115/1/19,標示,合格,,,
62,得倫食品有限公司,新北市,板橋區,新北市板橋區文化路1段285巷18號,豆腐餅乾(原味),115/1/19,防腐劑、甜味劑,合格,,,
63,敏睿企業社(22king即期良品),新北市,新莊區,新北市新莊區四維路169號,紅豆最中餅,115/1/19,標示,合格,,,
64,敏睿企業社(22king即期良品),新北市,新莊區,新北市新莊區四維路169號,紅豆最中餅,115/1/19,防腐劑、甜味劑,合格,,,
65,新良益食品行(良益食品),新北市,新莊區,新北市新莊區四維路133號,竹塩青海苔餅,115/1/19,標示,合格,,,
66,新良益食品行(良益食品),新北市,新莊區,新北市新莊區四維路133號,竹塩青海苔餅,115/1/19,防腐劑、甜味劑,合格,,,
67,瑞彬商行(ABC食品聯盟),新北市,板橋區,新北市板橋區館前西路157號1樓,紅心芭樂糖,115/1/19,標示,合格,,,
68,瑞彬商行(ABC食品聯盟),新北市,板橋區,新北市板橋區館前西路157號1樓,紅心芭樂糖,115/1/19,防腐劑、甜味劑、著色劑,合格,,,
69,新振發百貨行(新振發大批發),新北市,三重區,新北市三重區長壽街9號1樓,特濃牛乳糖,115/1/20,標示,合格,,,
70,新振發百貨行(新振發大批發),新北市,三重區,新北市三重區長壽街9號1樓,特濃牛乳糖,115/1/20,防腐劑、甜味劑、著色劑,合格,,,
419,全聯福利中心林口忠孝門市,新北市,林口區,新北市林口區忠孝路32號1樓,福福氣冷雞冷凍去骨腿丁,114/12/26,農藥殘留,合格,,,
420,美廉社新店二十張店,新北市,新店區,新北市新店區二十張路81之1號1樓,心樸泰安去骨雞腿排(原味),114/12/26,農藥殘留,合格,,,
421,全聯福利中心三重永福店,新北市,三重區,新北市三重區三和路4段380號B1,福福氣冷雞冷凍雞腿切塊,114/12/26,農藥殘留,合格,,,
422,元榆企業股份有限公司板橋新埔店,新北市,板橋區,新北市板橋區民生路2段216號,黑羽生鮮雞胸,114/12/30,農藥殘留,合格,,,
476,美廉社新店二十張店,新北市,新店區,新北市新店區二十張路81之1號1樓,心樸泰安去骨雞腿排(原味),114/12/26,動物用藥殘留,合格,,,
477,全聯福利中心三重永福店,新北市,三重區,新北市三重區三和路4段380號B1,福福氣冷雞冷凍雞腿切塊,114/12/26,動物用藥殘留,合格,,,
478,全聯福利中心林口忠孝門市,新北市,林口區,新北市林口區忠孝路32號1樓,福福氣冷雞冷凍去骨腿丁,114/12/26,動物用藥殘留,合格,,,
479,元榆企業股份有限公司板橋新埔店,新北市,板橋區,新北市板橋區民生路2段216號,黑羽生鮮雞胸,114/12/30,動物用藥殘留,合格,,,
608,家福股份有限公司重新分公司,新北市,三重區,新北市三重區重新路5段654號,冷凍豬梅花烤肉片(台灣),115/1/5,動物用藥殘留,合格,,,
609,家福股份有限公司重新分公司,新北市,三重區,新北市三重區重新路5段654號,豬五花烤肉片(台灣),115/1/5,動物用藥殘留,合格,,,
610,雙翼食品有限公司,新北市,樹林區,新北市樹林區忠愛街1號1樓,津谷豬肉肉絲(台灣豬),115/1/6,動物用藥殘留,合格,,,
611,全聯實業股份有限公司五股德音分公司,新北市,五股區,新北市五股區成泰路1段235之13號B1,梅花肉片(台灣豬),115/1/6,動物用藥殘留,合格,,,
612,全聯實業股份有限公司五股德音分公司,新北市,五股區,新北市五股區成泰路1段235之13號B1,里肌火鍋肉片(台灣豬),115/1/6,動物用藥殘留,合格,,,
613,全聯福利中心,新北市,三重區,新北市三重區三和路2段139號1樓,豬前腿捲片(台灣),115/1/6,動物用藥殘留,合格,,,
614,全聯福利中心,新北市,三重區,新北市三重區三和路2段139號1樓,黑豬里肌極薄肉片(台灣),115/1/6,動物用藥殘留,合格,,,
615,員福超級商店,新北市,土城區,新北市土城區水源街46號,豬腿肉絲(台灣),115/1/6,動物用藥殘留,合格,,,
616,全聯福利中心,新北市,三重區,新北市三重區龍門路6之1號1樓,黑豬梅花火鍋片(台灣豬),115/1/6,動物用藥殘留,合格,,,
617,全聯福利中心,新北市,三重區,新北市三重區龍門路6之1號1樓,特選白肉火鍋片(台灣豬),115/1/6,動物用藥殘留,合格,,,
618,棉花田,新北市,土城區,新北市土城區學府路1段185號,豬市吉~五花火鍋肉片(台灣),115/1/6,動物用藥殘留,合格,,,
619,棉花田,新北市,土城區,新北市土城區學府路1段185號,豬市吉~梅花火鍋肉片(台灣),115/1/6,動物用藥殘留,合格,,,
620,家福股份有限公司台北新店分公司,新北市,新店區,新北市新店區中興路3段1號,冷凍台灣豬里肌火鍋片,115/1/7,動物用藥殘留,合格,,,
621,家福股份有限公司台北新店分公司,新北市,新店區,新北市新店區中興路3段1號,冷凍台灣豬里肌燒肉片,115/1/7,動物用藥殘留,合格,,,
622,統健實業股份有限公司新店中正門市,新北市,新店區,新北市新店區中正路318號1樓,特選五花薄片-連盒(台灣豬),115/1/7,動物用藥殘留,合格,,,
623,統健實業股份有限公司新店中正門市,新北市,新店區,新北市新店區中正路318號1樓,雪花腿芯切片(精裝)(台灣豬),115/1/7,動物用藥殘留,合格,,,
624,久翔食品股份有限公司,新北市,樹林區,新北市樹林區武林街16之1號1樓,豬腿肉片(台灣),115/1/7,動物用藥殘留,合格,,,
625,愛買南雅店,新北市,板橋區,新北市板橋區貴興路101號,丹麥皇冠豬梅花火鍋片(丹麥)(豬),115/1/7,動物用藥殘留,合格,,,
626,愛買南雅店,新北市,板橋區,新北市板橋區貴興路101號,黑豬梅花火鍋片500g(台灣)(豬),115/1/7,動物用藥殘留,合格,,,
627,全聯實業股份有限公司板橋江子翠分公司,新北市,板橋區,新北市板橋區雙十路209號B1,里肌薄切(台灣豬),115/1/7,動物用藥殘留,合格,,,
628,全聯實業股份有限公司板橋江子翠分公司,新北市,板橋區,新北市板橋區雙十路209號B1,豬前腿捲片(台灣豬),115/1/7,動物用藥殘留,合格,,,
629,家樂福,新北市,樹林區,新北市樹林區大安路118號,冷藏台灣豬里肌火鍋肉片,115/1/7,動物用藥殘留,合格,,,
630,家樂福,新北市,樹林區,新北市樹林區大安路118號,冷藏台灣豬後腿肉絲,115/1/7,動物用藥殘留,合格,,,
631,全聯實業股份有限公司蘆洲民族分公司,新北市,蘆洲區,新北市蘆洲區水湳街74號1-2樓,腿肉絲(台灣豬),115/1/7,動物用藥殘留,合格,,,
632,全聯實業股份有限公司蘆洲民族分公司,新北市,蘆洲區,新北市蘆洲區水湳街74號1-2樓,梅花火鍋肉片(台灣豬),115/1/7,動物用藥殘留,合格,,,
633,板農活力超市,新北市,板橋區,新北市板橋區府中路29之1號B1,五花薄切肉片(精裝)(台灣豬),115/1/7,動物用藥殘留,合格,,,
634,板農活力超市,新北市,板橋區,新北市板橋區府中路29之1號B1,雪花肉片(精裝)(台灣豬),115/1/7,動物用藥殘留,合格,,,
635,統康生活事業股份有限公司員山分公司,新北市,中和區,新北市中和區員山路489號,冷凍豬梅花火鍋片(台灣豬),115/1/7,動物用藥殘留,合格,,,
636,統康生活事業股份有限公司員山分公司,新北市,中和區,新北市中和區員山路489號,冷凍豬五花火鍋片(台灣豬),115/1/7,動物用藥殘留,合格,,,
637,全聯實業股份有限公司中和民樂分公司,新北市,中和區,新北市中和區民樂路3號1樓,梅花肉片(台灣豬),115/1/7,動物用藥殘留,合格,,,
638,全聯實業股份有限公司中和民樂分公司,新北市,中和區,新北市中和區民樂路3號1樓,里肌火鍋肉片(台灣豬),115/1/7,動物用藥殘留,合格,,,
639,全聯實業股份有限公司永和中山分公司,新北市,永和區,新北市永和區中山路1段177號,梅花肉片(台灣豬),115/1/7,動物用藥殘留,合格,,,
640,全聯實業股份有限公司永和中山分公司,新北市,永和區,新北市永和區中山路1段177號,小排肉(台灣豬),115/1/7,動物用藥殘留,合格,,,
641,全聯實業股份有限公司永和中山分公司,新北市,永和區,新北市永和區中山路1段177號,前腿肉絲(台灣豬),115/1/7,動物用藥殘留,合格,,,
642,久翔食品股份有限公司,新北市,樹林區,新北市樹林區武林街16之1號1樓,豬腿肉片(台灣),115/1/7,動物用藥殘留,合格,,,
643,全聯實業股份有限公司板橋公館分公司,新北市,板橋區,新北市板橋區文化路1段101巷13號B1,小排肉(台灣豬),115/1/8,動物用藥殘留,合格,,,
644,全聯實業股份有限公司板橋公館分公司,新北市,板橋區,新北市板橋區文化路1段101巷13號B1,梅花火鍋肉片(台灣豬),115/1/8,動物用藥殘留,合格,,,
645,全聯實業股份有限公司泰山全興分公司,新北市,泰山區,新北市泰山區全興路101號,小排肉(台灣豬),115/1/8,動物用藥殘留,合格,,,
646,全聯實業股份有限公司三峽光明分公司,新北市,三峽區,新北市三峽區光明路59號,豬前腿捲片(台灣豬),115/1/9,動物用藥殘留,合格,,,
647,全聯實業股份有限公司新莊中榮分公司,新北市,新莊區,新北市新莊區中港路526號1樓,黑豬梅花火鍋片(台灣豬),115/1/9,動物用藥殘留,合格,,,
648,全聯實業股份有限公司新莊中榮分公司,新北市,新莊區,新北市新莊區中港路526號1樓,梅花薄切(台灣豬),115/1/9,動物用藥殘留,合格,,,
649,家樂福便利購永安店,新北市,永和區,新北市永和區中和路499-1號,台灣豬後腿肉片,115/1/9,動物用藥殘留,合格,,,
650,家樂福便利購永安店,新北市,永和區,新北市永和區中和路499-1號,台灣豬後腿肉絲,115/1/9,動物用藥殘留,合格,,,
651,全聯實業股份有限公司永安捷運分公司,新北市,永和區,新北市永和區中和路489號地下一樓,梅花肉片(台灣豬),115/1/9,動物用藥殘留,合格,,,
652,全聯實業股份有限公司永安捷運分公司,新北市,永和區,新北市永和區中和路489號地下一樓,里肌火鍋肉片(台灣豬),115/1/9,動物用藥殘留,合格,,,
653,家樂福超市板橋忠孝店,新北市,板橋區,新北市板橋區忠孝路237號,冷凍豬五花火鍋片(台灣豬),115/1/9,動物用藥殘留,合格,,,
654,家樂福超市板橋忠孝店,新北市,板橋區,新北市板橋區忠孝路237號,冷凍豬梅花火鍋片(台灣豬),115/1/9,動物用藥殘留,合格,,,
655,太興商行,新北市,三峽區,新北市三峽區中華路30之2號,原切梅花豬(加拿大),115/1/12,動物用藥殘留,合格,,,
656,美廉社汐止樟樹店,新北市,汐止區,新北市汐止區樟樹一路272之4號,台灣豬五花肉片,115/1/12,動物用藥殘留,合格,,,
657,統康生活事業股份有限公司樟樹分公司,新北市,汐止區,新北市汐止區樟樹一路176號B1,冷凍豬五花火鍋片(台灣)(豬肉),115/1/12,動物用藥殘留,合格,,,
658,全聯實業股份有限公司新莊中安分公司,新北市,新莊區,新北市新莊區中安街3號1樓,里肌火鍋肉片(台灣豬),115/1/16,動物用藥殘留,合格,,,
659,家樂福超市新莊中港店,新北市,新莊區,新北市新莊區中港路336號1樓,冷凍豬梅花火鍋片(台灣豬),115/1/16,動物用藥殘留,合格,,,
660,三商家購股份有限公司新莊中誠二分公司,新北市,新莊區,新北市新莊區中誠街46巷15弄2號1樓,心樸梅花豬肉片(台灣豬),115/1/16,動物用藥殘留,合格,,,
661,全聯實業股份有限公司新莊中榮分公司,新北市,新莊區,新北市新莊區中港路526號1樓,前腿肉絲(台灣豬),115/1/23,動物用藥殘留,合格,,,
662,全聯實業股份有限公司新莊中榮分公司,新北市,新莊區,新北市新莊區中港路526號1樓,龍骨(台灣豬),115/1/23,動物用藥殘留,合格,,,
663,三商家購股份有限公司三重大智三分公司,新北市,三重區,新北市三重區大智街98號1樓,台灣豬五花肉片300g±3g(台灣豬),115/1/26,動物用藥殘留,合格,,,
664,三商家購股份有限公司三重大智三分公司,新北市,三重區,新北市三重區大智街98號1樓,心樸台灣豬五花肉片(台灣豬),115/1/26,動物用藥殘留,合格,,,
665,統康生活股份有限公司林口仁愛分公司,新北市,林口區,新北市林口區仁愛路2段89號1樓,冷凍豬梅花火鍋片(台灣豬),115/1/26,動物用藥殘留,合格,,,
666,統康生活股份有限公司林口仁愛分公司,新北市,林口區,新北市林口區仁愛路2段89號1樓,冷凍豬五花火鍋片(台灣豬),115/1/26,動物用藥殘留,合格,,,
667,創興餐飲有限公司永和中正分公司,新北市,永和區,新北市永和區中正路77號,梅花肉(豬)(英國),115/1/30,動物用藥殘留,合格,,,
668,美聯社中和民享分公司,新北市,中和區,新北市中和區民享街86巷27號,台灣豬五花肉片,115/2/2,動物用藥殘留,合格,,,
669,統康生活事業股份有限公司中信分公司,新北市,新莊區,新北市新莊區中信街68之1號1樓,冷凍豬五花火鍋片500g/包(台灣豬),115/2/3,動物用藥殘留,合格,,,
670,統康生活事業股份有限公司中信分公司,新北市,新莊區,新北市新莊區中信街68之1號1樓,豚肋條(台灣豬),115/2/3,動物用藥殘留,合格,,,
671,吉哆火鍋百匯,新北市,板橋區,新北市板橋區文化路2段225巷1號,培根豬肉(台灣),115/2/2,動物用藥殘留,合格,,,
672,朝源肉舖,新北市,永和區,新北市永和區安樂路431號,豬肝(台灣豬),114/12/31,動物用藥殘留,合格,,,
673,好市多股分有限公司中和分公司,新北市,中和區,新北市中和區中山路2段347號,澳洲去骨羊肩炒肉片,115/1/26,動物用藥殘留,合格,,,
674,正宗岡山羊肉,新北市,土城區,新北市土城區明德路2段72之3號,羊清肉片(白)(紐西蘭),115/1/29,動物用藥殘留,合格,,,
791,福肉肉品海鮮專賣店,新北市,新莊區,新北市新莊區民安路188巷3弄9號,巴沙魚排,115/1/28,動物用藥殘留,合格,,,
851,芝農商行,新北市,三芝區,新北市三芝區中山路一段6號,茭白筍,114/10/28,農藥殘留,合格,,,
852,吳○舍,新北市,三重區,新北市三重區,新鮮白夢卜(白蘿蔔),114/8/5,農藥(可尼丁),不合格,依食安法第47條裁處,30000,
853,家福股份有限公司臺北板橋分公司,新北市,板橋區,新北市板橋區三民路二段31號B1,茭白筍,114/10/29,農藥殘留,合格,,,
855,米索餐館(市招:老味噌),新北市,板橋區,新北市板橋區文化路二段255號,茭白筍,114/10/30,農藥殘留,合格,,,
952,欣波食品有限公司永安概念店,新北市,中和區,新北市中和區中和路378巷3號1樓,青花菜,114/10/27,農藥殘留,合格,,,
954,全聯實業股份有限公司淡水自強分公司,新北市,淡水區,新北市淡水區自強路106號1、2樓,青花菜,114/10/27,農藥殘留,合格,,,
957,金色三麥餐飲股份有限公司(新莊店晶冠店),新北市,新莊區,新北市新莊區五工路66號,洋菇,114/10/29,農藥殘留,合格,,,
979,全聯實業股份有限公司五股工商分公司,新北市,五股區,新北市五股區工商路112號1樓,甜椒,114/10/27,農藥殘留,合格,,,
1102,菜霸子股份有限公司(網路平台),新北市,板橋區,新北市板橋區三民路二段37號23樓之2,韭菜,114/11/6,農藥殘留,合格,,,
1104,全聯實業股份有限公司新店民族分公司,新北市,新店區,新北市新店區民族路190號B1樓,有機小松菜,114/10/27,農藥殘留,合格,,,
1105,善籽創新股份有限公司(網購平台),新北市,新莊區,新北市新莊區新樹路69之38號2樓,荷蘭甜豆,114/11/7,農藥殘留,合格,,,
1106,弘美蔬果行,新北市,板橋區,新北市板橋區板城路1000號,青蒜,114/10/28,農藥殘留,合格,,,
1107,統康生活事業股份有限公司中和環球門市,新北市,中和區,新北市中和區中山路三段122號B2樓,敏豆,114/10/27,農藥殘留,合格,,,
1108,新北市板橋區農會板農活力超市,新北市,板橋區,新北市板橋區府中路29之1號B1樓,小松菜,114/10/29,農藥殘留,合格,,,
1109,饗泰多永和比漾店,新北市,永和區,新北市永和區中山路一段238號2樓,長豆(豇豆),114/10/27,農藥殘留,合格,,,
1110,阿龍快炒店(市招:上介青熱炒),新北市,汐止區,新北市汐止區中興路87號,蒜苗,114/10/30,農藥殘留,合格,,,
1111,好市多股份有限公司新莊分公司,新北市,新莊區,新北市新莊區建國一路138號,敏豆,114/10/27,農藥殘留,合格,,,
1113,全聯實業股份有限公司新店民族分公司,新北市,新店區,新北市新店區民族路190號B1樓,敏豆,114/10/27,農藥殘留,合格,,,
1115,家福股份有限公司北大分公司,新北市,樹林區,新北市樹林區大雅路288號B1樓之1,敏豆,114/10/27,農藥殘留,合格,,,
1117,芝農商行,新北市,三芝區,新北市三芝區中山路一段6號,敏豆,114/10/28,農藥殘留,合格,,,
1119,原素食府企業有限公司,新北市,板橋區,新北市板橋區府中路29之2號4樓,長豆,114/10/28,農藥殘留,合格,,,
1121,全聯實業股份有限公司三重三和分公司,新北市,三重區,新北市三重區三和路二段139號1樓,有機長豇豆,114/10/29,農藥殘留,合格,,,
1123,統康生活事業股份有限公司,新北市,五股區,新北市五股區明德路12巷5號,敏豆,114/10/30,農藥殘留,合格,,,
1125,潮州一品砂鍋粥,新北市,板橋區,新北市板橋區中山路一段158號,四季豆,114/10/31,農藥殘留,合格,,,
1297,全聯實業股份有限公司新店民族分公司,新北市,新店區,新北市新店區民族路190號B1樓,甘露梨,114/10/27,農藥殘留,合格,,,
1299,元長水果行,新北市,板橋區,新北市板橋區板城路1000號,華山梨,114/10/28,農藥殘留,合格,,,
1336,菜霸子股份有限公司(網路平台),新北市,板橋區,新北市板橋區三民路二段37號23樓之2,檸檬,114/11/6,農藥殘留,合格,,,
1384,全聯實業股份有限公司中和中山分公司,新北市,中和區,新北市中和區中山路3段35之2號1樓,福福氣冷雞冷凍去骨腿丁,114/10/27,農藥殘留,合格,,,
1385,全聯實業股份有限公司瑞芳中正分公司,新北市,瑞芳區,新北市瑞芳區中正路81號1樓,福福氣冷雞冷凍去骨腿排,114/10/27,農藥殘留,合格,,,
1386,全聯實業股份有限公司瑞芳中正分公司,新北市,瑞芳區,新北市瑞芳區中正路81號1樓,冠軍洗選蛋,114/10/27,農藥殘留,合格,,,
1387,家福股份有限公司中平分公司,新北市,新莊區,新北市新莊區中平路108號B1,鄉野土雞蛋,114/10/27,農藥殘留,合格,,,
1388,三商家購股份有限公司永和仁愛分公司,新北市,永和區,新北市永和區仁愛路306巷31號1樓,優農洗選盒蛋(白),114/10/27,農藥殘留,合格,,,
1389,全聯實業股份有限公司新店民族分公司,新北市,新店區,新北市新店區民族路190號B1,紅殼紅仁,114/10/27,農藥殘留,合格,,,
1390,全聯實業股份有限公司淡水自強分公司,新北市,淡水區,新北市淡水區自強路106號1樓,富翁洗選蛋(白殼雞蛋),114/10/27,農藥殘留,合格,,,
1391,全聯實業股份有限公司淡水自強分公司,新北市,淡水區,新北市淡水區自強路106號1樓,福福氣冷雞冷凍去骨腿排,114/10/27,農藥殘留,合格,,,
1392,全聯實業股份有限公司永安捷運分公司,新北市,永和區,新北市永和區中和路489號地下一樓,香草園鮮雞蛋,114/11/10,農藥殘留,合格,,,
1393,全聯實業股份有限公司板橋三民分公司,新北市,板橋區,新北市板橋區三民路1段210號B1,富翁洗選蛋,114/11/10,農藥殘留,合格,,,
1394,統健實業股份有限公司新店北新門市,新北市,新店區,新北市新店區北新路1段267號1樓,亞麻籽飼養放牧土雞蛋,114/11/10,農藥殘留,合格,,,
1395,全聯實業股份有限公司樹林保安分公司,新北市,樹林區,新北市樹林區保安街1段183號1樓,台農萃選白蛋,114/11/10,農藥殘留,合格,,,
1396,六吉行,新北市,新莊區,新北市新莊區中港路615巷10號1樓,白蛋,114/11/10,農藥殘留,合格,,,
1397,遠百企業股份有限公司板橋南雅分公司,新北市,板橋區,新北市板橋區貴興路101號,珍鮮白玉子LL,114/11/10,農藥殘留,合格,,,
1398,潤泰全球股份有限公司中和分公司,新北市,中和區,新北市中和區中山路2段228號B1,精力大巨蛋(雞蛋),114/11/10,農藥殘留,合格,,,
1399,好市多股份有限公司新莊分公司,新北市,新莊區,新北市新莊區建國一路138號,食安牧場動福蛋,114/11/10,農藥殘留,合格,,,
1400,增隆行,新北市,鶯歌區,新北市鶯歌區中正一路138號,雞蛋,114/11/11,農藥殘留,合格,,,
1401,耀元雜糧行,新北市,鶯歌區,新北市鶯歌區尖山路165之2號,雞蛋,114/11/11,農藥殘留,合格,,,
1526,全聯實業股份有限公司中和中山分公司,新北市,中和區,新北市中和區中山路3段35之2號1樓,福福氣冷雞冷凍去骨腿丁,114/10/27,動物用藥殘留,合格,,,
1527,全聯實業股份有限公司瑞芳中正分公司,新北市,瑞芳區,新北市瑞芳區中正路81號1樓,福福氣冷雞冷凍去骨腿排,114/10/27,動物用藥殘留,合格,,,
1528,全聯實業股份有限公司瑞芳中正分公司,新北市,瑞芳區,新北市瑞芳區中正路81號1樓,冠軍洗選蛋,114/10/27,動物用藥殘留,合格,,,
1529,家福股份有限公司中平分公司,新北市,新莊區,新北市新莊區中平路108號B1,鄉野土雞蛋,114/10/27,動物用藥殘留,合格,,,
1530,三商家購股份有限公司永和仁愛分公司,新北市,永和區,新北市永和區仁愛路306巷31號1樓,優農洗選盒蛋(白),114/10/27,動物用藥殘留,合格,,,
1531,全聯實業股份有限公司新店民族分公司,新北市,新店區,新北市新店區民族路190號B1,紅殼紅仁,114/10/27,動物用藥殘留,合格,,,
1532,全聯實業股份有限公司淡水自強分公司,新北市,淡水區,新北市淡水區自強路106號1樓,富翁洗選蛋(白殼雞蛋),114/10/27,動物用藥殘留,合格,,,
1533,全聯實業股份有限公司淡水自強分公司,新北市,淡水區,新北市淡水區自強路106號1樓,福福氣冷雞冷凍去骨腿排,114/10/27,動物用藥殘留,合格,,,
1534,海牧水產鍋物,新北市,板橋區,新北市板橋區文化路1段71號,櫻桃鴨原木卷,114/11/24,動物用藥殘留,合格,,,
1535,亨旺商行,新北市,八里區,新北市八里區中山路1段36號,烏骨雞切塊,114/11/24,動物用藥殘留,合格,,,
1536,家福股份有限公司台北中和分公司,新北市,中和區,新北市中和區中山路2段295號B1,里肌肉(益活雞),114/11/25,動物用藥殘留,合格,,,
1537,家福股份有限公司台北林口分公司,新北市,林口區,新北市林口區文化二路1段559號地下1樓,白肉雞(舒康雞里肌肉),114/11/26,動物用藥殘留,合格,,,
1646,全聯實業股份有限公司中和中山分公司,新北市,中和區,新北市中和區中山路3段35之2號1樓,特選白肉火鍋片(台灣豬),114/10/27,動物用藥殘留,合格,,,
1647,全聯實業股份有限公司瑞芳中正分公司,新北市,瑞芳區,新北市瑞芳區中正路81號1樓,黑豬梅花火鍋片(台灣豬),114/10/27,動物用藥殘留,合格,,,
1648,家福股份有限公司中平分公司,新北市,新莊區,新北市新莊區中平路108號B1,豚肩條肉(台灣),114/10/27,動物用藥殘留,合格,,,
1649,全聯實業股份有限公司淡水自強分公司,新北市,淡水區,新北市淡水區自強路106號1樓,豬前腿捲片(台灣豬),114/10/27,動物用藥殘留,合格,,,
1650,全聯實業股份有限公司永和竹林分公司,新北市,永和區,新北市永和區竹林路73之1號,特選白肉火鍋片(台灣豬),114/11/3,動物用藥殘留,合格,,,
1651,全聯實業股份有限公司永和竹林分公司,新北市,永和區,新北市永和區竹林路73之1號,黑豬梅花火鍋片(台灣豬),114/11/3,動物用藥殘留,合格,,,
1652,三商家購股份有限公司中和連勝分公司,新北市,中和區,新北市中和區連勝街137號1樓,心樸台灣豬五花肉片(台灣豬),114/11/3,動物用藥殘留,合格,,,
1653,全聯實業股份有限公司中和南山分公司,新北市,中和區,新北市中和區南山路146巷1號1樓,前腿肉絲(台灣豬),114/11/3,動物用藥殘留,合格,,,
1654,全聯實業股份有限公司中和南山分公司,新北市,中和區,新北市中和區南山路146巷1號1樓,里肌火鍋肉片(台灣豬),114/11/3,動物用藥殘留,合格,,,
1655,家福股份有限公司汐科分公司,新北市,汐止區,新北市汐止區新台五路1段99號B1,豚肋條(台灣豬),114/11/3,動物用藥殘留,合格,,,
1656,家福股份有限公司汐科分公司,新北市,汐止區,新北市汐止區新台五路1段99號B1,豬小排切塊(台灣豬),114/11/3,動物用藥殘留,合格,,,
1657,三商家購股份有限公司中和圓通二分公司,新北市,中和區,新北市中和區圓通路151號1樓,心樸台灣豬五花肉片(台灣豬),114/11/3,動物用藥殘留,合格,,,
1658,全聯實業股份有限公司中和安邦分公司,新北市,中和區,新北市中和區安邦街18號,後腿肉絲(台灣豬),114/11/3,動物用藥殘留,合格,,,
1659,全聯實業股份有限公司中和安邦分公司,新北市,中和區,新北市中和區安邦街18號,腿肉絲(台灣豬),114/11/3,動物用藥殘留,合格,,,
1660,全聯實業股份有限公司三峽國光分公司,新北市,三峽區,新北市三峽區國光街83號1樓,極薄黑豬里肌極薄肉片(台灣),114/11/4,動物用藥殘留,合格,,,
1661,全聯實業股份有限公司三峽國光分公司,新北市,三峽區,新北市三峽區國光街83號1樓,里肌火鍋肉片(台灣豬),114/11/4,動物用藥殘留,合格,,,
1662,三商家購股份有限公司新店北新分公司,新北市,新店區,新北市新店區北新路3段65巷13號,心樸台灣豬肉片,114/11/4,動物用藥殘留,合格,,,
1663,統康生活事業股份有限公司淡海分公司,新北市,淡水區,新北市淡水區中山北路1段156號1樓,台灣豬後腿肉片,114/11/4,動物用藥殘留,合格,,,
1664,全聯實業股份有限公司泰山全興分公司,新北市,泰山區,新北市泰山區全興路101號,梅花肉片(台灣豬),114/11/4,動物用藥殘留,合格,,,
1665,全聯實業股份有限公司泰山全興分公司,新北市,泰山區,新北市泰山區全興路101號,小排肉(台灣豬),114/11/4,動物用藥殘留,合格,,,
1666,全聯實業股份有限公司板橋大觀分公司,新北市,板橋區,新北市板橋區大觀路3段236號,霜降肉(僧帽肉)(台灣豬),114/11/4,動物用藥殘留,合格,,,
1667,全聯實業股份有限公司板橋大觀分公司,新北市,板橋區,新北市板橋區大觀路3段236號,梅花薄切(台灣豬),114/11/4,動物用藥殘留,合格,,,
1668,沐櫻餐飲有限公司,新北市,鶯歌區,新北市鶯歌區建國路71號,豬梅花肉片(加拿大),114/11/4,動物用藥殘留,合格,,,
1669,全聯實業股份有限公司鶯歌建國分公司,新北市,鶯歌區,新北市鶯歌區建國路85號1樓之1,豬前腿捲片(豬肉台灣)(2包),114/11/4,動物用藥殘留,合格,,,
1670,全聯實業股份有限公司鶯歌建國分公司,新北市,鶯歌區,新北市鶯歌區建國路85號1樓之1,梅花火鍋肉片(豬肉台灣)(4盒),114/11/4,動物用藥殘留,合格,,,
1671,全聯實業股份有限公司新店中央分公司,新北市,新店區,新北市新店區中央五街60號B1,里肌火鍋肉片(台灣豬),114/11/4,動物用藥殘留,合格,,,
1672,全聯實業股份有限公司新店中央分公司,新北市,新店區,新北市新店區中央五街60號B1,梅花火鍋肉片(台灣豬),114/11/4,動物用藥殘留,合格,,,
1673,全聯實業股份有限公司板橋新生分公司,新北市,板橋區,新北市板橋區中正路330之1號1樓,五花薄切(台灣豬),114/11/4,動物用藥殘留,合格,,,
1674,全聯實業股份有限公司板橋新生分公司,新北市,板橋區,新北市板橋區中正路330之1號1樓,里肌火鍋肉片(台灣豬),114/11/4,動物用藥殘留,合格,,,
1675,全聯實業股份有限公司新莊中安分公司,新北市,新莊區,新北市新莊區中安街3號1樓,里肌薄切(台灣豬),114/11/5,動物用藥殘留,合格,,,
1676,家福股份有限公司新莊中港分公司,新北市,新莊區,新北市新莊區中港路336號,冷凍豬梅花火鍋片(台灣豬),114/11/5,動物用藥殘留,合格,,,
1677,家福股份有限公司新莊中港分公司,新北市,新莊區,新北市新莊區中港路336號,冷凍豬五花火鍋片(台灣豬),114/11/5,動物用藥殘留,合格,,,
1678,凱文肉舖,新北市,板橋區,新北市板橋區干城路142號,豬里肌火鍋片(台灣豬),114/11/5,動物用藥殘留,合格,,,
1679,凱文肉舖,新北市,板橋區,新北市板橋區干城路142號,豬五花燒烤片(台灣豬),114/11/5,動物用藥殘留,合格,,,
1680,豪鮮肉鋪,新北市,林口區,新北市林口區文化一路1段226號,韓式燒烤黑豬五花(台灣豬),114/11/7,動物用藥殘留,合格,,,
1681,豪鮮肉鋪,新北市,林口區,新北市林口區文化一路1段226號,台灣鮮活梅花豬肉片,114/11/7,動物用藥殘留,合格,,,
1682,鼎軒有限公司,新北市,新莊區,新北市新莊區昌平街68號1樓,台灣加賀豬梅花火鍋片(台灣豬),114/11/7,動物用藥殘留,合格,,,
1683,雙翼食品有限公司,新北市,樹林區,新北市樹林區忠愛街1號,豬絞肉(台灣),114/11/10,動物用藥殘留,合格,,,
1684,全盛美食有限公司,新北市,樹林區,新北市樹林區保安街3段1巷1號,肉角(台灣豬),114/11/10,動物用藥殘留,合格,,,
1685,久翔食品股份有限公司,新北市,樹林區,新北市樹林區武林街16之1號1樓,絞肉(台灣豬),114/11/10,動物用藥殘留,合格,,,
1686,寬大食品有限公司,新北市,新店區,新北市新店區民生路29號,肉片(豬肉)(台灣),114/11/10,動物用藥殘留,合格,,,
1687,愛欣食品有限公司,新北市,淡水區,新北市淡水區八勢一街1號,立大豬肉角(台灣),114/11/10,動物用藥殘留,合格,,,
1688,家樂福便利購三重重陽,新北市,三重區,新北市三重區重陽路1段41號1樓,冷凍豬梅花烤肉片(台灣豬),114/11/11,動物用藥殘留,合格,,,
1689,家樂福便利購三重重陽,新北市,三重區,新北市三重區重陽路1段41號1樓,冷凍豬五花火鍋片(台灣豬),114/11/11,動物用藥殘留,合格,,,
1690,食家安飲食文化股份有限公司,新北市,汐止區,新北市汐止區福德一路328巷1號,後腿肉絲6mm(台灣豬),114/11/12,動物用藥殘留,合格,,,
1691,統鮮美食股份有限公司,新北市,三重區,新北市三重區中興北街136巷18弄18號1樓,肉角(台灣豬),114/11/12,動物用藥殘留,合格,,,
1692,統鮮美食股份有限公司,新北市,三重區,新北市三重區中興北街136巷18弄18號1樓,肉絲(台灣豬),114/11/12,動物用藥殘留,合格,,,
1693,新北食品股份有限公司,新北市,三重區,新北市三重區國道路1段59號,肉片(台灣豬),114/11/14,動物用藥殘留,合格,,,
1694,寬大食品有限公司,新北市,新店區,新北市新店區民生路29號,肉片(豬肉)(台灣),114/11/10,動物用藥殘留,合格,,,
1695,百原食品有限公司,新北市,五股區,新北市五股區中興路1段61號,絞肉(台灣豬),114/11/17,動物用藥殘留,合格,,,
1696,珍品軒食品有限公司,新北市,中和區,新北市中和區立德街112號B1,豬肉絲(台灣豬),114/11/17,動物用藥殘留,合格,,,
1697,宏遠國際股份有限公司,新北市,五股區,新北市五股區五權路54號,絞肉(台灣豬),114/11/18,動物用藥殘留,合格,,,
1698,上將食品有限公司,新北市,新莊區,新北市新莊區幸福東路86號,肉角(4*3K)(台灣豬),114/11/19,動物用藥殘留,合格,,,
1699,三商家購股份有限公司三重慈愛分公司,新北市,三重區,新北市三重區慈愛街45號,心樸梅花豬肉片(台灣豬),114/11/24,動物用藥殘留,合格,,,
1700,家福股份有限公司板橋文化分公司,新北市,板橋區,新北市板橋區文化路2段313號B1,台灣豬後腿肉片,114/11/24,動物用藥殘留,合格,,,
1701,全聯實業股份有限公司新店惠國分公司,新北市,新店區,新北市新店區中正路12號1樓,梅花火鍋肉片(台灣)(豬肉),114/11/24,動物用藥殘留,合格,,,
1702,大潤發土城店,新北市,土城區,新北市土城區永安街25號1樓,美國牛五花烤肉片(美國),114/11/25,動物用藥殘留,合格,,,
1703,家福股份有限公司台北中和分公司,新北市,中和區,新北市中和區中山路2段295號B1,冷凍美國牛五花火鍋片,114/11/25,動物用藥殘留,合格,,,
1704,貴族世家,新北市,蘆洲區,新北市蘆洲區長榮路693號,特製豬排(台灣豬),114/11/25,動物用藥殘留,合格,,,
1705,家福股份有限公司蘆洲光華分公司,新北市,蘆洲區,新北市蘆洲區光華路200號,台灣豬後腿肉片(台灣豬),114/11/25,動物用藥殘留,合格,,,
1706,家福股份有限公司蘆洲光華分公司,新北市,蘆洲區,新北市蘆洲區光華路200號,冷凍豬梅花火鍋片(台灣豬),114/11/25,動物用藥殘留,合格,,,
1707,涮飽飽餐飲商行,新北市,蘆洲區,新北市蘆洲區信義路333號,梅花肉(巴拉圭豬),114/11/25,動物用藥殘留,合格,,,
1708,家福股份有限公司台北林口分公司,新北市,林口區,新北市林口區文化二路1段559號地下1樓,美國無骨牛肩小排火鍋片(美國牛),114/11/26,動物用藥殘留,合格,,,
1709,三商家購股份有限公司板橋重慶二分公司,新北市,板橋區,新北市板橋區重慶路308巷16號,肉絲(台灣豬),114/12/1,動物用藥殘留,合格,,,
1710,永豐餘生技股份有限公司中央分公司,新北市,新店區,新北市新店區中央路129號,伊比利豬松阪肉片(西班牙),114/12/1,動物用藥殘留,合格,,,
1711,永豐餘生技股份有限公司中央分公司,新北市,新店區,新北市新店區中央路129號,伊比利豬梅花肉片(西班牙),114/12/1,動物用藥殘留,合格,,,
1712,全聯實業股份有限公司新店中正分公司,新北市,新店區,新北市新店區中正路185巷2之1號,黑豬梅花火鍋片(台灣),114/12/1,動物用藥殘留,合格,,,
1713,全聯實業股份有限公司新店中正分公司,新北市,新店區,新北市新店區中正路185巷2之1號,豬前腿捲片(台灣),114/12/1,動物用藥殘留,合格,,,
1714,家福股份有限公司土城日月光分公司,新北市,土城區,新北市土城區學府路2段210號B2,豬梅花肉(台灣)(豬肉),114/12/1,動物用藥殘留,合格,,,
1715,全聯實業股份有限公司淡水竹圍分公司,新北市,淡水區,新北市淡水區民族路31號B1,梅花肉片(台灣豬),114/12/1,動物用藥殘留,合格,,,
1716,全聯實業股份有限公司淡水竹圍分公司,新北市,淡水區,新北市淡水區民族路31號B1,里肌火鍋肉片(台灣豬),114/12/1,動物用藥殘留,合格,,,
1717,統健實業股份有限公司淡水竹圍門市,新北市,淡水區,新北市淡水區民族路14號1樓,特選梅花薄片-連盒(台灣豬),114/12/1,動物用藥殘留,合格,,,
1718,全聯實業股份有限公司蘆洲重陽分公司,新北市,蘆洲區,新北市蘆洲區重陽街46號1樓,腿前捲片(台灣豬),114/12/1,動物用藥殘留,合格,,,
1719,全聯實業股份有限公司蘆洲重陽分公司,新北市,蘆洲區,新北市蘆洲區重陽街46號1樓,腿肉絲(台灣豬),114/12/1,動物用藥殘留,合格,,,
1720,三商家購股份有限公司樹林育英分公司,新北市,樹林區,新北市樹林區育英街110號,心樸梅花豬肉片(台灣),114/12/1,動物用藥殘留,合格,,,
1721,三商家購股份有限公司樹林育英分公司,新北市,樹林區,新北市樹林區育英街110號,心樸台灣豬五花肉片(台灣),114/12/1,動物用藥殘留,合格,,,
1722,全聯實業有限公司中和大勇分公司,新北市,中和區,新北市中和區大勇街78號1樓,腿肉絲(台灣豬),114/12/1,動物用藥殘留,合格,,,
1723,全聯實業有限公司中和大勇分公司,新北市,中和區,新北市中和區大勇街78號1樓,前腿肉絲(台灣豬),114/12/1,動物用藥殘留,合格,,,
1724,金灞日式涮涮鍋店,新北市,中和區,新北市中和區景安路173號1樓,梅花豬肉(台灣豬),114/12/1,動物用藥殘留,合格,,,
1725,全聯實業股份有限公司蘆洲民族分公司,新北市,蘆洲區,新北市蘆洲區水湳街74號,梅花火鍋肉片(台灣豬),114/12/2,動物用藥殘留,合格,,,
1726,乾杯股份有限公司新莊宏匯店,新北市,新莊區,新北市新莊區新北大道4段3號7樓,BELLOTA伊比利豬梅花(西班牙豬),114/12/2,動物用藥殘留,合格,,,
1727,乾杯股份有限公司新莊宏匯店,新北市,新莊區,新北市新莊區新北大道4段3號7樓,(原)芬蘭豬去皮豬五花-ATRIA(芬蘭豬),114/12/2,動物用藥殘留,合格,,,
1728,全聯實業股份有限公司板橋雨農分公司,新北市,板橋區,新北市板橋區雨農路27巷2號,特選白肉火鍋片(台灣豬),114/12/2,動物用藥殘留,合格,,,
1729,全聯實業股份有限公司板橋雨農分公司,新北市,板橋區,新北市板橋區雨農路27巷2號,黑豬里肌極薄肉片(台灣豬),114/12/2,動物用藥殘留,合格,,,
1730,新北市樹林區農會特產品直銷中心,新北市,樹林區,新北市樹林區鎮前街77號,豬腿肉(台灣),114/12/2,動物用藥殘留,合格,,,
1731,乾杯股份有限公司新莊宏匯店,新北市,新莊區,新北市新莊區新北大道4段3號7樓,伊比利BELLOTA霜降片(西班牙豬),114/12/2,動物用藥殘留,合格,,,
1732,瀧順國際實業有限公司,新北市,中和區,新北市中和區員山路391號,梅花豬(加拿大),114/12/3,動物用藥殘留,合格,,,
1733,家福股份有限公司中和景安分公司,新北市,中和區,新北市中和區景平路353號B1,冷凍豬梅花火鍋片(台灣豬),114/12/4,動物用藥殘留,合格,,,
1734,家福股份有限公司中和景安分公司,新北市,中和區,新北市中和區景平路353號B1,冷凍豬五花火鍋片(台灣豬),114/12/4,動物用藥殘留,合格,,,
1735,凰懋有限公司,新北市,中和區,新北市中和區錦和路20號,前腿肉角(台灣豬),114/12/4,動物用藥殘留,合格,,,
1736,家福股份有限公司板橋文化分公司,新北市,板橋區,新北市板橋區文化路2段313號B1,台灣豬後腿肉片(台灣豬),114/12/5,動物用藥殘留,合格,,,
1737,家福股份有限公司板橋文化分公司,新北市,板橋區,新北市板橋區文化路2段313號B1,台灣豬後腿肉絲(台灣豬),114/12/5,動物用藥殘留,合格,,,
1738,有限責任台灣主婦聯盟生活消費合作社板橋站,新北市,板橋區,新北市板橋區中正路1巷22號1樓,肩胛排(台灣豬),114/12/4,動物用藥殘留,合格,,,
1739,有限責任台灣主婦聯盟生活消費合作社板橋站,新北市,板橋區,新北市板橋區中正路1巷22號1樓,薄肉片(台灣豬),114/12/4,動物用藥殘留,合格,,,
1740,三商家購股份有限公司板橋莊敬四分公司,新北市,板橋區,新北市板橋區莊敬路232號,心樸台灣豬五花肉片(台灣豬),114/12/5,動物用藥殘留,合格,,,
1741,全聯實業股份有限公司台北縣中平分公司,新北市,新莊區,新北市新莊區中平路82巷27號,絞肉(台灣豬),114/12/8,動物用藥殘留,合格,,,
1742,全聯實業股份有限公司台北縣中平分公司,新北市,新莊區,新北市新莊區中平路82巷27號,梅花薄切(台灣豬),114/12/8,動物用藥殘留,合格,,,
1743,統鮮美食股份有限公司,新北市,三重區,新北市三重區中興北街136巷18弄18號1樓,肉片(1*12K)(台灣豬),114/12/8,動物用藥殘留,合格,,,
1744,三商家購股份有限公司中和保健分公司,新北市,中和區,新北市中和區保健路19巷31號,心樸台灣豬五花肉片(台灣豬),114/12/8,動物用藥殘留,合格,,,
1745,肉多多火鍋新莊和興,新北市,新莊區,新北市新莊區和興街69號1樓,進口丹麥梅花(丹麥豬),114/12/9,動物用藥殘留,合格,,,
1746,肉多多火鍋新莊和興,新北市,新莊區,新北市新莊區和興街69號1樓,豬肉捲(墊片)(台灣豬),114/12/9,動物用藥殘留,合格,,,
1747,台灣冷凍食品股份有限公司,新北市,新莊區,新北市新莊區自立街98號,前腿肉捲(台灣豬),114/12/9,動物用藥殘留,合格,,,
1917,家福股份有限公司中平分公司,新北市,新莊區,新北市新莊區中平路108號B1,冷凍蟹管肉,114/10/27,動物用藥殘留,合格,,,
1918,全聯實業股份有限公司三峽北大分公司,新北市,樹林區,新北市樹林區學勤路209號,頂級蟹管肉,114/10/27,動物用藥殘留,合格,,,
1919,蟹蟹農場,新北市,三芝區,新北市三芝區四棧橋54之2號,大閘蟹,114/11/5,動物用藥殘留,合格,,,
1920,全聯實業股份有限公司新埔捷運分公司,新北市,板橋區,新北市板橋區文化路1段360號B1,冷凍草蝦,114/11/24,動物用藥殘留,合格,,,
1921,海牧水產鍋物,新北市,板橋區,新北市板橋區文化路1段71號,冷凍草蝦(特級鮮凍大草蝦),114/11/24,動物用藥殘留,合格,,,
1922,亨旺商行,新北市,八里區,新北市八里區中山路1段36號,冷凍生白蝦,114/11/24,動物用藥殘留,合格,,,
1923,全聯實業股份有限公司三重仁義分公司,新北市,三重區,新北市三重區仁義街95號1樓,CP鮮凍大白蝦30/40,114/11/25,動物用藥殘留,合格,,,
1924,家福股份有限公司台北中和分公司,新北市,中和區,新北市中和區中山路2段295號B1,冷凍白蝦,114/11/25,動物用藥殘留,合格,,,
1925,橘焱胡同國際股份有限公司,新北市,新店區,新北市新店區中正路四維巷2弄8號5樓,海大蝦5p,114/11/25,動物用藥殘留,合格,,,
1926,橘焱胡同國際股份有限公司,新北市,新店區,新北市新店區中正路四維巷2弄8號5樓,SQUID(軟絲),114/11/25,動物用藥殘留,合格,,,
1927,家福股份有限公司台北林口分公司,新北市,林口區,新北市林口區文化二路1段559號B1,台灣船釣燈補透抽,114/11/26,動物用藥殘留,合格,,,
1928,富帆商店,新北市,中和區,新北市中和區建康路252號1樓,冷凍生白蝦,114/11/26,動物用藥殘留,合格,,,
1929,川稷有限公司新樹分公司,新北市,新莊區,新北市新莊區新樹路204號1樓,白蝦(冷凍),114/11/27,動物用藥殘留,合格,,,
1982,久翔食品股份有限公司,新北市,樹林區,新北市樹林區武林街16號之1(1~2樓)，16之2號1樓,-,114/8/25,GHP,合格,,,
1983,久翔食品股份有限公司,新北市,樹林區,新北市樹林區武林街16號之1(1~2樓)，16之2號1樓,-,114/9/8,GHP,合格,,,
1984,久翔食品股份有限公司,新北市,樹林區,新北市樹林區武林街16號之1(1~2樓)，16之2號1樓,-,114/10/13,GHP,合格,,,
1985,久翔食品股份有限公司,新北市,樹林區,新北市樹林區武林街16號之1(1~2樓)，16之2號1樓,-,114/11/10,GHP,合格,,,
1986,久翔食品股份有限公司,新北市,樹林區,新北市樹林區武林街16號之1(1~2樓)，16之2號1樓,-,114/12/9,GHP,合格,,,
1987,統鮮美食股份有限公司,新北市,三重區,新北市三重區中興北街136巷18弄18號(1、2樓),-,114/9/9,GHP,合格,,,
1988,統鮮美食股份有限公司,新北市,三重區,新北市三重區中興北街136巷18弄18號(1、2樓),-,114/9/9,GHP,合格,,,
1989,統鮮美食股份有限公司,新北市,三重區,新北市三重區中興北街136巷18弄18號(1、2樓),-,114/10/14,GHP,合格,,,
1990,統鮮美食股份有限公司,新北市,三重區,新北市三重區中興北街136巷18弄18號(1、2樓),-,114/11/11,GHP,合格,,,
1991,統鮮美食股份有限公司,新北市,三重區,新北市三重區中興北街136巷18弄18號(1、2樓),-,114/12/8,GHP,合格,,,
1992,愛欣食品有限公司,新北市,淡水區,新北市淡水區八勢一街1號,-,114/8/25,GHP,合格,,,
1993,愛欣食品有限公司,新北市,淡水區,新北市淡水區八勢一街1號,-,114/9/4,GHP,合格,,,
1994,愛欣食品有限公司,新北市,淡水區,新北市淡水區八勢一街1號,-,114/10/15,GHP,合格,,,
1995,愛欣食品有限公司,新北市,淡水區,新北市淡水區八勢一街1號,-,114/11/10,GHP,合格,,,
1996,愛欣食品有限公司,新北市,淡水區,新北市淡水區八勢一街1號,-,114/12/16,GHP,合格,,,
1997,新北食品股份有限公司,新北市,三重區,新北市三重區國道路1段59號,-,114/8/26,GHP,合格,,,
1998,新北食品股份有限公司,新北市,三重區,新北市三重區國道路1段59號,-,114/9/9,GHP,合格,,,
1999,新北食品股份有限公司,新北市,三重區,新北市三重區國道路1段59號,-,114/10/17,GHP,合格,,,
2000,新北食品股份有限公司,新北市,三重區,新北市三重區國道路1段59號,-,114/11/11,GHP,合格,,,
2001,新北食品股份有限公司,新北市,三重區,新北市三重區國道路1段59號,-,114/12/15,GHP,合格,,,
2002,上將食品有限公司,新北市,新莊區,新北市新莊區幸福東路86號1、2、3樓、90號、92號,-,114/8/28,GHP,合格,,,
2003,上將食品有限公司,新北市,新莊區,新北市新莊區幸福東路86號1、2、3樓、90號、92號,-,114/9/11,GHP,合格,,,
2004,上將食品有限公司,新北市,新莊區,新北市新莊區幸福東路86號1、2、3樓、90號、92號,-,114/10/16,GHP,合格,,,
2005,上將食品有限公司,新北市,新莊區,新北市新莊區幸福東路86號1、2、3樓、90號、92號,-,114/11/13,GHP,合格,,,
2006,上將食品有限公司,新北市,新莊區,新北市新莊區幸福東路86號1、2、3樓、90號、92號,-,114/12/12,GHP,合格,,,
2007,全盛美食有限公司,新北市,樹林區,新北市樹林區保安街三段1巷1號,-,114/9/4,GHP,合格,,,
2008,全盛美食有限公司,新北市,樹林區,新北市樹林區保安街三段1巷1號,-,114/9/4,GHP,合格,,,
2009,全盛美食有限公司,新北市,樹林區,新北市樹林區保安街三段1巷1號,-,114/10/13,GHP,合格,,,
2010,全盛美食有限公司,新北市,樹林區,新北市樹林區保安街三段1巷1號,-,114/11/10,GHP,合格,,,
2011,全盛美食有限公司,新北市,樹林區,新北市樹林區保安街三段1巷1號,-,114/12/11,GHP,合格,,,
2012,宏遠國際餐飲股份有限公司,新北市,五股區,新北市五股區五權路54號,-,114/8/29,GHP,合格,,,
2013,宏遠國際餐飲股份有限公司,新北市,五股區,新北市五股區五權路54號,-,114/9/8,GHP,合格,,,
2014,宏遠國際餐飲股份有限公司,新北市,五股區,新北市五股區五權路54號,-,114/10/15,GHP,合格,,,
2015,宏遠國際餐飲股份有限公司,新北市,五股區,新北市五股區五權路54號,-,114/11/18,GHP,合格,,,
2016,宏遠國際餐飲股份有限公司,新北市,五股區,新北市五股區五權路54號,-,114/12/9,GHP,合格,,,
2017,雙翼食品有限公司,新北市,樹林區,新北市樹林區忠愛街1號(1樓)及3號(1、2樓),-,114/8/26,GHP,合格,,,
2018,雙翼食品有限公司,新北市,樹林區,新北市樹林區忠愛街1號(1樓)及3號(1、2樓),-,114/9/10,GHP,合格,,,
2019,雙翼食品有限公司,新北市,樹林區,新北市樹林區忠愛街1號(1樓)及3號(1、2樓),-,114/10/15,GHP,合格,,,
2020,雙翼食品有限公司,新北市,樹林區,新北市樹林區忠愛街1號(1樓)及3號(1、2樓),-,114/11/10,GHP,合格,,,
2021,雙翼食品有限公司,新北市,樹林區,新北市樹林區忠愛街1號(1樓)及3號(1、2樓),-,114/12/9,GHP,合格,,,
2022,食家安飲食文化股份有限公司,新北市,汐止區,新北市汐止區福德一路328巷1號(1樓),-,114/8/25,GHP,合格,,,
2023,食家安飲食文化股份有限公司,新北市,汐止區,新北市汐止區福德一路328巷1號(1樓),-,114/9/12,GHP,合格,,,
2024,食家安飲食文化股份有限公司,新北市,汐止區,新北市汐止區福德一路328巷1號(1樓),-,114/10/14,GHP,合格,,,
2025,食家安飲食文化股份有限公司,新北市,汐止區,新北市汐止區福德一路328巷1號(1樓),-,114/11/19,GHP,合格,,,
2026,食家安飲食文化股份有限公司,新北市,汐止區,新北市汐止區福德一路328巷1號(1樓),-,114/12/9,GHP,合格,,,
2027,珍品軒食品有限公司,新北市,中和區,新北市中和區中原里立德街112號地下一樓,-,114/9/5,GHP,合格,,,
2028,珍品軒食品有限公司,新北市,中和區,新北市中和區中原里立德街112號地下一樓,-,114/11/11,GHP,合格,,,
2029,百原食品有限公司,新北市,五股區,新北市五股區興珍里中興路1段61號、59號(1樓),-,114/9/4,GHP,合格,,,
2030,百原食品有限公司,新北市,五股區,新北市五股區興珍里中興路1段61號、59號(1樓),-,114/9/4,GHP,合格,,,
2031,百原食品有限公司,新北市,五股區,新北市五股區興珍里中興路1段61號、59號(1樓),-,114/12/24,GHP,合格,,,
2032,寬大食品有限公司,新北市,新店區,新北市新店區民生路29號,-,114/8/25,GHP,合格,,,
2033,寬大食品有限公司,新北市,新店區,新北市新店區民生路29號,-,114/9/8,GHP,合格,,,
2034,寬大食品有限公司,新北市,新店區,新北市新店區民生路29號,-,114/11/10,GHP,合格,,,
2258,久翔食品股份有限公司,新北市,樹林區,新北市樹林區武林街16號之1(1~2樓)，16之2號1樓,桶餐,114/9/1,食品中微生物,合格,,,
2259,久翔食品股份有限公司,新北市,樹林區,新北市樹林區武林街16號之1(1~2樓)，16之2號1樓,桶餐,114/9/8,食品中微生物,合格,,,
2260,久翔食品股份有限公司,新北市,樹林區,新北市樹林區武林街16號之1(1~2樓)，16之2號1樓,桶餐,114/10/1,食品中微生物,合格,,,
2261,久翔食品股份有限公司,新北市,樹林區,新北市樹林區武林街16號之1(1~2樓)，16之2號1樓,桶餐,114/10/3,食品中微生物,合格,,,
2262,久翔食品股份有限公司,新北市,樹林區,新北市樹林區武林街16號之1(1~2樓)，16之2號1樓,桶餐,114/10/13,食品中微生物,合格,,,
2263,久翔食品股份有限公司,新北市,樹林區,新北市樹林區武林街16號之1(1~2樓)，16之2號1樓,桶餐,114/11/3,食品中微生物,合格,,,
2264,久翔食品股份有限公司,新北市,樹林區,新北市樹林區武林街16號之1(1~2樓)，16之2號1樓,桶餐,114/11/4,食品中微生物,合格,,,
2265,久翔食品股份有限公司,新北市,樹林區,新北市樹林區武林街16號之1(1~2樓)，16之2號1樓,桶餐,114/11/10,食品中微生物,合格,,,
2266,統鮮美食股份有限公司,新北市,三重區,新北市三重區中興北街136巷18弄18號(1、2樓),桶餐,114/9/1,食品中微生物,合格,,,
2267,統鮮美食股份有限公司,新北市,三重區,新北市三重區中興北街136巷18弄18號(1、2樓),桶餐,114/9/2,食品中微生物,合格,,,
2268,統鮮美食股份有限公司,新北市,三重區,新北市三重區中興北街136巷18弄18號(1、2樓),桶餐,114/9/5,食品中微生物,合格,,,
2269,統鮮美食股份有限公司,新北市,三重區,新北市三重區中興北街136巷18弄18號(1、2樓),桶餐,114/10/1,食品中微生物,合格,,,
2270,統鮮美食股份有限公司,新北市,三重區,新北市三重區中興北街136巷18弄18號(1、2樓),桶餐,114/10/2,食品中微生物,合格,,,
2271,統鮮美食股份有限公司,新北市,三重區,新北市三重區中興北街136巷18弄18號(1、2樓),桶餐,114/10/2,食品中微生物,合格,,,
2272,統鮮美食股份有限公司,新北市,三重區,新北市三重區中興北街136巷18弄18號(1、2樓),桶餐,114/10/9,食品中微生物,合格,,,
2273,統鮮美食股份有限公司,新北市,三重區,新北市三重區中興北街136巷18弄18號(1、2樓),桶餐,114/10/13,食品中微生物,合格,,,
2274,統鮮美食股份有限公司,新北市,三重區,新北市三重區中興北街136巷18弄18號(1、2樓),桶餐,114/10/22,食品中微生物,合格,,,
2275,統鮮美食股份有限公司,新北市,三重區,新北市三重區中興北街136巷18弄18號(1、2樓),桶餐,114/11/3,食品中微生物,合格,,,
2276,統鮮美食股份有限公司,新北市,三重區,新北市三重區中興北街136巷18弄18號(1、2樓),桶餐,114/11/4,食品中微生物,合格,,,
2277,統鮮美食股份有限公司,新北市,三重區,新北市三重區中興北街136巷18弄18號(1、2樓),桶餐,114/11/4,食品中微生物,合格,,,
2278,統鮮美食股份有限公司,新北市,三重區,新北市三重區中興北街136巷18弄18號(1、2樓),桶餐,114/11/11,食品中微生物,合格,,,
2279,愛欣食品有限公司,新北市,淡水區,新北市淡水區八勢一街1號,桶食,114/9/5,食品中微生物,合格,,,
2280,愛欣食品有限公司,新北市,淡水區,新北市淡水區八勢一街1號,桶餐,114/9/8,食品中微生物,合格,,,
2281,愛欣食品有限公司,新北市,淡水區,新北市淡水區八勢一街1號,桶餐,114/11/5,食品中微生物,合格,,,
2282,愛欣食品有限公司,新北市,淡水區,新北市淡水區八勢一街1號,桶餐,114/11/10,食品中微生物,合格,,,
2283,新北食品股份有限公司,新北市,三重區,新北市三重區國道路1段59號,桶餐,114/9/3,食品中微生物,合格,,,
2284,新北食品股份有限公司,新北市,三重區,新北市三重區國道路1段59號,桶餐,114/9/5,食品中微生物,合格,,,
2285,新北食品股份有限公司,新北市,三重區,新北市三重區國道路1段59號,桶餐,114/9/8,食品中微生物,合格,,,
2286,新北食品股份有限公司,新北市,三重區,新北市三重區國道路1段59號,桶餐,114/10/3,食品中微生物,合格,,,
2287,新北食品股份有限公司,新北市,三重區,新北市三重區國道路1段59號,桶餐,114/10/22,食品中微生物,合格,,,
2288,新北食品股份有限公司,新北市,三重區,新北市三重區國道路1段59號,桶餐,114/11/10,食品中微生物,合格,,,
2289,上將食品有限公司,新北市,新莊區,新北市新莊區幸福東路86號1、2、3樓、90號、92號,桶餐,114/9/1,食品中微生物,合格,,,
2290,上將食品有限公司,新北市,新莊區,新北市新莊區幸福東路86號1、2、3樓、90號、92號,桶餐,114/9/2,食品中微生物,合格,,,
2291,上將食品有限公司,新北市,新莊區,新北市新莊區幸福東路86號1、2、3樓、90號、92號,桶餐,114/9/3,食品中微生物,合格,,,
2292,上將食品有限公司,新北市,新莊區,新北市新莊區幸福東路86號1、2、3樓、90號、92號,桶餐,114/9/3,食品中微生物,合格,,,
2293,上將食品有限公司,新北市,新莊區,新北市新莊區幸福東路86號1、2、3樓、90號、92號,桶餐,114/9/4,食品中微生物,合格,,,
2294,上將食品有限公司,新北市,新莊區,新北市新莊區幸福東路86號1、2、3樓、90號、92號,桶餐,114/9/5,食品中微生物,合格,,,
2295,上將食品有限公司,新北市,新莊區,新北市新莊區幸福東路86號1、2、3樓、90號、92號,桶餐,114/9/8,食品中微生物,合格,,,
2296,上將食品有限公司,新北市,新莊區,新北市新莊區幸福東路86號1、2、3樓、90號、92號,桶餐,114/10/1,食品中微生物,合格,,,
2297,上將食品有限公司,新北市,新莊區,新北市新莊區幸福東路86號1、2、3樓、90號、92號,桶餐,114/10/13,食品中微生物,合格,,,
2298,上將食品有限公司,新北市,新莊區,新北市新莊區幸福東路86號1、2、3樓、90號、92號,桶餐,114/10/13,食品中微生物,合格,,,
2299,上將食品有限公司,新北市,新莊區,新北市新莊區幸福東路86號1、2、3樓、90號、92號,桶餐,114/10/13,食品中微生物,合格,,,
2300,上將食品有限公司,新北市,新莊區,新北市新莊區幸福東路86號1、2、3樓、90號、92號,桶餐,114/10/14,食品中微生物,合格,,,
2301,上將食品有限公司,新北市,新莊區,新北市新莊區幸福東路86號1、2、3樓、90號、92號,桶餐,114/11/3,食品中微生物,合格,,,
2302,上將食品有限公司,新北市,新莊區,新北市新莊區幸福東路86號1、2、3樓、90號、92號,桶餐,114/11/4,食品中微生物,合格,,,
2303,上將食品有限公司,新北市,新莊區,新北市新莊區幸福東路86號1、2、3樓、90號、92號,桶餐,114/11/4,食品中微生物,合格,,,
2304,上將食品有限公司,新北市,新莊區,新北市新莊區幸福東路86號1、2、3樓、90號、92號,桶餐,114/11/5,食品中微生物,合格,,,
2305,上將食品有限公司,新北市,新莊區,新北市新莊區幸福東路86號1、2、3樓、90號、92號,桶餐,114/11/10,食品中微生物,合格,,,
2306,上將食品有限公司,新北市,新莊區,新北市新莊區幸福東路86號1、2、3樓、90號、92號,桶餐,114/11/11,食品中微生物,合格,,,
2307,全盛美食有限公司,新北市,樹林區,新北市樹林區保安街三段1巷1號,桶餐,114/9/1,食品中微生物,合格,,,
2308,全盛美食有限公司,新北市,樹林區,新北市樹林區保安街三段1巷1號,桶餐,114/9/2,食品中微生物,合格,,,
2309,全盛美食有限公司,新北市,樹林區,新北市樹林區保安街三段1巷1號,桶餐,114/9/8,食品中微生物,合格,,,
2310,全盛美食有限公司,新北市,樹林區,新北市樹林區保安街三段1巷1號,桶餐,114/10/2,食品中微生物,合格,,,
2311,全盛美食有限公司,新北市,樹林區,新北市樹林區保安街三段1巷1號,桶餐,114/10/3,食品中微生物,合格,,,
2312,全盛美食有限公司,新北市,樹林區,新北市樹林區保安街三段1巷1號,桶餐,114/10/8,食品中微生物,合格,,,
2313,全盛美食有限公司,新北市,樹林區,新北市樹林區保安街三段1巷1號,桶餐,114/11/4,食品中微生物,合格,,,
2314,宏遠國際餐飲股份有限公司,新北市,五股區,新北市五股區五權路54號,桶餐,114/9/2,食品中微生物,合格,,,
2315,宏遠國際餐飲股份有限公司,新北市,五股區,新北市五股區五權路54號,桶餐,114/9/3,食品中微生物,合格,,,
2316,宏遠國際餐飲股份有限公司,新北市,五股區,新北市五股區五權路54號,桶餐,114/9/3,食品中微生物,合格,,,
2317,宏遠國際餐飲股份有限公司,新北市,五股區,新北市五股區五權路54號,桶餐,114/9/3,食品中微生物,合格,,,
2318,宏遠國際餐飲股份有限公司,新北市,五股區,新北市五股區五權路54號,桶餐,114/10/2,食品中微生物,合格,,,
2319,宏遠國際餐飲股份有限公司,新北市,五股區,新北市五股區五權路54號,桶餐,114/10/7,食品中微生物,合格,,,
2320,宏遠國際餐飲股份有限公司,新北市,五股區,新北市五股區五權路54號,桶餐,114/11/3,食品中微生物,合格,,,
2321,宏遠國際餐飲股份有限公司,新北市,五股區,新北市五股區五權路54號,桶餐,114/11/7,食品中微生物,合格,,,
2322,雙翼食品有限公司,新北市,樹林區,新北市樹林區忠愛街1號(1樓)及3號(1、2樓),桶餐,114/9/1,食品中微生物,合格,,,
2323,雙翼食品有限公司,新北市,樹林區,新北市樹林區忠愛街1號(1樓)及3號(1、2樓),桶餐,114/9/1,食品中微生物,合格,,,
2324,雙翼食品有限公司,新北市,樹林區,新北市樹林區忠愛街1號(1樓)及3號(1、2樓),桶餐,114/9/3,食品中微生物,合格,,,
2325,雙翼食品有限公司,新北市,樹林區,新北市樹林區忠愛街1號(1樓)及3號(1、2樓),桶餐,114/9/4,食品中微生物,合格,,,
2326,雙翼食品有限公司,新北市,樹林區,新北市樹林區忠愛街1號(1樓)及3號(1、2樓),桶餐,114/9/5,食品中微生物,合格,,,
2327,雙翼食品有限公司,新北市,樹林區,新北市樹林區忠愛街1號(1樓)及3號(1、2樓),桶餐,114/10/1,食品中微生物,合格,,,
2328,雙翼食品有限公司,新北市,樹林區,新北市樹林區忠愛街1號(1樓)及3號(1、2樓),桶餐,114/10/2,食品中微生物,合格,,,
2329,雙翼食品有限公司,新北市,樹林區,新北市樹林區忠愛街1號(1樓)及3號(1、2樓),桶餐,114/10/13,食品中微生物,合格,,,
2330,雙翼食品有限公司,新北市,樹林區,新北市樹林區忠愛街1號(1樓)及3號(1、2樓),桶餐,114/10/13,食品中微生物,合格,,,
2331,雙翼食品有限公司,新北市,樹林區,新北市樹林區忠愛街1號(1樓)及3號(1、2樓),桶餐,114/10/14,食品中微生物,合格,,,
2332,雙翼食品有限公司,新北市,樹林區,新北市樹林區忠愛街1號(1樓)及3號(1、2樓),桶餐,114/10/14,食品中微生物,合格,,,
2333,雙翼食品有限公司,新北市,樹林區,新北市樹林區忠愛街1號(1樓)及3號(1、2樓),桶餐,114/11/3,食品中微生物,合格,,,
2334,雙翼食品有限公司,新北市,樹林區,新北市樹林區忠愛街1號(1樓)及3號(1、2樓),桶餐,114/11/3,食品中微生物,合格,,,
2335,雙翼食品有限公司,新北市,樹林區,新北市樹林區忠愛街1號(1樓)及3號(1、2樓),桶餐,114/11/4,食品中微生物,合格,,,
2336,雙翼食品有限公司,新北市,樹林區,新北市樹林區忠愛街1號(1樓)及3號(1、2樓),桶餐,114/11/10,食品中微生物,合格,,,
2337,食家安飲食文化股份有限公司,新北市,汐止區,新北市汐止區福德一路328巷1號(1樓),桶餐,114/9/3,食品中微生物,合格,,,
2338,食家安飲食文化股份有限公司,新北市,汐止區,新北市汐止區福德一路328巷1號(1樓),桶餐,114/11/4,食品中微生物,合格,,,
2339,食家安飲食文化股份有限公司,新北市,汐止區,新北市汐止區福德一路328巷1號(1樓),桶餐,114/11/7,食品中微生物,合格,,,
2340,珍品軒食品有限公司,新北市,中和區,新北市中和區中原里立德街112號地下一樓,桶餐,114/9/5,食品中微生物,合格,,,
2341,珍品軒食品有限公司,新北市,中和區,新北市中和區中原里立德街112號地下一樓,桶餐,114/11/11,食品中微生物,合格,,,
2342,百原食品有限公司,新北市,五股區,新北市五股區興珍里中興路1段61號、59號(1樓),桶餐,114/9/4,食品中微生物,合格,,,
2343,百原食品有限公司,新北市,五股區,新北市五股區興珍里中興路1段61號、59號(1樓),桶餐,114/11/17,食品中微生物,合格,,,
2344,寬大食品有限公司,新北市,新店區,新北市新店區民生路29號,桶餐,114/9/8,食品中微生物,合格,,,
2345,寬大食品有限公司,新北市,新店區,新北市新店區民生路29號,桶餐,114/11/6,食品中微生物,合格,,,
2346,寬大食品有限公司,新北市,新店區,新北市新店區民生路29號,桶餐,114/11/10,食品中微生物,合格,,,
2520,久翔食品股份有限公司,新北市,樹林區,新北市樹林區武林街16號之1(1~2樓)，16之2號1樓,中排肉-薄肉營午(台灣豬),114/9/8,動物用藥殘留,合格,,,
2521,統鮮美食股份有限公司,新北市,三重區,新北市三重區中興北街136巷18弄18號(1、2樓),肉片(台灣豬),114/9/15,動物用藥殘留,合格,,,
2522,愛欣食品有限公司,新北市,淡水區,新北市淡水區八勢一街1號,龍骨丁(中骨)(台灣豬),114/9/4,動物用藥殘留,合格,,,
2523,新北食品股份有限公司,新北市,三重區,新北市三重區國道路1段59號,龍骨丁(台灣豬),114/9/15,動物用藥殘留,合格,,,
2524,上將食品有限公司,新北市,新莊區,新北市新莊區幸福東路86號1、2、3樓、90號、92號,肉絲(1*12K)(臺灣豬),114/9/11,動物用藥殘留,合格,,,
2525,全盛美食有限公司,新北市,樹林區,新北市樹林區保安街三段1巷1號,肉絲(豬肉)(台灣),114/9/4,動物用藥殘留,合格,,,
2526,宏遠國際餐飲股份有限公司,新北市,五股區,新北市五股區五權路54號,肉角(台灣豬),114/9/12,動物用藥殘留,合格,,,
2527,雙翼食品有限公司,新北市,樹林區,新北市樹林區忠愛街1號(1樓)及3號(1、2樓),CAS肉片津谷(台灣)(豬肉),114/9/10,動物用藥殘留,合格,,,
2528,食家安飲食文化股份有限公司,新北市,汐止區,新北市汐止區福德一路328巷1號(1樓),後腿肉絲(台灣豬),114/9/12,動物用藥殘留,合格,,,
2529,珍品軒食品有限公司,新北市,中和區,新北市中和區中原里立德街112號地下一樓,豬肉絲(台灣豬),114/9/10,動物用藥殘留,合格,,,
2530,百原食品有限公司,新北市,五股區,新北市五股區興珍里中興路1段61號、59號(1樓),絞肉(台灣豬),114/9/4,動物用藥殘留,合格,,,
2531,寬大食品有限公司,新北市,新店區,新北市新店區民生路29號,(和榮意)-CAS上粗絲3KG/包(台灣豬),114/9/8,動物用藥殘留,合格,,,
2591,久翔食品股份有限公司,新北市,樹林區,新北市樹林區武林街16號之1(1~2樓)，16之2號1樓,絞肉A,114/8/25,豬肉原產地標示,合格,,,
2592,久翔食品股份有限公司,新北市,樹林區,新北市樹林區武林街16號之1(1~2樓)，16之2號1樓,絞肉A,114/8/25,豬肉原產地標示,合格,,,
2593,久翔食品股份有限公司,新北市,樹林區,新北市樹林區武林街16號之1(1~2樓)，16之2號1樓,絞肉,114/9/8,豬肉原產地標示,合格,,,
2594,久翔食品股份有限公司,新北市,樹林區,新北市樹林區武林街16號之1(1~2樓)，16之2號1樓,前腿肉絞,114/10/13,豬肉原產地標示,合格,,,
2595,久翔食品股份有限公司,新北市,樹林區,新北市樹林區武林街16號之1(1~2樓)，16之2號1樓,哨子豆腐,114/10/13,豬肉原產地標示,合格,,,
2596,久翔食品股份有限公司,新北市,樹林區,新北市樹林區武林街16號之1(1~2樓)，16之2號1樓,絞肉,114/11/10,豬肉原產地標示,合格,,,
2597,久翔食品股份有限公司,新北市,樹林區,新北市樹林區武林街16號之1(1~2樓)，16之2號1樓,肉絲,114/12/9,豬肉原產地標示,合格,,,
2598,統鮮美食股份有限公司,新北市,三重區,新北市三重區中興北街136巷18弄18號(1、2樓),肉角,114/10/14,豬肉原產地標示,合格,,,
2599,統鮮美食股份有限公司,新北市,三重區,新北市三重區中興北街136巷18弄18號(1、2樓),肉角,114/12/8,豬肉原產地標示,合格,,,
2600,愛欣食品有限公司,新北市,淡水區,新北市淡水區八勢一街1號,龍骨丁(中骨),114/9/4,豬肉原產地標示,合格,,,
2601,愛欣食品有限公司,新北市,淡水區,新北市淡水區八勢一街1號,小瓜豬,114/10/15,豬肉原產地標示,合格,,,
2602,愛欣食品有限公司,新北市,淡水區,新北市淡水區八勢一街1號,豬肉,114/11/10,豬肉原產地標示,合格,,,
2603,愛欣食品有限公司,新北市,淡水區,新北市淡水區八勢一街1號,立大豬肉角(台灣),114/11/10,豬肉原產地標示,合格,,,
2604,愛欣食品有限公司,新北市,淡水區,新北市淡水區八勢一街1號,岩燒里肌肉排,114/12/16,豬肉原產地標示,合格,,,
2605,愛欣食品有限公司,新北市,淡水區,新北市淡水區八勢一街1號,甜椒糖醋肉,114/12/16,豬肉原產地標示,合格,,,
2606,新北食品股份有限公司,新北市,三重區,新北市三重區國道路1段59號,豬肉,114/10/17,豬肉原產地標示,合格,,,
2607,上將食品有限公司,新北市,新莊區,新北市新莊區幸福東路86號1、2、3樓、90號、92號,腿肉絲,114/8/28,豬肉原產地標示,合格,,,
2608,全盛美食有限公司,新北市,樹林區,新北市樹林區保安街三段1巷1號,肉燥蒸蛋,114/8/26,豬肉原產地標示,合格,,,
2609,全盛美食有限公司,新北市,樹林區,新北市樹林區保安街三段1巷1號,鐵板肉柳,114/9/4,豬肉原產地標示,合格,,,
2610,全盛美食有限公司,新北市,樹林區,新北市樹林區保安街三段1巷1號,肉角,114/11/10,豬肉原產地標示,合格,,,
2611,全盛美食有限公司,新北市,樹林區,新北市樹林區保安街三段1巷1號,肉角,114/12/11,豬肉原產地標示,合格,,,
2612,宏遠國際餐飲股份有限公司,新北市,五股區,新北市五股區五權路54號,CAS絞肉,114/10/15,豬肉原產地標示,合格,,,
2613,宏遠國際餐飲股份有限公司,新北市,五股區,新北市五股區五權路54號,絞肉(台灣豬),114/11/18,豬肉原產地標示,合格,,,
2614,宏遠國際餐飲股份有限公司,新北市,五股區,新北市五股區五權路54號,肉絲,114/12/9,豬肉原產地標示,合格,,,
2615,雙翼食品有限公司,新北市,樹林區,新北市樹林區忠愛街1號(1樓)及3號(1、2樓),薑汁燒肉,114/8/26,豬肉原產地標示,合格,,,
2616,雙翼食品有限公司,新北市,樹林區,新北市樹林區忠愛街1號(1樓)及3號(1、2樓),津谷豬肉肉片,114/9/10,豬肉原產地標示,合格,,,
2617,雙翼食品有限公司,新北市,樹林區,新北市樹林區忠愛街1號(1樓)及3號(1、2樓),CAS肉角,114/10/15,豬肉原產地標示,合格,,,
2618,雙翼食品有限公司,新北市,樹林區,新北市樹林區忠愛街1號(1樓)及3號(1、2樓),豬絞肉,114/11/10,豬肉原產地標示,合格,,,
2619,雙翼食品有限公司,新北市,樹林區,新北市樹林區忠愛街1號(1樓)及3號(1、2樓),豚肉炒飯,114/12/9,豬肉原產地標示,合格,,,
2620,食家安飲食文化股份有限公司,新北市,汐止區,新北市汐止區福德一路328巷1號(1樓),CAS絞肉,114/8/25,豬肉原產地標示,合格,,,
2621,食家安飲食文化股份有限公司,新北市,汐止區,新北市汐止區福德一路328巷1號(1樓),生大排,114/8/25,豬肉原產地標示,合格,,,
2622,食家安飲食文化股份有限公司,新北市,汐止區,新北市汐止區福德一路328巷1號(1樓),豬肉,114/8/25,豬肉原產地標示,合格,,,
2623,食家安飲食文化股份有限公司,新北市,汐止區,新北市汐止區福德一路328巷1號(1樓),粗絞肉,114/9/12,豬肉原產地標示,合格,,,
2624,食家安飲食文化股份有限公司,新北市,汐止區,新北市汐止區福德一路328巷1號(1樓),龍骨丁,114/9/12,豬肉原產地標示,合格,,,
2625,食家安飲食文化股份有限公司,新北市,汐止區,新北市汐止區福德一路328巷1號(1樓),前腿肉片,114/10/14,豬肉原產地標示,合格,,,
2626,食家安飲食文化股份有限公司,新北市,汐止區,新北市汐止區福德一路328巷1號(1樓),豬肉,114/11/12,豬肉原產地標示,合格,,,
2627,食家安飲食文化股份有限公司,新北市,汐止區,新北市汐止區福德一路328巷1號(1樓),豬肉,114/12/9,豬肉原產地標示,合格,,,
2628,珍品軒食品有限公司,新北市,中和區,新北市中和區中原里立德街112號地下一樓,台灣肉絲,114/9/5,豬肉原產地標示,合格,,,
2629,珍品軒食品有限公司,新北市,中和區,新北市中和區中原里立德街112號地下一樓,豬肉,114/11/11,豬肉原產地標示,合格,,,
2630,百原食品有限公司,新北市,五股區,新北市五股區興珍里中興路1段61號、59號(1樓),糖醋排骨,114/8/29,豬肉原產地標示,合格,,,
2631,寬大食品有限公司,新北市,新店區,新北市新店區民生路29號,蘑菇豬排,114/8/25,豬肉原產地標示,合格,,,
2632,寬大食品有限公司,新北市,新店區,新北市新店區民生路29號,(和榮意)-CAS上粗絲3KG/包(台灣豬),114/9/8,豬肉原產地標示,合格,,,
2633,寬大食品有限公司,新北市,新店區,新北市新店區民生路29號,豬肉,114/11/10,豬肉原產地標示,合格,,,
2859,利倉米店,新北市,土城區,新北市土城區興城路55號,花生粉,114/9/30,真菌毒素,合格,,,—
2860,全聯實業股份有限公司淡水竹圍分公司,新北市,淡水區,新北市淡水區民族路31號B1樓,油炸大土豆,114/9/25,真菌毒素,合格,,,—
3051,福亭食品工業有限公司,新北市,土城區,新北市土城區亞洲路42號,花生平(角、粉),114/12/3,真菌毒素,合格,,,—
3052,福亭食品工業有限公司,新北市,土城區,新北市土城區亞洲路42號,花生粉,114/12/3,真菌毒素,合格,,,—
3053,全聯實業股份有限公司新莊中榮分公司,新北市,新莊區,新北市新莊區中港路526、528號,蓮子,114/12/3,真菌毒素,合格,,,—
3415,台灣卡多摩嬰童股份有限公司新莊分公司,新北市,新莊區,新北市新莊區民安西路38巷2號,明治嬰兒配方食品(新配方),114/1/2,放射性核種,合格,,,嬰幼兒食品類
3416,遠東都會股份有限公司板橋店,新北市,板橋區,新北市板橋區新站路28號B1樓,芝麻醬(堅果),114/1/2,放射性核種,合格,,,
3417,日商樂比亞股份有限公司台灣分公司GlobalMall新北中和店,新北市,中和區,新北市中和區中山路3段122號B2樓,掛川綠茶2L,114/1/2,放射性核種,合格,,,
3418,家福股份有限公司台北新店分公司,新北市,新店區,新北市新店區中興路3段1號1-3樓,讚岐細烏龍麵,114/1/2,放射性核種,合格,,,
3419,家福股份有限公司台北板橋分公司,新北市,板橋區,新北市板橋區三民路2段31號B1樓,干貝柱,114/1/6,放射性核種,合格,,,
3420,家福股份有限公司蘆洲分公司,新北市,三重區,新北市三重區五華街282號,北海道原味起司球,114/1/3,放射性核種,合格,,,
3421,全聯實業股份有限公司樹林保安分公司,新北市,樹林區,新北市樹林區保安街1段183號1樓,日本王林蘋果,114/1/7,放射性核種,合格,,,
3422,全聯實業股份有限公司鴻金寶分公司,新北市,新莊區,新北市新莊區民安路188巷5號B1樓之2,花魚一夜干,114/2/3,放射性核種,合格,,,
3423,全聯實業股份有限公司中和捷運分公司,新北市,中和區,新北市中和區中山路2段269號,生活良好綜合餅乾,114/2/3,放射性核種,合格,,,
3424,統康生活事業股份有限公司中和環球分公司,新北市,中和區,新北市中和區中山路3段122號B2樓,北日本三麗鷗離子礦泉水,114/2/4,放射性核種,合格,,,
3425,媽媽好國際股份有限公司汐科營業所,新北市,汐止區,新北市汐止區南興路30號,明治嬰兒配方食品,114/2/3,放射性核種,合格,,,嬰幼兒食品類
3426,全聯實業股份有限公司三峽學成分公司,新北市,三峽區,新北市三峽區學成路97號,伊藤園OiOcha罐裝綠茶340g,114/2/3,放射性核種,合格,,,
3427,家福股份有限公司蘆洲光學分公司,新北市,蘆洲區,新北市蘆洲區光華路200號,白米,114/2/4,放射性核種,合格,,,
3428,遠百企業股份有限公司三重分公司,新北市,三重區,新北市三重區中央北路193巷45號,日本青森富士蘋果,114/2/6,放射性核種,合格,,,
3429,遠東都會股份有限公司板橋店,新北市,板橋區,新北市板橋區新站路28號B1樓,甘貝刺身,114/3/4,放射性核種,合格,,,
3430,統康生活事業股份有限公司安康分公司,新北市,新店區,新北市新店區安康路2段196號B1樓,爭鮮北海道生干貝,114/3/3,放射性核種,合格,,,
3431,林口三井台灣大創百貨股份有限公司,新北市,林口區,新北市林口區文化二路1段123號3樓,Wada寬鰹魚露,114/3/3,放射性核種,合格,,,
3432,采色實業有限公司,新北市,新店區,新北市新店區中興路3段70號6樓,和牛肋條,114/3/5,放射性核種,合格,,,
3433,家福股份有限公司中平分公司,新北市,新莊區,新北市新莊區中平路108號B1樓,日本青森縣王林蘋果,114/3/6,放射性核種,合格,,,
3434,全聯實業股份有限公司中和民樂分公司,新北市,中和區,新北市中和區民樂路3號1樓,伊藤園OIOcha罐裝綠茶340G,114/3/3,放射性核種,合格,,,
3435,全聯實業股份有限公司蘆洲中華分公司,新北市,蘆洲區,新北市蘆洲區長安街96號1樓,四葉特選鮮乳,114/3/3,放射性核種,合格,,,
3436,潤泰全球股份有限公司中和分公司,新北市,中和區,新北市中和區中山路2段228號B1樓,KIRIN午後紅茶-原味紅茶,114/3/31,放射性核種,合格,,,
3437,家福股份有限公司三重新北大道分公司,新北市,三重區,新北市三重區新北大道1段115號B1樓,立夢早乙女檸檬味挑戰超酸糖,114/3/31,放射性核種,合格,,,
3438,家福股份有限公司三重新北大道分公司,新北市,三重區,新北市三重區新北大道1段115號B1樓,日本北海道干貝,114/3/31,放射性核種,合格,,,
3439,全聯實業股份有限公司三峽安溪分公司,新北市,三峽區,新北市三峽區中華路95號1樓,生活良好信州蕎麥麵條,114/3/31,放射性核種,合格,,,
3440,統康生活事業股份有限公司林口三井分公司(miac'bon),新北市,林口區,新北市林口區文化三路1段356號,乳球(蛋酥),114/4/2,放射性核種,合格,,,嬰幼兒食品類
3441,台灣大創百貨股份有限公司板橋環球店,新北市,板橋區,新北市板橋區縣民大道2段7號B1樓,日本IRIS富士山強氣泡水,114/4/8,放射性核種,合格,,,
3442,台灣大創百貨股份有限公司板橋環球店,新北市,板橋區,新北市板橋區縣民大道2段7號B1樓,IKARI芝麻沙拉醬,114/4/8,放射性核種,合格,,,
3443,家福股份有限公司土城中央分公司,新北市,土城區,新北市土城區中央路2段191號B1樓,雪印NeoSoft脂肪抹醬,114/5/2,放射性核種,合格,,,
3444,富帆商店,新北市,中和區,新北市中和區建康路252號,滑子菇,114/5/2,放射性核種,合格,,,
3445,全聯實業股份有限公司中和民德分公司,新北市,中和區,新北市中和區民德路187號,白米,114/5/2,放射性核種,合格,,,
3446,全聯實業股份有限公司五股工商分公司,新北市,五股區,新北市五股區工商路112號1樓,鰹魚味噌,114/5/2,放射性核種,合格,,,
3447,全聯實業股份有限公司五股工商分公司,新北市,五股區,新北市五股區工商路112號1樓,北海道生干貝,114/5/2,放射性核種,合格,,,
3448,遠東都會股份有限公司板橋店,新北市,板橋區,新北市板橋區新站路28號B1樓,HIPEACE越前焙茶,114/5/5,放射性核種,合格,,,
3449,大有藥局,新北市,三重區,新北市三重區中正北路213號1、2樓,明治嬰兒配方食品(新配方),114/5/5,放射性核種,合格,,,嬰幼兒食品類
3450,大潤發流通事業股份有限公司中和分公司,新北市,中和區,新北市中和區景平路182號B1樓,特選綠茶粉,114/6/2,放射性核種,合格,,,
3451,全聯實業股份有限公司蘆洲民權分公司,新北市,蘆洲區,新北市蘆洲區民族路31號,日本生干貝,114/6/2,放射性核種,合格,,,
3452,全聯實業股份有限公司新店惠國分公司,新北市,新店區,新北市新店區中正路12號1樓,日本山藥L,114/6/3,放射性核種,合格,,,
3453,全聯實業股份有限公司新店惠國分公司,新北市,新店區,新北市新店區中正路12號1樓,生活良好一口餅乾棒,114/6/3,放射性核種,合格,,,
3454,泰山藥局,新北市,泰山區,新北市泰山區全興路214號1樓,明治成長配方食品,114/6/4,放射性核種,合格,,,嬰幼兒食品類
3455,遠東都會股份有限公司板橋店,新北市,板橋區,新北市板橋區新站路28號B1樓,六甲水,114/6/5,放射性核種,合格,,,
3456,遠東都會股份有限公司板橋店,新北市,板橋區,新北市板橋區新站路28號B1樓,日本A4純種和牛紐約克,114/6/5,放射性核種,合格,,,
3457,遠百企業股份有限公司三重分公司,新北市,三重區,新北市三重區中正北路193巷45號,白米,114/7/2,放射性核種,合格,,,
3458,娃娃城股份有限公司,新北市,板橋區,新北市板橋區新站路28號5樓,蘋果胡蘿蔔汁,114/7/3,放射性核種,合格,,,
3459,全聯實業股份有限公司新莊幸福分公司,新北市,新莊區,新北市新莊區幸福路501號,明治MINI超級杯冰淇淋MINI6入組-巧酥,114/7/3,放射性核種,合格,,,
3460,全聯實業股份有限公司淡水竹圍分公司,新北市,淡水區,新北市淡水區民族路31號B1樓,日本山藥,114/7/3,放射性核種,合格,,,
3461,台灣大創百貨股份有限公司樹林秀泰店,新北市,樹林區,新北市樹林區樹新路40之6號4樓,您的濃口綠茶,114/7/3,放射性核種,合格,,,
3462,統康生活事業股份有限公司中和環球分公司,新北市,中和區,新北市中和區中山路3段122號B2樓,丸金特選丸太大豆醬油(釀造醬油),114/7/3,放射性核種,合格,,,
3463,統康生活事業股份有限公司中和環球分公司,新北市,中和區,新北市中和區中山路3段122號B2樓,納多利起司魚板棒(辣味),114/7/3,放射性核種,合格,,,
3464,家福股份有限公司中平分公司,新北市,新莊區,新北市新莊區中平路108號B1樓,丸金旨味鰹魚鮮露(3倍濃縮),114/8/4,放射性核種,合格,,,
3465,全聯實業股份有限公司土城裕民分公司,新北市,土城區,新北市土城區裕民路116號B1樓,元氣爆發多得可鳴能量碳酸飲料,114/8/4,放射性核種,合格,,,
3466,全聯實業股份有限公司土城裕民分公司,新北市,土城區,新北市土城區裕民路116號B1樓,三幸製菓雪宿沙拉米果(北海道鮮奶油風味),114/8/4,放射性核種,合格,,,
3467,統一超商股份有限公司台北縣第二四二分公司,新北市,三重區,新北市三重區正義南路13號,KIRIN午後紅茶-無糖紅茶,114/8/4,放射性核種,合格,,,
3468,家福股份有限公司中和分公司,新北市,中和區,新北市中和區中山路2段291號B2樓,家樂氏纖穀脆-榛果可可,114/8/4,放射性核種,合格,,,
3469,遠東都會股份有限公司板橋店,新北市,板橋區,新北市板橋區新站路28號B1樓,紅松葉蟹鉗2L,114/8/5,放射性核種,合格,,,
3470,好市多股份有限公司新莊分公司,新北市,中和區,新北市中和區橋和路120號2樓之7,北海道山藥,114/8/7,放射性核種,合格,,,
3471,咖樂迪咖啡農場,新北市,林口區,新北市林口區文化三路1段356號2樓,不二家麵包超人牛乳餅,114/9/1,放射性核種,合格,,,
3472,家福股份有限公司蘆洲分公司,新北市,三重區,新北市三重區五華街282號4樓,LOTTE雪見大福麻糬冰淇淋-草莓口味家庭號,114/9/1,放射性核種,合格,,,
3473,遠東都會股份有限公司板橋店,新北市,板橋區,新北市板橋區新站路28號B1樓,北海道白味噌,114/9/1,放射性核種,合格,,,
3474,全聯實業股份有限公司鶯歌尖山分公司,新北市,鶯歌區,新北市鶯歌區尖山路276之5號,生活良好日式細麵,114/9/1,放射性核種,合格,,,
3475,台灣無印良品股份有限公司中和環球門市,新北市,中和區,新北市中和區中山路3段122號2樓,PET無咖啡因五米茶,114/9/2,放射性核種,合格,,,
3476,家福股份有限公司板橋文化分公司,新北市,板橋區,新北市板橋區文化路2段313號B1樓,家樂福日本北海道干貝,114/9/3,放射性核種,合格,,,
3477,築間餐飲事業股份有限公司新北三重店,新北市,三重區,新北市三重區重新路2段100號,極上A5和牛,114/9/4,放射性核種,合格,,,
3478,台灣咖樂迪股份有限公司板橋車站店,新北市,板橋區,新北市板橋區縣民大道2段7號B1樓,不二家麵包超人牛乳餅,114/10/1,放射性核種,合格,,,
3479,台灣壽司郎股份有限公司淡水新市店,新北市,淡水區,新北市淡水區濱海路1段36號,秋刀魚,114/10/2,放射性核種,合格,,,
3480,家福股份有限公司土城中央分公司,新北市,土城區,新北市土城區中央路2段191號B1樓,桑格利亞你的茶,114/10/2,放射性核種,合格,,,
3481,家福股份有限公司中平分公司,新北市,新莊區,新北市新莊區中平路108號B1樓,金必土星星造型可可味餅乾棒(盒裝),114/10/3,放射性核種,合格,,,
3482,統康生活事業股份有限公司中和環球分公司,新北市,中和區,新北市中和區中山路3段122號B2樓,爭鮮北海道生干貝,114/10/3,放射性核種,合格,,,
3483,統康生活事業股份有限公司中和環球分公司,新北市,中和區,新北市中和區中山路3段122號B2樓,日本土岐蘋果,114/10/3,放射性核種,合格,,,
3484,台灣壽司郎股份有限公司,新北市,林口區,新北市林口區民富街110號,生凍秋鮭魚柳S,114/10/8,放射性核種,合格,,,
3485,全聯實業股份有限公司永和竹林分公司,新北市,永和區,新北市永和區竹林路73之1號,北海道函館直送3.7鮮乳,114/11/3,放射性核種,合格,,,
3486,統康生活事業股份有限公司玫瑰分公司,新北市,新店區,新北市新店區如意街95號,北海道山藥,114/11/3,放射性核種,合格,,,
3487,玥盛股份有限公司樹欣分公司,新北市,樹林區,新北市樹林區樹新路125號,明治成長配方食品,114/11/3,放射性核種,合格,,,嬰幼兒食品類
3488,全聯實業股份有限公司泰山全興分公司,新北市,泰山區,新北市泰山區全興路101號,KIRIN午後紅茶-原味紅茶,114/11/4,放射性核種,合格,,,
3489,統康生活事業股份有限公司淡海分公司,新北市,淡水區,新北市淡水區中山北路1段156號1、2樓,ITSUKI京都味噌豚骨風味拉麵,114/11/4,放射性核種,合格,,,
3490,遠東都會股份有限公司板橋店,新北市,板橋區,新北市板橋區新站路28號B1樓,日清北海道札幌味噌風味麵,114/11/4,放射性核種,合格,,,
3491,遠東都會股份有限公司板橋店,新北市,板橋區,新北市板橋區新站路28號B1樓,北海道雪之雫天然礦泉水,114/11/4,放射性核種,合格,,,
3492,全聯實業股份有限公司板橋國光分公司,新北市,板橋區,新北市板橋區國光路57號B1樓,神州味噌,114/12/1,放射性核種,合格,,,
3493,全聯實業股份有限公司淡水竹圍分公司,新北市,淡水區,新北市淡水區民族路31號B1樓,生活良好紅豆羊羹,114/12/1,放射性核種,合格,,,
3494,台灣卡多摩嬰童股份有限公司樹林保安分公司,新北市,樹林區,新北市樹林區保安街1段198號,乳球小粒燒菓子(蛋酥),114/12/1,放射性核種,合格,,,嬰幼兒食品類
3495,全聯實業股份有限公司蘆洲重陽分公司,新北市,蘆洲區,新北市蘆洲區重陽街46號1樓,日本青森紅顏姬蘋果,114/12/1,放射性核種,合格,,,
3496,遠百企業股份有限公司永和分公司,新北市,永和區,新北市永和區民生路46巷46號B1樓,日本A5櫻花和牛肉片,114/12/1,放射性核種,合格,,,
3497,遠百企業股份有限公司永和分公司,新北市,永和區,新北市永和區民生路46巷46號B1樓,北海道原味起司球,114/12/1,放射性核種,合格,,,
3498,統康生活事業股份有限公司化成分公司,新北市,新莊區,新北市新莊區化成路193號1樓,KIRIN午後紅茶-原味紅茶,114/12/2,放射性核種,合格,,,
3499,家福股份有限公司台北板橋分公司,新北市,板橋區,新北市板橋區三民路二段31號B1,DeCecco義大利通心麵,114/7/4,放射性核種,合格,,,
3500,家福股份有限公司台北板橋分公司,新北市,板橋區,新北市板橋區三民路二段31號B1,Agnesi義大利螺旋麵,114/7/4,放射性核種,合格,,,
3501,家福股份有限公司台北板橋分公司,新北市,板橋區,新北市板橋區三民路二段31號B1,盛美家藍莓果醬,114/7/4,放射性核種,合格,,,
3502,家福股份有限公司台北板橋分公司,新北市,板橋區,新北市板橋區三民路二段31號B1,和法頌中央高原藍莓果醬,114/7/4,放射性核種,合格,,,
3503,家福股份有限公司台北板橋分公司,新北市,板橋區,新北市板橋區三民路二段31號B1,韓國水協-傳統四腳魚板,114/7/4,放射性核種,合格,,,
3504,遠東都會股份有限公司板橋店(CitySuper板橋店),新北市,板橋區,新北市板橋區新站路28號B1樓,Dan-DPaku有機快熟燕麥片,114/7/4,放射性核種,合格,,,
3505,遠東都會股份有限公司板橋店(CitySuper板橋店),新北市,板橋區,新北市板橋區新站路28號B1樓,蘇格蘭梅凱藍梅黑醋栗果醬,114/7/4,放射性核種,合格,,,
3506,遠東都會股份有限公司板橋店(CitySuper板橋店),新北市,板橋區,新北市板橋區新站路28號B1樓,茉莉義大利麵水管面#37,114/7/4,放射性核種,合格,,,
3507,全聯實業股份有限公司板橋中山分公司,新北市,板橋區,新北市板橋區中山路二段326號,A級冷凍藍莓,114/7/4,放射性核種,合格,,,
3508,全聯實業股份有限公司板橋中山分公司,新北市,板橋區,新北市板橋區中山路二段327號,時尚挪威鹽鯖魚,114/7/4,放射性核種,合格,,,
4282,瀚加生活美學國際有限公司,新北市,林口區,新北市林口區文化二路一段20巷11號2樓,韓爸田園日記嚴選初收孩苔,115/1/6,重金屬,不合格,17,,嬰幼兒食品
4294,天晴興業有限公司,新北市,中和區,新北市中和區碧河里錦和路3號4樓,-,114/9/3,GHP,合格,,,嬰幼兒食品
4295,天晴興業有限公司,新北市,中和區,新北市中和區碧河里錦和路3號4樓,主食1號,114/9/3,標示,合格,,,嬰幼兒食品
4296,天晴興業有限公司,新北市,中和區,新北市中和區碧河里錦和路3號4樓,主食4號,114/9/3,標示,合格,,,嬰幼兒食品
4297,天晴興業有限公司,新北市,中和區,新北市中和區碧河里錦和路3號4樓,主食6號,114/9/3,標示,合格,,,嬰幼兒食品
4298,天晴興業有限公司,新北市,中和區,新北市中和區碧河里錦和路3號4樓,糙米,114/9/3,重金屬,合格,,,嬰幼兒食品
4299,天晴興業有限公司,新北市,中和區,新北市中和區碧河里錦和路3號4樓,糙米,114/9/3,真菌毒素,合格,,,嬰幼兒食品
4300,天晴興業有限公司,新北市,中和區,新北市中和區碧河里錦和路3號4樓,糙米,114/9/3,磷化氫,合格,,,嬰幼兒食品
4301,天晴興業有限公司,新北市,中和區,新北市中和區碧河里錦和路3號4樓,主食6號,114/9/3,重金屬,合格,,,嬰幼兒食品
4302,天晴興業有限公司,新北市,中和區,新北市中和區碧河里錦和路3號4樓,主食6號,114/9/3,真菌毒素,合格,,,嬰幼兒食品
4303,天晴興業有限公司,新北市,中和區,新北市中和區碧河里錦和路3號4樓,主食6號,114/9/3,苯(a)駢芘,合格,,,嬰幼兒食品
4304,牧菓國際有限公司,新北市,樹林區,新北市樹林區金寮里武林街12之2號3樓,-,114/10/13,GHP,合格,,,嬰幼兒食品
4305,牧菓國際有限公司,新北市,樹林區,新北市樹林區金寮里武林街12之2號3樓,有機蔓越莓蘋果米餅,114/9/8,標示,合格,,,嬰幼兒食品
4306,牧菓國際有限公司,新北市,樹林區,新北市樹林區金寮里武林街12之2號3樓,有機草莓蘋果米餅,114/9/8,標示,合格,,,嬰幼兒食品
4307,牧菓國際有限公司,新北市,樹林區,新北市樹林區金寮里武林街12之2號3樓,有機芭樂地瓜米菓,114/9/8,標示,合格,,,嬰幼兒食品
4308,牧菓國際有限公司,新北市,樹林區,新北市樹林區金寮里武林街12之2號3樓,有機白米,114/9/8,重金屬,合格,,,嬰幼兒食品
4309,牧菓國際有限公司,新北市,樹林區,新北市樹林區金寮里武林街12之2號3樓,有機白米,114/9/8,真菌毒素,合格,,,嬰幼兒食品
4310,牧菓國際有限公司,新北市,樹林區,新北市樹林區金寮里武林街12之2號3樓,有機白米,114/9/8,磷化氫,合格,,,嬰幼兒食品
4311,牧菓國際有限公司,新北市,樹林區,新北市樹林區金寮里武林街12之2號3樓,有機蔓越莓蘋果米餅,114/9/8,重金屬,合格,,,嬰幼兒食品
4312,牧菓國際有限公司,新北市,樹林區,新北市樹林區金寮里武林街12之2號3樓,有機蔓越莓蘋果米餅,114/9/8,真菌毒素,合格,,,嬰幼兒食品
4313,牧菓國際有限公司,新北市,樹林區,新北市樹林區金寮里武林街12之2號3樓,有機蔓越莓蘋果米餅,114/9/8,苯(a)駢芘,合格,,,嬰幼兒食品
4314,柏鈞食品股份有限公司,新北市,三峽區,新北市三峽區嘉添里嘉添181之14號,-,114/10/9,GHP,合格,,,嬰幼兒食品
4315,柏鈞食品股份有限公司,新北市,三峽區,新北市三峽區嘉添里嘉添181之14號,帝王鱘龍粥,114/9/16,標示,合格,,,嬰幼兒食品
4316,柏鈞食品股份有限公司,新北市,三峽區,新北市三峽區嘉添里嘉添181之14號,菠菜牛肉小寶粥,114/9/16,標示,合格,,,嬰幼兒食品
4317,柏鈞食品股份有限公司,新北市,三峽區,新北市三峽區嘉添里嘉添181之14號,黑木耳雞蓉粥,114/9/16,標示,合格,,,嬰幼兒食品
4318,柏鈞食品股份有限公司,新北市,三峽區,新北市三峽區嘉添里嘉添181之14號,白米,114/9/16,重金屬,合格,,,嬰幼兒食品
4319,柏鈞食品股份有限公司,新北市,三峽區,新北市三峽區嘉添里嘉添181之14號,白米,114/9/16,真菌毒素,合格,,,嬰幼兒食品
4320,柏鈞食品股份有限公司,新北市,三峽區,新北市三峽區嘉添里嘉添181之14號,白米,114/9/16,磷化氫,合格,,,嬰幼兒食品
4321,柏鈞食品股份有限公司,新北市,三峽區,新北市三峽區嘉添里嘉添181之14號,帝王鱘龍粥,114/9/16,重金屬,合格,,,嬰幼兒食品
4322,柏鈞食品股份有限公司,新北市,三峽區,新北市三峽區嘉添里嘉添181之14號,帝王鱘龍粥,114/9/16,真菌毒素,合格,,,嬰幼兒食品
4323,柏鈞食品股份有限公司,新北市,三峽區,新北市三峽區嘉添里嘉添181之14號,帝王鱘龍粥,114/9/16,苯(a)駢芘,合格,,,嬰幼兒食品
4324,鮮湧企業股份有限公司,新北市,三重區,新北市三重區頂崁里中興北街136巷18弄18號(3、4樓),-,114/9/2,GHP,合格,,,嬰幼兒食品
4325,鮮湧企業股份有限公司,新北市,三重區,新北市三重區頂崁里中興北街136巷18弄18號(3、4樓),I02芽米高湯飯,114/9/2,標示,合格,,,嬰幼兒食品
4326,鮮湧企業股份有限公司,新北市,三重區,新北市三重區頂崁里中興北街136巷18弄18號(3、4樓),C15酪梨鮭魚蔬菜粥,114/9/2,標示,合格,,,嬰幼兒食品
4327,鮮湧企業股份有限公司,新北市,三重區,新北市三重區頂崁里中興北街136巷18弄18號(3、4樓),B02地瓜葉地瓜南瓜粥,114/9/2,標示,合格,,,嬰幼兒食品
4328,鮮湧企業股份有限公司,新北市,三重區,新北市三重區頂崁里中興北街136巷18弄18號(3、4樓),有機米,114/9/2,重金屬,合格,,,嬰幼兒食品
4329,鮮湧企業股份有限公司,新北市,三重區,新北市三重區頂崁里中興北街136巷18弄18號(3、4樓),有機米,114/9/2,真菌毒素,合格,,,嬰幼兒食品
4330,鮮湧企業股份有限公司,新北市,三重區,新北市三重區頂崁里中興北街136巷18弄18號(3、4樓),有機米,114/9/2,磷化氫,合格,,,嬰幼兒食品
4331,鮮湧企業股份有限公司,新北市,三重區,新北市三重區頂崁里中興北街136巷18弄18號(3、4樓),B02地瓜葉地瓜南瓜粥,114/9/2,重金屬,合格,,,嬰幼兒食品
4332,鮮湧企業股份有限公司,新北市,三重區,新北市三重區頂崁里中興北街136巷18弄18號(3、4樓),B02地瓜葉地瓜南瓜粥,114/9/2,真菌毒素,合格,,,嬰幼兒食品
4333,鮮湧企業股份有限公司,新北市,三重區,新北市三重區頂崁里中興北街136巷18弄18號(3、4樓),B02地瓜葉地瓜南瓜粥,114/9/2,苯(a)駢芘,合格,,,嬰幼兒食品
4334,舒果寶有限公司五股廠,新北市,五股區,新北市五股區興珍里五權七路47號3樓,-,114/9/4,GHP,合格,,,嬰幼兒食品
4335,舒果寶有限公司五股廠,新北市,五股區,新北市五股區興珍里五權七路47號3樓,大寶-花椰綜合鮮蔬粥200g,114/10/20,標示,合格,,,嬰幼兒食品
4336,舒果寶有限公司五股廠,新北市,五股區,新北市五股區興珍里五權七路47號3樓,中寶-蔥時蔬牛肉粥PLUS,114/10/20,標示,合格,,,嬰幼兒食品
4337,舒果寶有限公司五股廠,新北市,五股區,新北市五股區興珍里五權七路47號3樓,中寶-紅蘿蔔小米粥,114/10/20,標示,合格,,,嬰幼兒食品
4338,舒果寶有限公司五股廠,新北市,五股區,新北市五股區興珍里五權七路47號3樓,有機白米,114/9/4,重金屬,合格,,,嬰幼兒食品
4339,舒果寶有限公司五股廠,新北市,五股區,新北市五股區興珍里五權七路47號3樓,有機白米,114/9/4,真菌毒素,合格,,,嬰幼兒食品
4340,舒果寶有限公司五股廠,新北市,五股區,新北市五股區興珍里五權七路47號3樓,有機白米,114/9/4,磷化氫,合格,,,嬰幼兒食品
4341,舒果寶有限公司五股廠,新北市,五股區,新北市五股區興珍里五權七路47號3樓,小寶-小松菜米糊,114/9/4,重金屬,合格,,,嬰幼兒食品
4342,舒果寶有限公司五股廠,新北市,五股區,新北市五股區興珍里五權七路47號3樓,小寶-小松菜米糊,114/9/4,真菌毒素,合格,,,嬰幼兒食品
4343,舒果寶有限公司五股廠,新北市,五股區,新北市五股區興珍里五權七路47號3樓,小寶-小松菜米糊,114/9/4,苯(a)駢芘,合格,,,嬰幼兒食品
4487,全聯實業股份有限公司中和南華分公司,新北市,中和區,新北市中和區南華路27號B1樓,小麥胚芽粉,114/9/30,重金屬,合格,,,
4488,里仁事業股份有限公司淡水分公司,新北市,淡水區,新北市淡水區中正路240號1樓,小麥胚芽,114/9/30,重金屬,合格,,,
4495,統康生活事業股份有限公司民族分公司,新北市,新店區,新北市新店區民族路71號,有機小白菜,114/9/30,重金屬,合格,,,
4496,棉花田生機園地股份有限公司新莊新泰門市,新北市,新莊區,新北市新莊區新泰路97號1樓,有機青江菜,114/9/30,重金屬,合格,,,
4497,築間餐飲事業股份有限公司板橋館前營業所,新北市,板橋區,新北市板橋區館前東路96號,地瓜葉,114/9/30,重金屬,合格,,,
4517,18號尚益漁產行.阿雪新鮮漁貨,新北市,萬里區,新北市萬里區漁澳16之2號,花蟹,114/10/1,重金屬,合格,,,
4538,全聯實業股份有限公司中和南華分公司,新北市,中和區,新北市中和區南華路27號B1樓,鴨農皮蛋,114/9/30,重金屬,合格,,,
4539,棉花田生機園地股份有限公司新莊新泰門市,新北市,新莊區,新北市新莊區新泰路97號1樓,松花皮蛋,114/9/30,重金屬,合格,,,
4540,統康生活事業股份有限公司民族分公司,新北市,新店區,新北市新店區民族路71號,廣大利松花溏心皮蛋,114/9/30,重金屬,合格,,,
4550,宜安藥局,新北市,中和區,新北市中和區宜安路146號1樓,京田製菓巧虎寶寶米餅,114/9/30,重金屬,合格,,,嬰幼兒食品
4551,全聯實業股份有限公司林口公園分公司,新北市,林口區,新北市林口區公園路59號,三立幼兒米餅,114/9/30,重金屬,合格,,,嬰幼兒食品
4552,全聯實業股份有限公司三重湯城分公司,新北市,三重區,新北市三重區重新路5段609巷10號B1樓,三立蔬菜味米餅,114/9/30,重金屬,合格,,,嬰幼兒食品
4553,臺灣卡多摩嬰童館股份有限公司板橋忠孝分公司,新北市,板橋區,新北市板橋區忠孝路41號1樓,桂格無添加寶寶粥牛肉蕃茄,114/10/8,重金屬,合格,,,嬰幼兒食品
4614,新加坡商粟野有限公司,新北市,蘆洲區,新北市蘆洲區信義路73巷6號,-,114/4/30,GHP,合格,,,
4615,聚儷貿易有限公司,新北市,汐止區,新北市汐止區福德一路392巷32號,-,114/3/21,GHP,合格,,,
4616,佛統企業股份有限公司,新北市,土城區,新北市土城區中央路4段281號3樓,-,114/5/12,GHP,合格,,,
4617,活力貿易有限公司,新北市,瑞芳區,新北市瑞芳區明燈路3段189號,-,114/8/27,GHP,合格,,,
4618,鮮賦有限公司,新北市,新莊區,新北市新莊區中華路二段77號5樓,-,114/7/4,GHP,合格,,,
4619,悠西將日貨舖,新北市,板橋區,新北市板橋區四維路291巷2弄5之1號,-,114/6/18,GHP,合格,,,
4620,利印國際有限公司,新北市,板橋區,新北市板橋區漢生西路89巷2弄13號,-,114/3/19,GHP,合格,,,
4621,大鬍子有限公司,新北市,淡水區,新北市淡水區英專路180之1號10樓,-,114/4/11,GHP,合格,,,
4622,弘昌肉品企業社,新北市,永和區,新北市永和區中正路7號3樓,-,114/4/25,GHP,合格,,,
4623,永勁國際貿易有限公司,新北市,鶯歌區,新北市鶯歌區永吉街30號,-,114/3/27,GHP,合格,,,
4624,常得國際有限公司,新北市,林口區,新北市林口區三民路185號2樓,-,114/4/15,GHP,合格,,,
4625,摩登富有限公司,新北市,汐止區,新北市汐止區福德一路351巷9號,-,114/7/9,GHP,合格,,,
4626,弘芙有限公司,新北市,三峽區,新北市三峽區安坑43之2號,-,114/4/23,GHP,合格,,,
4627,心伝食材網有限公司,新北市,林口區,新北市林口區佳林路56巷6弄8號2樓,-,114/4/22,GHP,合格,,,
4628,柏和企業有限公司,新北市,林口區,新北市林口區中北一街49巷2號,-,114/4/30,GHP,合格,,,
4629,西霸企業有限公司,新北市,新店區,新北市新店區中正路四維巷2弄5號5樓,-,114/4/15,GHP,合格,,,
4630,鴻地國際有限公司,新北市,汐止區,新北市汐止區福德一路381巷7號(1樓),-,114/4/25,GHP,合格,,,
4631,量華貿易股份有限公司,新北市,林口區,新北市林口區民享路30之15號(2樓),-,114/6/27,GHP,合格,,,
4632,耆盛企業股份有限公司,新北市,樹林區,新北市樹林區八德街280巷3號(4樓),-,114/3/19,GHP,合格,,,
4633,偉創貿易有限公司,新北市,五股區,新北市五股區西雲路203巷17號3樓,-,114/5/13,GHP,合格,,,
4634,享記食品有限公司,新北市,汐止區,新北市汐止區大同路3段369巷25號,-,114/4/22,GHP,合格,,,
4635,宗寅國際實業有限公司,新北市,五股區,新北市五股區五權路21號之1,-,114/5/6,GHP,合格,,,
4636,山多利貿易有限公司,新北市,蘆洲區,新北市蘆洲區長安街248之6號6樓,-,114/6/12,GHP,合格,,,
4637,文多利國際貿易有限公司,新北市,蘆洲區,新北市蘆洲區長安街248之7號6樓,-,114/6/12,GHP,合格,,,
4638,武鶴國際貿易有限公司,新北市,樹林區,新北市樹林區西圳街1段117之3號,-,114/3/27,GHP,合格,,,
4778,元發商行,新北市,淡水區,新北市淡水區民族路29巷8號,—,114/9/10,GHP,合格,,,
4780,兆豐雜糧行,新北市,永和區,新北市永和區保平路50巷8弄4號1樓,—,114/8/27,GHP,合格,,,
4782,全年雜糧行,新北市,新莊區,新北市新莊區福壽街56之1號1樓,—,114/8/29,GHP,合格,,,
4784,全聯實業股份有限公司板橋國慶分公司,新北市,板橋區,新北市板橋區重慶路247號1樓,—,114/9/8,GHP,合格,,,
4786,全聯實業股份有限公司新店建國分公司,新北市,新店區,新北市新店區大豐里建國路210號1樓,—,114/8/27,GHP,合格,,,
4788,吉豐雜糧行,新北市,中和區,新北市中和區建八路142號,—,114/9/11,GHP,合格,,,
4790,里仁事業股份有限公司,新北市,林口區,新北市林口區文化三路1段465號,—,114/9/8,GHP,合格,,,
4792,里仁事業股份有限公司永和永貞分公司,新北市,中和區,新北市中和區永貞路229號,—,114/8/27,GHP,合格,,,
4794,昶陞商行,新北市,新莊區,新北市新莊區五工三路94巷6號,—,114/9/8,GHP,合格,,,
4796,家福股份有限公司蘆洲分公司,新北市,三重區,新北市三重區五華街282號,—,114/9/19,GHP,合格,,,
4798,菖駿企業社,新北市,三重區,新北市三重區三張街111之1號1樓,—,114/9/17,GHP,合格,,,
4800,新北市中和區農會農特產品供應中心,新北市,中和區,新北市中和區中和路35號之1,—,114/9/11,GHP,合格,,,
4802,新北市樹林區農會農特產品直銷中心,新北市,樹林區,新北市樹林區柑園街2段18號B1,—,114/8/27,GHP,合格,,,
4804,毅圓商行,新北市,汐止區,新北市汐止區中興路110巷3號,—,114/9/17,GHP,合格,,,
4806,糧泰雜糧行,新北市,樹林區,新北市樹林區育英街43號,—,114/8/27,GHP,合格,,,
4808,蘇O儀攤商,新北市,板橋區,新北市板橋區,—,114/9/16,GHP,合格,,,
5138,元發商行,新北市,淡水區,新北市淡水區民族路29巷8號,梅干菜,114/8/29,漂白劑、防腐劑,合格,,,
5139,兆豐雜糧行,新北市,永和區,新北市永和區保平路50巷8弄4之1號,朴菜,114/8/27,漂白劑、防腐劑,合格,,,
5140,全年雜糧行,新北市,新莊區,新北市新莊區福壽街56之1號1樓,雲筍尾,114/8/29,漂白劑、防腐劑,合格,,,
5141,全聯實業股份有限公司板橋國慶分公司,新北市,板橋區,新北市板橋區重慶路247號1樓,福松香筍,114/8/27,漂白劑、防腐劑,合格,,,
5142,全聯實業股份有限公司新店建國分公司,新北市,新店區,新北市新店區大豐里建國路210號1樓,華南香辣蘿蔔,114/8/27,漂白劑、防腐劑,合格,,,
5143,吉豐雜糧行,新北市,中和區,新北市中和區建八路142號,酸菜,114/8/27,漂白劑、防腐劑,合格,,,
5144,里仁事業股份有限公司,新北市,林口區,新北市林口區文化三路1段465號,客家酸菜,114/9/8,漂白劑、防腐劑,合格,,,
5145,里仁事業股份有限公司永和永貞分公司,新北市,中和區,新北市中和區永貞路229號,酸白菜,114/8/27,漂白劑、防腐劑,合格,,,
5146,昶陞商行,新北市,新莊區,新北市新莊區五工三路94巷6號,糖醋薑,114/9/8,漂白劑、防腐劑,合格,,,
5147,家福股份有限公司蘆洲分公司,新北市,三重區,新北市三重區五華街282號,有機酸菜,114/9/1,漂白劑、防腐劑,合格,,,
5148,菖駿企業社,新北市,三重區,新北市三重區三張街111之1號1樓,酸菜,114/8/29,漂白劑、防腐劑,合格,,,
5149,新北市中和區農會農特產品供應中心,新北市,中和區,新北市中和區中和路35號之1,茶油脆剝皮辣椒,114/8/27,漂白劑、防腐劑,合格,,,
5150,新北市樹林區農會特產品直銷中心,新北市,樹林區,新北市樹林區柑園街2段18號B1樓,香筍,114/8/27,漂白劑、防腐劑,合格,,,
5151,毅圓商行,新北市,汐止區,新北市汐止區中興路110巷3號,淡榨菜絲,114/9/8,漂白劑、防腐劑,合格,,,
5152,糧泰雜糧行,新北市,樹林區,新北市樹林區育英街43號,嫩薑,114/8/27,漂白劑、防腐劑,合格,,,
5378,蘇O儀攤商,新北市,板橋區,新北市板橋區,酸菜,114/9/3,防腐劑,合格,,,
5477,元發商行,新北市,淡水區,新北市淡水區民族路29巷8號,小酸菜,114/8/29,標示,合格,,,
5478,元發商行,新北市,淡水區,新北市淡水區民族路29巷8號,榨菜頭,114/8/29,標示,合格,,,
5479,兆豐雜糧行,新北市,永和區,新北市永和區保平路50巷8弄4之1號,朴菜,114/8/27,標示,合格,,,
5480,兆豐雜糧行,新北市,永和區,新北市永和區保平路50巷8弄4之1號,脫水筍干,114/8/27,標示,合格,,,
5481,全年雜糧行,新北市,新莊區,新北市新莊區福壽街56之1號1樓,高麗菜干,114/8/29,標示,合格,,,
5482,全年雜糧行,新北市,新莊區,新北市新莊區福壽街56之1號1樓,雲筍尾,114/8/29,標示,合格,,,
5483,全聯實業股份有限公司新店建國分公司,新北市,新店區,新北市新店區建國路210號1樓,華南香辣蘿蔔,114/8/27,標示,合格,,,
5484,全聯實業股份有限公司新店建國分公司,新北市,新店區,新北市新店區建國路210號1樓,愛之味鮮脆條瓜,114/8/27,標示,合格,,,
5485,吉豐雜糧行,新北市,中和區,新北市中和區建八路142號(1樓),酸菜,114/8/27,標示,合格,,,
5486,吉豐雜糧行,新北市,中和區,新北市中和區建八路142號(1樓),酸菜,114/8/27,標示,合格,,,
5487,里仁事業股份有限公司永和永貞分公司,新北市,永和區,新北市永和區永貞路229號,酸白菜,114/8/27,標示,合格,,,
5488,里仁事業股份有限公司永和永貞分公司,新北市,永和區,新北市永和區永貞路229號,剝皮辣椒,114/8/27,標示,合格,,,
5489,里仁事業股份有限公司林口文化三店,新北市,林口區,新北市林口區文化三路1段465號,客家酸菜,114/9/8,標示,合格,,,
5490,里仁事業股份有限公司林口文化三店,新北市,林口區,新北市林口區文化三路1段465號,酸白菜,114/9/8,標示,合格,,,
5491,昶陞商行,新北市,新莊區,新北市新莊區五工三路94巷6號,酸菜,114/9/8,標示,合格,,,
5492,昶陞商行,新北市,新莊區,新北市新莊區五工三路94巷6號,榨菜絲,114/9/8,標示,合格,,,
5493,家福股份有限公司蘆洲分公司,新北市,三重區,新北市三重區五華街282號,酸白菜,114/9/1,標示,合格,,,
5494,家福股份有限公司蘆洲分公司,新北市,三重區,新北市三重區五華街282號,有機酸菜,114/9/1,標示,合格,,,
5495,菖駿企業社,新北市,三重區,新北市三重區三張街111之1號1樓,酸菜,114/8/29,標示,合格,,,
5496,菖駿企業社,新北市,三重區,新北市三重區三張街111之1號1樓,酸菜,114/8/29,標示,合格,,,
5497,新北市中和區農會農特產品供應中心,新北市,中和區,新北市中和區中和路35號之1,茶油脆剝皮辣椒,114/8/27,標示,合格,,,
5498,新北市中和區農會農特產品供應中心,新北市,中和區,新北市中和區中和路35號之1,愛之味壺底蔭瓜,114/8/27,標示,合格,,,
5499,新北市樹林區農會特產品直銷中心,新北市,樹林區,新北市樹林區柑園街2段18號B1樓,香筍,114/8/27,標示,合格,,,
5500,新北市樹林區農會特產品直銷中心,新北市,樹林區,新北市樹林區柑園街2段18號B1樓,客家菜脯,114/8/27,標示,合格,,,
5501,糧泰雜糧行,新北市,樹林區,新北市樹林區育英街43號,嫩薑,114/8/27,標示,合格,,,
5502,糧泰雜糧行,新北市,樹林區,新北市樹林區育英街43號,愛之味韓式泡菜,114/8/27,標示,合格,,,
5503,蘇O儀攤商,新北市,板橋區,新北市板橋區,脆筍片,114/9/3,標示,合格,,,
5504,蘇O儀攤商,新北市,板橋區,新北市板橋區,淡榨菜,114/9/3,標示,合格,,,
5810,八里國中,新北市,八里區,新北市八里區荖阡坑路15號,豬肉,114/9/3,豬肉原產地標示,合格,,,
5812,聖心女中,新北市,八里區,新北市八里區龍米路一段263號,豬肉,114/9/1,豬肉原產地標示,合格,,,
5814,三芝國小,新北市,三芝區,新北市三芝區育英街22號,豬肉,114/9/11,豬肉原產地標示,合格,,,
5816,橫山國小,新北市,三芝區,新北市三芝區橫山里86號,豬前腿肉,114/9/11,豬肉原產地標示,合格,,,
5818,光榮國小,新北市,三重區,新北市三重區介壽路32號,豬肉,114/9/5,豬肉原產地標示,合格,,,
5820,正義國小,新北市,三重區,新北市三重區信義西街31號,豬肉,114/9/5,豬肉原產地標示,合格,,,
5822,明德高中,新北市,三峽區,新北市三峽區中正路二段399號,粗絞肉,114/9/15,豬肉原產地標示,合格,,,
5824,北大國小,新北市,三峽區,新北市三峽區國光街100號,龍骨,114/9/10,豬肉原產地標示,合格,,,
5826,頂埔國小,新北市,土城區,新北市土城區中央路四段205號,沙茶豬肉炒麵,114/10/13,豬肉原產地標示,合格,,,
5828,漳和國中,新北市,中和區,新北市中和區廣福路39號,肉片,114/9/4,豬肉原產地標示,合格,,,
5830,十分國小,新北市,平溪區,新北市平溪區十分街157號,小里肌肉絲,114/9/2,豬肉原產地標示,合格,,,
5832,菁桐國小,新北市,平溪區,新北市平溪區菁桐街45號,排骨丁,114/9/2,豬肉原產地標示,合格,,,
5834,平溪國中,新北市,平溪區,新北市平溪區靜安路二段295號,豬骨,114/9/2,豬肉原產地標示,合格,,,
5836,永平國小,新北市,永和區,新北市永和區保生路25號,豬肉,114/9/1,豬肉原產地標示,合格,,,
5838,石門實驗國中,新北市,石門區,新北市石門區中央路1-9號,豬肉,114/9/2,豬肉原產地標示,合格,,,
5840,老梅實驗國小,新北市,石門區,新北市石門區老梅里老梅路10號,豬肉,114/9/2,豬肉原產地標示,合格,,,
5842,乾華國小,新北市,石門區,新北市石門區茂林社區74號,豬肉,114/9/2,豬肉原產地標示,合格,,,
5844,石碇高中,新北市,石碇區,新北市石碇區隆盛里八分寮45號,豬肉,114/10/2,豬肉原產地標示,合格,,,
5846,秀峰國小,新北市,汐止區,新北市汐止區仁愛路90號,豬腱丁,114/9/8,豬肉原產地標示,合格,,,
5848,長安國小,新北市,汐止區,新北市汐止區長興街一段80號,豬肉,114/9/19,豬肉原產地標示,合格,,,
5850,崇德國小,新北市,汐止區,新北市汐止區茄苳路158號,豬肉,114/9/25,豬肉原產地標示,合格,,,
5852,板橋國小,新北市,板橋區,新北市板橋區文化路一段23號,前腿肉片,114/9/12,豬肉原產地標示,合格,,,
5854,江翠國中,新北市,板橋區,新北市板橋區松江街63號,前腿肉,114/9/11,豬肉原產地標示,合格,,,
5856,溪洲國小,新北市,板橋區,新北市板橋區金門街289號,前腿肉塊,114/9/15,豬肉原產地標示,合格,,,
5858,溪洲國小,新北市,板橋區,新北市板橋區金門街289號,絞肉,114/9/15,豬肉原產地標示,合格,,,
5860,忠孝國中,新北市,板橋區,新北市板橋區重慶路168號,前腿肉角,114/9/4,豬肉原產地標示,合格,,,
5862,新埔國小,新北市,板橋區,新北市板橋區陽明街206號,培根,114/9/11,豬肉原產地標示,合格,,,
5864,興福國小,新北市,林口區,新北市林口區下福里20鄰10-1號,豬肉,114/10/8,豬肉原產地標示,合格,,,
5866,金山高中,新北市,金山區,新北市金山區文化二路二號,豬肉,114/10/1,豬肉原產地標示,合格,,,
5868,烏來國中小,新北市,烏來區,新北市烏來區啦卡路5號,信功大骨段,114/9/11,豬肉原產地標示,合格,,,
5870,澳底國小,新北市,貢寮區,新北市貢寮區延平街10號,冷凍肉絲,114/9/15,豬肉原產地標示,合格,,,
5872,澳底國小,新北市,貢寮區,新北市貢寮區延平街10號,冷凍肉片,114/9/15,豬肉原產地標示,合格,,,
5874,福隆國小,新北市,貢寮區,新北市貢寮區東興街35號,冷凍前腿肉片,114/9/15,豬肉原產地標示,合格,,,
5876,新市國小,新北市,淡水區,新北市淡水區中山北路2段200號,豬肉,114/9/15,豬肉原產地標示,合格,,,
5878,淡海國小,新北市,淡水區,新北市淡水區新市二路二段81號,豬肉片,114/9/9,豬肉原產地標示,合格,,,
5880,鄧公國小,新北市,淡水區,新北市淡水區學府路99號,肉絲,114/9/15,豬肉原產地標示,合格,,,
5882,深坑國小,新北市,深坑區,新北市深坑區文化街45號,粗絞肉,114/9/4,豬肉原產地標示,合格,,,
5884,中正國小,新北市,新店區,新北市新店區三民路36號,咖哩豬,114/9/1,豬肉原產地標示,合格,,,
5886,國泰國小,新北市,新莊區,新北市新莊區中正路386號,豬肉,114/9/25,豬肉原產地標示,合格,,,
5888,中港國小,新北市,新莊區,新北市新莊區中港一街142號,絞肉玉米,114/9/3,豬肉原產地標示,合格,,,
5890,豐年國小,新北市,新莊區,新北市新莊區瓊泰路116號,豬肉,114/9/25,豬肉原產地標示,合格,,,
5892,瑞芳國小,新北市,瑞芳區,新北市瑞芳區中山路2號,豬肉,114/9/19,豬肉原產地標示,合格,,,
5894,時雨高中,新北市,瑞芳區,新北市瑞芳區祈堂路217號,豬肉,114/10/16,豬肉原產地標示,合格,,,
5896,義方國小,新北市,瑞芳區,新北市瑞芳區逢甲路360號,雅勝軟骨排丁,114/9/19,豬肉原產地標示,合格,,,
5898,瑞濱國小,新北市,瑞芳區,新北市瑞芳區瑞濱路34號,豬肉,114/10/16,豬肉原產地標示,合格,,,
5900,大鵬國小,新北市,萬里區,新北市萬里區大鵬里萬里加投14號,豬肉,114/9/16,豬肉原產地標示,合格,,,
5902,野柳國小,新北市,萬里區,新北市萬里區野柳里港東路167號,豬肉,114/9/16,豬肉原產地標示,合格,,,
5904,萬里國小,新北市,萬里區,新北市萬里區瑪鋉路18號,豬肉,114/9/16,豬肉原產地標示,合格,,,
5906,山佳國小,新北市,樹林區,新北市樹林區中山路三段五號,嘉一香絞肉,114/9/9,豬肉原產地標示,合格,,,
5908,彭福國小,新北市,樹林區,新北市樹林區忠孝街30號,嘉一香前腿肉絲,114/9/9,豬肉原產地標示,合格,,,
5910,武林國小,新北市,樹林區,新北市樹林區保安街二段151號,大骨湯,114/9/4,豬肉原產地標示,合格,,,
5912,雙溪高中,新北市,雙溪區,新北市雙溪區梅竹蹊3號,豬肉,114/10/9,豬肉原產地標示,合格,,,
5914,鳳鳴國小,新北市,鶯歌區,新北市鶯歌區永和街120號,腿肉片,114/9/17,豬肉原產地標示,合格,,,
5943,八里國中,新北市,八里區,新北市八里區荖阡坑路15號,-,114/9/1,GHP,合格,,,
5945,聖心女中,新北市,八里區,新北市八里區龍米路一段263號,-,114/9/18,GHP,合格,,,
5947,三芝國小,新北市,三芝區,新北市三芝區育英街22號,-,114/9/11,GHP,合格,,,
5949,橫山國小,新北市,三芝區,新北市三芝區橫山里86號,-,114/9/11,GHP,合格,,,
5951,光榮國小,新北市,三重區,新北市三重區介壽路32號,-,114/9/5,GHP,合格,,,
5953,正義國小,新北市,三重區,新北市三重區信義西街31號,-,114/9/5,GHP,合格,,,
5955,明德高中,新北市,三峽區,新北市三峽區中正路二段399號,-,114/9/15,GHP,合格,,,
5957,北大國小,新北市,三峽區,新北市三峽區國光街100號,-,114/9/10,GHP,合格,,,
5959,頂埔國小,新北市,土城區,新北市土城區中央路四段205號,-,114/10/13,GHP,合格,,,
5961,漳和國中,新北市,中和區,新北市中和區廣福路39號,-,114/9/4,GHP,合格,,,
5963,十分國小,新北市,平溪區,新北市平溪區十分街157號,-,114/9/2,GHP,合格,,,
5965,菁桐國小,新北市,平溪區,新北市平溪區菁桐街45號,-,114/9/2,GHP,合格,,,
5967,平溪國中,新北市,平溪區,新北市平溪區靜安路二段295號,-,114/9/2,GHP,合格,,,
5969,永平國小,新北市,永和區,新北市永和區保生路25號,-,114/9/1,GHP,合格,,,
5971,石門實驗國中,新北市,石門區,新北市石門區中央路1-9號,-,114/9/2,GHP,合格,,,
5973,老梅實驗國小,新北市,石門區,新北市石門區老梅里老梅路10號,-,114/9/2,GHP,合格,,,
5975,乾華國小,新北市,石門區,新北市石門區茂林社區74號,-,114/9/2,GHP,合格,,,
5977,石碇高中,新北市,石碇區,新北市石碇區隆盛里八分寮45號,-,114/10/2,GHP,合格,,,
5979,秀峰國小,新北市,汐止區,新北市汐止區仁愛路90號,-,114/9/8,GHP,合格,,,
5981,長安國小,新北市,汐止區,新北市汐止區長興街一段80號,-,114/9/19,GHP,合格,,,
5983,崇德國小,新北市,汐止區,新北市汐止區茄苳路158號,-,114/9/25,GHP,合格,,,
5985,板橋國小,新北市,板橋區,新北市板橋區文化路一段23號,-,114/9/12,GHP,合格,,,
5987,江翠國中,新北市,板橋區,新北市板橋區松江街63號,-,114/9/11,GHP,合格,,,
5989,溪洲國小,新北市,板橋區,新北市板橋區金門街289號,-,114/9/15,GHP,合格,,,
5991,忠孝國中,新北市,板橋區,新北市板橋區重慶路168號,-,114/9/4,GHP,合格,,,
5993,新埔國小,新北市,板橋區,新北市板橋區陽明街206號,-,114/9/11,GHP,合格,,,
5995,興福國小,新北市,林口區,新北市林口區下福里20鄰10-1號,-,114/10/8,GHP,合格,,,
5997,金山高中,新北市,金山區,新北市金山區文化二路二號,-,114/10/1,GHP,合格,,,
5999,烏來國中小,新北市,烏來區,新北市烏來區啦卡路5號,-,114/9/11,GHP,合格,,,
6001,澳底國小,新北市,貢寮區,新北市貢寮區延平街10號,-,114/9/15,GHP,合格,,,
6003,福隆國小,新北市,貢寮區,新北市貢寮區東興街35號,-,114/9/15,GHP,合格,,,
6005,新市國小,新北市,淡水區,新北市淡水區中山北路2段200號,-,114/9/15,GHP,合格,,,
6007,淡海國小,新北市,淡水區,新北市淡水區新市二路二段81號,-,114/9/9,GHP,合格,,,
6009,鄧公國小,新北市,淡水區,新北市淡水區學府路99號,-,114/9/15,GHP,合格,,,
6011,深坑國小,新北市,深坑區,新北市深坑區文化街45號,-,114/9/4,GHP,合格,,,
6013,中正國小,新北市,新店區,新北市新店區三民路36號,-,114/9/1,GHP,合格,,,
6015,國泰國小,新北市,新莊區,新北市新莊區中正路386號,-,114/9/25,GHP,合格,,,
6017,中港國小,新北市,新莊區,新北市新莊區中港一街142號,-,114/9/3,GHP,合格,,,
6019,豐年國小,新北市,新莊區,新北市新莊區瓊泰路116號,-,114/9/25,GHP,合格,,,
6021,瑞芳國小,新北市,瑞芳區,新北市瑞芳區中山路2號,-,114/9/19,GHP,合格,,,
6023,時雨高中,新北市,瑞芳區,新北市瑞芳區祈堂路217號,-,114/10/16,GHP,合格,,,
6025,義方國小,新北市,瑞芳區,新北市瑞芳區逢甲路360號,-,114/9/19,GHP,合格,,,
6027,瑞濱國小,新北市,瑞芳區,新北市瑞芳區瑞濱路34號,-,114/10/16,GHP,合格,,,
6029,大鵬國小,新北市,萬里區,新北市萬里區大鵬里萬里加投14號,-,114/9/16,GHP,合格,,,
6031,野柳國小,新北市,萬里區,新北市萬里區野柳里港東路167號,-,114/9/16,GHP,合格,,,
6033,萬里國小,新北市,萬里區,新北市萬里區瑪鋉路18號,-,114/9/16,GHP,合格,,,
6035,山佳國小,新北市,樹林區,新北市樹林區中山路三段五號,-,114/9/9,GHP,合格,,,
6037,彭福國小,新北市,樹林區,新北市樹林區忠孝街30號,-,114/9/9,GHP,合格,,,
6039,武林國小,新北市,樹林區,新北市樹林區保安街二段151號,-,114/9/4,GHP,合格,,,
6041,雙溪高中,新北市,雙溪區,新北市雙溪區梅竹蹊3號,-,114/10/9,GHP,合格,,,
6043,鳳鳴國小,新北市,鶯歌區,新北市鶯歌區永和街120號,-,114/9/17,GHP,合格,,,
7835,八里國中,新北市,八里區,新北市八里區荖阡坑路15號,自立午餐,114/9/3,食品微生物,合格,,,
7837,聖心女中,新北市,八里區,新北市八里區龍米路一段263號,自立午餐,114/9/18,食品微生物,合格,,,
7839,三芝國小,新北市,三芝區,新北市三芝區育英街22號,自立午餐,114/9/11,食品微生物,合格,,,
7841,橫山國小,新北市,三芝區,新北市三芝區橫山里86號,自立午餐,114/9/11,食品微生物,合格,,,
7843,光榮國小,新北市,三重區,新北市三重區介壽路32號,自立午餐,114/9/5,食品微生物,合格,,,
7845,正義國小,新北市,三重區,新北市三重區信義西街31號,自立午餐,114/9/5,食品微生物,合格,,,
7847,明德高中,新北市,三峽區,新北市三峽區中正路二段399號,自立午餐,114/9/15,食品微生物,合格,,,
7849,北大國小,新北市,三峽區,新北市三峽區國光街100號,自立午餐,114/9/10,食品微生物,合格,,,
7851,頂埔國小,新北市,土城區,新北市土城區中央路四段205號,自立午餐,114/10/13,食品微生物,合格,,,
7853,漳和國中,新北市,中和區,新北市中和區廣福路39號,自立午餐,114/9/4,食品微生物,合格,,,
7855,十分國小,新北市,平溪區,新北市平溪區十分街157號,自立午餐,114/9/2,食品微生物,合格,,,
7857,菁桐國小,新北市,平溪區,新北市平溪區菁桐街45號,自立午餐,114/9/2,食品微生物,合格,,,
7859,平溪國中,新北市,平溪區,新北市平溪區靜安路二段295號,自立午餐,114/9/2,食品微生物,合格,,,
7861,永平國小,新北市,永和區,新北市永和區保生路25號,自立午餐,114/9/1,食品微生物,合格,,,
7863,石門實驗國中,新北市,石門區,新北市石門區中央路1-9號,自立午餐,114/9/11,食品微生物,合格,,,
7865,老梅實驗國小,新北市,石門區,新北市石門區老梅里老梅路10號,自立午餐,114/9/11,食品微生物,合格,,,
7867,乾華國小,新北市,石門區,新北市石門區茂林社區74號,自立午餐,114/9/11,食品微生物,合格,,,
7869,石碇高中,新北市,石碇區,新北市石碇區隆盛里八分寮45號,自立午餐,114/10/2,食品微生物,合格,,,
7871,秀峰國小,新北市,汐止區,新北市汐止區仁愛路90號,自立午餐,114/9/8,食品微生物,合格,,,
7873,長安國小,新北市,汐止區,新北市汐止區長興街一段80號,自立午餐,114/9/19,食品微生物,合格,,,
7875,崇德國小,新北市,汐止區,新北市汐止區茄苳路158號,自立午餐,114/9/25,食品微生物,合格,,,
7877,板橋國小,新北市,板橋區,新北市板橋區文化路一段23號,自立午餐,114/9/12,食品微生物,合格,,,
7879,江翠國中,新北市,板橋區,新北市板橋區松江街63號,自立午餐,114/9/11,食品微生物,合格,,,
7881,溪洲國小,新北市,板橋區,新北市板橋區金門街289號,自立午餐,114/9/15,食品微生物,合格,,,
7883,忠孝國中,新北市,板橋區,新北市板橋區重慶路168號,自立午餐,114/9/4,食品微生物,合格,,,
7885,新埔國小,新北市,板橋區,新北市板橋區陽明街206號,自立午餐,114/9/11,食品微生物,合格,,,
7887,興福國小,新北市,林口區,新北市林口區下福里20鄰10-1號,自立午餐,114/10/8,食品微生物,合格,,,
7889,金山高中,新北市,金山區,新北市金山區文化二路二號,自立午餐,114/10/7,食品微生物,合格,,,
7891,烏來國中小,新北市,烏來區,新北市烏來區啦卡路5號,自立午餐,114/9/11,食品微生物,合格,,,
7893,澳底國小,新北市,貢寮區,新北市貢寮區延平街10號,自立午餐,114/9/15,食品微生物,合格,,,
7895,福隆國小,新北市,貢寮區,新北市貢寮區東興街35號,自立午餐,114/9/15,食品微生物,合格,,,
7897,新市國小,新北市,淡水區,新北市淡水區中山北路2段200號,自立午餐,114/9/26,食品微生物,合格,,,
7899,淡海國小,新北市,淡水區,新北市淡水區新市二路二段81號,自立午餐,114/9/26,食品微生物,合格,,,
7901,鄧公國小,新北市,淡水區,新北市淡水區學府路99號,自立午餐,114/9/26,食品微生物,合格,,,
7903,深坑國小,新北市,深坑區,新北市深坑區文化街45號,自立午餐,114/9/4,食品微生物,合格,,,
7905,中正國小,新北市,新店區,新北市新店區三民路36號,自立午餐,114/9/1,食品微生物,合格,,,
7907,國泰國小,新北市,新莊區,新北市新莊區中正路386號,自立午餐,114/9/25,食品微生物,合格,,,
7909,中港國小,新北市,新莊區,新北市新莊區中港一街142號,自立午餐,114/9/3,食品微生物,合格,,,
7911,豐年國小,新北市,新莊區,新北市新莊區瓊泰路116號,自立午餐,114/9/25,食品微生物,合格,,,
7913,瑞芳國小,新北市,瑞芳區,新北市瑞芳區中山路2號,自立午餐,114/9/19,食品微生物,合格,,,
7915,時雨高中,新北市,瑞芳區,新北市瑞芳區祈堂路217號,自立午餐,114/10/16,食品微生物,合格,,,
7917,義方國小,新北市,瑞芳區,新北市瑞芳區逢甲路360號,自立午餐,114/9/19,食品微生物,合格,,,
7919,瑞濱國小,新北市,瑞芳區,新北市瑞芳區瑞濱路34號,自立午餐,114/10/16,食品微生物,合格,,,
7921,大鵬國小,新北市,萬里區,新北市萬里區大鵬里萬里加投14號,自立午餐,114/9/23,食品微生物,合格,,,
7923,野柳國小,新北市,萬里區,新北市萬里區野柳里港東路167號,自立午餐,114/9/23,食品微生物,合格,,,
7925,萬里國小,新北市,萬里區,新北市萬里區瑪鋉路18號,自立午餐,114/9/23,食品微生物,合格,,,
7927,山佳國小,新北市,樹林區,新北市樹林區中山路三段五號,自立午餐,114/9/9,食品微生物,合格,,,
7929,彭福國小,新北市,樹林區,新北市樹林區忠孝街30號,自立午餐,114/9/9,食品微生物,合格,,,
7931,武林國小,新北市,樹林區,新北市樹林區保安街二段151號,自立午餐,114/9/4,食品微生物,合格,,,
7933,雙溪高中,新北市,雙溪區,新北市雙溪區梅竹蹊3號,自立午餐,114/10/9,食品微生物,合格,,,
7935,鳳鳴國小,新北市,鶯歌區,新北市鶯歌區永和街120號,自立午餐,114/9/17,食品微生物,合格,,,
8611,老梅實驗國小,新北市,石門區,新北市石門區老梅里老梅路10號,營養雞蛋麵,114/9/11,防腐劑,合格,,,
8612,板橋國小,新北市,板橋區,新北市板橋區文化路一段23號,非基改8格三角油,114/10/21,防腐劑,合格,,,
8613,江翠國中,新北市,板橋區,新北市板橋區松江街63號,非基改油丁,114/10/22,防腐劑,合格,,,
8614,新埔國小,新北市,板橋區,新北市板橋區陽明街206號,非基改凍豆腐,114/10/21,防腐劑,合格,,,
8615,興福國小,新北市,林口區,新北市林口區下福里20鄰10-1號,非基改老豆腐2kg/盒,114/10/8,防腐劑,合格,,,
8616,國泰國小,新北市,新莊區,新北市新莊區中正路386號,(炸)豆皮,114/9/25,防腐劑,合格,,,
8732,牧實生活國際有限公司,新北市,中和區,新北市中和區新南里中興街124號1樓,,114/8/29,GHP,合格,,,
8733,奕瑪國際行銷股份有限公司營養生技廠,新北市,新莊區,新北市新莊區福興里五權一路9號7樓之2,,114/8/18,GHP,合格,,,
8734,品菓優格股份有限公司,新北市,中和區,新北市中和區中安街40巷10號1F,,114/8/11,GHP,合格,,,
8766,牧實生活國際有限公司,新北市,中和區,新北市中和區新南里中興街124號1樓,牧實雪凝鮮奶,114/7/28,標示,合格,,,
8767,牧實生活國際有限公司,新北市,中和區,新北市中和區新南里中興街124號1樓,牧實優格,114/7/28,標示,合格,,,
8768,奕瑪國際行銷股份有限公司營養生技廠,新北市,新莊區,新北市新莊區福興里五權一路9號7樓之2,紅牛聰勁ID即溶乳清蛋白-輕金萱風味,114/7/16,標示,合格,,,
8769,奕瑪國際行銷股份有限公司營養生技廠,新北市,新莊區,新北市新莊區福興里五權一路9號7樓之2,紅牛聰勁能量膠-柚香檸檬風味,114/7/16,標示,合格,,,
8770,品菓優格股份有限公司,新北市,中和區,新北市中和區中安街40巷10號1F,希臘式濃縮優格-鮮奶,114/7/21,標示,合格,,,
8771,品菓優格股份有限公司,新北市,中和區,新北市中和區中安街40巷10號1F,希臘式濃縮優格-藍莓,114/7/21,標示,合格,,,
8823,牧實生活國際有限公司,新北市,中和區,新北市中和區新南里中興街124號1樓,牧實優格,114/7/28,食品中微生物,合格,,,
8824,奕瑪國際行銷股份有限公司營養生技廠,新北市,新莊區,新北市新莊區福興里五權一路9號7樓之2,全脂乳粉,114/7/10,食品中微生物、黃麴毒素,合格,,,
8825,奕瑪國際行銷股份有限公司營養生技廠,新北市,新莊區,新北市新莊區福興里五權一路9號7樓之2,紅牛聰勁即溶乳清蛋白乳酸風味,114/7/10,食品中微生物,合格,,,
8826,奕瑪國際行銷股份有限公司營養生技廠,新北市,新莊區,新北市新莊區福興里五權一路9號7樓之2,關華豆膠,114/7/10,環氧乙烷,合格,,,
8827,品菓優格股份有限公司,新北市,中和區,新北市中和區中安街40巷10號1F,希臘式濃縮優格-鮮奶,114/7/21,食品中微生物,合格,,,
9074,一条通樹林門市,新北市,樹林區,新北市樹林區中山路一段113號1樓,一条通:味噌舒肥豬,114/9/2,標示,合格,,,
9075,一条通樹林門市,新北市,樹林區,新北市樹林區中山路一段113號1樓,一条通舒肥板腱牛排切片,114/9/2,標示,合格,,,
9076,一条通樹林門市,新北市,樹林區,新北市樹林區中山路一段113號1樓,BARA燒豚切片-重組,114/9/2,標示,合格,,,
9077,一条通樹林門市,新北市,樹林區,新北市樹林區中山路一段113號1樓,-,114/9/17,GHP,合格,,,
9078,一条通樹林門市,新北市,樹林區,新北市樹林區中山路一段113號1樓,鯛魚(壽司),114/9/2,食品中微生物衛生標準,合格,,,
9079,海力士,新北市,中和區,新北市中和區仁愛路2號1樓,松阪豬,114/9/2,標示,合格,,,
9080,海力士,新北市,中和區,新北市中和區仁愛路2號1樓,麻辣牛,114/9/2,標示,合格,,,
9081,海力士,新北市,中和區,新北市中和區仁愛路2號1樓,-,114/9/22,GHP,合格,,,
9082,海力士,新北市,中和區,新北市中和區仁愛路2號1樓,松阪豬(台灣),114/9/2,動物用藥殘留,合格,,,
9083,泰之初早午餐,新北市,新莊區,新北市新莊區中信街21號1樓,絞肉,114/9/4,標示,合格,,,
9084,泰之初早午餐,新北市,新莊區,新北市新莊區中信街21號1樓,松板,114/9/4,標示,合格,,,
9085,泰之初早午餐,新北市,新莊區,新北市新莊區中信街21號1樓,派克玉米粒(易開罐),114/9/4,標示,合格,,,
9086,泰之初早午餐,新北市,新莊區,新北市新莊區中信街21號1樓,-,114/9/17,GHP,合格,,,
9087,MooseaMaze麋鹿·迷路義式餐廳,新北市,永和區,新北市永和區中正路151巷1-1號,美國板腱,114/9/1,標示,合格,,,
9088,MooseaMaze麋鹿·迷路義式餐廳,新北市,永和區,新北市永和區中正路151巷1-1號,-,114/9/1,GHP,合格,,,
9089,MooseaMaze麋鹿·迷路義式餐廳,新北市,永和區,新北市永和區中正路151巷1-1號,迷路紅茶,114/9/1,食品中微生物衛生標準,合格,,,
9090,金色三麥板橋大遠百店,新北市,板橋區,新北市板橋區新站路28號9樓,戰斧豬排,114/9/8,標示,合格,,,
9091,金色三麥板橋大遠百店,新北市,板橋區,新北市板橋區新站路28號9樓,絨豐非基改鮮嫩豆卷,114/9/8,標示,合格,,,
9092,金色三麥板橋大遠百店,新北市,板橋區,新北市板橋區新站路28號9樓,-,114/9/16,GHP,合格,,,
9093,金色三麥板橋大遠百店,新北市,板橋區,新北市板橋區新站路28號9樓,戰斧豬排(台灣豬),114/9/8,動物用藥殘留,合格,,,
9094,金色三麥板橋大遠百店,新北市,板橋區,新北市板橋區新站路28號9樓,凱薩沙拉,114/9/8,食品中微生物衛生標準,合格,,,
9095,爭鮮迴轉壽司-碧潭大全聯店,新北市,新店區,新北市新店區環河路22號B1,方型叉燒切片(SE角煮),114/9/3,標示,合格,,,
9096,爭鮮迴轉壽司-碧潭大全聯店,新北市,新店區,新北市新店區環河路22號B1,澳洲和牛切片,114/9/3,標示,合格,,,
9097,爭鮮迴轉壽司-碧潭大全聯店,新北市,新店區,新北市新店區環河路22號B1,爭鮮甜玉米粒(純素),114/9/3,標示,合格,,,
9098,爭鮮迴轉壽司-碧潭大全聯店,新北市,新店區,新北市新店區環河路22號B1,方型叉燒切片(SE角煮),114/9/3,標示,合格,,,
9099,爭鮮迴轉壽司-碧潭大全聯店,新北市,新店區,新北市新店區環河路22號B1,-,114/9/3,GHP,合格,,,
9100,涓豆腐-新莊佳瑪店,新北市,新莊區,新北市新莊區幸福路746號2樓,梅花豬,114/9/4,標示,合格,,,
9101,涓豆腐-新莊佳瑪店,新北市,新莊區,新北市新莊區幸福路746號2樓,涓豆腐-澳(紐)肩胛肉片,114/9/4,標示,合格,,,
9102,涓豆腐-新莊佳瑪店,新北市,新莊區,新北市新莊區幸福路746號2樓,-,114/9/4,GHP,合格,,,
9103,涓豆腐-新莊佳瑪店,新北市,新莊區,新北市新莊區幸福路746號2樓,梅花豬(丹麥),114/9/4,動物用藥殘留,合格,,,
9104,瓦城泰國料理-三重店,新北市,三重區,新北市三重區正義北路95號,醃松阪豬,114/9/4,標示,合格,,,
9105,瓦城泰國料理-三重店,新北市,三重區,新北市三重區正義北路95號,牛絞肉,114/9/4,標示,合格,,,
9106,瓦城泰國料理-三重店,新北市,三重區,新北市三重區正義北路95號,-,114/9/11,GHP,合格,,,
9107,瓦城泰國料理-三重店,新北市,三重區,新北市三重區正義北路95號,豬炒片(台灣),114/9/11,動物用藥殘留,合格,,,
9108,丸龜製麵70號店家樂福淡新店,新北市,淡水區,新北市淡水區中山北路二段383號3樓,五花切片,114/9/19,標示,合格,,,
9109,丸龜製麵70號店家樂福淡新店,新北市,淡水區,新北市淡水區中山北路二段383號3樓,牛培肉片,114/9/19,標示,合格,,,
9110,丸龜製麵70號店家樂福淡新店,新北市,淡水區,新北市淡水區中山北路二段383號3樓,豆皮,114/9/19,標示,合格,,,
9111,丸龜製麵70號店家樂福淡新店,新北市,淡水區,新北市淡水區中山北路二段383號3樓,-,114/9/19,GHP,合格,,,
9112,丸龜製麵70號店家樂福淡新店,新北市,淡水區,新北市淡水區中山北路二段383號3樓,烏龍麵,114/9/19,邦克列酸,合格,,,
9113,丸亀製麺63號店愛買板橋店,新北市,板橋區,新北市板橋區貴興路101號1樓,叉燒切片,114/9/10,標示,合格,,,
9114,丸亀製麺63號店愛買板橋店,新北市,板橋區,新北市板橋區貴興路101號1樓,五花切片,114/9/10,標示,合格,,,
9115,丸亀製麺63號店愛買板橋店,新北市,板橋區,新北市板橋區貴興路101號1樓,牛培肉片,114/9/10,標示,合格,,,
9116,丸亀製麺63號店愛買板橋店,新北市,板橋區,新北市板橋區貴興路101號1樓,-,114/9/18,GHP,合格,,,
9117,丸亀製麺63號店愛買板橋店,新北市,板橋區,新北市板橋區貴興路101號1樓,烏龍麵,114/9/10,邦克列酸,合格,,,
9118,天粋刺身．天ぷら,新北市,林口區,新北市林口區文化三路一段249巷32號,鹽烤牛小排,114/9/1,標示,合格,,,
9119,天粋刺身．天ぷら,新北市,林口區,新北市林口區文化三路一段249巷32號,-,114/9/12,GHP,合格,,,
9120,天粋刺身．天ぷら,新北市,林口區,新北市林口區文化三路一段249巷32號,Yamaki鰹魚醬油風味調味汁,114/9/1,防腐劑,合格,,,
9121,BELLINIPastaPasta蘆洲徐匯店,新北市,蘆洲區,新北市蘆洲區中山一路8號5樓,美國沙朗牛排,114/9/3,標示,合格,,,
9122,BELLINIPastaPasta蘆洲徐匯店,新北市,蘆洲區,新北市蘆洲區中山一路8號5樓,-,114/9/18,GHP,合格,,,
9123,BELLINIPastaPasta蘆洲徐匯店,新北市,蘆洲區,新北市蘆洲區中山一路8號5樓,食用冰塊,114/9/3,食品中微生物衛生標準,合格,,,
9124,Eatenjoy意享美式廚房,新北市,新店區,新北市新店區北新路一段88巷1-1號,火烤培根豬肉堡,114/9/2,標示,合格,,,
9125,Eatenjoy意享美式廚房,新北市,新店區,新北市新店區北新路一段88巷1-1號,老奶奶肉丸茄片肉醬義大利麵,114/9/2,標示,合格,,,
9126,Eatenjoy意享美式廚房,新北市,新店區,新北市新店區北新路一段88巷1-1號,故鄉阿嬤的手工肉丸披薩,114/9/2,標示,合格,,,
9127,Eatenjoy意享美式廚房,新北市,新店區,新北市新店區北新路一段88巷1-1號,奶油蒜味牛五花義大利麵,114/9/2,標示,合格,,,
9128,Eatenjoy意享美式廚房,新北市,新店區,新北市新店區北新路一段88巷1-1號,老奶奶肉丸茄片肉醬義大利麵,114/9/2,標示,合格,,,
9129,Eatenjoy意享美式廚房,新北市,新店區,新北市新店區北新路一段88巷1-1號,奶油蒜味牛五花燉飯,114/9/2,標示,合格,,,
9130,Eatenjoy意享美式廚房,新北市,新店區,新北市新店區北新路一段88巷1-1號,玉米筍(散裝),114/9/2,標示,合格,,,
9131,Eatenjoy意享美式廚房,新北市,新店區,新北市新店區北新路一段88巷1-1號,-,114/9/24,GHP,不合格,違反食安法第8條第1項規定，爰依同法第44條第1項規定裁處,60000,
9132,Eatenjoy意享美式廚房,新北市,新店區,新北市新店區北新路一段88巷1-1號,日本KEWPIE胡麻醬(日本)(佐賀縣),114/9/2,防腐劑,合格,,,
10002,精銜實業有限公司,新北市,新莊區,新北市新莊區中正路871巷17號4樓,蓮霧,114/8/29,農藥(克美素),不合格,依食安法第47條裁處,30000,
10013,里仁事業股份有限公司中和興南店,新北市,中和區,新北市中和區興南路一段110號,有機長豆,114/8/20,農藥殘留,合格,,,
10015,饗賓餐旅事業股份有限公司饗泰多-宏匯店,新北市,新莊區,新北市新莊區新北大道四段3號B2樓,長豇豆,114/8/20,農藥殘留,合格,,,
10017,微笑水果店,新北市,泰山區,新北市泰山區明志路二段87號,荷蘭豆,114/9/2,農藥殘留,合格,,,
10019,微笑水果店,新北市,泰山區,新北市泰山區明志路二段87號,甜豆,114/9/2,農藥殘留,合格,,,
10021,南雅蔬菜行,新北市,板橋區,新北市板橋區板城路1000號,白豆敏豆,114/9/23,農藥殘留,合格,,,
10023,統亞蔬菜,新北市,板橋區,新北市板橋區板城路1000號,敏豆,114/9/23,農藥殘留,合格,,,
10024,里仁事業股份有限公司汐科遠雄分公司,新北市,汐止區,新北市汐止區新台五路一段95號4樓,有機綠豆,114/9/22,農藥殘留,合格,,,
10025,嘉珍自助餐,新北市,三重區,新北市三重區自強路五段40號1樓,四季豆,114/9/24,農藥殘留,合格,,,
10026,馥丞商行,新北市,蘆洲區,新北市蘆洲區光明路28號,綠豆,114/9/22,農藥殘留,合格,,,
10027,連城小館,新北市,中和區,新北市中和區連城路263巷2號,四季豆,114/9/25,農藥殘留,合格,,,
10028,灃盈行,新北市,新莊區,新北市新莊區八德街58巷16號,紅豆,114/9/23,農藥殘留,合格,,,
10030,全聯實業股份有限公司新店三民分公司,新北市,新店區,新北市新店區三民路42之1號1樓,老鷹紅豆,114/9/24,農藥殘留,合格,,,
10032,蘆洲區農會生鮮超級市場,新北市,蘆洲區,新北市蘆洲區中山一路177號,紅豆,114/10/3,農藥殘留,合格,,,
10034,統康生活事業股份有限公司中和環球門市,新北市,中和區,新北市中和區中山路三段122號B2樓,黃豆,114/10/3,農藥殘留,合格,,,
10064,家福股份有限公司臺北林口分公司,新北市,林口區,新北市林口區文化二路一段559號B1樓,結球萵苣,114/9/22,農藥殘留,合格,,,
10066,富錦樹文創科技股份有限公司(燒肉新店家樂福店),新北市,新店區,新北市新店區中興路三段1號1樓,美生菜,114/9/23,農藥殘留,合格,,,
10068,尚仁實業股份有限公司,新北市,中和區,新北市中和區建一路95號2樓,美生菜,114/9/25,農藥殘留,合格,,,
10135,鄭○榮攤商,新北市,板橋區,新北市板橋區,紅肉木瓜,114/8/26,農藥殘留,合格,,,
10137,一路發水果行,新北市,板橋區,新北市板橋區中正路238號1樓,木瓜,114/10/7,農藥殘留,合格,,,
10193,根嶺網有限公司(網購平台),新北市,三重區,新北市三重區五華街93巷93號,百香果,114/9/2,農藥殘留,合格,,,
10248,菄東東企業社,新北市,樹林區,新北市樹林區保安街一段16巷34號,油菜,114/8/20,農藥殘留,合格,,,
10250,靖旺蔬果行,新北市,板橋區,新北市板橋區民治街97號1樓,莧菜,114/8/21,農藥殘留,合格,,,
10252,棉花田-生機園地股份有限公司,新北市,三重區,新北市三重區正義北路188號1樓,有機白莧菜,114/8/26,農藥殘留,合格,,,
10254,家福股份有限公司臺北林口分公司,新北市,林口區,新北市林口區文化二路一段559號B1樓,大蒜(蒜苗),114/9/22,農藥殘留,合格,,,
10256,台灣樂天皇朝有限公司新店店,新北市,新店區,新北市新店區中興路三段70號4樓,青蒜,114/9/23,農藥殘留,合格,,,
10317,遠百企業股份有限公司三重分公司(愛買),新北市,三重區,新北市三重區中正北路193巷45號,紅柿,114/9/22,農藥殘留,合格,,,
10319,勝茂水果行,新北市,板橋區,新北市板橋區板城路1000號,柿子,114/9/23,農藥殘留,合格,,,
10321,鄭哥蔬果行,新北市,板橋區,新北市板橋區民族路21之1號,紅柿,114/9/25,農藥殘留,合格,,,
10348,根嶺網有限公司(網購平台),新北市,三重區,新北市三重區五華街93巷93號,紅鳳菜,114/10/2,農藥殘留,合格,,,
10350,根嶺網有限公司(網購平台),新北市,三重區,新北市三重區五華街93巷93號,芥藍菜,114/10/2,農藥殘留,合格,,,
10420,根嶺網有限公司(網購平台),新北市,三重區,新北市三重區五華街93巷93號,紅鳳菜,114/9/2,農藥殘留,合格,,,
10424,根嶺網有限公司(網購平台),新北市,三重區,新北市三重區五華街93巷93號,紅鳳菜,114/10/1,農藥殘留,合格,,,
10431,全聯實業股份有限公司淡水沙崙分公司,新北市,淡水區,新北市淡水區沙崙路50號,文旦,114/8/20,農藥殘留,合格,,,
10433,全聯實業股份有限公司板橋江寧分公司,新北市,板橋區,新北市板橋區江寧路三段29號1樓,文旦,114/8/21,農藥殘留,合格,,,
10435,百冠水果行,新北市,三峽區,新北市三峽區民權街3號1樓,文旦,114/8/22,農藥殘留,合格,,,
10462,中年大叔食品有限公司(網購平台),新北市,三重區,新北市三重區自強路三段87巷8號3樓,芥藍菜,114/9/3,農藥殘留,合格,,,
10464,中年大叔食品有限公司(網購平台),新北市,三重區,新北市三重區自強路三段87巷8號3樓,紅菜,114/9/3,農藥殘留,合格,,,
10523,東爵企業有限公司,新北市,樹林區,新北市樹林區東順街109號,紅玫瑰(乾燥花瓣),114/8/21,農藥殘留,合格,,,
10525,宣洋實業股份有限公司土城廠,新北市,土城區,新北市土城區中山路68號6樓,玫瑰花,114/8/27,農藥殘留,合格,,,
10540,統康生活事業股份有限公司永和比漾店,新北市,永和區,新北市永和區中山路一段238號B2樓,山藥,114/8/22,農藥殘留,合格,,,
10542,全聯實業股份有限公司新莊民安西分公司,新北市,新莊區,新北市新莊區民安西路135號,山藥,114/8/25,農藥殘留,合格,,,
10544,樂宜小吃店,新北市,板橋區,新北市板橋區忠孝路101號,紅蘿蔔,114/9/22,農藥殘留,合格,,,
10546,紘信蔬菜行,新北市,板橋區,新北市板橋區板城路1000號,胡蘿蔔,114/9/23,農藥殘留,合格,,,
10548,瑋茹蔬果行,新北市,中和區,新北市中和區興南路117巷29號,芋頭,114/9/24,農藥殘留,合格,,,
10550,宏宇果菜行,新北市,泰山區,新北市泰山區福泰街73號,大甲芋,114/9/25,農藥殘留,合格,,,
10551,根嶺網有限公司(網購平台),新北市,三重區,新北市三重區五華街93巷93號,香菜,114/10/2,農藥殘留,合格,,,
10611,中年大叔食品有限公司(網購平台),新北市,三重區,新北市三重區自強路三段87巷8號3樓,荸薺,114/9/3,農藥殘留,合格,,,
10647,中年大叔食品有限公司(網購平台),新北市,三重區,新北市三重區自強路三段87巷8號3樓,白玉銀耳,114/9/3,農藥殘留,合格,,,
10656,集鮮城有限公司,新北市,泰山區,新北市泰山區泰林路二段173巷2號1樓,茄子,114/8/20,農藥殘留,合格,,,
10657,文鈴蔬果行,新北市,板橋區,新北市板橋區板城路1000號,茄子,114/8/21,農藥殘留,合格,,,
10658,統康生活事業股份有限公司-壽德分公司,新北市,中和區,新北市中和區壽德街20號,牛番茄,114/9/22,農藥殘留,合格,,,
10659,馨晨生鮮蔬果行,新北市,淡水區,新北市淡水區中山北路一段92號,牛蕃茄,114/9/23,農藥殘留,合格,,,
10715,菄東東企業社,新北市,樹林區,新北市樹林區保安街一段16巷34號,白苦瓜,114/8/20,農藥殘留,合格,,,
10716,貝斯薇榳有限公司,新北市,三重區,新北市三重區中正北路399號1~3樓,苦瓜,114/8/21,農藥殘留,合格,,,
10717,麗惠蔬果行,新北市,板橋區,新北市板橋區板城路1000號,苦瓜,114/8/26,農藥殘留,合格,,,
10758,滷留香食品有限公司,新北市,中和區,新北市中和區連城路222巷4弄2號,雞胗,114/8/21,動物用藥殘留,合格,,,
10759,莊家班麻油雞,新北市,蘆洲區,新北市蘆洲區鷺江街36號,雞胗,114/8/27,動物用藥殘留,合格,,,
10760,鼎耀食品股份有限公司,新北市,新店區,新北市新店區寶橋路235巷14號1樓,烏骨雞-10-V,114/9/22,動物用藥殘留,合格,,,
10949,家福股份有限公司蘆洲分公司,新北市,三重區,新北市三重區五華街282號,冷凍豬肉火鍋肉片(台灣),114/9/1,動物用藥殘留,合格,,,
10950,家福股份有限公司蘆洲分公司,新北市,三重區,新北市三重區五華街282號,冷凍豬五花火鍋肉片(台灣),114/9/1,動物用藥殘留,合格,,,
10951,全聯實業股份有限公司鶯歌尖山分公司,新北市,鶯歌區,新北市鶯歌區尖山路276之5號,豬五花火鍋肉片(豬肉)(台灣),114/9/1,動物用藥殘留,合格,,,
10952,全聯實業股份有限公司鶯歌尖山分公司,新北市,鶯歌區,新北市鶯歌區尖山路276之5號,腿肉絲(豬肉)(台灣),114/9/1,動物用藥殘留,合格,,,
10953,川輝有限公司,新北市,新莊區,新北市新莊區民安路56號,豬腿肉(台灣),114/9/1,動物用藥殘留,合格,,,
10954,川輝有限公司,新北市,新莊區,新北市新莊區民安路56號,HOWGOOD西班牙伊比利豬五花火鍋片,114/9/1,動物用藥殘留,合格,,,
10955,三商家購股份有限公司樹林太順分公司,新北市,樹林區,新北市樹林區太順街61號,心樸台灣豬肉片(台灣)(豬肉),114/9/1,動物用藥殘留,合格,,,
10956,全聯實業股份有限公司新北市新莊分公司,新北市,新莊區,新北市新莊區中和街188號地下1樓,後腿肉絲(台灣豬),114/9/2,動物用藥殘留,合格,,,
10957,全聯實業股份有限公司新北市新莊分公司,新北市,新莊區,新北市新莊區中和街188號地下1樓,龍骨(台灣豬),114/9/2,動物用藥殘留,合格,,,
10958,裕馬國際開發股份有限公司新馬辣新店裕隆城,新北市,新店區,新北市新店區中興路3段70號3樓,梅花豬肉捲(西班牙RIVASA),114/9/2,動物用藥殘留,合格,,,
10959,統康生活事業股份有限公司樹林二分公司,新北市,樹林區,新北市樹林區復興路198號1樓,冷凍台灣豬五花火鍋片(台灣豬),114/9/2,動物用藥殘留,合格,,,
10960,統康生活事業股份有限公司樹林二分公司,新北市,樹林區,新北市樹林區復興路198號1樓,冷凍豬五花火鍋片(台灣豬),114/9/2,動物用藥殘留,合格,,,
10961,永安生活事業股份有限公司,新北市,新店區,新北市新店區中興路3段70號B1,安永黃金豚-小菲力排(台灣)(豬肉)(腰內肉),114/9/2,動物用藥殘留,合格,,,
10962,永安生活事業股份有限公司,新北市,新店區,新北市新店區中興路3段70號B1,安永黃金豚-里肌排(台灣)(豬肉),114/9/2,動物用藥殘留,合格,,,
10963,台灣吉野家股份有限公司三重徐匯分公司,新北市,三重區,新北市三重區三和路4段388之1號,吉野家豬肉片(台灣),114/9/3,動物用藥殘留,合格,,,
10964,双禾町鍋物,新北市,中和區,新北市中和區景新街312號,去皮豬五花十字切(台灣),114/9/3,動物用藥殘留,合格,,,
10965,全聯實業股份有限公司板橋莒光分公司,新北市,板橋區,新北市板橋區莒光路217號地下一樓,精緻絞肉(台灣豬),114/9/3,動物用藥殘留,合格,,,
10966,全聯實業股份有限公司板橋莒光分公司,新北市,板橋區,新北市板橋區莒光路217號地下一樓,里肌火鍋肉片(台灣豬),114/9/3,動物用藥殘留,合格,,,
10967,統健實業股份有限公司板橋雙十門市,新北市,板橋區,新北市板橋區雙十路2段156號1樓,晃晃黑豬胛心肉片(台灣豬),114/9/3,動物用藥殘留,合格,,,
10968,統健實業股份有限公司板橋雙十門市,新北市,板橋區,新北市板橋區雙十路2段156號1樓,特選五花薄片(精裝)(台灣豬),114/9/3,動物用藥殘留,合格,,,
10969,鼎軒有限公司蘆洲國小店,新北市,蘆洲區,新北市蘆洲區中正路87號1樓,西班牙伊比利豬肩條原廠包,114/9/3,動物用藥殘留,合格,,,
10970,鼎軒有限公司蘆洲國小店,新北市,蘆洲區,新北市蘆洲區中正路87號1樓,台灣加賀豬里肌肉片,114/9/3,動物用藥殘留,合格,,,
10971,群品餐飲股份有限公司石二鍋蘆洲長榮店,新北市,蘆洲區,新北市蘆洲區長榮路33號1樓,上選豬肉(巴拉圭),114/9/3,動物用藥殘留,合格,,,
10972,群品餐飲股份有限公司石二鍋蘆洲長榮店,新北市,蘆洲區,新北市蘆洲區長榮路33號1樓,西班牙橄欖豬,114/9/3,動物用藥殘留,合格,,,
10973,築間餐飲事業股份有限公司新北永和營業所,新北市,永和區,新北市永和區永和路2段116號5樓,二層肉(對切)-築間(台灣豬),114/9/3,動物用藥殘留,合格,,,
10974,築間餐飲事業股份有限公司新北永和營業所,新北市,永和區,新北市永和區永和路2段116號5樓,豬進口梅花肉對切(丹麥豬),114/9/3,動物用藥殘留,合格,,,
10975,家福股份有限公司永和永安分公司,新北市,永和區,新北市永和區中和路499之1號,冷凍豬梅花火鍋片(台灣),114/9/3,動物用藥殘留,合格,,,
10976,家福股份有限公司永和永安分公司,新北市,永和區,新北市永和區中和路499之1號,冷凍豬梅花烤肉片(台灣),114/9/3,動物用藥殘留,合格,,,
10977,BELINIPastaPasta蘆洲徐匯店,新北市,蘆洲區,新北市蘆洲區中山一路8號5樓,豬五花(台灣),114/9/3,動物用藥殘留,合格,,,
10978,鼎軒有限公司,新北市,汐止區,新北市汐止區大同路2段538號1樓,台灣加賀豬梅花肉片(台灣),114/9/3,動物用藥殘留,合格,,,
10979,鼎軒有限公司,新北市,汐止區,新北市汐止區大同路2段538號1樓,台灣加賀豬黃金松阪豬(台灣),114/9/3,動物用藥殘留,合格,,,
10980,全聯實業股份有限公司中和中安小時達專門店分公司,新北市,中和區,新北市中和區中安街196號B1,腿肉絲(台灣豬),114/9/4,動物用藥殘留,合格,,,
10981,全聯實業股份有限公司中和中安小時達專門店分公司,新北市,中和區,新北市中和區中安街196號B1,特選白肉火鍋片(台灣豬),114/9/4,動物用藥殘留,合格,,,
10982,群品餐飲股份有限公司小小永和中和店,新北市,永和區,新北市永和區中和路483號1樓,梅花肉(加拿大豬),114/9/4,動物用藥殘留,合格,,,
10983,全聯實業股份有限公司板橋公館分公司,新北市,板橋區,新北市板橋區文化路1段101巷13號,小排肉(台灣豬),114/9/4,動物用藥殘留,合格,,,
10984,全聯實業股份有限公司板橋公館分公司,新北市,板橋區,新北市板橋區文化路1段101巷13號,後腿肉絲(台灣豬),114/9/4,動物用藥殘留,合格,,,
10985,家福股份有限公司新莊丹鳳分公司,新北市,新莊區,新北市新莊區雙鳳路59號,豚肋條(台灣豬),114/9/5,動物用藥殘留,合格,,,
10986,家福股份有限公司新莊丹鳳分公司,新北市,新莊區,新北市新莊區雙鳳路59號,霜降豬肉(台灣豬),114/9/5,動物用藥殘留,合格,,,
10987,愛欣食品有限公司,新北市,淡水區,新北市淡水區八勢一街一號,龍骨丁(中骨)(台灣豬),114/9/4,動物用藥殘留,合格,,,
10988,全聯實業股份有限公司五股新五分公司,新北市,五股區,新北市五股區新五路3段120號,豬前腿捲片(台灣),114/9/11,動物用藥殘留,合格,,,
10989,全聯實業股份有限公司五股新五分公司,新北市,五股區,新北市五股區新五路3段120號,黑豬里肌極薄肉片(台灣),114/9/11,動物用藥殘留,合格,,,
10990,廣源商貿有限公司,新北市,新莊區,新北市新莊區新莊路1號之5,伊比利豬梅花豬燒烤片(西班牙豬),114/10/1,動物用藥殘留,合格,,,
10991,家福股份有限公司台北新店分公司,新北市,新店區,新北市新店區中興路3段1號1樓,豬梅花烤肉片(台灣),114/10/1,動物用藥殘留,合格,,,
10992,家福股份有限公司台北新店分公司,新北市,新店區,新北市新店區中興路3段1號1樓,豬里肌火鍋片(台灣),114/10/1,動物用藥殘留,合格,,,
10993,統健實業股份有限公司新店北新門市,新北市,新店區,新北市新店區北新路1段267號1樓,特選全腿肉絲-連盒(台灣豬),114/10/1,動物用藥殘留,合格,,,
10994,八雲町商號,新北市,土城區,新北市土城區中央路1段123號,去皮豬五花(台灣),114/10/1,動物用藥殘留,合格,,,
10995,八雲町商號,新北市,土城區,新北市土城區中央路1段123號,豬梅肉(丹麥),114/10/1,動物用藥殘留,合格,,,
10996,樂野餐飲有限公司,新北市,永和區,新北市永和區中山路1段166號,去皮豬五花(台灣豬),114/10/1,動物用藥殘留,合格,,,
10997,樂野餐飲有限公司,新北市,永和區,新北市永和區中山路1段166號,大里肌(台灣豬),114/10/1,動物用藥殘留,合格,,,
10998,統健實業股份有限公司新店北新門市,新北市,新店區,新北市新店區北新路1段267號1樓,里肌肉片(精裝)(台灣豬),114/10/1,動物用藥殘留,合格,,,
10999,智捷實業有限公司,新北市,新莊區,新北市新莊區化成路370號2樓,小排(美國豬),114/10/2,動物用藥殘留,合格,,,
11000,智捷實業有限公司,新北市,新莊區,新北市新莊區化成路370號2樓,蹄膀0.95-1.05(台灣豬),114/10/2,動物用藥殘留,合格,,,
11001,統康生活事業股份有限公司永和分公司,新北市,永和區,新北市永和區保福路2段74號B1,台灣豬後腿肉絲(台灣豬),114/10/2,動物用藥殘留,合格,,,
11002,統康生活事業股份有限公司永和分公司,新北市,永和區,新北市永和區保福路2段74號B1,台灣豬後腿肉片(台灣豬),114/10/2,動物用藥殘留,合格,,,
11003,家福股份有限公司土城中央分公司,新北市,土城區,新北市土城區中央路2段191號,冷凍豬五花火鍋片(台灣)(豬肉),114/10/2,動物用藥殘留,合格,,,
11004,家福股份有限公司土城中央分公司,新北市,土城區,新北市土城區中央路2段191號,冷凍台灣豬梅花火鍋片(台灣)(豬肉),114/10/2,動物用藥殘留,合格,,,
11005,大河食品有限公司,新北市,新莊區,新北市新莊區民安路188巷3弄9號,國產豬里肌豬肉片,114/10/3,動物用藥殘留,合格,,,
11006,大河食品有限公司,新北市,新莊區,新北市新莊區民安路188巷3弄9號,國產豬培根五花豬肉片,114/10/3,動物用藥殘留,合格,,,
11007,瑞騰國際股份有限公司,新北市,中和區,新北市中和區建三路81號,丹麥梅肉(豬),114/10/7,動物用藥殘留,合格,,,
11008,瑞騰國際股份有限公司,新北市,中和區,新北市中和區建三路81號,英國梅肉(豬),114/10/7,動物用藥殘留,合格,,,
11209,全聯實業股份有限公司泰山文程分公司,新北市,泰山區,新北市泰山區文程路15號1樓,金目鱸魚排,114/8/20,動物用藥殘留,合格,,,
11210,統康生活事業股份有限公司太順分公司,新北市,樹林區,新北市樹林區太順街66號,金目鱸魚片,114/8/20,動物用藥殘留,合格,,,
11211,板農活力超市,新北市,板橋區,新北市板橋區府中路29之1號B1,蘇班長龍虎班清肉排,114/8/20,動物用藥殘留,合格,,,
11212,忠友有限公司三重分公司,新北市,三重區,新北市三重區龍門路6號3樓,龍虎斑,114/8/21,動物用藥殘留,合格,,,
11213,全聯實業股份有限公司新店北新分公司,新北市,新店區,新北市新店區北新路2段252號B1,特選去刺虱目魚肚(生態養殖),114/9/22,動物用藥殘留,合格,,,
11214,家福股份有限公司汐科分公司,新北市,汐止區,新北市汐止區新台五路1段93號B1,冷凍去刺虱目魚肚,114/9/22,動物用藥殘留,合格,,,
11215,有限責任台灣主婦聯盟生活消費合作社新莊站,新北市,新莊區,新北市新莊區中平路81巷10號,大午魚400克-1尾,114/9/24,動物用藥殘留,合格,,,
11357,黃O男,新北市,三重區,新北市三重區,雞肝,114/7/8,動物用藥殘留(脫氧羥四環黴素),不合格,違反食品安全衛生管理法第47條,30000,
11373,鼎耀食品股份有限公司,新北市,新店區,新北市新店區寶橋路235巷14號1樓,烏骨雞-10-V,114/9/22,農藥殘留,合格,,,
11515,羅依有限公司南勢角分公司(雲鼎阿二麻辣食堂),新北市,中和區,新北市中和區興南路1段100號1-2樓,-,114/9/3,GHP,合格,,,
11516,羅依有限公司南勢角分公司(雲鼎阿二麻辣食堂),新北市,中和區,新北市中和區興南路1段100號1-2樓,-,114/8/25,標示,合格,,,
11517,羅依有限公司南勢角分公司(雲鼎阿二麻辣食堂),新北市,中和區,新北市中和區興南路1段100號1-2樓,冬瓜檸檬,114/8/25,食品微生物,合格,,,
11518,羅依有限公司南勢角分公司(雲鼎阿二麻辣食堂),新北市,中和區,新北市中和區興南路1段100號1-2樓,麻辣滷肉拌飯,114/8/25,食品微生物,合格,,,
11519,羅依有限公司南勢角分公司(雲鼎阿二麻辣食堂),新北市,中和區,新北市中和區興南路1段100號1-2樓,生拉麵,114/8/25,防腐劑、殺菌劑、漂白劑,合格,,,
11520,瓦城泰統股份有限公司新店分公司大心新泰式麵食新店家樂福店(大心新泰式麵食新店家樂福店),新北市,新店區,新北市新店區中興路3段1號1樓,-,114/8/25,GHP,合格,,,
11521,瓦城泰統股份有限公司新店分公司大心新泰式麵食新店家樂福店(大心新泰式麵食新店家樂福店),新北市,新店區,新北市新店區中興路3段1號1樓,-,114/8/25,標示,合格,,,
11522,瓦城泰統股份有限公司新店分公司大心新泰式麵食新店家樂福店(大心新泰式麵食新店家樂福店),新北市,新店區,新北市新店區中興路3段1號1樓,涼拌雲耳,114/8/25,食品微生物,合格,,,
11523,瓦城泰統股份有限公司新店分公司大心新泰式麵食新店家樂福店(大心新泰式麵食新店家樂福店),新北市,新店區,新北市新店區中興路3段1號1樓,蛋黃拉麵170公克(大心),114/8/25,防腐劑、殺菌劑、漂白劑,合格,,,
11524,好市多股份有限公司新莊分公司(好市多),新北市,新莊區,新北市新莊區建國一路138號,-,114/8/25,GHP,合格,,,
11525,好市多股份有限公司新莊分公司(好市多),新北市,新莊區,新北市新莊區建國一路138號,-,114/8/25,標示,合格,,,
11526,好市多股份有限公司新莊分公司(好市多),新北市,新莊區,新北市新莊區建國一路138號,凱薩雞肉沙拉,114/8/25,食品微生物,合格,,,
11527,好市多股份有限公司新莊分公司(好市多),新北市,新莊區,新北市新莊區建國一路138號,熱美式。,114/8/25,食品微生物,合格,,,
11528,東京物產股份有限公司板橋店(讚岐烏龍麵),新北市,板橋區,新北市板橋區縣民大道2段7號B1樓,-,114/9/12,GHP,合格,,,
11529,東京物產股份有限公司板橋店(讚岐烏龍麵),新北市,板橋區,新北市板橋區縣民大道2段7號B1樓,-,114/8/25,標示,合格,,,
11530,東京物產股份有限公司板橋店(讚岐烏龍麵),新北市,板橋區,新北市板橋區縣民大道2段7號B1樓,京都宇治茶,114/8/25,食品微生物,合格,,,
11531,東京物產股份有限公司板橋店(讚岐烏龍麵),新北市,板橋區,新北市板橋區縣民大道2段7號B1樓,博多豚骨叉燒拉麵,114/8/25,食品微生物,合格,,,
11532,東京物產股份有限公司板橋店(讚岐烏龍麵),新北市,板橋區,新北市板橋區縣民大道2段7號B1樓,拉麵,114/8/25,防腐劑、殺菌劑、漂白劑,合格,,,
11533,馬克餐飲店(T&J越鄉料理),新北市,新店區,新北市新店區北宜路1段16號B1樓,-,114/9/9,GHP,合格,,,
11534,馬克餐飲店(T&J越鄉料理),新北市,新店區,新北市新店區北宜路1段16號B1樓,-,114/8/25,標示,合格,,,
11535,馬克餐飲店(T&J越鄉料理),新北市,新店區,新北市新店區北宜路1段16號B1樓,泰式奶茶,114/8/25,食品微生物,合格,,,
11536,馬克餐飲店(T&J越鄉料理),新北市,新店區,新北市新店區北宜路1段16號B1樓,韓式泡菜,114/8/25,食品微生物,合格,,,
11537,三商餐飲股份有限公司景平門市部(三商巧福),新北市,中和區,新北市中和區景平路182號B1樓,-,114/9/3,GHP,合格,,,
11538,三商餐飲股份有限公司景平門市部(三商巧福),新北市,中和區,新北市中和區景平路182號B1樓,-,114/8/26,標示,合格,,,
11539,三商餐飲股份有限公司景平門市部(三商巧福),新北市,中和區,新北市中和區景平路182號B1樓,檸檬紅茶,114/8/26,食品微生物,合格,,,
11540,馡曄國際股份有限公司,新北市,林口區,新北市林口區文化二路1段123號,-,114/8/27,GHP,合格,,,
11541,馡曄國際股份有限公司,新北市,林口區,新北市林口區文化二路1段123號,-,114/8/27,標示,合格,,,
11542,馡曄國際股份有限公司,新北市,林口區,新北市林口區文化二路1段123號,凱薩沙拉,114/8/27,食品微生物,合格,,,
11543,馡曄國際股份有限公司,新北市,林口區,新北市林口區文化二路1段123號,帝瑪堤諾-大水管麵(義大利)。,114/8/27,食品微生物,合格,,,
11544,王座國際餐飲股份有限公司,新北市,蘆洲區,新北市蘆洲區中山一路8號4樓,-,114/9/11,GHP,合格,,,
11545,王座國際餐飲股份有限公司,新北市,蘆洲區,新北市蘆洲區中山一路8號4樓,-,114/8/27,標示,合格,,,
11546,王座國際餐飲股份有限公司,新北市,蘆洲區,新北市蘆洲區中山一路8號4樓,讚岐烏龍麵,114/8/27,防腐劑、殺菌劑、漂白劑,合格,,,
11547,王座國際餐飲股份有限公司,新北市,蘆洲區,新北市蘆洲區中山一路8號4樓,冰紅茶,114/8/27,食品微生物,合格,,,
11548,王座國際餐飲股份有限公司,新北市,蘆洲區,新北市蘆洲區中山一路8號4樓,熟成厚切里肌豬排,114/8/27,食品微生物,合格,,,
11985,長庚生物科技股份有限公司明志廠,新北市,泰山區,新北市泰山區南泰路1號,-,114/8/12,GHP,合格,,,
12028,騰勢股份有限公司,新北市,新莊區,新北市新莊區新北大道3段218號16樓,舒密妃專利蔓越莓益生菌,114/8/6,標示,合格,,,
12029,騰勢股份有限公司,新北市,新莊區,新北市新莊區新北大道3段218號16樓,達摩本草ABCPRO+雙向調節益生菌粉包,114/8/6,標示,合格,,,
12030,騰勢股份有限公司,新北市,新莊區,新北市新莊區新北大道3段218號16樓,御熹堂舒暢淨350億專利益生菌酵素雙效配方,114/8/6,標示,合格,,,
12031,長庚生物科技股份有限公司明志廠,新北市,泰山區,新北市泰山區南泰路1號,活力長益菌,114/8/12,標示,合格,,,
12126,長庚生物科技股份有限公司明志廠,新北市,泰山區,新北市泰山區南泰路1號,TCELL–1益生原菌菌末,114/8/12,菌種鑑別,合格,,,
12192,武志工業有限公司,新北市,中和區,新北市中和區中山路2段340巷62號,-,114/8/29,GHP,合格,,,
12194,佺和有限公司,新北市,土城區,新北市土城區自強街2號,-,114/9/23,GHP,不合格,違反食安法第8條第1項，依同法第44條第1項第1款裁處,60000,
12196,塑達有限公司,新北市,五股區,新北市五股區五權八路4號1樓,-,114/9/22,GHP,合格,,,
12198,台華塑膠工業有限公司,新北市,板橋區,新北市板橋區國慶路49巷9號3、4樓,-,114/9/9,GHP,合格,,,
12200,大鷹實業有限公司,新北市,八里區,新北市八里區觀海大道269號,-,114/9/17,GHP,合格,,,
12293,武志工業有限公司,新北市,中和區,新北市中和區中山路2段340巷62號,F014PET食品盒,114/8/29,標示,合格,,,
12295,武志工業有限公司,新北市,中和區,新北市中和區中山路2段340巷62號,F015PET食品盒,114/8/29,標示,合格,,,
12297,佺和有限公司,新北市,土城區,新北市土城區自強街2號,耐熱塑膠袋,114/9/1,標示,不合格,違反食安法第26條規定，依同法第47條裁處,30000,
12299,佺和有限公司,新北市,土城區,新北市土城區自強街2號,萬里城耐熱袋,114/9/1,標示,合格,,,
12301,塑達有限公司,新北市,五股區,新北市五股區五權八路4號1樓,E-86(黑)6粒圓孔麻糬內襯PP(0.6),114/9/2,標示,合格,,,
12303,塑達有限公司,新北市,五股區,新北市五股區五權八路4號1樓,E-866粒圓孔麻糬內襯PP(白)0.6,114/9/2,標示,合格,,,
12305,塑達有限公司,新北市,五股區,新北市五股區五權八路4號1樓,F1116+2果凍內襯,114/9/2,標示,合格,,,
12307,台華塑膠工業有限公司,新北市,板橋區,新北市板橋區國慶路49巷9號3、4樓,可回收抗菌PP鎖鮮袋(M),114/9/9,標示,合格,,,
12309,大鷹實業有限公司,新北市,八里區,新北市八里區觀海大道269號,145c.c.白圓瓶,114/9/17,標示,合格,,,
12344,佺和有限公司,新北市,土城區,新北市土城區自強街2號,耐熱塑膠袋,114/9/1,食品器具容器包裝衛生標準(塑膠類),合格,,,
12346,塑達有限公司,新北市,五股區,新北市五股區五權八路4號1樓,E-86(黑)6粒圓孔麻糬內襯PP(0.6),114/9/2,食品器具容器包裝衛生標準(塑膠類),合格,,,
12348,塑達有限公司,新北市,五股區,新北市五股區五權八路4號1樓,E-866粒圓孔麻糬內襯PP(白)0.6,114/9/2,食品器具容器包裝衛生標準(塑膠類),合格,,,
12350,塑達有限公司,新北市,五股區,新北市五股區五權八路4號1樓,F1116+2果凍內襯,114/9/2,食品器具容器包裝衛生標準(塑膠類),合格,,,
12352,台華塑膠工業有限公司,新北市,板橋區,新北市板橋區國慶路49巷9號3、4樓,可回收抗菌PP鎖鮮袋(M),114/9/9,食品器具容器包裝衛生標準(塑膠類),合格,,,
12354,大鷹實業有限公司,新北市,八里區,新北市八里區觀海大道269號,145c.c白圓瓶,114/9/17,食品器具容器包裝衛生標準(塑膠類),合格,,,
12453,武志工業有限公司,新北市,中和區,新北市中和區中山路2段340巷62號,F014PET食品盒,114/8/29,標示,合格,,,
12454,武志工業有限公司,新北市,中和區,新北市中和區中山路2段340巷62號,F015PET食品盒,114/8/29,標示,合格,,,
12455,佺和有限公司,新北市,土城區,新北市土城區自強街2號,耐熱塑膠袋,114/9/1,標示,不合格,違反食安法第26條規定，依同法第47條裁處,30000,
12456,佺和有限公司,新北市,土城區,新北市土城區自強街2號,萬里城耐熱袋,114/9/1,標示,合格,,,
12457,塑達有限公司,新北市,五股區,新北市五股區五權八路4號1樓,E-86(黑)6粒圓孔麻糬內襯PP(0.6),114/9/2,標示,合格,,,
12458,塑達有限公司,新北市,五股區,新北市五股區五權八路4號1樓,E-866粒圓孔麻糬內襯PP(白)0.6,114/9/2,標示,合格,,,
12459,塑達有限公司,新北市,五股區,新北市五股區五權八路4號1樓,F1116+2果凍內襯,114/9/2,標示,合格,,,
12460,台華塑膠工業有限公司,新北市,板橋區,新北市板橋區國慶路49巷9號3、4樓,可回收抗菌PP鎖鮮袋(M),114/9/9,標示,合格,,,
12461,大鷹實業有限公司,新北市,八里區,新北市八里區觀海大道269號,145c.c.白圓瓶,114/9/17,標示,合格,,,
12558,佺和有限公司,新北市,土城區,新北市土城區自強街2號,耐熱塑膠袋,114/9/1,食品器具容器包裝衛生標準(塑膠類),合格,,,
12559,塑達有限公司,新北市,五股區,新北市五股區五權八路4號1樓,E-86(黑)6粒圓孔麻糬內襯PP(0.6),114/9/2,食品器具容器包裝衛生標準(塑膠類),合格,,,
12560,塑達有限公司,新北市,五股區,新北市五股區五權八路4號1樓,E-866粒圓孔麻糬內襯PP(白)0.6,114/9/2,食品器具容器包裝衛生標準(塑膠類),合格,,,
12561,塑達有限公司,新北市,五股區,新北市五股區五權八路4號1樓,F1116+2果凍內襯,114/9/2,食品器具容器包裝衛生標準(塑膠類),合格,,,
12562,台華塑膠工業有限公司,新北市,板橋區,新北市板橋區國慶路49巷9號3、4樓,可回收抗菌PP鎖鮮袋(M),114/9/9,食品器具容器包裝衛生標準(塑膠類),合格,,,
12563,大鷹實業有限公司,新北市,八里區,新北市八里區觀海大道269號,145c.c白圓瓶,114/9/17,食品器具容器包裝衛生標準(塑膠類),合格,,,
12616,良熹貿易股份有限公司,新北市,五股區,新北市五股區五權八路31號4樓,焙蒂斯12連迷你可麗露烤盤1入,114/9/17,標示,不合格,違反食安法第26條規定，依同法第47條裁處,30000,與同業者焙蒂斯六連檸檬烤盤1入標示不合格併罰
12617,良熹貿易股份有限公司,新北市,五股區,新北市五股區五權八路31號4樓,焙蒂斯六連檸檬烤盤1入,114/9/17,標示,不合格,違反食安法第26條規定，依同法第47條裁處,30000,與同業者焙蒂斯12連迷你可麗露烤盤1入標示不合格併罰
12701,桔誠企業有限公司,新北市,樹林區,新北市樹林區光明街5號,22-250冷水杯,114/9/19,標示,不合格,違反食安法第26條規定，依同法第47條裁處,30000,
12762,良熹貿易股份有限公司,新北市,五股區,新北市五股區五權八路31號4樓,焙蒂斯12連迷你可麗露烤盤1入,114/9/17,標示,不合格,違反食安法第26條規定，依同法第47條裁處,30000,與同業者焙蒂斯六連檸檬烤盤1入標示不合格併罰
12763,良熹貿易股份有限公司,新北市,五股區,新北市五股區五權八路31號4樓,焙蒂斯六連檸檬烤盤1入,114/9/17,標示,不合格,違反食安法第26條規定，依同法第47條裁處,30000,與同業者焙蒂斯12連迷你可麗露烤盤1入標示不合格併罰
12847,桔誠企業有限公司,新北市,樹林區,新北市樹林區光明街5號,22-250冷水杯,114/9/19,標示,不合格,違反食安法第26條規定，依同法第47條裁處,30000,
12912,統健實業有限公司板橋雙十門市(聖德科斯),新北市,板橋區,新北市板橋區雙十路2段156號,鮮乳坊幸運兒鮮乳,114/6/2,戴奧辛、戴奧辛類多氯聯苯及6項指標性非戴奧辛類多氯聯苯,合格,,,
12913,全聯實業股份有限公司新埔捷運分公司,新北市,板橋區,新北市板橋區文化路一段360號地下1層之31、32,新一代農民鮮乳,114/6/2,戴奧辛、戴奧辛類多氯聯苯及6項指標性非戴奧辛類多氯聯苯,合格,,,
12914,棉花田生機園地股份有限公司板橋新埔門市,新北市,板橋區,新北市板橋區文化路一段435巷11號,100%純鮮乳(五梅鮮乳),114/6/2,戴奧辛、戴奧辛類多氯聯苯及6項指標性非戴奧辛類多氯聯苯,合格,,,
12916,塯二柒商行,新北市,板橋區,新北市板橋區漢生東路279巷38號,鮮乳(燕巢鮮乳),114/7/15,戴奧辛、戴奧辛類多氯聯苯及6項指標性非戴奧辛類多氯聯苯,合格,,,
12985,宗榮蛋品有限公司,新北市,新店區,新北市新店區中正路501-11號,-,114/6/11,GHP,合格,,,
12986,禾品企業有限公司,新北市,樹林區,新北市樹林區備內街45號,-,114/6/17,GHP,合格,,,
12987,吳記蛋品股份有限公司,新北市,三峽區,新北市三峽區隆恩街163號,-,114/7/10,GHP,合格,,,
12988,禾盛蛋品有限公司,新北市,中和區,新北市中和區中山路2段327巷15號,-,114/7/22,GHP,不合格,違反食安法第8條，依同法第44條第1項第1款裁處,60000,
12989,文崎蛋品有限公司,新北市,汐止區,新北市汐止區福德一路430巷5號,-,114/6/13,GHP,合格,,,
12990,永成蛋品股份有限公司,新北市,林口區,新北市林口區工四路12號,-,114/7/14,GHP,合格,,,
12991,勝翔蛋品科技有限公司,新北市,樹林區,新北市樹林區三俊街65巷1、3、5號,-,114/7/22,GHP,合格,,,
12992,自在森林養殖生技股份有限公司,新北市,新莊區,新北市新莊區民安路405號,-,114/7/23,GHP,合格,,,
12993,富有蛋行,新北市,蘆洲區,新北市蘆洲區正和街62號,-,114/7/18,GHP,合格,,,
13059,宗榮蛋品有限公司,新北市,新店區,新北市新店區中正路501-11號,洗選蛋,114/6/11,標示,合格,,,
13060,宗榮蛋品有限公司,新北市,新店區,新北市新店區中正路501-11號,冷藏未殺菌液蛋白,114/6/11,標示,合格,,,
13061,宗榮蛋品有限公司,新北市,新店區,新北市新店區中正路501-11號,冷藏未殺菌液蛋黃,114/6/11,標示,合格,,,
13062,禾品企業有限公司,新北市,樹林區,新北市樹林區備內街45號,冷藏洗選蛋10粒,114/6/10,標示,合格,,,
13063,吳記蛋品股份有限公司,新北市,三峽區,新北市三峽區隆恩街163號,AGG蛋,114/6/9,標示,合格,,,
13064,吳記蛋品股份有限公司,新北市,三峽區,新北市三峽區隆恩街163號,未殺菌液蛋白,114/6/9,標示,合格,,,
13065,吳記蛋品股份有限公司,新北市,三峽區,新北市三峽區隆恩街163號,未殺菌液全蛋,114/6/9,標示,合格,,,
13066,吳記蛋品股份有限公司,新北市,三峽區,新北市三峽區隆恩街163號,冷藏殺菌全蛋液,114/6/9,標示,合格,,,
13067,禾盛蛋品有限公司,新北市,中和區,新北市中和區中山路2段327巷15號,未殺菌蛋黃液,114/6/18,標示,合格,,,
13068,禾盛蛋品有限公司,新北市,中和區,新北市中和區中山路2段327巷15號,未殺菌蛋白液,114/6/18,標示,合格,,,
13069,文崎蛋品有限公司,新北市,汐止區,新北市汐止區福德一路430巷5號,未殺菌全蛋液,114/6/13,標示,合格,,,
13070,文崎蛋品有限公司,新北市,汐止區,新北市汐止區福德一路430巷5號,洗選蛋,114/6/13,標示,合格,,,
13071,永成蛋品股份有限公司,新北市,林口區,新北市林口區工四路12號,洗選雞蛋,114/6/20,標示,合格,,,
13072,永成蛋品股份有限公司,新北市,林口區,新北市林口區工四路12號,未殺菌蛋白液1kg,114/6/20,標示,合格,,,
13073,永成蛋品股份有限公司,新北市,林口區,新北市林口區工四路12號,未殺菌蛋黃液1kg,114/6/20,標示,合格,,,
13074,永成蛋品股份有限公司,新北市,林口區,新北市林口區工四路12號,未殺菌全蛋液1kg,114/6/20,標示,合格,,,
13075,勝翔蛋品科技有限公司,新北市,樹林區,新北市樹林區三俊街65巷1、3、5號,冷藏未殺菌液蛋黃,114/6/30,標示,合格,,,
13076,勝翔蛋品科技有限公司,新北市,樹林區,新北市樹林區三俊街65巷1、3、5號,冷藏殺菌液全蛋,114/6/30,標示,合格,,,
13077,勝翔蛋品科技有限公司,新北市,樹林區,新北市樹林區三俊街65巷1、3、5號,冷藏未殺菌液蛋白,114/6/30,標示,合格,,,
13078,自在森林養殖生技股份有限公司,新北市,新莊區,新北市新莊區民安路405號,極品蛋(紅殼),114/6/17,標示,合格,,,
13238,宗榮蛋品有限公司,新北市,新店區,新北市新店區中正路501-11號,冷藏未殺菌液蛋白,114/6/11,食品中微生物,合格,,,
13239,宗榮蛋品有限公司,新北市,新店區,新北市新店區中正路501-11號,冷藏未殺菌液蛋黃,114/6/11,食品中微生物,合格,,,
13240,吳記蛋品股份有限公司,新北市,三峽區,新北市三峽區隆恩街163號,未殺菌液全蛋,114/6/9,食品中微生物,合格,,,
13241,禾盛蛋品有限公司,新北市,中和區,新北市中和區中山路2段327巷15號,未殺菌蛋黃液,114/6/18,食品中微生物,合格,,,
13242,禾盛蛋品有限公司,新北市,中和區,新北市中和區中山路2段327巷15號,未殺菌蛋白液,114/6/18,食品中微生物,合格,,,
13243,文崎蛋品有限公司,新北市,汐止區,新北市汐止區福德一路430巷5號,未殺菌全蛋液,114/6/13,食品中微生物,合格,,,
13244,永成蛋品股份有限公司,新北市,林口區,新北市林口區工四路12號,未殺菌全蛋液1kg,114/6/20,食品中微生物,合格,,,
13245,勝翔蛋品科技有限公司,新北市,樹林區,新北市樹林區三俊街65巷1、3、5號,冷藏未殺菌液蛋黃,114/7/22,食品中微生物,合格,,,
13246,勝翔蛋品科技有限公司,新北市,樹林區,新北市樹林區三俊街65巷1、3、5號,冷藏未殺菌液蛋白,114/6/30,食品中微生物,合格,,,
13369,宗榮蛋品有限公司,新北市,新店區,新北市新店區中正路501-11號,白蛋,114/6/11,動物用藥殘留,合格,,,
13370,禾品企業有限公司,新北市,樹林區,新北市樹林區備內街45號,白蛋,114/6/10,動物用藥殘留,合格,,,
13371,吳記蛋品股份有限公司,新北市,三峽區,新北市三峽區隆恩街163號,雞蛋,114/6/9,動物用藥殘留,合格,,,
13372,禾盛蛋品有限公司,新北市,中和區,新北市中和區中山路2段327巷15號,洗選蛋(隆記),114/6/18,動物用藥殘留,合格,,,
13373,文崎蛋品有限公司,新北市,汐止區,新北市汐止區福德一路430巷5號,雞蛋,114/6/13,動物用藥殘留,合格,,,
13374,永成蛋品股份有限公司,新北市,林口區,新北市林口區工四路12號,白殼蛋(雞蛋),114/6/20,動物用藥殘留,合格,,,
13375,勝翔蛋品科技有限公司,新北市,樹林區,新北市樹林區三俊街65巷1、3、5號,雞蛋,114/6/30,動物用藥殘留,合格,,,
13376,自在森林養殖生技股份有限公司,新北市,新莊區,新北市新莊區民安路405號,雞蛋,114/6/17,動物用藥殘留,合格,,,
13377,富有蛋行,新北市,蘆洲區,新北市蘆洲區正和街62號,生鮮原料蛋,114/6/30,動物用藥殘留,合格,,,
13437,宗榮蛋品有限公司,新北市,新店區,新北市新店區中正路501-11號,白蛋,114/6/11,農藥殘留,合格,,,
13438,禾品企業有限公司,新北市,樹林區,新北市樹林區備內街45號,白蛋,114/6/10,農藥殘留,合格,,,
13439,吳記蛋品股份有限公司,新北市,三峽區,新北市三峽區隆恩街163號,雞蛋,114/6/9,農藥殘留,合格,,,
13440,禾盛蛋品有限公司,新北市,中和區,新北市中和區中山路2段327巷15號,洗選蛋(隆記),114/6/18,農藥殘留,合格,,,
13441,文崎蛋品有限公司,新北市,汐止區,新北市汐止區福德一路430巷5號,雞蛋,114/6/13,農藥殘留,合格,,,
13442,永成蛋品股份有限公司,新北市,林口區,新北市林口區工四路12號,白殼蛋(雞蛋),114/6/20,農藥殘留,合格,,,
13443,勝翔蛋品科技有限公司,新北市,樹林區,新北市樹林區三俊街65巷1、3、5號,雞蛋,114/6/30,農藥殘留,合格,,,
13444,自在森林養殖生技股份有限公司,新北市,新莊區,新北市新莊區民安路405號,雞蛋,114/6/17,農藥殘留,合格,,,
13445,富有蛋行,新北市,蘆洲區,新北市蘆洲區正和街62號,生鮮原料蛋,114/6/30,農藥殘留,合格,,,
13502,苦行生化科技有限公司員山廠,新北市,中和區,新北市中和區員山路506號3樓,-,114/7/14,GHP,合格,,,
13521,苦行生化科技有限公司員山廠,新北市,中和區,新北市中和區員山路506號3樓,維他命B3,114/7/14,標示,合格,,,
13522,苦行生化科技有限公司員山廠,新北市,中和區,新北市中和區員山路506號3樓,維他命E,114/7/14,標示,不合格,違反食安法第22條規定，依同法第47條裁處,30000,
13523,東阪國際股份有限公司,新北市,中和區,新北市中和區立德街148巷28、38、40號7樓,暢快人生CX粉末食品,114/7/2,標示,合格,,,
13524,東阪國際股份有限公司,新北市,中和區,新北市中和區立德街148巷28、38、40號7樓,C收葉酸鐵口含錠,114/7/2,標示,合格,,,
13525,東阪國際股份有限公司,新北市,中和區,新北市中和區立德街148巷28、38、40號7樓,日本味王男用維生素B群加強錠,114/7/2,標示,合格,,,
13644,東阪國際股份有限公司,新北市,中和區,新北市中和區立德街148巷28、38、40號7樓,暢快人生CX粉末食品,114/7/2,重金屬,合格,,,
13645,東阪國際股份有限公司,新北市,中和區,新北市中和區立德街148巷28、38、40號7樓,暢快人生CX粉末食品,114/7/2,食品微生物,合格,,,
13678,東阪國際股份有限公司,新北市,中和區,新北市中和區立德街148巷28、38、40號7樓,0全乳白膠囊,114/7/2,環氧乙烷,合格,,,
13689,全聯實業股份有限公司板橋雨農分公司,新北市,板橋區,新北市板橋區雨農路27巷2號,源天然米,114/7/29,重金屬,合格,,,
13698,綠工坊,新北市,板橋區,新北市板橋區重慶路290巷22弄4號,有機發芽糙米,114/7/29,重金屬,合格,,,
13717,幸福家食品股份有限公司,新北市,新莊區,新北市新莊區中正路513號,蘿勒葉,114/5/27,重金屬,合格,,,
13718,福容大飯店股份有限公司淡水漁人碼頭分公司,新北市,淡水區,新北市淡水區觀海路83號,冷凍綠花椰苗,114/7/28,重金屬,合格,,,
13719,家福股份有限公司中和景安分公司,新北市,中和區,新北市中和區景平路353號B1樓,越南青花菜2入/盒,114/7/28,重金屬,合格,,,
13720,統康生活事業股份有限公司立德分公司,新北市,土城區,新北市土城區立德路105號1樓,番茄-履歷牛番茄,114/7/28,重金屬,合格,,,
13721,全聯實業股份有限公司中安分公司,新北市,新莊區,新北市新莊區中安街3號1樓,履歷牛番茄,114/7/28,重金屬,合格,,,
13833,臺灣壽司郎股份有限公司,新北市,林口區,新北市林口區民富街110號,鰹魚(日本靜岡縣),114/7/1,重金屬,合格,,,
13834,福容大飯店股份有限公司淡水漁人碼頭分公司,新北市,淡水區,新北市淡水區觀海路83號,黑玉參,114/7/28,重金屬,合格,,,
13835,爭鮮股份有限公司南勢角分公司,新北市,中和區,新北市中和區興南路1段63之6號2樓,凍海膽,114/7/30,重金屬,合格,,,
13836,台灣山頭火股份有限公司,新北市,板橋區,新北市板橋區新站路28號9樓,凍海膽A級,114/8/4,重金屬,合格,,,
13892,全聯實業股份有限公司中安分公司,新北市,新莊區,新北市新莊區中安街3號1樓,富翁洗選蛋(白殼雞蛋),114/7/28,重金屬,合格,,,
13893,統康生活事業股份有限公司立德分公司,新北市,土城區,新北市土城區立德路105號1樓,鄉野土雞蛋,114/7/28,重金屬,合格,,,
13894,遠百企業股份有限公司,新北市,板橋區,新北市板橋區貴興路101號,鄉間小路皮蛋,114/7/29,重金屬,合格,,,
13949,寶貝城婦幼生活有限公司,新北市,永和區,新北市永和區中正路178號1-2樓,生機蘋果汁,114/7/28,重金屬,合格,,,嬰幼兒食品
13950,台灣卡多摩嬰童館股份有限公司三重正義分公司,新北市,三重區,新北市三重區正義北路281號,生機綜合紅寶多果汁,114/7/29,重金屬,合格,,,嬰幼兒食品
14069,大苑子-新店中正店,新北市,新店區,新北市新店區中正路495號,–,114/7/9,GHP,合格,,,
14071,麥味登-新店中正店,新北市,新店區,新北市新店區中正路519號,–,114/7/9,GHP,合格,,,
14073,絕活雞肉飯,新北市,中和區,新北市中和區建一路178號1樓,–,114/7/1,GHP,合格,,,
14075,爭鮮迴轉壽司-土城店,新北市,土城區,新北市土城區學府路1段202號,–,114/7/11,GHP,合格,,,
14077,有貓膩義大利麵,新北市,土城區,新北市土城區學享街71號,–,114/7/10,GHP,合格,,,
14079,洋城義大利餐廳-新莊中正店,新北市,新莊區,新北市新莊區中正路283號2、3樓,–,114/7/21,GHP,合格,,,
14081,福勝亭,新北市,林口區,新北市林口區文化二路1段559號B1樓,–,114/7/3,GHP,合格,,,
14083,丁古牛肉麵,新北市,新莊區,新北市新莊區復興路1段222號,–,114/7/23,GHP,合格,,,
14085,甲霸炸雞,新北市,三峽區,新北市三峽區三樹路98巷72之2號,–,114/7/8,GHP,合格,,,
14087,炒不停現炒美食,新北市,中和區,新北市中和區連城路89巷6號,–,114/7/31,GHP,合格,,,
14089,阿母ㄟ米粉湯,新北市,土城區,新北市土城區中央路2段239號,–,114/7/21,GHP,合格,,,
14091,茗香園冰室-板橋店,新北市,板橋區,新北市板橋區中山路1段7號2樓,–,114/7/4,GHP,合格,,,
14093,和牛涮-板橋文化店,新北市,板橋區,新北市板橋區文化路1段280號2樓,–,114/7/23,GHP,合格,,,
14095,雙龍炒飯,新北市,板橋區,新北市板橋區區運路12號1樓,–,114/7/25,GHP,合格,,,
14097,麥當勞-三重龍門餐廳,新北市,三重區,新北市三重區龍門路42號1、2樓,–,114/7/10,GHP,合格,,,
14099,德克士-三重正義北店,新北市,三重區,新北市三重區正義北路13號,–,114/7/21,GHP,合格,,,
14101,拉亞漢堡-三重正義南店,新北市,三重區,新北市三重區正義南路26號,–,114/7/29,GHP,合格,,,
14103,瀧屋食堂,新北市,新莊區,新北市新莊區中平路200號1樓,–,114/7/16,GHP,合格,,,
14105,Megan活力早餐,新北市,林口區,新北市林口區麗園一街9巷1號13樓之3,–,114/7/18,GHP,合格,,,
14107,倆豆咖灰,新北市,中和區,新北市中和區中和路326號9樓之6,–,114/7/23,GHP,合格,,,
14109,海匠澎湖小卷麵線專賣店,新北市,板橋區,新北市板橋區四川路1段162號4樓,–,114/8/11,GHP,合格,,,
14111,熊月燒日式炒麵-新北三重店,新北市,三重區,新北市三重區國隆路12巷2號2樓,–,114/8/13,GHP,合格,,,
14113,佳家,新北市,蘆洲區,新北市蘆洲區九芎街3號7樓,–,114/8/4,GHP,合格,,,
14115,幽靈飯店,新北市,板橋區,新北市板橋區和平路安樂巷43號4樓,–,114/7/29,GHP,合格,,,
14117,歐爸便當,新北市,中和區,新北市中和區景新街230之4號1樓,–,114/8/18,GHP,合格,,,
14224,大苑子-新店中正店,新北市,新店區,新北市新店區中正路495號,–,114/7/1,標示,合格,,,
14226,麥味登-新店中正店,新北市,新店區,新北市新店區中正路519號,–,114/7/1,標示,合格,,,
14228,絕活雞肉飯,新北市,中和區,新北市中和區建一路178號1樓,–,114/7/1,標示,合格,,,
14230,爭鮮迴轉壽司-土城店,新北市,土城區,新北市土城區學府路1段202號,–,114/7/2,標示,合格,,,
14232,有貓膩義大利麵,新北市,土城區,新北市土城區學享街71號,–,114/7/2,標示,合格,,,
14234,洋城義大利餐廳-新莊中正店,新北市,新莊區,新北市新莊區中正路283號2、3樓,–,114/7/2,標示,合格,,,
14236,福勝亭,新北市,林口區,新北市林口區文化二路1段559號B1樓,–,114/7/3,標示,合格,,,
14238,丁古牛肉麵,新北市,新莊區,新北市新莊區復興路1段222號,–,114/7/3,標示,合格,,,
14240,甲霸炸雞,新北市,三峽區,新北市三峽區三樹路98巷72之2號,–,114/7/4,標示,合格,,,
14242,炒不停現炒美食,新北市,中和區,新北市中和區連城路89巷6號,–,114/7/4,標示,合格,,,
14244,阿母ㄟ米粉湯,新北市,土城區,新北市土城區中央路2段239號,–,114/7/4,標示,合格,,,
14246,茗香園冰室-板橋店,新北市,板橋區,新北市板橋區中山路1段7號2樓,–,114/7/4,標示,合格,,,
14248,和牛涮-板橋文化店,新北市,板橋區,新北市板橋區文化路1段280號2樓,–,114/7/4,標示,合格,,,
14250,雙龍炒飯,新北市,板橋區,新北市板橋區區運路12號1樓,–,114/7/8,標示,合格,,,
14252,麥當勞-三重龍門餐廳,新北市,三重區,新北市三重區龍門路42號1、2樓,–,114/7/10,標示,合格,,,
14254,德克士-三重正義北店,新北市,三重區,新北市三重區正義北路13號,–,114/7/10,標示,合格,,,
14256,拉亞漢堡-三重正義南店,新北市,三重區,新北市三重區正義南路26號,–,114/7/10,標示,合格,,,
14258,瀧屋食堂,新北市,新莊區,新北市新莊區中平路200號1樓,–,114/7/16,標示,合格,,,
14260,Megan活力早餐,新北市,林口區,新北市林口區麗園一街9巷1號13樓之3,–,114/7/18,標示,合格,,,
14262,倆豆咖灰,新北市,中和區,新北市中和區中和路326號9樓之6,–,114/7/23,標示,合格,,,
14264,海匠澎湖小卷麵線專賣店,新北市,板橋區,新北市板橋區四川路1段162號4樓,–,114/7/20,標示,合格,,,
14266,熊月燒日式炒麵-新北三重店,新北市,三重區,新北市三重區國隆路12巷2號2樓,–,114/7/24,標示,合格,,,
14268,佳家,新北市,蘆洲區,新北市蘆洲區九芎街3號7樓,–,114/7/25,標示,合格,,,
14270,幽靈飯店,新北市,板橋區,新北市板橋區和平路安樂巷43號4樓,–,114/7/29,標示,合格,,,
14272,歐爸便當,新北市,中和區,新北市中和區景新街230之4號1樓,–,114/8/6,標示,合格,,,
14718,大苑子-新店中正店,新北市,新店區,新北市新店區中正路495號,許慶良鮮奶茶,114/7/1,食品微生物,合格,,,
14719,麥味登-新店中正店,新北市,新店區,新北市新店區中正路519號,紅茶拿鐵,114/7/1,食品微生物,合格,,,
14720,絕活雞肉飯,新北市,中和區,新北市中和區建一路178號1樓,烏龍茶,114/7/1,食品微生物,合格,,,
14721,爭鮮迴轉壽司-土城店,新北市,土城區,新北市土城區學府路1段202號,烤鮭魚肚握壽司,114/7/2,食品微生物,合格,,,
14722,有貓膩義大利麵,新北市,土城區,新北市土城區學享街71號,嫩雞胸義大利麵,114/7/2,食品微生物,合格,,,
14723,洋城義大利餐廳-新莊中正店,新北市,新莊區,新北市新莊區中正路283號2、3樓,千島彩椒鮮蝦沙拉,114/7/2,食品微生物,合格,,,
14724,福勝亭,新北市,林口區,新北市林口區文化二路1段559號B1樓,開運豬排,114/7/3,食品微生物,合格,,,
14725,丁古牛肉麵,新北市,新莊區,新北市新莊區復興路1段222號,蜂蜜冬瓜檸檬,114/7/3,食品微生物,合格,,,
14726,甲霸炸雞,新北市,三峽區,新北市三峽區三樹路98巷72之2號,炒泡麵,114/7/4,食品微生物,合格,,,
14727,炒不停現炒美食,新北市,中和區,新北市中和區連城路89巷6號,肉絲炒飯,114/7/4,食品微生物,合格,,,
14728,阿母ㄟ米粉湯,新北市,土城區,新北市土城區中央路2段239號,皮蛋豆腐,114/7/4,食品微生物,合格,,,
14729,阿母ㄟ米粉湯,新北市,土城區,新北市土城區中央路2段239號,粿條,114/7/4,邦克列酸,合格,,,
14730,茗香園冰室-板橋店,新北市,板橋區,新北市板橋區中山路1段7號2樓,凍檸茶,114/7/4,食品微生物,合格,,,
14731,茗香園冰室-板橋店,新北市,板橋區,新北市板橋區中山路1段7號2樓,手工粄條,114/7/4,邦克列酸,合格,,,
14732,和牛涮-板橋文化店,新北市,板橋區,新北市板橋區文化路1段280號2樓,北海道牛奶冰淇淋,114/7/4,食品微生物,合格,,,
14733,雙龍炒飯,新北市,板橋區,新北市板橋區區運路12號1樓,蛋炒飯,114/7/8,食品微生物,合格,,,
14734,麥當勞-三重龍門餐廳,新北市,三重區,新北市三重區龍門路42號1、2樓,沙拉,114/7/10,食品微生物,合格,,,
14735,德克士-三重正義北店,新北市,三重區,新北市三重區正義北路13號,綠茶,114/7/10,食品微生物,合格,,,
14736,拉亞漢堡-三重正義南店,新北市,三重區,新北市三重區正義南路26號,紅茶,114/7/10,食品微生物,合格,,,
14737,瀧屋食堂,新北市,新莊區,新北市新莊區中平路200號1樓,梅花豬咖哩飯,114/7/16,食品微生物,合格,,,
14738,Megan活力早餐,新北市,林口區,新北市林口區麗園一街9巷1號13樓之3,鐵板麵,114/7/18,食品微生物,合格,,,
14739,倆豆咖灰,新北市,中和區,新北市中和區中和路326號9樓之6,鮮奶茶,114/7/23,食品微生物,合格,,,
14740,海匠澎湖小卷麵線專賣店,新北市,板橋區,新北市板橋區四川路1段162號4樓,澎湖小卷湯麵,114/7/20,食品微生物,合格,,,
14741,熊月燒日式炒麵-新北三重店,新北市,三重區,新北市三重區國隆路12巷2號2樓,鮮漾蘋果汁,114/7/24,食品微生物,合格,,,
14742,佳家,新北市,蘆洲區,新北市蘆洲區九芎街3號7樓,泡麵,114/7/25,食品微生物,合格,,,
14743,幽靈飯店,新北市,板橋區,新北市板橋區和平路安樂巷43號4樓,香蒜親子丼,114/7/29,食品微生物,合格,,,
14744,歐爸便當,新北市,中和區,新北市中和區景新街230之4號1樓,便當,114/8/6,食品微生物,合格,,,
15092,統康生活事業股份有限公司中和二分公司,新北市,中和區,新北市中和區復興路268號1樓,unifoodie土地公綜合花生糖,114/8/21,真菌毒素,合格,,,—
15093,寶雅國際股份有限公司永和中正分公司,新北市,永和區,新北市永和區中正路239號1-3樓,台灣美食全記錄-蒜茸花生,114/8/21,真菌毒素,合格,,,—
15094,全聯實業股份有限公司板橋三民分公司,新北市,板橋區,新北市板橋區三民路1段210號B1樓,黑金剛帶殼花生(原味),114/8/22,真菌毒素,合格,,,—
15095,統健實業股份有限公司新莊幸福門市,新北市,新莊區,新北市新莊區幸福路804號,有機中筋麵粉,114/8/21,真菌毒素,合格,,,—
15096,家福股份有限公司汐科分公司,新北市,汐止區,新北市汐止區新台五路1段99號B1樓,精選紅藜麥,114/8/22,真菌毒素,合格,,,—
15097,永豐餘生技股份有限公司北新分公司,新北市,新店區,新北市新店區北新路2段185號1-2樓,三色藜麥,114/8/22,真菌毒素,合格,,,—
15098,統健實業股份有限公司永和中正門市,新北市,永和區,新北市永和區中正路131號1樓,納豆紅麴Plus複方膠囊,114/8/21,真菌毒素,合格,,,—
15099,全聯實業股份有限公司鶯歌建國分公司,新北市,鶯歌區,新北市鶯歌區建國路85號1樓之1,萬歲牌無調味綜合果,114/8/21,真菌毒素,合格,,,—
15100,全聯實業股份有限公司板橋江寧分公司,新北市,板橋區,新北市板橋區江寧路3段29號1樓,illy咖啡豆-深焙,114/8/21,真菌毒素,合格,,,—
15101,統康生活事業股份有限公司中和二分公司,新北市,中和區,新北市中和區復興路268號1樓,超值傳統即溶咖啡粉,114/8/21,真菌毒素,合格,,,—
15102,全聯實業股份有限公司淡水竹圍分公司,新北市,淡水區,新北市淡水區民族路31號B1樓,貝納頌尊爵級咖啡豆,114/8/22,真菌毒素,合格,,,—
15103,媽媽好國際有限公司,新北市,新莊區,新北市新莊區中平路126號,卡洛塔妮添加鐵質嬰兒羊奶配方,114/8/22,真菌毒素,合格,,,嬰幼兒食品
15104,全聯實業股份有限公司鶯歌建國分公司,新北市,鶯歌區,新北市鶯歌區建國路85號1樓之1,正宗韓國辣椒粉,114/8/21,真菌毒素,合格,,,—
15105,家福股份有限公司汐科分公司,新北市,汐止區,新北市汐止區新台五路1段99號B1樓,紅辣椒粉,114/8/22,真菌毒素,合格,,,—
15106,全聯實業股份有限公司淡水竹圍分公司,新北市,淡水區,新北市淡水區民族路31號B1樓,黃豆,114/8/22,真菌毒素,合格,,,—
15107,統康生活事業股份有限公司永和比漾店,新北市,永和區,新北市永和區中山路1段238號B2樓,香讚切干,114/8/22,真菌毒素,合格,,,—
15108,新北市樹林區農會農特產品直銷中心,新北市,樹林區,新北市樹林區鎮前街77號,維義不飽和向日葵調合油,114/8/21,真菌毒素,合格,,,—
15109,家福股份有限公司台北林口分公司,新北市,林口區,新北市林口區文化二路1段559號B1樓,統一綺麗健康油,114/8/21,真菌毒素,合格,,,—
15110,全聯實業股份有限公司蘆洲九芎分公司,新北市,蘆洲區,新北市蘆洲區九芎街90巷6號,果汁時刻葡萄汁,114/8/22,真菌毒素,合格,,,—
15111,全聯實業股份有限公司板橋中山分公司,新北市,板橋區,新北市板橋區中山路2段326號1樓,義美寶吉純果汁(葡萄綜合)125ml6入/組,114/8/22,真菌毒素,合格,,,—
15112,家福股份有限公司台北林口分公司,新北市,林口區,新北市林口區文化二路1段559號B1樓,熟白芝麻粒,114/8/21,真菌毒素,合格,,,—
15113,統健實業股份有限公司永和中正門市,新北市,永和區,新北市永和區中正路131號1樓,高鈣黑芝麻粉,114/8/21,真菌毒素,合格,,,—
15114,天王貢糖特產專賣店,新北市,新莊區,新北市新莊區新北大道3號B2樓,芝麻花生酥(全素),114/8/26,真菌毒素,合格,,,—
15115,佳瑪百貨股份有限公司,新北市,蘆洲區,新北市蘆洲區長榮路8號1樓,花生糖,114/8/26,真菌毒素,合格,,,—
15116,諾貝兒寶貝股份有限公司丁重分公司,新北市,三重區,新北市三重區三和路4段16號1樓,威瑪舒培納豆紅麴(膠囊),114/8/28,真菌毒素,合格,,,—
15117,全聯實業股份有限公司新莊大觀分公司,新北市,新莊區,新北市新莊區大觀街41之61號,帶皮腰果,114/8/26,真菌毒素,合格,,,—
15118,頂昌企業有限公司,新北市,土城區,新北市土城區永豐路195巷23號,花生粉,114/7/1,真菌毒素,合格,,,—
15383,饗賓餐旅事業股份有限公司(饗食天堂板橋店),新北市,板橋區,新北市板橋區中山路一段152號12樓,-,114/6/25,GHP,合格,-,,
15385,三澧企業股份有限公司(MoMoParadise),新北市,新店區,新北市新店區中央路157號5樓(C27櫃號34),-,114/6/27,GHP,合格,-,,
15387,饗醬中和有限公司(饗醬燒肉),新北市,中和區,新北市中和區板南路218號,-,114/7/14,GHP,合格,-,,
15389,大醬餐飲店(吉哆火鍋百匯),新北市,板橋區,新北市板橋區文化路225巷1號,-,114/7/9,GHP,合格,-,,
15391,和兵衛餐飲有限公司(千兵衛燒肉鍋物),新北市,中和區,新北市中和區中和路25號2樓,-,114/7/22,GHP,合格,-,,
15393,貝斯薇榳有限公司,新北市,三重區,新北市三重區中正北路399號1樓、2樓、3樓,-,114/7/18,GHP,合格,-,,
15395,天辰餐飲有限公司(文岩文岩燒蜀辣鴛鴦鍋),新北市,新莊區,新北市新莊區中華路168號,-,114/7/14,GHP,合格,-,,
15397,王品餐飲股份有限公司(肉次方新店民權店),新北市,新店區,新北市新店區民權路86號2樓,-,114/7/8,GHP,合格,-,,
15399,益灃實業有限公司（燒肉眾精緻炭火燒肉）,新北市,新莊區,新北市新莊區中正路278號,-,114/7/24,GHP,合格,-,,
15401,元森餐飲有限公司(燒肉眾),新北市,樹林區,新北市樹林區樹新路127號,-,114/7/23,GHP,合格,-,,
15403,虎兵衛餐飲有限公司(千兵衛炭火燒肉),新北市,新莊區,新北市新莊區民安路188巷5號9樓,-,114/7/21,GHP,合格,-,,
15405,大丹餐飲股份有限公司(打爆豬),新北市,三重區,新北市三重區五華街282號4樓,-,114/7/30,GHP,合格,-,,
15407,饗賓餐旅事業股份有限公司(小福利麻辣鍋中和環球店),新北市,中和區,新北市中和區中山路三段122號4樓,-,114/7/8,GHP,合格,-,,
15432,饗賓餐旅事業股份有限公司(饗食天堂板橋店),新北市,板橋區,新北市板橋區中山路一段152號12樓,-,114/6/25,標示,合格,-,,
15434,三澧企業股份有限公司(MoMoParadise),新北市,新店區,新北市新店區中央路157號5樓(C27櫃號34),-,114/6/27,標示,合格,-,,
15436,饗醬中和有限公司(饗醬燒肉),新北市,中和區,新北市中和區板南路218號,-,114/6/30,標示,合格,-,,
15438,大醬餐飲店(吉哆火鍋百匯),新北市,板橋區,新北市板橋區文化路225巷1號,-,114/6/30,標示,合格,-,,
15440,和兵衛餐飲有限公司(千兵衛燒肉鍋物),新北市,中和區,新北市中和區中和路25號2樓,-,114/7/1,標示,合格,-,,
15442,貝斯薇榳有限公司,新北市,三重區,新北市三重區中正北路399號1樓、2樓、3樓,-,114/7/1,標示,合格,-,,
15444,天辰餐飲有限公司(文岩文岩燒蜀辣鴛鴦鍋),新北市,新莊區,新北市新莊區中華路168號,-,114/7/1,標示,合格,-,,
15446,王品餐飲股份有限公司(肉次方新店民權店),新北市,新店區,新北市新店區民權路86號2樓,-,114/7/2,標示,合格,-,,
15448,益灃實業有限公司（燒肉眾精緻炭火燒肉）,新北市,新莊區,新北市新莊區中正路278號,-,114/7/2,標示,合格,-,,
15450,元森餐飲有限公司(燒肉眾),新北市,樹林區,新北市樹林區樹新路127號,-,114/7/3,標示,合格,-,,
15452,虎兵衛餐飲有限公司(千兵衛炭火燒肉),新北市,新莊區,新北市新莊區民安路188巷5號9樓,-,114/7/7,標示,合格,-,,
15454,大丹餐飲股份有限公司(打爆豬),新北市,三重區,新北市三重區五華街282號4樓,-,114/7/8,標示,合格,-,,
15456,饗賓餐旅事業股份有限公司(小福利麻辣鍋中和環球店),新北市,中和區,新北市中和區中山路三段122號4樓,-,114/7/8,標示,合格,-,,
15679,饗賓餐旅事業股份有限公司(饗食天堂板橋店),新北市,板橋區,新北市板橋區中山路一段152號12樓,自製冰塊,114/6/25,食品微生物,合格,-,,
15680,饗賓餐旅事業股份有限公司(饗食天堂板橋店),新北市,板橋區,新北市板橋區中山路一段152號12樓,US-板腱-CH(美國牛),114/6/25,動物用藥殘留,合格,,,
15681,三澧企業股份有限公司(MoMoParadise),新北市,新店區,新北市新店區中央路157號5樓(C27櫃號34),食用冰塊,114/6/27,食品微生物,合格,-,,
15682,饗醬中和有限公司(饗醬燒肉),新北市,中和區,新北市中和區板南路218號,黑豬梅花肉(西班牙豬),114/6/30,動物用藥殘留,合格,-,,
15683,饗醬中和有限公司(饗醬燒肉),新北市,中和區,新北市中和區板南路218號,和風沙拉,114/6/30,食品微生物,合格,,,
15684,大醬餐飲店(吉哆火鍋百匯),新北市,板橋區,新北市板橋區文化路225巷1號,柴燒烏龍茶,114/6/30,食品微生物,合格,-,,
15685,大醬餐飲店(吉哆火鍋百匯),新北市,板橋區,新北市板橋區文化路225巷1號,麻辣鴨血.豆腐,114/6/30,食品微生物,合格,,,
15686,和兵衛餐飲有限公司(千兵衛燒肉鍋物),新北市,中和區,新北市中和區中和路25號2樓,可樂,114/7/1,食品微生物,合格,-,,
15687,貝斯薇榳有限公司,新北市,三重區,新北市三重區中正北路399號1樓、2樓、3樓,油麵,114/7/1,邦克列酸,合格,-,,
15688,貝斯薇榳有限公司,新北市,三重區,新北市三重區中正北路399號1樓、2樓、3樓,食用冰塊,114/7/1,食品微生物,合格,,,
15689,天辰餐飲有限公司(文岩文岩燒蜀辣鴛鴦鍋),新北市,新莊區,新北市新莊區中華路168號,手打宇龍麵,114/7/1,邦克列酸,合格,-,,
15690,天辰餐飲有限公司(文岩文岩燒蜀辣鴛鴦鍋),新北市,新莊區,新北市新莊區中華路168號,食用冰塊,114/7/1,食品微生物,合格,,,
15691,王品餐飲股份有限公司(肉次方新店民權店),新北市,新店區,新北市新店區民權路86號2樓,經典沙拉,114/7/2,食品微生物,合格,-,,
15692,益灃實業有限公司（燒肉眾精緻炭火燒肉）,新北市,新莊區,新北市新莊區中正路278號,和風沙拉,114/7/2,食品微生物,合格,-,,
15693,元森餐飲有限公司(燒肉眾),新北市,樹林區,新北市樹林區樹新路127號,豬梅肉捲(加拿大),114/7/3,動物用藥殘留,合格,-,,
15694,虎兵衛餐飲有限公司(千兵衛炭火燒肉),新北市,新莊區,新北市新莊區民安路188巷5號9樓,伊比利豬梅花肉(西班牙),114/7/7,動物用藥殘留,合格,-,,
15695,大丹餐飲股份有限公司(打爆豬),新北市,三重區,新北市三重區五華街282號4樓,打爆脆薯,114/7/8,食品微生物,合格,-,,
15696,大丹餐飲股份有限公司(打爆豬),新北市,三重區,新北市三重區五華街282號4樓,關東煮,114/7/8,食品微生物,合格,-,,
15697,饗賓餐旅事業股份有限公司(小福利麻辣鍋中和環球店),新北市,中和區,新北市中和區中山路三段122號4樓,南僑讚岐烏龍麵,114/7/8,邦克列酸,合格,-,,
15864,吳○金,新北市,蘆洲區,新北市蘆洲區,九層塔(羅勒),114/4/9,農藥(滅芬諾、賜諾特、草殺淨),不合格,依食安法第47條裁處,30000,
15866,融駿有限公司,新北市,板橋區,新北市板橋區民族路58號11樓,加拉蘋果,114/5/20,農藥(安丹),不合格,依食安法第44條裁處,60000,
15876,鑫三崧貿易股份有限公司,新北市,中和區,新北市中和區立業路83巷25號,白蘿蔔,114/7/1,農藥(可尼丁、賽速安),不合格,依食安法第44條裁處,60000,
15893,王○,新北市,蘆洲區,新北市蘆洲區,香才(芫荽),114/7/4,農藥(草脫淨),不合格,依食安法第47條裁處,30000,
15896,棉花田生機園地股份有限公司土城學府門市,新北市,土城區,新北市土城區學府路一段185號,有機白米,114/7/21,農藥殘留,合格,,,
15897,家福股份有限公司臺北板橋分公司,新北市,板橋區,新北市板橋區三民路二段31號B1樓,有機香米,114/7/23,農藥殘留,合格,,,
15923,牛井飲食店,新北市,中和區,新北市中和區中山路二段40號1樓,高麗菜,114/6/23,農藥殘留,合格,,,
15924,新加坡商海底撈事業股份有限公司新莊宏滙門市(市招:海底撈),新北市,新莊區,新北市新莊區新北大道四段3號9樓,甘藍(高麗菜),114/6/23,農藥殘留,合格,,,
15925,統康生活事業股份有限公司新店安德分公司,新北市,新店區,新北市新店區安康路二段136巷59號,履歷高麗菜,114/6/26,農藥殘留,合格,,,
15926,萬有蔬果行,新北市,新店區,新北市新店區建國路95號,山東白菜,114/7/22,農藥殘留,合格,,,
15927,好市多股份有限公司汐止分公司,新北市,汐止區,新北市汐止區大同路一段158號,大白菜,114/7/25,農藥殘留,合格,,,
15928,進欽行,新北市,蘆洲區,新北市蘆洲區復興路410巷11號,白菜,114/7/30,農藥殘留,合格,,,
16010,成全蔬果行,新北市,新店區,新北市新店區安民街319號,芹菜,114/6/24,農藥殘留,合格,,,
16011,全聯實業股份有限公司新埔捷運分公司,新北市,板橋區,新北市板橋區文化路一段360號B1樓,西洋芹菜,114/6/24,農藥殘留,合格,,,
16012,正益蔬果,新北市,樹林區,新北市樹林區保安街一段35號,西芹,114/6/26,農藥殘留,合格,,,
16013,潤泰全球股份有限公司中和分公司,新北市,中和區,新北市中和區中山路二段228號B1樓,西洋芹菜,114/7/21,農藥殘留,合格,,,
16014,全聯實業股份有限公司臺北縣金城分公司,新北市,土城區,新北市土城區金城路三段12號B1樓,青蔥,114/7/21,農藥殘留,合格,,,
16015,萬程豐股份有限公司(市招:萬客什鍋-新莊復興店),新北市,新莊區,新北市新莊區復興路一段211號,鵝白菜,114/7/22,農藥殘留,合格,,,
16016,新吉利,新北市,三重區,新北市三重區五華街331號,水雍菜,114/7/22,農藥殘留,合格,,,
16017,嘉和行,新北市,三重區,新北市三重區五華街331號,小白菜,114/7/22,農藥殘留,合格,,,
16018,黃○忠,新北市,板橋區,新北市板橋區,空心菜,114/7/23,農藥殘留,合格,,,
16019,欣村食品有限公司,新北市,板橋區,新北市板橋區貴興路101號1樓,青蔥,114/7/24,農藥殘留,合格,,,
16020,冠記果菜行,新北市,蘆洲區,新北市蘆洲區復興路410巷11號,白莧菜,114/7/30,農藥殘留,合格,,,
16035,優食台灣股份有限公司(網購平台),新北市,五股區,新北市五股區五權五路27號3樓,芹菜,114/8/5,農藥殘留,合格,,,
16036,優食台灣股份有限公司(網購平台),新北市,五股區,新北市五股區五權五路27號3樓,嚴選青蔥,114/8/5,農藥殘留,合格,,,
16098,奇麟企業有限公司(網購平台),新北市,林口區,新北市林口區文化二路一段277號,水蓮,114/7/24,農藥殘留,合格,,,
16099,奇麟企業有限公司(網購平台),新北市,林口區,新北市林口區文化二路一段277號,白韭菜,114/7/24,農藥殘留,合格,,,
16100,奇麟企業有限公司(網購平台),新北市,林口區,新北市林口區文化二路一段277號,蘿蔓心,114/7/24,農藥殘留,合格,,,
16152,全聯實業股份有限公司樹林中山分公司,新北市,樹林區,新北市樹林區中山路一段29之1號1樓,蘿蔔,114/7/28,農藥殘留,合格,,,
16153,萌郁元氣蔬菜行,新北市,新莊區,新北市新莊區中誠街19號,白蘿蔔,114/7/28,農藥殘留,合格,,,
16154,全聯實業股份有限公司蘆洲忠孝分公司,新北市,蘆洲區,新北市蘆洲區忠孝路23號1樓,白蘿蔔,114/7/30,農藥殘留,合格,,,
16155,全聯實業股份有限公司永和警光分公司,新北市,永和區,新北市永和區竹林路168號B1樓,地瓜,114/8/7,農藥殘留,合格,,,
16156,草地囡仔,新北市,新莊區,新北市新莊區幸福路641號,紫地瓜,114/8/8,農藥殘留,合格,,,
16157,天晟蔬果商行,新北市,三重區,新北市三重區中正北路346號,地瓜,114/8/11,農藥殘留,合格,,,
16211,全聯實業股份有限公司臺北縣大觀分公司,新北市,板橋區,新北市板橋區大觀路三段236號B1樓,秀珍菇,114/8/8,農藥殘留,合格,,,
16212,林○良,新北市,鶯歌區,新北市鶯歌區,秀珍菇,114/8/8,農藥殘留,合格,,,
16226,牛井飲食店,新北市,中和區,新北市中和區中山路二段40號1樓,辣椒,114/6/23,農藥殘留,合格,,,
16227,永兆豐股份有限公司,新北市,新莊區,新北市新莊區五工路97巷2號1樓,辣椒,114/6/23,農藥殘留,合格,,,
16228,藍園生鮮蔬果行,新北市,淡水區,新北市淡水區中山路182號,朝天椒,114/6/25,農藥殘留,合格,,,
16229,三重區農會生鮮超級市場,新北市,三重區,新北市三重區重新路二段1號B1樓,小辣椒,114/6/27,農藥殘留,合格,,,
16230,泰林自助餐,新北市,泰山區,新北市泰山區泰林路二段149之1號,番茄,114/6/30,農藥殘留,合格,,,
16231,緯達蔬果行,新北市,板橋區,新北市板橋區板新路1000號,辣椒,114/7/2,農藥殘留,合格,,,
16232,潤泰全球股份有限公司中和分公司,新北市,中和區,新北市中和區中山路二段228號B1樓,紅小辣椒,114/7/21,農藥殘留,合格,,,
16305,小鳳蔬菜大賣場,新北市,新莊區,新北市新莊區四維路138號,絲瓜,114/6/23,農藥殘留,合格,,,
16306,玉洋兒小吃店,新北市,三峽區,新北市三峽區大同路30號,絲瓜(菜瓜),114/6/23,農藥殘留,合格,,,
16307,楊○漢,新北市,永和區,新北市永和區,絲瓜,114/6/27,農藥殘留,合格,,,
16308,友財蔬果行,新北市,板橋區,新北市板橋區板城路1000號,絲瓜,114/7/2,農藥殘留,合格,,,
16309,好市多股份有限公司新莊分公司,新北市,新莊區,新北市新莊區建國一路138號,栗子南瓜,114/7/21,農藥殘留,合格,,,
16310,米村生鮮超市,新北市,中和區,新北市中和區中安街170號1樓,南瓜,114/7/25,農藥殘留,合格,,,
16342,奇麟企業有限公司(網購平台),新北市,林口區,新北市林口區文化二路一段277號,瓢瓜(浦仔),114/7/24,農藥殘留,合格,,,
16368,高○貿,新北市,板橋區,新北市板橋區,毛豆,114/6/27,農藥殘留,合格,,,
16369,三重區農會生鮮超級市場,新北市,三重區,新北市三重區重新路二段1號B1樓,菜豆,114/6/27,農藥殘留,合格,,,
16394,新旺來企業社,新北市,中和區,新北市中和區保健路19巷4弄2號,香瓜,114/8/7,農藥殘留,合格,,,
16395,台灣糖業股份有限公司商品行銷事業部臺北營業所,新北市,三峽區,新北市三峽區學成路398號,美濃瓜,114/8/8,農藥殘留,合格,,,
16396,上上青平價鮮果廣場,新北市,新莊區,新北市新莊區自信街49號,香瓜,114/8/11,農藥殘留,合格,,,
16422,成全蔬果行,新北市,新店區,新北市新店區安民街319號,紅龍果,114/6/24,農藥殘留,合格,,,
16423,全聯實業股份有限公司三重天台分公司,新北市,三重區,新北市三重區重新路二段78號地下1層之21,紅肉火龍果,114/6/24,農藥殘留,合格,,,
16424,藍園生鮮蔬果行,新北市,淡水區,新北市淡水區中山路182號,滿天星百香果,114/6/25,農藥殘留,合格,,,
16425,黃○通,新北市,汐止區,新北市汐止區,紅龍果,114/6/25,農藥殘留,合格,,,
16426,統康生活事業股份有限公司南勢角分公司,新北市,中和區,新北市中和區興南路一段20號地下1樓,履歷百香果,114/6/30,農藥殘留,合格,,,
16427,日昌水果行,新北市,板橋區,新北市板橋區板城路1000號,百香果,114/7/2,農藥殘留,合格,,,
16428,海鴻水果行,新北市,板橋區,新北市板橋區板城路1000號,火龍果,114/7/2,農藥殘留,合格,,,
16429,健康小站,新北市,新店區,新北市新店區光明街219號,酪梨,114/7/21,農藥殘留,合格,,,
16430,好市多股份有限公司新莊分公司,新北市,新莊區,新北市新莊區建國一路138號,酪梨,114/7/21,農藥殘留,合格,,,
16431,米村生鮮超市,新北市,中和區,新北市中和區中安街170號1樓,酪梨,114/7/25,農藥殘留,合格,,,
16432,王○發,新北市,樹林區,新北市樹林區,酪梨,114/8/7,農藥殘留,合格,,,
16433,全聯實業股份有限公司臺北縣大觀分公司,新北市,板橋區,新北市板橋區大觀路三段236號B1樓,酪梨,114/8/8,農藥殘留,合格,,,
16434,全聯實業股份有限公司臺北縣大觀分公司,新北市,板橋區,新北市板橋區大觀路三段236號B1樓,香蕉,114/8/8,農藥殘留,合格,,,
16435,家福股份有限公司重新分公司,新北市,三重區,新北市三重區重新路五段654號,香蕉,114/8/11,農藥殘留,合格,,,
16436,曉森餐飲有限公司,新北市,三重區,新北市三重區中興北街42巷4號,酪梨,114/8/12,農藥殘留,合格,,,
16516,好初切水果股份有限公司,新北市,新莊區,新北市新莊區新北大道七段852號,貓眼葡萄,114/6/23,農藥殘留,合格,,,
16517,全聯實業股份有限公司新埔捷運分公司,新北市,板橋區,新北市板橋區文化路一段360號B1樓,葡萄,114/6/24,農藥殘留,合格,,,
16518,我愛買蔬果行,新北市,新店區,新北市新店區建國路84號,紅地球葡萄,114/6/25,農藥殘留,合格,,,
16545,金鑽牛有限公司,新北市,中和區,新北市中和區建一路92號1樓,金煌芒果,114/6/24,農藥殘留,合格,,,
16546,青泉飲料店,新北市,新莊區,新北市新莊區福壽街75號,芒果,114/6/25,農藥殘留,合格,,,
16547,服冰易冰店,新北市,三重區,新北市三重區文化北路27號,芒果,114/6/27,農藥殘留,合格,,,
16548,綠翡翠鮮果店,新北市,新店區,新北市新店區建國路33巷2號,龍眼,114/7/22,農藥殘留,合格,,,
16549,新北市板橋區農會,新北市,板橋區,新北市板橋區府中路29號,龍眼,114/7/24,農藥殘留,合格,,,
16550,丫發水果店,新北市,三重區,新北市三重區大同南路93巷13號1樓,龍眼,114/7/24,農藥殘留,合格,,,
16551,全聯實業股份有限公司永和中正分公司,新北市,永和區,新北市永和區中正路247號,龍眼,114/8/7,農藥殘留,合格,,,
16552,欣宸鮮菓行,新北市,蘆洲區,新北市蘆洲區忠孝路8號,龍眼,114/8/8,農藥殘留,合格,,,
16553,展宏青果行,新北市,泰山區,新北市泰山區泰林路二段330號,龍眼,114/8/11,農藥殘留,合格,,,
16643,米塔義廚股份有限公司新莊中正分公司,新北市,新莊區,新北市新莊區中正路283號2樓,檸檬,114/7/21,農藥殘留,合格,,,
16644,瓦城泰統股份有限公司中和分公司,新北市,中和區,新北市中和區平河里建一路179號1樓,檸檬,114/7/22,農藥殘留,合格,,,
16645,全聯實業股份有限公司永和中正分公司,新北市,永和區,新北市永和區中正路247號,葡萄柚,114/8/7,農藥殘留,合格,,,
16646,星翔飲料店,新北市,樹林區,新北市樹林區中山路一段15號,紅葡萄柚,114/8/7,農藥殘留,合格,,,
16647,大苑子開發股份有限公司永和樂華分公司,新北市,永和區,新北市永和區永和路一段146號,葡萄柚,114/8/11,農藥殘留,合格,,,
16667,遠百企業股份有限公司板橋南雅分公司,新北市,板橋區,新北市板橋區貴興路101號,芫荽,114/6/26,農藥殘留,合格,,,
16668,大家美食館,新北市,永和區,新北市永和區復興街4號,香菜,114/6/27,農藥殘留,合格,,,
16669,家福股份有限公司臺北板橋分公司,新北市,板橋區,新北市板橋區三民路二段31號B1樓,有機芫荽,114/7/23,農藥殘留,合格,,,
16677,楊堃興業有限公司,新北市,新莊區,新北市新莊區雙鳳里雙鳳路111號6樓,-,114/8/13,GHP,合格,,,
16678,三豐食品工廠,新北市,新莊區,新北市新莊區化成里化成路100之1號,-,114/8/6,GHP,合格,,,
16679,沅哲有限公司,新北市,林口區,新北市林口區東林里粉寮路2段24號1、2、3樓,-,114/8/12,GHP,合格,,,
16680,張鹼油,新北市,板橋區,新北市板橋區中山路1段265巷4弄12號,-,114/7/23,GHP,合格,,,
16681,茂順食品有限公司,新北市,板橋區,新北市板橋區重慶路89巷51號,-,114/7/24,GHP,合格,,,
16682,振芳股份有限公司,新北市,五股區,新北市五股區興珍里五工六路19號,-,114/7/14,GHP,合格,,,
16683,振芳股份有限公司五股廠,新北市,五股區,新北市五股區興珍里五工六路22號,-,114/7/14,GHP,合格,,,
16684,大中食品工業股份有限公司,新北市,汐止區,新北市汐止區北山里康寧街169巷29之1號9樓之2,-,114/7/7,GHP,合格,,,
16685,振源食品科技股份有限公司,新北市,汐止區,新北市汐止區八連里八連路一段78巷1號,-,114/7/7,GHP,合格,,,
16686,諧和實業股份有限公司,新北市,土城區,新北市土城區裕生里中華路一段70巷33號1、2樓,-,114/7/4,GHP,合格,,,
16687,銘俞國際貿易有限公司,新北市,三重區,新北市三重區中興里中興北街23巷2號(2樓),-,114/8/12,GHP,合格,,,
16688,優奇有限公司,新北市,泰山區,新北市泰山區山腳里美寧街57巷35弄2號1樓,-,114/7/22,GHP,合格,,,
16729,楊堃興業有限公司,新北市,新莊區,新北市新莊區雙鳳里雙鳳路111號6樓,蒟蒻果凍粉NO.1,114/7/9,標示,合格,,,
16730,楊堃興業有限公司,新北市,新莊區,新北市新莊區雙鳳里雙鳳路111號6樓,布丁安定劑A2-4,114/7/9,標示,合格,,,
16731,三豐食品工廠,新北市,新莊區,新北市新莊區化成里化成路100之1號,焦糖色素,114/7/1,標示,合格,,,
16732,沅哲有限公司,新北市,林口區,新北市林口區東林里粉寮路2段24號1、2、3樓,L-麩酸鈉,114/7/31,標示,合格,,,
16733,沅哲有限公司,新北市,林口區,新北市林口區東林里粉寮路2段24號1、2、3樓,寶磷K,114/7/31,標示,合格,,,
16734,張鹼油,新北市,板橋區,新北市板橋區中山路1段265巷4弄12號,鹼油,114/7/3,標示,合格,,,
16735,茂順食品有限公司,新北市,板橋區,新北市板橋區重慶路89巷51號,珠光粉-閃銀,114/7/4,標示,合格,,,
16736,茂順食品有限公司,新北市,板橋區,新北市板橋區重慶路89巷51號,珠光粉-閃金,114/7/4,標示,合格,,,
16737,振芳股份有限公司,新北市,五股區,新北市五股區興珍里五工六路19號,青蘋果色素,114/7/14,標示,合格,,,
16738,振芳股份有限公司,新北市,五股區,新北市五股區興珍里五工六路19號,刺槐豆膠L-200,114/7/14,標示,合格,,,
16739,振芳股份有限公司五股廠,新北市,五股區,新北市五股區興珍里五工六路22號,健美鮮A粉劑,114/7/14,標示,合格,,,
16740,振芳股份有限公司五股廠,新北市,五股區,新北市五股區興珍里五工六路22號,麵寶(NT)(麵用乳化劑),114/7/14,標示,合格,,,
16741,大中食品工業股份有限公司,新北市,汐止區,新北市汐止區北山里康寧街169巷29之1號9樓之2,鹿角菜膠,114/7/7,標示,合格,,,
16742,大中食品工業股份有限公司,新北市,汐止區,新北市汐止區北山里康寧街169巷29之1號9樓之2,纖維膠200,114/7/7,標示,合格,,,
16743,振源食品科技股份有限公司,新北市,汐止區,新北市汐止區八連里八連路一段78巷1號,脫靈粉,114/7/7,標示,合格,,,
16744,振源食品科技股份有限公司,新北市,汐止區,新北市汐止區八連里八連路一段78巷1號,刺槐豆膠,114/7/7,標示,合格,,,
16745,銘俞國際貿易有限公司,新北市,三重區,新北市三重區中興里中興北街23巷2號(2樓),CHEFART油溶性色粉(白色),114/7/23,標示,合格,,,
16746,銘俞國際貿易有限公司,新北市,三重區,新北市三重區中興里中興北街23巷2號(2樓),CHEFART油溶性色粉(天空藍),114/7/23,標示,合格,,,
16747,優奇有限公司,新北市,泰山區,新北市泰山區山腳里美寧街57巷35弄2號1樓,四色水,114/7/9,標示,合格,,,
16820,振芳股份有限公司,新北市,五股區,新北市五股區興珍里五工六路19號,刺槐豆膠L-200,114/7/14,環氧乙烷,合格,,,
16821,大中食品工業股份有限公司,新北市,汐止區,新北市汐止區北山里康寧街169巷29之1號9樓之2,刺槐豆膠,114/7/7,環氧乙烷,合格,,,
16822,大中食品工業股份有限公司,新北市,汐止區,新北市汐止區北山里康寧街169巷29之1號9樓之2,關華豆膠,114/7/7,環氧乙烷,合格,,,
16823,振源食品科技股份有限公司,新北市,汐止區,新北市汐止區八連里八連路一段78巷1號,關華豆膠,114/7/7,環氧乙烷,合格,,,
16824,振源食品科技股份有限公司,新北市,汐止區,新北市汐止區八連里八連路一段78巷1號,刺槐豆膠,114/7/7,環氧乙烷,合格,,,
17056,十味健康素食,新北市,中和區,新北市中和區宜安路155號、155之1號,-,114/7/3,GHP,合格,,,
17057,霞光素食,新北市,中和區,新北市中和區新生街194號,-,114/6/17,GHP,合格,,,
17058,毅植素食鐵板料理,新北市,三重區,新北市三重區六張街124號,-,114/7/9,GHP,合格,,,
17059,福帝健康管理顧問,新北市,三重區,新北市三重區重陽路3段5巷28號之1,-,114/6/26,GHP,合格,,,
17060,原素食府,新北市,板橋區,新北市板橋區府中路29之2號4樓,-,114/6/26,GHP,合格,,,
17061,果然匯板橋店,新北市,板橋區,新北市板橋區中山路1段152號11樓,-,114/6/11,GHP,合格,,,
17062,上善豆家-林口店,新北市,林口區,新北市林口區文化二路1段123號3樓,-,114/7/15,GHP,合格,,,
17063,韓蔬.大發,新北市,新店區,新北市新店區北新路2段128號2樓,-,114/6/23,GHP,合格,,,
17064,妙觀音素食-新莊新泰店,新北市,新莊區,新北市新莊區新泰路105號,-,114/7/1,GHP,合格,,,
17206,十味健康素食,新北市,中和區,新北市中和區宜安路155號、155之1號,植の塔香酥塊(全素),114/6/9,動物性成分,合格,,,
17207,十味健康素食,新北市,中和區,新北市中和區宜安路155號、155之1號,南瓜,114/6/9,食品微生物,合格,,,
17208,霞光素食,新北市,中和區,新北市中和區新生街194號,日式烏龍麵,114/6/10,邦克列酸,合格,,,
17209,毅植素食鐵板料理,新北市,三重區,新北市三重區六張街124號,素白帶魚,114/6/10,動物性成分,合格,,,
17210,福帝健康管理顧問,新北市,三重區,新北市三重區重陽路3段5巷28號之1,芥末杏鮑菇,114/6/11,食品微生物,合格,,,
17211,福帝健康管理顧問,新北市,三重區,新北市三重區重陽路3段5巷28號之1,蕎麥麵,114/6/11,邦克列酸,合格,,,
17212,原素食府,新北市,板橋區,新北市板橋區府中路29之2號4樓,Lypid煙燻植物薄切培根,114/6/11,動物性成分,合格,,,
17213,原素食府,新北市,板橋區,新北市板橋區府中路29之2號4樓,沙拉,114/6/11,食品微生物,合格,,,
17214,原素食府,新北市,板橋區,新北市板橋區府中路29之2號4樓,南僑讚岐烏龍麵,114/6/11,邦克列酸,合格,,,
17215,果然匯板橋店,新北市,板橋區,新北市板橋區中山路1段152號11樓,菇蔬牛若片,114/6/11,防腐劑,合格,,,
17216,上善豆家-林口店,新北市,林口區,新北市林口區文化二路1段123號3樓,舒植漢堡排,114/6/11,防腐劑,合格,,,
17217,韓蔬.大發,新北市,新店區,新北市新店區北新路2段128號2樓,肉排漿,114/6/9,動物性成分,合格,,,
17218,韓蔬.大發,新北市,新店區,新北市新店區北新路2段128號2樓,雞肉漿,114/6/9,防腐劑、殺菌劑,合格,,,
17219,韓蔬.大發,新北市,新店區,新北市新店區北新路2段128號2樓,泡菜,114/6/9,食品微生物,合格,,,
17220,妙觀音素食-新莊新泰店,新北市,新莊區,新北市新莊區新泰路105號,意麵,114/6/24,邦克列酸,合格,,,
17467,十味健康素食,新北市,中和區,新北市中和區宜安路155號、155之1號,植の塔香酥塊(全素),114/6/9,標示,合格,,,
17468,十味健康素食,新北市,中和區,新北市中和區宜安路155號、155之1號,植物G米花,114/6/9,標示,合格,,,
17469,霞光素食,新北市,中和區,新北市中和區新生街194號,素津香素肉(蛋素),114/6/10,標示,合格,,,
17470,毅植素食鐵板料理,新北市,三重區,新北市三重區六張街124號,素白帶魚,114/6/10,標示,合格,,,
17471,毅植素食鐵板料理,新北市,三重區,新北市三重區六張街124號,素極品XO醬,114/6/10,標示,合格,,,
17472,毅植素食鐵板料理,新北市,三重區,新北市三重區六張街124號,御品全素猴頭菇,114/6/10,標示,合格,,,
17473,福帝健康管理顧問,新北市,三重區,新北市三重區重陽路3段5巷28號之1,麻婆輕肉醬,114/6/11,標示,合格,,,
17474,福帝健康管理顧問,新北市,三重區,新北市三重區重陽路3段5巷28號之1,泰式檸香打拋肉,114/6/11,標示,合格,,,
17475,福帝健康管理顧問,新北市,三重區,新北市三重區重陽路3段5巷28號之1,植物肉系列香菇輕肉燥,114/6/11,標示,合格,,,
17476,原素食府,新北市,板橋區,新北市板橋區府中路29之2號4樓,Lypid煙燻植物薄切培根,114/6/11,標示,合格,,,
17477,原素食府,新北市,板橋區,新北市板橋區府中路29之2號4樓,頂級素火腿,114/6/11,標示,合格,,,
17478,原素食府,新北市,板橋區,新北市板橋區府中路29之2號4樓,淵仁黃金素齋料,114/6/11,標示,合格,,,
17479,果然匯板橋店,新北市,板橋區,新北市板橋區中山路1段152號11樓,菇蔬牛若片,114/6/11,標示,合格,,,
17480,上善豆家-林口店,新北市,林口區,新北市林口區文化二路1段123號3樓,舒植漢堡排,114/6/11,標示,合格,,,
17481,上善豆家-林口店,新北市,林口區,新北市林口區文化二路1段123號3樓,萬家香香菇素蠔油,114/6/11,標示,合格,,,
17482,上善豆家-林口店,新北市,林口區,新北市林口區文化二路1段123號3樓,DMNI新豬肉,114/6/11,標示,合格,,,
17483,韓蔬.大發,新北市,新店區,新北市新店區北新路2段128號2樓,肉排漿,114/6/9,標示,合格,,,
17484,韓蔬.大發,新北市,新店區,新北市新店區北新路2段128號2樓,雞肉漿,114/6/9,標示,合格,,,
17485,韓蔬.大發,新北市,新店區,新北市新店區北新路2段128號2樓,新齋珍香大腿,114/6/9,標示,合格,,,
17486,韓蔬.大發,新北市,新店區,新北市新店區北新路2段128號2樓,D4濃縮清潔劑,114/6/9,標示,不合格,違反食安法第27條，依同法第47條裁處,30000,
17487,妙觀音素食-新莊新泰店,新北市,新莊區,新北市新莊區新泰路105號,招牌紅燒湯底,114/6/24,標示,不合格,違反食安法第22條，依同法第47條裁處,30000,
17488,妙觀音素食-新莊新泰店,新北市,新莊區,新北市新莊區新泰路105號,特製咖哩濃醬,114/6/24,標示,不合格,違反食安法第22條，依同法第47條裁處,30000,
17792,大潤發流通事業股份有限公司新店分公司,新北市,新店區,新北市新店區環河路22號地下1樓及22號地下1樓之1,-,114/7/17,GHP,合格,,,
17794,家福股份有限公司台北新店分公司,新北市,新店區,新北市新店區中興路3段1號,-,114/7/17,GHP,合格,,,
17796,全聯實業股份有限公司中和福祥分公司,新北市,中和區,新北市中和區福祥路72號1樓,-,114/7/17,GHP,合格,,,
17798,全聯實業股份有限公司永和永安分公司,新北市,永和區,新北市永和區中正路742號B1樓,-,114/7/29,GHP,合格,,,
17800,棉花田生機園地股份有限公司淡水英專店,新北市,淡水區,新北市淡水區英專路20號,-,114/8/1,GHP,合格,,,
17802,全聯實業股份有限公司-五股成泰分公司,新北市,五股區,新北市五股區成泰路三段379、381、383、385號1樓,-,114/7/18,GHP,合格,,,
17804,全聯實業股份有限公司新莊中原分公司,新北市,新莊區,新北市新莊區中原東路192、196號1~2樓,-,114/8/6,GHP,合格,,,
17806,潤泰全球(股)有限公司中和分公司,新北市,中和區,新北市中和區中山路2段228號地下1.2樓,-,114/7/21,GHP,合格,,,
17808,全聯實業股份有限公司三重中正南分公司,新北市,三重區,新北市三重區光正里中正南路248、248之2號地下1層,-,114/7/31,GHP,合格,,,
17810,遠百企業股份有限公司(市招:愛買南雅店),新北市,板橋區,新北市板橋區貴興路101號,-,114/7/29,GHP,合格,,,
17812,大家發實業股份有限公司,新北市,板橋區,新北市板橋區三民路1段101號,-,114/7/22,GHP,合格,,,
17814,有限責任台灣主婦聯盟生活消費合作社,新北市,三重區,新北市三重區重新路五段639號1樓,-,114/8/6,GHP,合格,,,
18262,大潤發流通事業股份有限公司新店分公司,新北市,新店區,新北市新店區環河路22號地下1樓及22號地下1樓之1,冷藏肉-豬腰內肉大包(嘉),114/7/17,標示,合格,,,
18264,大潤發流通事業股份有限公司新店分公司,新北市,新店區,新北市新店區環河路22號地下1樓及22號地下1樓之1,澳洲冷藏牛肋條(穀飼),114/7/17,標示,合格,,,
18266,大潤發流通事業股份有限公司新店分公司,新北市,新店區,新北市新店區環河路22號地下1樓及22號地下1樓之1,冷藏肉-豬小牌切塊-大(雅),114/7/17,標示,合格,,,
18268,家福股份有限公司台北新店分公司,新北市,新店區,新北市新店區中興路3段1號,冷凍美國牛肩小排火鍋片,114/7/17,標示,合格,,,
18270,家福股份有限公司台北新店分公司,新北市,新店區,新北市新店區中興路3段1號,冷凍豬五花火鍋片,114/7/17,標示,合格,,,
18272,家福股份有限公司台北新店分公司,新北市,新店區,新北市新店區中興路3段1號,美國CR安格斯牛五花火鍋片,114/7/17,標示,合格,,,
18274,全聯實業股份有限公司中和福祥分公司,新北市,中和區,新北市中和區福祥路72號1樓,精製絞肉,114/7/17,標示,合格,,,
18276,全聯實業股份有限公司中和福祥分公司,新北市,中和區,新北市中和區福祥路72號1樓,梅花火鍋肉片,114/7/17,標示,合格,,,
18278,全聯實業股份有限公司中和福祥分公司,新北市,中和區,新北市中和區福祥路72號1樓,澳洲穀飼牛梅花火鍋肉片,114/7/17,標示,合格,,,
18280,全聯實業股份有限公司永和永安分公司,新北市,永和區,新北市永和區中正路742號B1樓,100%純麻油,114/7/17,標示,合格,,,
18282,全聯實業股份有限公司永和永安分公司,新北市,永和區,新北市永和區中正路742號B1樓,澳洲和牛霜降肉片,114/7/17,標示,合格,,,
18284,全聯實業股份有限公司永和永安分公司,新北市,永和區,新北市永和區中正路742號B1樓,火鍋牛肉片,114/7/17,標示,合格,,,
18286,棉花田生機園地股份有限公司淡水英專店,新北市,淡水區,新北市淡水區英專路20號,肋軟骨丁,114/7/17,標示,合格,,,
18288,棉花田生機園地股份有限公司淡水英專店,新北市,淡水區,新北市淡水區英專路20號,梅花火鍋片,114/7/17,標示,合格,,,
18290,棉花田生機園地股份有限公司淡水英專店,新北市,淡水區,新北市淡水區英專路20號,烏骨雞-半雞切塊,114/7/17,標示,合格,,,
18292,全聯實業股份有限公司-五股成泰分公司,新北市,五股區,新北市五股區成泰路三段379、381、383、385號1樓,康寶奶油風味獨享杯玉米,114/7/18,標示,合格,,,
18294,全聯實業股份有限公司-五股成泰分公司,新北市,五股區,新北市五股區成泰路三段379、381、383、385號1樓,古早味烤肉醬,114/7/18,標示,合格,,,
18296,全聯實業股份有限公司-五股成泰分公司,新北市,五股區,新北市五股區成泰路三段379、381、383、385號1樓,蜜汁烤肉醬,114/7/18,標示,合格,,,
18298,全聯實業股份有限公司新莊中原分公司,新北市,新莊區,新北市新莊區中原東路192、196號1~2樓,里肌火鍋肉片,114/7/18,標示,合格,,,
18300,全聯實業股份有限公司新莊中原分公司,新北市,新莊區,新北市新莊區中原東路192、196號1~2樓,小蘇打粉(碳酸氫鈉),114/7/18,標示,合格,,,
18302,全聯實業股份有限公司新莊中原分公司,新北市,新莊區,新北市新莊區中原東路192、196號1~2樓,冷凍草蝦,114/7/18,標示,合格,,,
18304,潤泰全球(股)有限公司中和分公司,新北市,中和區,新北市中和區中山路2段228號地下1.2樓,味王味精,114/7/21,標示,合格,,,
18306,潤泰全球(股)有限公司中和分公司,新北市,中和區,新北市中和區中山路2段228號地下1.2樓,美淇豬梅花火鍋片,114/7/21,標示,合格,,,
18308,潤泰全球(股)有限公司中和分公司,新北市,中和區,新北市中和區中山路2段228號地下1.2樓,味全高鮮-高鮮味經(升級配方),114/7/21,標示,合格,,,
18310,全聯實業股份有限公司三重中正南分公司,新北市,三重區,新北市三重區光正里中正南路248、248之2號地下1層,特選白肉火鍋片,114/7/21,標示,合格,,,
18312,全聯實業股份有限公司三重中正南分公司,新北市,三重區,新北市三重區光正里中正南路248、248之2號地下1層,台東關山好欣豬五花薄切,114/7/21,標示,合格,,,
18314,全聯實業股份有限公司三重中正南分公司,新北市,三重區,新北市三重區光正里中正南路248、248之2號地下1層,味全味精,114/7/21,標示,合格,,,
18316,遠百企業股份有限公司(市招:愛買南雅店),新北市,板橋區,新北市板橋區貴興路101號,台灣珍豬豬梅花肉塊,114/7/22,標示,合格,,,
18318,遠百企業股份有限公司(市招:愛買南雅店),新北市,板橋區,新北市板橋區貴興路101號,台灣黃金土雞切塊,114/7/22,標示,合格,,,
18320,遠百企業股份有限公司(市招:愛買南雅店),新北市,板橋區,新北市板橋區貴興路101號,澳洲特級牛肉塊,114/7/22,標示,合格,,,
18322,大家發實業股份有限公司,新北市,板橋區,新北市板橋區三民路1段101號,鹹蛋黃,114/7/22,標示,合格,,,
18324,大家發實業股份有限公司,新北市,板橋區,新北市板橋區三民路1段101號,大家古早味原味花生糯米腸,114/7/22,標示,合格,,,
18326,大家發實業股份有限公司,新北市,板橋區,新北市板橋區三民路1段101號,QQQ可口米血糕,114/7/22,標示,合格,,,
18328,有限責任台灣主婦聯盟生活消費合作社,新北市,三重區,新北市三重區重新路五段639號1樓,肉絲(豬肉),114/7/23,標示,合格,,,
18330,有限責任台灣主婦聯盟生活消費合作社,新北市,三重區,新北市三重區重新路五段639號1樓,沙茶醬,114/7/23,標示,合格,,,
18332,有限責任台灣主婦聯盟生活消費合作社,新北市,三重區,新北市三重區重新路五段639號1樓,芝麻醬,114/7/23,標示,合格,,,
18367,燒肉本命食べ放題-新北永和店,新北市,永和區,新北市永和區永和路2段116號5樓,-,114/7/23,GHP,合格,,,
18369,乾杯-新莊宏匯店,新北市,新莊區,新北市新莊區新北大道4段3號7樓,-,114/7/23,GHP,合格,,,
18371,金炭火燒肉餐廳-裕隆城旗艦館,新北市,新店區,新北市新店區中興路3段70號6樓之45,-,114/7/22,GHP,合格,,,
18373,焼肉LIKE-新莊宏匯店,新北市,新莊區,新北市新莊區新北大道4段3號,-,114/8/25,GHP,合格,,,
18375,朴庶韓國銅盤烤肉-樹林秀泰店,新北市,樹林區,新北市樹林區樹新路40-6號七樓,-,114/7/18,GHP,合格,,,
18377,烤大學平價烤肉火鍋吃到飽,新北市,淡水區,新北市淡水區水源街二段102號,-,114/8/4,GHP,合格,,,
18379,肉次方燒肉放題-板橋江子翠店,新北市,板橋區,新北市板橋區文化路二段182巷3弄79號3樓,-,114/7/16,GHP,合格,,,
18381,炎上燒肉-板橋創始店,新北市,板橋區,新北市板橋區文化路二段351號1樓,-,114/7/16,GHP,合格,,,
18383,Ohmy!原燒-三重龍門店,新北市,三重區,新北市三重區龍門路6-1號號4樓,-,114/7/31,GHP,合格,,,
18385,焼肉LIKE-Globalmall新北中和,新北市,中和區,新北市中和區中山路3段122號B2樓,-,114/7/23,GHP,合格,,,
18621,燒肉本命食べ放題-新北永和店,新北市,永和區,新北市永和區永和路2段116號5樓,-,114/7/7,標示,合格,,,
18623,乾杯-新莊宏匯店,新北市,新莊區,新北市新莊區新北大道4段3號7樓,-,114/7/7,標示,合格,,,
18625,金炭火燒肉餐廳-裕隆城旗艦館,新北市,新店區,新北市新店區中興路3段70號6樓之45,-,114/7/7,標示,合格,,,
18627,焼肉LIKE-新莊宏匯店,新北市,新莊區,新北市新莊區新北大道4段3號,-,114/7/7,標示,合格,,,
18629,朴庶韓國銅盤烤肉-樹林秀泰店,新北市,樹林區,新北市樹林區樹新路40-6號七樓,-,114/7/9,標示,合格,,,
18631,烤大學平價烤肉火鍋吃到飽,新北市,淡水區,新北市淡水區水源街二段102號,-,114/7/15,標示,合格,,,
18633,肉次方燒肉放題-板橋江子翠店,新北市,板橋區,新北市板橋區文化路二段182巷3弄79號3樓,-,114/7/16,標示,合格,,,
18635,炎上燒肉-板橋創始店,新北市,板橋區,新北市板橋區文化路二段351號1樓,-,114/7/16,標示,合格,,,
18637,Ohmy!原燒-三重龍門店,新北市,三重區,新北市三重區龍門路6-1號號4樓,-,114/7/17,標示,合格,,,
18639,焼肉LIKE-Globalmall新北中和,新北市,中和區,新北市中和區中山路3段122號B2樓,-,114/7/23,標示,合格,,,
18875,燒肉本命食べ放題-新北永和店,新北市,永和區,新北市永和區永和路2段116號5樓,無糖玉露青茶,114/7/7,食品中微生物,合格,,,
18877,乾杯-新莊宏匯店,新北市,新莊區,新北市新莊區新北大道4段3號7樓,燒肉店的沙拉,114/7/7,食品中微生物,合格,,,
18879,金炭火燒肉餐廳-裕隆城旗艦館,新北市,新店區,新北市新店區中興路3段70號6樓之45,黃金泡菜裙帶絲,114/7/7,食品中微生物,合格,,,
18881,焼肉LIKE-新莊宏匯店,新北市,新莊區,新北市新莊區新北大道4段3號,豬五花燒肉(台灣豬),114/7/7,乙型受體素,合格,,,
18883,朴庶韓國銅盤烤肉-樹林秀泰店,新北市,樹林區,新北市樹林區樹新路40-6號七樓,沙朗(紐西蘭)(牛肉),114/7/9,乙型受體素,合格,,,
18885,烤大學平價烤肉火鍋吃到飽,新北市,淡水區,新北市淡水區水源街二段102號,牛肉片(牛培)(美國牛),114/7/15,乙型受體素,合格,,,
18887,肉次方燒肉放題-板橋江子翠店,新北市,板橋區,新北市板橋區文化路二段182巷3弄79號3樓,去皮去骨五花肉(巴拉圭豬),114/7/16,乙型受體素,合格,,,
18889,炎上燒肉-板橋創始店,新北市,板橋區,新北市板橋區文化路二段351號1樓,紅椒/黃椒沙拉,114/7/16,食品中微生物,合格,,,
18891,Ohmy!原燒-三重龍門店,新北市,三重區,新北市三重區龍門路6-1號號4樓,泡菜,114/7/17,食品中微生物,合格,,,
18893,焼肉LIKE-Globalmall新北中和,新北市,中和區,新北市中和區中山路3段122號B2樓,綜合堅果醬迷你沙拉,114/7/23,食品中微生物,合格,,,
19506,大潤發流通事業股份有限公司新店分公司,新北市,新店區,新北市新店區環河路22號地下1樓及22號地下1樓之1,梅花火鍋肉片卷(臺灣豬),114/7/17,乙型受體素類,合格,,,
19507,家福股份有限公司臺北新店分公司,新北市,新店區,新北市新店區中興路3段1號,冷凍美國牛肩小排火鍋片,114/7/17,乙型受體素類,合格,,,
19508,家福股份有限公司臺北新店分公司,新北市,新店區,新北市新店區中興路3段1號,大文蛤,114/7/17,動物用藥殘留,合格,,,
19509,全聯實業股份有限公司中和福祥分公司,新北市,中和區,新北市中和區福祥路72號1樓,澳洲穀飼牛梅花火鍋肉片,114/7/17,乙型受體素類,合格,,,
19510,全聯實業股份有限公司永和永安分公司,新北市,永和區,新北市永和區中正路742號B1樓,100%純麻油,114/7/17,環氧乙烷,合格,,,
19511,棉花田生機園地股份有限公司淡水英專店,新北市,淡水區,新北市淡水區英專路20號,烏骨雞-半雞切塊,114/7/17,動物用藥殘留,合格,,,
19512,全聯實業股份有限公司-五股成泰分公司,新北市,五股區,新北市五股區成泰路三段379、381、383、385號1樓,履歷櫛瓜,114/7/18,農藥殘留,合格,,,
19513,全聯實業股份有限公司-五股成泰分公司,新北市,五股區,新北市五股區成泰路三段379、381、383、385號1樓,澳洲穀飼牛五花火鍋肉片,114/7/18,乙型受體素類,合格,,,
19514,全聯實業股份有限公司新莊中原分公司,新北市,新莊區,新北市新莊區中原東路192、196號1~2樓,里肌火鍋肉片(臺灣豬),114/7/18,乙型受體素類,合格,,,
19515,全聯實業股份有限公司新莊中原分公司,新北市,新莊區,新北市新莊區中原東路192、196號1~2樓,冷凍草蝦,114/7/18,動物用藥殘留,合格,,,
19516,潤泰全球(股)有限公司中和分公司,新北市,中和區,新北市中和區中山路2段228號地下1.2樓,豬梅花火鍋片(臺灣豬),114/7/21,乙型受體素類,合格,,,
19517,全聯實業股份有限公司三重中正南分公司,新北市,三重區,新北市三重區光正里中正南路248、248之2號地下1層,美國嫩肩火鍋片(牛),114/7/21,乙型受體素類,合格,,,
19518,遠百企業股份有限公司(市招:愛買南雅店),新北市,板橋區,新北市板橋區貴興路101號,臺灣珍豬去皮前腿肉,114/7/22,乙型受體素類,合格,,,
19519,遠百企業股份有限公司(市招:愛買南雅店),新北市,板橋區,新北市板橋區貴興路101號,國產雞去骨清腿肉,114/7/22,動物用藥殘留,合格,,,
19520,遠百企業股份有限公司(市招:愛買南雅店),新北市,板橋區,新北市板橋區貴興路101號,澳洲冷藏穀飼板腱(牛),114/7/22,乙型受體素類,合格,,,
19521,大家發實業股份有限公司,新北市,板橋區,新北市板橋區三民路1段101號,鹹蛋黃,114/7/22,防腐劑、蘇丹色素,合格,,,
19522,有限責任臺灣主婦聯盟生活消費合作社,新北市,三重區,新北市三重區重新路五段639號1樓,肉絲(臺灣豬),114/7/23,乙型受體素類,合格,,,
19523,三商家購股份有限公司中和錦和分公司,新北市,中和區,新北市中和區錦和路198號,朵瑪虱目魚丸,114/7/24,防腐劑、殺菌劑、漂白劑、順丁烯二酸,合格,,,
19524,小豬舍肉舖,新北市,樹林區,新北市樹林區保安街1段20巷1號,高梁香腸,114/7/24,保色劑,合格,,,
19525,小豬舍肉舖,新北市,樹林區,新北市樹林區保安街1段20巷1號,黑胡椒香腸,114/7/24,保色劑,合格,,,
19526,全聯實業股份有限公司三重中正北分公司,新北市,三重區,新北市三重區中正北路70號,古早味烤肉醬,114/7/24,防腐劑、甜味劑,合格,,,
19527,全聯實業股份有限公司三重中正北分公司,新北市,三重區,新北市三重區中正北路70號,大昌日本秘傳燒肉醬五倍蒜味,114/7/24,防腐劑、甜味劑,合格,,,
19528,全聯實業股份有限公司三重中正北分公司,新北市,三重區,新北市三重區中正北路70號,魚漿煉製品(燒一番),114/7/24,防腐劑、殺菌劑、漂白劑、順丁烯二酸,合格,,,
19529,全聯實業股份有限公司三重中正北分公司,新北市,三重區,新北市三重區中正北路70號,滿漢原味香腸,114/7/24,保色劑,合格,,,
19530,全聯實業股份有限公司中和新生分公司,新北市,中和區,新北市中和區新生街255號1、2樓,一口小香腸(蒜味),114/7/24,保色劑,合格,,,
19531,全聯實業股份有限公司中和新生分公司,新北市,中和區,新北市中和區新生街255號1、2樓,黃金烤肉醬(中辛),114/7/24,防腐劑、甜味劑,合格,,,
19532,全聯實業股份有限公司中和新生分公司,新北市,中和區,新北市中和區新生街255號1、2樓,一鷺秘製醃烤燒肉醬,114/7/24,防腐劑、甜味劑,合格,,,
19533,全聯實業股份有限公司中和新生分公司,新北市,中和區,新北市中和區新生街255號1、2樓,基隆手工天婦羅片,114/7/24,防腐劑、殺菌劑、漂白劑、順丁烯二酸,合格,,,
19534,全聯實業股份有限公司板橋莒光分公司,新北市,板橋區,新北市板橋區莒光路217號地下一樓及227號地下一樓,成功旗魚丸,114/7/25,防腐劑、殺菌劑、漂白劑、順丁烯二酸,合格,,,
19535,全聯實業股份有限公司板橋莒光分公司,新北市,板橋區,新北市板橋區莒光路217號地下一樓及227號地下一樓,淡水魚丸,114/7/25,防腐劑、殺菌劑、漂白劑、順丁烯二酸,合格,,,
19536,全聯實業股份有限公司淡水竹圍分公司,新北市,淡水區,新北市淡水區民族路31號B1樓,基隆手工天婦羅條,114/7/24,防腐劑、殺菌劑、漂白劑、順丁烯二酸,合格,,,
19537,全聯實業股份有限公司新店民權分公司,新北市,新店區,新北市新店區民權路85號B1樓,阿珠嬤韓式醃烤肉醬,114/7/24,防腐劑、甜味劑,合格,,,
19538,全聯實業股份有限公司新店民權分公司,新北市,新店區,新北市新店區民權路85號B1樓,cjbibigo韓式頂級燒烤拌醬-原味290g,114/7/24,防腐劑、甜味劑,合格,,,
19539,全聯福利中心板橋重慶店,新北市,板橋區,新北市板橋區重慶路66號B1樓,李錦記蜜汁烤肉醬,114/7/24,防腐劑、甜味劑,合格,,,
19540,全聯福利中心板橋重慶店,新北市,板橋區,新北市板橋區重慶路66號B1樓,金蘭蜜汁烤肉醬,114/7/24,防腐劑、甜味劑,合格,,,
19541,全聯福利中心板橋重慶店,新北市,板橋區,新北市板橋區重慶路66號B1樓,新東陽原味香腸(臺灣豬),114/7/24,保色劑,合格,,,
19542,好運通食材通路股份有限公司,新北市,林口區,新北市林口區粉寮路1段102號,甜不辣片(10片),114/7/24,防腐劑、殺菌劑、漂白劑、順丁烯二酸,合格,,,
19543,好運通食材通路股份有限公司,新北市,林口區,新北市林口區粉寮路1段102號,原味香腸(5條),114/7/24,保色劑,合格,,,
19544,宜安西點麵包,新北市,中和區,新北市中和區員山路261號,菠蘿蛋黃酥,114/7/22,防腐劑、蘇丹色素,合格,,,
19545,星睿商號,新北市,樹林區,新北市樹林區保安街1段16巷5號,進口魚肉煉製品,114/7/24,防腐劑、殺菌劑、漂白劑、順丁烯二酸,合格,,,
19546,星睿商號,新北市,樹林區,新北市樹林區保安街1段16巷5號,魚卵卷,114/7/24,防腐劑、殺菌劑、漂白劑、順丁烯二酸,合格,,,
19547,烏來雅各商行,新北市,烏來區,新北市烏來區烏來街84號,香腸,114/7/24,保色劑,合格,,,
19548,曾三榮貢丸店,新北市,新莊區,新北市新莊區四維路157號,花枝風味丸,114/7/24,防腐劑、殺菌劑、漂白劑、順丁烯二酸,合格,,,
19549,超廉西點麵包店,新北市,三重區,新北市三重區頂崁街237號,核桃蛋黃餅,114/7/21,防腐劑、蘇丹色素,合格,,,
19550,鈞展企業社,新北市,新莊區,新北市新莊區福營里福營路165巷9號1樓,香腸,114/7/24,保色劑,合格,,,
19551,黑橋牌企業股份有限公司板橋門市,新北市,板橋區,新北市板橋區南門街23號,蒜味香腸,114/7/28,保色劑,合格,,,
19552,鮮美肉品,新北市,三重區,新北市三重區重安街70號,香腸,114/7/29,保色劑,合格,,,
19553,豐漢生活館有限公司(市招:小北百貨),新北市,新莊區,新北市新莊區四維路97巷7號,味全烤肉醬-辣味,114/7/24,防腐劑、甜味劑,合格,,,
19554,豐漢生活館有限公司(市招:小北百貨),新北市,新莊區,新北市新莊區四維路97巷7號,蒜香風味烤肉醬,114/7/24,防腐劑、甜味劑,合格,,,
19952,禮莊食品企業有限公司,新北市,土城區,新北市土城區承天路8巷19號,-,114/8/5,GHP,合格,,,
19954,吉發老婆餅有限公司,新北市,樹林區,新北市樹林區保安街2段275之1號,-,114/8/5,GHP,不合格,違反食安法第8條，依同法第44條裁處,60000,
19956,新建成餅店有限公司,新北市,淡水區,新北市淡水區賢孝里八里堆2之9號1、2樓,-,114/8/6,GHP,合格,,,
19958,凱悅蛋糕麵包坊,新北市,樹林區,新北市樹林區太元街48號,-,114/7/31,GHP,合格,,,
19960,銘珍食品廠有限公司,新北市,淡水區,新北市淡水區下圭柔山119之2號,-,114/8/19,GHP,合格,,,
19962,老順香糕餅店,新北市,新莊區,新北市新莊區新莊路341號,-,114/8/13,GHP,合格,,,
20050,禮莊食品企業有限公司,新北市,土城區,新北市土城區承天路8巷19號,芋頭麻糬(蛋奶素),114/7/21,標示,合格,,,
20051,禮莊食品企業有限公司,新北市,土城區,新北市土城區承天路8巷19號,招牌芝麻蛋黃(葷),114/7/21,標示,合格,,,
20052,吉發老婆餅有限公司,新北市,樹林區,新北市樹林區保安街2段275之1號,吉發法式核桃酥(蛋奶素),114/7/22,標示,合格,,,
20053,吉發老婆餅有限公司,新北市,樹林區,新北市樹林區保安街2段275之1號,吉發蔓越莓酥,114/7/22,標示,合格,,,
20054,吉發老婆餅有限公司,新北市,樹林區,新北市樹林區保安街2段275之1號,吉發鳳凰酥(蛋奶素),114/7/22,標示,合格,,,
20055,新建成餅店有限公司,新北市,淡水區,新北市淡水區賢孝里八里堆2之9號1、2樓,黑糖沙其馬,114/7/22,標示,不合格,違反食安法第22條規定，依同法第47條裁處,30000,
20056,凱悅蛋糕麵包坊,新北市,樹林區,新北市樹林區太元街48號,綠豆凸(全素),114/7/23,標示,合格,,,
20057,凱悅蛋糕麵包坊,新北市,樹林區,新北市樹林區太元街48號,烏豆沙蛋黃酥,114/7/23,標示,合格,,,
20058,凱悅蛋糕麵包坊,新北市,樹林區,新北市樹林區太元街48號,咖啡菠蘿葡萄乾,114/7/23,標示,合格,,,
20059,銘珍食品廠有限公司,新北市,淡水區,新北市淡水區下圭柔山119之2號,黑芝麻餡,114/7/24,標示,合格,,,
20060,銘珍食品廠有限公司,新北市,淡水區,新北市淡水區下圭柔山119之2號,紅豆餡(硬),114/7/24,標示,合格,,,
20061,銘珍食品廠有限公司,新北市,淡水區,新北市淡水區下圭柔山119之2號,紅土鹹蛋黃餡,114/7/24,標示,合格,,,
20062,老順香糕餅店,新北市,新莊區,新北市新莊區新莊路341號,鹹光餅(平安餅),114/7/25,標示,合格,,,
20063,老順香糕餅店,新北市,新莊區,新北市新莊區新莊路341號,檸檬蛋糕,114/7/25,標示,合格,,,
20064,老順香糕餅店,新北市,新莊區,新北市新莊區新莊路341號,老順香金牌鳳梨酥,114/7/25,標示,合格,,,
20283,禮莊食品企業有限公司,新北市,土城區,新北市土城區承天路8巷19號,白菊花麵粉,114/7/21,黃麴毒素,合格,,,
20284,禮莊食品企業有限公司,新北市,土城區,新北市土城區承天路8巷19號,富比威奶油,114/7/23,食品微生物,合格,,,
20285,吉發老婆餅有限公司,新北市,樹林區,新北市樹林區保安街2段275之1號,吉發鳳凰酥(蛋奶素),114/7/22,蘇丹色素,合格,,,
20286,吉發老婆餅有限公司,新北市,樹林區,新北市樹林區保安街2段275之1號,加洲核桃仁1/16,114/7/22,黃麴毒素,合格,,,
20287,新建成餅店有限公司,新北市,淡水區,新北市淡水區賢孝里八里堆2之9號1、2樓,鹹蛋黃,114/7/22,蘇丹色素,合格,,,
20288,新建成餅店有限公司,新北市,淡水區,新北市淡水區賢孝里八里堆2之9號1、2樓,相思餡,114/7/22,甜味劑,合格,,,
20289,凱悅蛋糕麵包坊,新北市,樹林區,新北市樹林區太元街48號,烏豆沙蛋黃酥,114/7/23,甜味劑,合格,,,
20290,凱悅蛋糕麵包坊,新北市,樹林區,新北市樹林區太元街48號,紅鐵人8,114/7/23,黃麴毒素,合格,,,
20291,銘珍食品廠有限公司,新北市,淡水區,新北市淡水區下圭柔山119之2號,黑芝麻餡,114/7/24,甜味劑,合格,,,
20292,銘珍食品廠有限公司,新北市,淡水區,新北市淡水區下圭柔山119之2號,烏豆沙,114/7/24,甜味劑,合格,,,
20293,老順香糕餅店,新北市,新莊區,新北市新莊區新莊路341號,鹹蛋黃,114/7/25,蘇丹色素,合格,,,
20294,老順香糕餅店,新北市,新莊區,新北市新莊區新莊路341號,紅豆蛋黃酥,114/7/25,甜味劑,合格,,,
20476,野人舒食有限公司,新北市,新店區,新北市新店區寶福里寶中路123巷5號2、3樓,-,114/6/19,GHP,合格,,,
20477,西北食品工業股份有限公司,新北市,林口區,新北市林口區粉寮路1段102號,-,114/4/29,GHP,合格,,,
20478,味冠食品有限公司,新北市,土城區,新北市土城區永豐路195巷7弄3號,-,114/5/1,GHP,合格,,,
20479,磐宇生物科技股份有限公司,新北市,泰山區,新北市泰山區憲訓路36號1、2、3、4樓,-,114/6/22,GHP,不合格,違反食安法第8條規定，依同法第44條裁處,60000,
20480,橘焱胡同國際股份有限公司新店廠,新北市,新店區,新北市新店區復興里中正路四維巷2弄8號5樓及8弄4號5樓,-,114/4/24,GHP,合格,,,
20481,大潤發流通事業股份有限公司土城分公司,新北市,土城區,新北市土城區永安街25號,-,114/5/14,GHP,合格,,,
20482,大潤發流通事業股份有限公司中和分公司,新北市,中和區,新北市中和區景平路182號B1,-,114/4/15,GHP,合格,,,
20483,大潤發流通事業股份有限公司新店分公司,新北市,新店區,新北市新店區環河路22號B1,-,114/5/15,GHP,合格,,,
20540,野人舒食有限公司,新北市,新店區,新北市新店區寶福里寶中路123巷5號2、3樓,秘罈酸菜書肥鱸魚,114/4/7,標示,合格,,,
20541,野人舒食有限公司,新北市,新店區,新北市新店區寶福里寶中路123巷5號2、3樓,巴蜀麻辣鱸魚,114/4/7,標示,合格,,,
20542,野人舒食有限公司,新北市,新店區,新北市新店區寶福里寶中路123巷5號2、3樓,珍香和風鱸魚,114/4/7,標示,合格,,,
20543,西北食品工業股份有限公司,新北市,林口區,新北市林口區粉寮路1段102號,蝦仁漿600g,114/3/26,標示,合格,,,
20544,味冠食品有限公司,新北市,土城區,新北市土城區永豐路195巷7弄3號,北海魚丸,114/4/16,標示,合格,,,
20545,味冠食品有限公司,新北市,土城區,新北市土城區永豐路195巷7弄3號,花枝丸,114/4/16,標示,合格,,,
20546,味冠食品有限公司,新北市,土城區,新北市土城區永豐路195巷7弄3號,魷魚羹,114/4/16,標示,合格,,,
20547,磐宇生物科技股份有限公司,新北市,泰山區,新北市泰山區憲訓路36號1、2、3、4樓,冷凍調理干貝,114/5/26,標示,合格,,,
20548,磐宇生物科技股份有限公司,新北市,泰山區,新北市泰山區憲訓路36號1、2、3、4樓,冷凍白蝦,114/5/26,標示,合格,,,
20549,磐宇生物科技股份有限公司,新北市,泰山區,新北市泰山區憲訓路36號1、2、3、4樓,冷凍調理白蝦仁(割背),114/5/26,標示,合格,,,
20550,橘焱胡同國際股份有限公司新店廠,新北市,新店區,新北市新店區復興里中正路四維巷2弄8號5樓及8弄4號5樓,草蝦,114/3/24,標示,合格,,,
20551,大潤發流通事業股份有限公司土城分公司,新北市,土城區,新北市土城區永安街25號,空運冰鮮鮭魚骨,114/4/15,標示,合格,,,
20552,大潤發流通事業股份有限公司土城分公司,新北市,土城區,新北市土城區永安街25號,空運冰鮮鮭魚頭,114/4/15,標示,合格,,,
20553,大潤發流通事業股份有限公司土城分公司,新北市,土城區,新北市土城區永安街25號,嚴採優品鮭魚切片(原切大),114/4/15,標示,合格,,,
20554,大潤發流通事業股份有限公司中和分公司,新北市,中和區,新北市中和區景平路182號B1,冷凍白蝦,114/4/15,標示,合格,,,
20555,大潤發流通事業股份有限公司新店分公司,新北市,新店區,新北市新店區環河路22號B1,挪威薄鹽鯖魚切片,114/4/23,標示,合格,,,
20556,大潤發流通事業股份有限公司新店分公司,新北市,新店區,新北市新店區環河路22號B1,東港鮪魚切片,114/4/23,標示,合格,,,
20557,大潤發流通事業股份有限公司新店分公司,新北市,新店區,新北市新店區環河路22號B1,空運冰鮮鮭魚骨,114/4/23,標示,合格,,,
20679,西北食品工業股份有限公司,新北市,林口區,新北市林口區粉寮路1段102號,冷凍混合金線魚漿,114/3/26,重金屬,合格,,,
20680,磐宇生物科技股份有限公司,新北市,泰山區,新北市泰山區憲訓路36號1、2、3、4樓,冷凍白蝦仁,114/5/26,重金屬,合格,,,
20681,橘焱胡同國際股份有限公司新店廠,新北市,新店區,新北市新店區復興里中正路四維巷2弄8號5樓及8弄4號5樓,冷凍草蝦,114/3/24,重金屬,合格,,,
20682,大潤發流通事業股份有限公司中和分公司,新北市,中和區,新北市中和區景平路182號B1,南美大白蝦,114/4/15,重金屬,合格,,,
20721,橘焱胡同國際股份有限公司新店廠,新北市,新店區,新北市新店區復興里中正路四維巷2弄8號5樓及8弄4號5樓,冷凍草蝦,114/3/24,動物用藥,合格,,,
20722,大潤發流通事業股份有限公司土城分公司,新北市,土城區,新北市土城區永安街25號,七星鱸魚,114/4/15,動物用藥,合格,,,
20723,大潤發流通事業股份有限公司新店分公司,新北市,新店區,新北市新店區環河路22號B1,珍珠石斑,114/4/23,動物用藥,合格,,,
20754,磐宇生物科技股份有限公司,新北市,泰山區,新北市泰山區憲訓路36號1、2、3、4樓,冷凍調理白蝦仁,114/5/26,磷酸鹽,合格,,,
20773,西北食品工業股份有限公司,新北市,林口區,新北市林口區粉寮路1段102號,冷凍白蝦仁,114/3/26,硼酸及其鹽類、漂白劑,合格,,,
20774,磐宇生物科技股份有限公司,新北市,泰山區,新北市泰山區憲訓路36號1、2、3、4樓,冷凍白蝦仁,114/5/26,硼酸及其鹽類、漂白劑,合格,,,
20775,大潤發流通事業股份有限公司中和分公司,新北市,中和區,新北市中和區景平路182號B1,南美大白蝦,114/4/15,硼酸及其鹽類、漂白劑,合格,,,
20801,西北食品工業股份有限公司,新北市,林口區,新北市林口區粉寮路1段102號,蝦仁漿600g,114/3/26,食品微生物,合格,,,
20802,磐宇生物科技股份有限公司,新北市,泰山區,新北市泰山區憲訓路36號1、2、3、4樓,冷凍調理白蝦仁,114/5/26,食品微生物,合格,,,
20878,小空地商行(吉食享受),新北市,板橋區,新北市板橋區中山路2段306號,—,114/6/2,標示,合格,,,
20879,小空地商行(吉食享受),新北市,板橋區,新北市板橋區中山路2段306號,舒肥雞胸,114/6/2,食品微生物,合格,,,
20880,小空地商行(吉食享受),新北市,板橋區,新北市板橋區中山路2段306號,配菜小黃瓜,114/6/2,食品微生物,合格,,,
20881,小空地商行(吉食享受),新北市,板橋區,新北市板橋區中山路2段306號,—,114/7/9,GHP,合格,,,
20882,五竹餐飲(初喚),新北市,板橋區,新北市板橋區文化路1段270巷3弄12號,—,114/5/27,標示,合格,,,
20883,五竹餐飲(初喚),新北市,板橋區,新北市板橋區文化路1段270巷3弄12號,南非國寶茶,114/6/27,食品微生物(腸桿菌科),不合格,違反食安法第17條規定，依同法第48條裁處。,30000,
20884,五竹餐飲(初喚),新北市,板橋區,新北市板橋區文化路1段270巷3弄12號,蒜蓉豬肉片盒餐,114/5/27,食品微生物,合格,,,
20885,五竹餐飲(初喚),新北市,板橋區,新北市板橋區文化路1段270巷3弄12號,—,114/6/13,GHP,合格,,,
20886,享吃輕食專賣店,新北市,新店區,新北市新店區博愛街6巷2號1樓,—,114/5/27,標示,合格,,,
20887,享吃輕食專賣店,新北市,新店區,新北市新店區博愛街6巷2號1樓,招牌胡麻舒肥雞胸肉,114/6/27,食品微生物,合格,,,
20888,享吃輕食專賣店,新北市,新店區,新北市新店區博愛街6巷2號1樓,招牌舒肥嫩雞胸美生菜沙拉盒,114/5/27,食品微生物,合格,,,
20889,享吃輕食專賣店,新北市,新店區,新北市新店區博愛街6巷2號1樓,—,114/6/12,GHP,合格,,,
20890,能量城市餐飲有限公司(能量小姐新北府中門市),新北市,板橋區,新北市板橋區館前東路37號,—,114/5/27,標示,合格,,,
20891,能量城市餐飲有限公司(能量小姐新北府中門市),新北市,板橋區,新北市板橋區館前東路37號,桂花烏龍茶,114/5/27,食品微生物,合格,,,
20892,能量城市餐飲有限公司(能量小姐新北府中門市),新北市,板橋區,新北市板橋區館前東路37號,蒜泥豬里肌便當,114/5/27,食品微生物,合格,,,
20893,能量城市餐飲有限公司(能量小姐新北府中門市),新北市,板橋區,新北市板橋區館前東路37號,高山青茶,114/6/9,食品微生物,合格,,,
20894,能量城市餐飲有限公司(能量小姐新北府中門市),新北市,板橋區,新北市板橋區館前東路37號,—,114/6/12,GHP,合格,,,
20895,野饗食科技有限公司(野人舒食),新北市,板橋區,新北市板橋區館前東路56號,—,114/5/27,標示,合格,,,
20896,野饗食科技有限公司(野人舒食),新北市,板橋區,新北市板橋區館前東路56號,舒肥雞胸飯,114/5/27,食品微生物,合格,,,
20897,野饗食科技有限公司(野人舒食),新北市,板橋區,新北市板橋區館前東路56號,紅烏龍茶,114/5/27,食品微生物,合格,,,
20898,野饗食科技有限公司(野人舒食),新北市,板橋區,新北市板橋區館前東路56號,—,114/6/26,GHP,合格,,,
20899,湸澄國際有限公司,新北市,三重區,新北市三重區興德路123之6號2樓,—,114/6/3,標示,不合格,違反食安法第22條規定，依同法第47條裁罰,30000,2025.6.3於愛沙企業社(少點鹽健康餐盒專賣板橋文化店/新北市板橋區文化路1段188巷7弄42號)查獲原料標示不符規定
20900,愛米力企業社(72°C舒肥健康餐),新北市,永和區,新北市永和區保平路9號1樓,—,114/5/28,標示,合格,,,
20901,愛米力企業社(72°C舒肥健康餐),新北市,永和區,新北市永和區保平路9號1樓,日式醬燒雞胸,114/5/28,食品微生物,合格,,,
20902,愛米力企業社(72°C舒肥健康餐),新北市,永和區,新北市永和區保平路9號1樓,微酪蘋果醋,114/5/28,食品微生物,合格,,,
20903,愛米力企業社(72°C舒肥健康餐),新北市,永和區,新北市永和區保平路9號1樓,—,114/6/12,GHP,合格,,,
20904,愛沙企業社(少點鹽健康餐盒專賣板橋文化店),新北市,板橋區,新北市板橋區文化路1段188巷7弄42號,—,114/6/3,標示,不合格,違反食安法第25條規定，依同法第47條裁處,30000,查獲直接供應飲食場所，供售含豬牛原料餐點，未標示豬、牛可食部位原料原產地(國)資訊。
20905,愛沙企業社(少點鹽健康餐盒專賣板橋文化店),新北市,板橋區,新北市板橋區文化路1段188巷7弄42號,香檸義式台灣鯛,114/6/3,食品微生物,合格,,,
20906,愛沙企業社(少點鹽健康餐盒專賣板橋文化店),新北市,板橋區,新北市板橋區文化路1段188巷7弄42號,—,114/6/25,GHP,合格,,,
20907,愛唯輕食廚房(lvy輕食廚房),新北市,板橋區,新北市板橋區文化路2段182巷1弄22號,—,114/5/29,標示,不合格,違反食安法第28條規定，依同法第45條裁罰,40000,查獲「藜麥飯健康餐」，品名標示「健康」字樣。
20908,愛唯輕食廚房(lvy輕食廚房),新北市,板橋區,新北市板橋區文化路2段182巷1弄22號,蔥香油雞飯,114/5/29,食品微生物,合格,,,
20909,愛唯輕食廚房(lvy輕食廚房),新北市,板橋區,新北市板橋區文化路2段182巷1弄22號,蘋果奇異果汁,114/5/29,食品微生物,合格,,,
20910,愛唯輕食廚房(lvy輕食廚房),新北市,板橋區,新北市板橋區文化路2段182巷1弄22號,—,114/6/18,GHP,合格,,,
21370,全家便利商店股份有限公司三重重仁分公司,新北市,三重區,新北市三重區重陽路三段５巷３０號,—,114/6/18,GHP,合格,,,
21371,全家便利商店股份有限公司三重重仁分公司,新北市,三重區,新北市三重區重陽路三段5巷30號,—,114/6/3,標示,合格,,,
21372,全家便利商店股份有限公司三重重仁分公司,新北市,三重區,新北市三重區重陽路三段５巷３０號,卜蜂香蔥經典嫩雞胸,114/6/3,食品微生物,合格,,,
21373,全家便利商店股份有限公司三重重仁分公司,新北市,三重區,新北市三重區重陽路三段５巷３０號,莎莎烤雞麵沙拉,114/6/3,食品微生物,合格,,,
21374,統一超商股份有限公司第八二三分公司,新北市,林口區,新北市林口區文化三路一段368號,—,114/5/27,GHP,合格,,,
21375,統一超商股份有限公司第八二三分公司,新北市,林口區,新北市林口區文化三路一段368號,—,114/5/27,標示,合格,,,
21376,統一超商股份有限公司第八二三分公司,新北市,林口區,新北市林口區文化三路一段368號,一日野菜-海藻沙拉,114/5/27,食品微生物,合格,,,
21377,統一超商股份有限公司第八二三分公司,新北市,林口區,新北市林口區文化三路一段368號,舒迷雞胸肉,114/5/27,食品微生物,合格,,,
21576,全聯實業股份有限公司板橋板新分公司,新北市,板橋區,新北市板橋區中山路1段252號,養力紅仁卵(雞蛋),114/6/16,動物用藥殘留,合格,,,
21577,全聯實業股份有限公司新店大鵬分公司,新北市,新店區,新北市新店區中正路700巷1號地下一樓,大成溯源蛋(紅蛋),114/6/16,動物用藥殘留,合格,,,
21578,統康生活事業股份有限公司永和竹林分公司,新北市,永和區,新北市永和區竹林路60號1樓,安心蛋(白殼)egg,114/6/17,動物用藥殘留,合格,,,
21579,家福股份有限公司蘆洲分公司,新北市,三重區,新北市三重區五華街282號,日饕白鮮蛋,114/6/17,動物用藥殘留,合格,,,
21580,自在森林養殖生技股份有限公司,新北市,新莊區,新北市新莊區民安路405號,雞蛋,114/6/17,動物用藥殘留,合格,,,
21581,小高雞肉攤,新北市,新店區,新北市新店區中正路76巷2之1號,雞胸(台灣),114/7/11,動物用藥殘留,合格,,,
21582,鼎軒有限公司三重體育館店,新北市,三重區,新北市三重區中正北路45號,原味去骨雞腿排(美國),114/7/16,動物用藥殘留,合格,,,
21583,全聯實業股份有限公司三重中正南分公司,新北市,三重區,新北市三重區中正南路248之2號B1,福福氣冷雞冷凍清胸丁(台灣),114/7/21,動物用藥殘留,合格,,,
21584,大魔四號公園餐飲店,新北市,中和區,新北市中和區中安街172號,整支去骨雞腿切塊,114/7/21,動物用藥殘留,合格,,,
21585,三商家購股份有限公司土城中正分公司,新北市,土城區,新北市土城區中正路45號1樓,心樸X泰安去骨雞腿排(原味),114/7/21,動物用藥殘留,合格,,,
21586,新北市板橋區農會,新北市,板橋區,新北市板橋區府中路29號,香草雞(去骨雞腿),114/7/24,動物用藥殘留,合格,,,
21769,全聯實業股份有限公司板橋板新分公司,新北市,板橋區,新北市板橋區中山路1段252號,紐牧然100%紐西蘭鮮乳,114/6/16,動物用藥殘留,合格,,,
21770,台碩食品事業有限公司,新北市,新莊區,新北市新莊區復興路3段87號,冷凍去骨豬肉(西班牙),114/6/16,動物用藥殘留,合格,,,
21771,全聯實業股份有限公司新店大鵬分公司,新北市,新店區,新北市新店區中正路700巷1號地下一樓,黑豬梅花火鍋片(台灣豬),114/6/16,動物用藥殘留,合格,,,
21772,統康生活事業股份有限公司永和竹林分公司,新北市,永和區,新北市永和區竹林路60號1樓,冷凍豬梅花火鍋片500G/包(台灣豬),114/6/17,動物用藥殘留,合格,,,
21773,家福股份有限公司蘆洲分公司,新北市,三重區,新北市三重區五華街282號,豬五花烤肉片(台灣),114/6/17,動物用藥殘留,合格,,,
21774,全聯實業股份有限公司雨農分公司,新北市,板橋區,新北市板橋區雨農路27巷2號,里肌火鍋肉片(台灣豬),114/7/1,動物用藥殘留,合格,,,
21775,全聯實業股份有限公司雨農分公司,新北市,板橋區,新北市板橋區雨農路27巷2號,梅花肉片(台灣豬),114/7/1,動物用藥殘留,合格,,,
21776,統康生活事業股份有限公司化成陽分公司,新北市,新莊區,新北市新莊區化成路193號1樓,台灣豬後腿肉片,114/7/1,動物用藥殘留,合格,,,
21777,統康生活事業股份有限公司化成陽分公司,新北市,新莊區,新北市新莊區化成路193號1樓,台灣豬後腿肉絲,114/7/1,動物用藥殘留,合格,,,
21778,智捷實業有限公司,新北市,新莊區,新北市新莊區化成路370號2樓,五花肉(丹麥豬),114/7/1,動物用藥殘留,合格,,,
21779,智捷實業有限公司,新北市,新莊區,新北市新莊區化成路370號2樓,附皮五花肉(台灣豬),114/7/1,動物用藥殘留,合格,,,
21780,遠百企業股份有限公司三重分公司,新北市,三重區,新北市三重區中正北路193巷45號,冷凍豬梅花烤肉片(台灣),114/7/2,動物用藥殘留,合格,,,
21781,遠百企業股份有限公司三重分公司,新北市,三重區,新北市三重區中正北路193巷45號,冷凍豬五花火鍋片(台灣),114/7/2,動物用藥殘留,合格,,,
21782,家福股份有限公司台北新店分公司,新北市,新店區,新北市新店區中興路3段1號,冷凍豬梅花烤肉片(台灣),114/7/2,動物用藥殘留,合格,,,
21783,億東有限公司,新北市,土城區,新北市土城區亞洲路58巷5弄13號,台灣黑豬梅花肉,114/7/3,動物用藥殘留,合格,,,
21784,億東有限公司,新北市,土城區,新北市土城區亞洲路58巷5弄13號,黑豬松阪豬(台灣),114/7/3,動物用藥殘留,合格,,,
21785,森奧策略餐飲股份有限公司,新北市,林口區,新北市林口區文化三路2段453號1樓,伊比利梅豬(西班牙),114/7/4,動物用藥殘留,合格,,,
21786,全聯實業股份有限公司三峽北大分公司,新北市,樹林區,新北市樹林區學勤路209號,梅花火鍋肉片(台灣豬),114/7/4,動物用藥殘留,合格,,,
21787,全聯實業股份有限公司三峽北大分公司,新北市,樹林區,新北市樹林區學勤路209號,特選白肉火鍋片(台灣豬),114/7/4,動物用藥殘留,合格,,,
21788,三商家購股份有限公司土城學成門市,新北市,土城區,新北市土城區學成路31號,心樸台灣豬五花肉片(台灣)(豬肉),114/7/4,動物用藥殘留,合格,,,
21789,全聯實業股份有限公司三峽和平分公司,新北市,三峽區,新北市三峽區和平街65號B1,黑豬里肌極薄肉片(台灣豬),114/7/4,動物用藥殘留,合格,,,
21790,全聯實業股份有限公司三峽和平分公司,新北市,三峽區,新北市三峽區和平街65號B1,黑豬梅花火鍋片(台灣豬),114/7/4,動物用藥殘留,合格,,,
21791,統康生活事業股份有限公司昌隆分公司,新北市,新莊區,新北市新莊區昌隆街69號,冷凍台灣豬五花火鍋片,114/7/4,動物用藥殘留,合格,,,
21792,統康生活事業股份有限公司昌隆分公司,新北市,新莊區,新北市新莊區昌隆街69號,冷凍台灣豬梅花火鍋片,114/7/4,動物用藥殘留,合格,,,
21793,千葉火鍋新莊中原店),新北市,新莊區,新北市新莊區中原路31號,大梅花豬肉COV(加拿大),114/7/4,動物用藥殘留,合格,,,
21794,台北新板希爾頓酒店悅市集,新北市,板橋區,新北市板橋區民權路88號,法式豬排(台灣),114/7/8,動物用藥殘留,合格,,,
21795,台北新板希爾頓酒店悅市集,新北市,板橋區,新北市板橋區民權路88號,腩排(台灣豬),114/7/8,動物用藥殘留,合格,,,
21796,鼎鼎大飯店股份有限公司,新北市,板橋區,新北市板橋區新站路16號48樓,胛排切(台灣豬),114/7/8,動物用藥殘留,合格,,,
21797,鼎鼎大飯店股份有限公司,新北市,板橋區,新北市板橋區新站路16號48樓,後赤肉切(台灣豬),114/7/8,動物用藥殘留,合格,,,
21798,全聯實業股份有限公司板橋重慶分公司,新北市,板橋區,新北市板橋區重慶路66號B1,龍骨(台灣豬),114/7/9,動物用藥殘留,合格,,,
21799,全聯實業股份有限公司板橋重慶分公司,新北市,板橋區,新北市板橋區重慶路66號B1,里肌薄切(台灣豬),114/7/9,動物用藥殘留,合格,,,
21800,全聯實業股份有限公司泰山全興分公司,新北市,泰山區,新北市泰山區全興路101號,台灣豬腱子肉,114/7/9,動物用藥殘留,合格,,,
21801,家福股份有限公司淡新分公司,新北市,淡水區,新北市淡水區中山北路2段383號,冷藏澳穀飼洲牛腱(澳大利亞),114/7/9,動物用藥殘留,合格,,,
21802,全聯實業股份有限公司鶯歌鶯桃分公司,新北市,鶯歌區,新北市鶯歌區鶯桃路93號,里肌火鍋肉片(豬肉)(台灣),114/7/9,動物用藥殘留,合格,,,
21803,太興商行,新北市,三峽區,新北市三峽區中華路30之1號,牛五花(牛肉)(美國),114/7/9,動物用藥殘留,合格,,,
21804,全聯實業股份有限公司板橋中正分公司,新北市,新莊區,新北市新莊區民安西路135號,腿肉絲(台灣豬),114/7/10,動物用藥殘留,合格,,,
21805,統賀冷凍食品有限公司,新北市,三重區,新北市三重區中正北路530巷18號,豬梅花火鍋片直播包(西班牙豬),114/7/9,動物用藥殘留,合格,,,
21806,統賀冷凍食品有限公司,新北市,三重區,新北市三重區中正北路530巷18號,西班牙伊比利豬五花火鍋片直播包(西班牙豬),114/7/9,動物用藥殘留,合格,,,
21807,鼎軒有限公司永和中山店,新北市,永和區,新北市永和區中山路1段159號1樓,美國牛五花火鍋片直播包,114/7/9,動物用藥殘留,合格,,,
21808,鼎軒有限公司永和中山店,新北市,永和區,新北市永和區中山路1段159號1樓,去皮豬五花火鍋片直播包(台灣豬),114/7/9,動物用藥殘留,合格,,,
21809,家福股份有限公司-台北中和分公司,新北市,中和區,新北市中和區中山路2段291號B2樓,豬五花烤肉片(台灣豬),114/7/11,動物用藥殘留,合格,,,
21810,家福股份有限公司台北中和分公司,新北市,中和區,新北市中和區中山路2段291號B2,冷凍豬里肌烤肉片(台灣豬),114/7/11,動物用藥殘留,合格,,,
21811,家福股份有限公司台北中和分公司,新北市,中和區,新北市中和區中山路2段291號B2,豬後腿肉絲(台灣豬),114/7/11,動物用藥殘留,合格,,,
21812,全聯實業股份有限公司板橋中正分公司,新北市,新莊區,新北市新莊區民安西路135號,澳洲穀飼牛梅花火鍋肉片(澳洲),114/7/10,動物用藥殘留,合格,,,
21813,元榆企業股份有限公司林口營業所,新北市,林口區,新北市林口區文化一路1段186之1號,黑羽生鮮雞胸(臺灣),114/7/14,動物用藥殘留,合格,,,
21814,元榆企業股份有限公司林口營業所,新北市,林口區,新北市林口區文化一路1段186之1號,元榆嚴選板腱牛火鍋肉片(美國),114/7/14,動物用藥殘留,合格,,,
21815,安東肉舖,新北市,三重區,新北市三重區重陽路1段41之1號,噶瑪蘭黑豚五花火鍋片(台灣豬),114/7/16,動物用藥殘留,合格,,,
21816,鼎軒有限公司三重體育館店,新北市,三重區,新北市三重區中正北路45號,西班牙伊比利豬五花火鍋片,114/7/16,動物用藥殘留,合格,,,
21817,美好的事有限公司,新北市,中和區,新北市中和區中山路2段483號,梅花肉片0.2500g(台灣豬),114/7/16,動物用藥殘留,合格,,,
21818,三商家購股份有限公司深坑埔新分公司,新北市,深坑區,新北市深坑區埔新街82號,心樸台灣豬肉片(台灣豬),114/7/16,動物用藥殘留,合格,,,
21819,三商家購股份有限公司深坑埔新分公司,新北市,深坑區,新北市深坑區埔新街82號,心樸梅花豬肉片(台灣豬),114/7/16,動物用藥殘留,合格,,,
21820,鼎軒有限公司三重體育館店,新北市,三重區,新北市三重區中正北路45號,去皮豬五花火鍋片直播包(台灣),114/7/16,動物用藥殘留,合格,,,
21821,全聯實業股份有限公司三重中正南分公司,新北市,三重區,新北市三重區中正南路248之2號B1,澳洲牛腱,114/7/21,動物用藥殘留,合格,,,
21822,全聯實業股份有限公司三重中正南分公司,新北市,三重區,新北市三重區中正南路248之2號B1,澳洲穀飼牛梅花火鍋肉片,114/7/21,動物用藥殘留,合格,,,
21823,海牧鍋物有限公司,新北市,中和區,新北市中和區中和路350巷12號,US-雪花牛-PRIME-VP(美國牛),114/7/21,動物用藥殘留,合格,,,
21824,大魔四號公園餐飲店,新北市,中和區,新北市中和區中安街172號,US背肩/肩卷CHOICE-VP自然牛-切十字(美牛),114/7/21,動物用藥殘留,合格,,,
21825,海牧鍋物有限公司,新北市,中和區,新北市中和區中和路350巷12號,霜降肉壓磚(台灣豬),114/7/21,動物用藥殘留,合格,,,
21826,日商樂比亞股份有限公司台灣分公司新莊宏匯店,新北市,新莊區,新北市新莊區新北大道4段3號B2,美國牛五花火鍋片,114/7/22,動物用藥殘留,合格,,,
21827,家福股份有限公司台北板橋分公司,新北市,板橋區,新北市板橋區三民路2段31號B1,冷凍美國肩小排火鍋片(美國牛),114/7/23,動物用藥殘留,合格,,,
21828,美廉社板橋中山店,新北市,板橋區,新北市板橋區中山路90巷30號,心樸澳洲牛肉片(澳洲),114/7/23,動物用藥殘留,合格,,,
21829,喜多利燒肉股份有限公司,新北市,中和區,新北市中和區中山路3段122號B2,松坂肉片(台灣豬),114/7/23,動物用藥殘留,合格,,,
22037,家福股份有限公司蘆洲分公司,新北市,三重區,新北市三重區五華街282號,吳郭魚,114/6/17,動物用藥殘留,合格,,,
22038,有限責任台灣主婦聯盟生活消費合作社新店站,新北市,新店區,新北市新店區北新路2段139巷1號,吳郭魚,114/6/18,動物用藥殘留,合格,,,
22039,好市多股份有限公司汐止分公司,新北市,汐止區,新北市汐止區大同路1段158號,深海野游養殖大黃魚,114/6/20,動物用藥殘留,合格,,,
22040,阿芳海產店,新北市,泰山區,新北市泰山區全興路212號2樓,蛤蜊,114/7/9,動物用藥殘留,合格,,,
22041,全聯實業股份有限公司泰山全興分公司,新北市,泰山區,新北市泰山區全興路101號,白刺蝦(大),114/7/9,動物用藥殘留,合格,,,
22042,全聯實業股份有限公司泰山全興分公司,新北市,泰山區,新北市泰山區全興路101號,文蛤(特大)真空包,114/7/9,動物用藥殘留,合格,,,
22043,家福股份有限公司淡新分公司,新北市,淡水區,新北市淡水區中山北路2段383號,大文蛤,114/7/9,動物用藥殘留,合格,,,
22044,全聯實業股份有限公司鶯歌鶯桃分公司,新北市,鶯歌區,新北市鶯歌區鶯桃路93號,冷凍草蝦,114/7/9,動物用藥殘留,合格,,,
22045,全聯實業股份有限公司板橋中正分公司,新北市,新莊區,新北市新莊區民安西路135號,CP鮮凍大白蝦30/40,114/7/10,動物用藥殘留,合格,,,
22046,長沅水產,新北市,中和區,新北市中和區錦和路406號,白蝦,114/7/10,動物用藥殘留,合格,,,
22047,群竑流通行銷有限公司,新北市,新店區,新北市新店區明德路67巷20號,蛤蜊,114/7/11,動物用藥殘留,合格,,,
22048,家福股份有限公司台北中和分公司,新北市,中和區,新北市中和區中山路2段291號B2,大文蛤,114/7/11,動物用藥殘留,合格,,,
22049,家福股份有限公司台北中和分公司,新北市,中和區,新北市中和區中山路2段291號B2,產銷履歷白蝦,114/7/11,動物用藥殘留,合格,,,
22050,伍陸鮮生行,新北市,新店區,新北市新店區中央五街4號1樓,蛤蜊,114/7/11,動物用藥殘留,合格,,,
22051,家福股份有限公司台北板橋分公司,新北市,板橋區,新北市板橋區三民路2段31號B1,元氣文蛤,114/7/14,動物用藥殘留,合格,,,
22052,安東肉舖,新北市,三重區,新北市三重區重陽路1段41之1號,冷凍生白蝦,114/7/16,動物用藥殘留,合格,,,
22053,好市多股份有限公司新莊分公司,新北市,新莊區,新北市新莊區建國一路138號,深海野游式養殖大黃魚,114/7/21,動物用藥殘留,合格,,,
22054,棉花田生機園地股份有限公司土城學府門市,新北市,土城區,新北市土城區學府路1段185號,YummyTale鳳尾蝦,114/7/21,動物用藥殘留,合格,,,
22055,舞紅花鐵板燒,新北市,新莊區,新北市新莊區新北大道4段3號7樓,南美白蝦,114/7/22,動物用藥殘留,合格,,,
22184,全聯實業股份有限公司板橋板新分公司,新北市,板橋區,新北市板橋區中山路1段252號,養力紅仁卵(雞蛋),114/6/16,農藥殘留,合格,,,
22185,全聯實業股份有限公司新店大鵬分公司,新北市,新店區,新北市新店區中正路700巷1號地下一樓,大成溯源蛋(紅蛋),114/6/16,農藥殘留,合格,,,
22186,統康生活事業股份有限公司永和竹林分公司,新北市,永和區,新北市永和區竹林路60號1樓,安心蛋(白殼)egg,114/6/17,農藥殘留,合格,,,
22187,家福股份有限公司蘆洲分公司,新北市,三重區,新北市三重區五華街282號,日饕白鮮蛋,114/6/17,農藥殘留,合格,,,
22188,自在森林養殖生技股份有限公司,新北市,新莊區,新北市新莊區西盛里民安路405號,雞蛋,114/6/17,農藥殘留,合格,,,
22189,全聯實業股份有限公司三重中正南分公司,新北市,三重區,新北市三重區中正南路248之2號B1,福福氣冷雞冷凍清胸丁(台灣),114/7/21,農藥殘留,合格,,,
22190,大魔四號公園餐飲店,新北市,中和區,新北市中和區中安街172號,整支去骨雞腿切塊,114/7/21,農藥殘留,合格,,,
22191,三商家購股份有限公司土城中正分公司,新北市,土城區,新北市土城區中正路45號1樓,心樸X泰安去骨雞腿排(原味),114/7/21,農藥殘留,合格,,,
22192,新北市板橋區農會,新北市,板橋區,新北市板橋區府中路29號,香草雞(去骨雞腿),114/7/24,農藥殘留,合格,,,
22314,全聯實業股份有限公司三重中正南分公司,新北市,三重區,新北市三重區中正南路248之2號B1,澳洲牛腱,114/7/21,農藥殘留,合格,,,
22315,海牧鍋物有限公司,新北市,中和區,新北市中和區中和路350巷12號,US-雪花牛-PRIME-VP(美國牛),114/7/21,農藥殘留,合格,,,
22316,美廉社板橋中山店,新北市,板橋區,新北市板橋區中山路90巷30號,心樸澳洲牛肉片(澳洲),114/7/23,農藥殘留,合格,,,
22352,廣德隆食品股份有限公司,新北市,樹林區,新北市樹林區東園里柑園街1段192號,楊記香油,114/2/12,縮水甘油脂肪酸酯,合格,,,
22354,廣德隆食品股份有限公司,新北市,樹林區,新北市樹林區東園里柑園街1段192號,大豆沙拉油,114/2/12,縮水甘油脂肪酸酯,合格,,,
22355,品元實業股份有限公司商港二廠,新北市,八里區,新北市八里區訊塘里商港五路99號(2樓),,114/4/9,GHP,不合格,違反食安法第8條第1項規定，依同法第44條第1項裁處,60000,
22356,寶島油脂股份有限公司,新北市,土城區,新北市土城區慶祥街102號,大豆沙拉油,114/2/25,縮水甘油脂肪酸酯,合格,,,
22357,鼎珍食品工業股份有限公司樹林廠,新北市,樹林區,新北市樹林區東山里八德街428號,,114/4/25,GHP,不合格,違反食安法第8條第1項規定，依同法第44條第1項裁處,60000,
22423,品元實業股份有限公司商港二廠,新北市,八里區,新北市八里區訊塘里商港五路99號(2樓),蒟蒻QQ-1,114/3/4,標示,合格,,,
22425,鼎珍食品工業股份有限公司樹林廠,新北市,樹林區,新北市樹林區東山里八德街428號,即食粉圓50g/包,114/3/19,標示,合格,,,
22482,品元實業股份有限公司商港二廠,新北市,八里區,新北市八里區訊塘里商港五路99號(2樓),蒟蒻QQ-1,114/3/4,重金屬,合格,,,
22483,鼎珍食品工業股份有限公司樹林廠,新北市,樹林區,新北市樹林區東山里八德街428號,即食粉圓,114/4/25,重金屬,合格,,,
22531,林源昌蔴油食品有限公司,新北市,新店區,新北市新店區太平里永業路96號,-,114/2/18,GHP,合格,,,
22532,永利油廠有限公司,新北市,新莊區,新北市新莊區福基里化成路389巷66號,-,114/3/14,GHP,合格,,,
22533,廣德隆食品股份有限公司,新北市,樹林區,新北市樹林區東園里柑園街1段192號,-,114/3/13,GHP,合格,,,
22534,鎧逸企業股份有限公司,新北市,三峽區,新北市三峽區中華路74-1號,-,114/3/25,GHP,合格,,,
22535,寶島油脂股份有限公司,新北市,土城區,新北市土城區慶祥街102號,-,114/3/14,GHP,合格,,,
22603,林源昌蔴油食品有限公司,新北市,新店區,新北市新店區太平里永業路96號,香麻油,114/2/5,標示,不合格,違反食安法第22條規定，依同法第47條裁處,30000,
22604,林源昌蔴油食品有限公司,新北市,新店區,新北市新店區太平里永業路96號,純香麻油,114/2/5,標示,合格,,,
22605,永利油廠有限公司,新北市,新莊區,新北市新莊區福基里化成路389巷66號,金葫蘆香油,114/2/11,標示,合格,,,
22606,永利油廠有限公司,新北市,新莊區,新北市新莊區福基里化成路389巷66號,一滴香小磨香油,114/2/11,標示,合格,,,
22607,廣德隆食品股份有限公司,新北市,樹林區,新北市樹林區東園里柑園街1段192號,楊記香辣油,114/2/12,標示,合格,,,
22608,廣德隆食品股份有限公司,新北市,樹林區,新北市樹林區東園里柑園街1段192號,楊記香油,114/2/12,標示,合格,,,
22609,鎧逸企業股份有限公司,新北市,三峽區,新北市三峽區中華路74-1號,真老純小磨白麻油,114/2/18,標示,合格,,,
22610,鎧逸企業股份有限公司,新北市,三峽區,新北市三峽區中華路74-1號,真老純冷壓黑麻油,114/2/18,標示,合格,,,
22611,寶島油脂股份有限公司,新北市,土城區,新北市土城區慶祥街102號,芝麻香油,114/2/25,標示,合格,,,
22612,寶島油脂股份有限公司,新北市,土城區,新北市土城區慶祥街102號,胡麻油,114/2/25,標示,合格,,,
22726,林源昌蔴油食品有限公司,新北市,新店區,新北市新店區太平里永業路96號,香麻油,114/2/5,重金屬,合格,,,
22727,永利油廠有限公司,新北市,新莊區,新北市新莊區福基里化成路389巷66號,一滴香小磨香油,114/2/11,重金屬,合格,,,
22728,廣德隆食品股份有限公司,新北市,樹林區,新北市樹林區東園里柑園街1段192號,楊記香辣油,114/2/12,重金屬,合格,,,
22729,廣德隆食品股份有限公司,新北市,樹林區,新北市樹林區東園里柑園街1段192號,楊記香油,114/2/12,重金屬,合格,,,
22730,鎧逸企業股份有限公司,新北市,三峽區,新北市三峽區中華路74-1號,真老純小磨白麻油,114/2/18,重金屬,合格,,,
22731,鎧逸企業股份有限公司,新北市,三峽區,新北市三峽區中華路74-1號,真老純冷壓黑麻油,114/2/18,重金屬,合格,,,
22732,寶島油脂股份有限公司,新北市,土城區,新北市土城區慶祥街102號,芝麻香油,114/2/25,重金屬,合格,,,
22733,寶島油脂股份有限公司,新北市,土城區,新北市土城區慶祥街102號,胡麻油,114/2/25,重金屬,合格,,,
22798,林源昌蔴油食品有限公司,新北市,新店區,新北市新店區太平里永業路96號,香麻油,114/2/5,黃麴毒素,合格,,,
22799,永利油廠有限公司,新北市,新莊區,新北市新莊區福基里化成路389巷66號,一滴香小磨香油,114/2/11,黃麴毒素,合格,,,
22800,廣德隆食品股份有限公司,新北市,樹林區,新北市樹林區東園里柑園街1段192號,楊記香辣油,114/2/12,黃麴毒素,合格,,,
22801,廣德隆食品股份有限公司,新北市,樹林區,新北市樹林區東園里柑園街1段192號,楊記香油,114/2/12,黃麴毒素,合格,,,
22802,鎧逸企業股份有限公司,新北市,三峽區,新北市三峽區中華路74-1號,真老純小磨白麻油,114/2/18,黃麴毒素,合格,,,
22803,鎧逸企業股份有限公司,新北市,三峽區,新北市三峽區中華路74-1號,真老純冷壓黑麻油,114/2/18,黃麴毒素,合格,,,
22804,寶島油脂股份有限公司,新北市,土城區,新北市土城區慶祥街102號,芝麻香油,114/2/25,黃麴毒素,合格,,,
22805,寶島油脂股份有限公司,新北市,土城區,新北市土城區慶祥街102號,胡麻油,114/2/25,黃麴毒素,合格,,,
22870,林源昌蔴油食品有限公司,新北市,新店區,新北市新店區太平里永業路96號,香麻油,114/2/5,苯(a)駢芘,合格,,,
22871,永利油廠有限公司,新北市,新莊區,新北市新莊區福基里化成路389巷66號,一滴香小磨香油,114/2/11,苯(a)駢芘,合格,,,
22872,廣德隆食品股份有限公司,新北市,樹林區,新北市樹林區東園里柑園街1段192號,楊記香辣油,114/2/12,苯(a)駢芘,合格,,,
22873,廣德隆食品股份有限公司,新北市,樹林區,新北市樹林區東園里柑園街1段192號,楊記香油,114/2/12,苯(a)駢芘,合格,,,
22874,鎧逸企業股份有限公司,新北市,三峽區,新北市三峽區中華路74-1號,真老純小磨白麻油,114/2/18,苯(a)駢芘,合格,,,
22875,鎧逸企業股份有限公司,新北市,三峽區,新北市三峽區中華路74-1號,真老純冷壓黑麻油,114/2/18,苯(a)駢芘,合格,,,
22876,寶島油脂股份有限公司,新北市,土城區,新北市土城區慶祥街102號,芝麻香油,114/2/25,苯(a)駢芘,合格,,,
22877,寶島油脂股份有限公司,新北市,土城區,新北市土城區慶祥街102號,胡麻油,114/2/25,苯(a)駢芘,合格,,,
22942,林源昌蔴油食品有限公司,新北市,新店區,新北市新店區太平里永業路96號,香麻油,114/2/5,芥酸,合格,,,
22943,永利油廠有限公司,新北市,新莊區,新北市新莊區福基里化成路389巷66號,一滴香小磨香油,114/2/11,芥酸,合格,,,
22944,廣德隆食品股份有限公司,新北市,樹林區,新北市樹林區東園里柑園街1段192號,楊記香辣油,114/2/12,芥酸,合格,,,
22945,廣德隆食品股份有限公司,新北市,樹林區,新北市樹林區東園里柑園街1段192號,楊記香油,114/2/12,芥酸,合格,,,
22946,鎧逸企業股份有限公司,新北市,三峽區,新北市三峽區中華路74-1號,真老純小磨白麻油,114/2/18,芥酸,合格,,,
22947,鎧逸企業股份有限公司,新北市,三峽區,新北市三峽區中華路74-1號,真老純冷壓黑麻油,114/2/18,芥酸,合格,,,
22948,寶島油脂股份有限公司,新北市,土城區,新北市土城區慶祥街102號,芝麻香油,114/2/25,芥酸,合格,,,
22949,寶島油脂股份有限公司,新北市,土城區,新北市土城區慶祥街102號,胡麻油,114/2/25,芥酸,合格,,,
23016,林源昌蔴油食品有限公司,新北市,新店區,新北市新店區太平里永業路96號,香麻油,114/2/5,環氧乙烷,合格,,,
23017,永利油廠有限公司,新北市,新莊區,新北市新莊區福基里化成路389巷66號,一滴香小磨香油,114/2/11,環氧乙烷,合格,,,
23018,永利油廠有限公司,新北市,新莊區,新北市新莊區福基里化成路389巷66號,印度小白麻,114/2/11,環氧乙烷,合格,,,
23019,廣德隆食品股份有限公司,新北市,樹林區,新北市樹林區東園里柑園街1段192號,楊記香辣油,114/2/12,環氧乙烷,合格,,,
23020,廣德隆食品股份有限公司,新北市,樹林區,新北市樹林區東園里柑園街1段192號,楊記香油,114/2/12,環氧乙烷,合格,,,
23021,鎧逸企業股份有限公司,新北市,三峽區,新北市三峽區中華路74-1號,真老純小磨白麻油,114/2/18,環氧乙烷,合格,,,
23022,鎧逸企業股份有限公司,新北市,三峽區,新北市三峽區中華路74-1號,真老純冷壓黑麻油,114/2/18,環氧乙烷,合格,,,
23023,鎧逸企業股份有限公司,新北市,三峽區,新北市三峽區中華路74-1號,小黑麻,114/2/18,環氧乙烷,合格,,,
23024,鎧逸企業股份有限公司,新北市,三峽區,新北市三峽區中華路74-1號,小粒白芝麻,114/2/18,環氧乙烷,合格,,,
23025,寶島油脂股份有限公司,新北市,土城區,新北市土城區慶祥街102號,芝麻香油,114/2/25,環氧乙烷,合格,,,
23026,寶島油脂股份有限公司,新北市,土城區,新北市土城區慶祥街102號,胡麻油,114/2/25,環氧乙烷,合格,,,
23027,寶島油脂股份有限公司,新北市,土城區,新北市土城區慶祥街102號,機選比色麻仁,114/2/25,環氧乙烷,合格,,,
23114,林源昌蔴油食品有限公司,新北市,新店區,新北市新店區太平里永業路96號,福壽大豆沙拉油,114/2/5,縮水甘油脂肪酸酯,合格,,,
23115,永利油廠有限公司,新北市,新莊區,新北市新莊區福基里化成路389巷66號,一滴香小磨香油,114/2/11,縮水甘油脂肪酸酯,合格,,,
23116,永利油廠有限公司,新北市,新莊區,新北市新莊區福基里化成路389巷66號,散裝大豆油,114/2/11,縮水甘油脂肪酸酯,合格,,,
23117,廣德隆食品股份有限公司,新北市,樹林區,新北市樹林區東園里柑園街1段192號,楊記香辣油,114/2/12,縮水甘油脂肪酸酯,合格,,,
23118,50年代枝仔冰,新北市,淡水區,新北市淡水區淡金路二段270-1號,-,114/5/15,GHP,合格,,,
23119,水月食品有限公司,新北市,三重區,新北市三重區力行路一段179巷8-2號,-,114/5/27,GHP,合格,,,
23120,新北市製冰有限公司,新北市,三峽區,新北市三峽區成福路105巷26號,-,114/6/12,GHP,合格,,,
23121,大德製冰廠,新北市,淡水區,新北市淡水區中正路2巷1號1樓,-,114/4/14,GHP,合格,,,
23122,水精企業股份有限公司,新北市,新店區,新北市新店區民權路104號3樓,-,114/4/9,GHP,合格,,,
23123,泓捷冷凍食品有限公司,新北市,中和區,新北市中和區立德街72巷10號,-,114/6/3,GHP,合格,,,
23124,品國企業有限公司,新北市,樹林區,新北市樹林區俊英街116巷17號、19號,-,114/4/29,GHP,合格,,,
23197,泓捷冷凍食品有限公司,新北市,中和區,新北市中和區立德街72巷10號,食用衛生冰塊,114/4/2,標示,合格,,,
23198,水月食品有限公司,新北市,三重區,新北市三重區力行路一段179巷8-2號,番茄梅,114/4/17,標示,合格,,,
23199,水月食品有限公司,新北市,三重區,新北市三重區力行路一段179巷8-2號,百香果冰棒,114/4/17,標示,合格,,,
23200,水月食品有限公司,新北市,三重區,新北市三重區力行路一段179巷8-2號,梅子,114/4/17,標示,合格,,,
23201,新北市製冰有限公司,新北市,三峽區,新北市三峽區成福路105巷26號,新北市食用衛生冰塊,114/4/24,標示,合格,,,
23202,品國企業有限公司,新北市,樹林區,新北市樹林區俊英街116巷17號、19號,特級冰塊,114/4/29,標示,合格,,,
23203,品國企業有限公司,新北市,樹林區,新北市樹林區俊英街116巷17號、19號,OK咖啡特級冰塊220g,114/4/29,標示,合格,,,
23294,泓捷冷凍食品有限公司,新北市,中和區,新北市中和區立德街72巷10號,食用衛生冰塊,114/4/2,食品微生物,合格,,,
23295,水月食品有限公司,新北市,三重區,新北市三重區力行路一段179巷8-2號,綠豆牛奶冰棒,114/4/17,食品微生物,合格,,,
23296,水月食品有限公司,新北市,三重區,新北市三重區力行路一段179巷8-2號,綠豆牛奶冰棒,114/4/17,環氧乙烷,合格,,,
23297,新北市製冰有限公司,新北市,三峽區,新北市三峽區成福路105巷26號,新北市食用衛生冰塊,114/4/24,食品微生物,合格,,,
23298,品國企業有限公司,新北市,樹林區,新北市樹林區俊英街116巷17號、19號,特級冰塊,114/4/29,食品微生物,合格,,,
23299,品國企業有限公司,新北市,樹林區,新北市樹林區俊英街116巷17號、19號,OK咖啡特級冰塊220g,114/4/29,食品微生物,合格,,,
23586,呷冰站冰品店(呷冰站(台灣鮮果手工冰)),新北市,三峽區,新北市三峽區國際一街82號,四寶冰,114/4/30,食品微生物,合格,,,
23587,呷冰站冰品店(呷冰站(台灣鮮果手工冰)),新北市,三峽區,新北市三峽區國際一街82號,手工冰(桑葚),114/4/30,食品微生物,合格,,,
23588,日商比亞留三一冰淇淋股份有限公司(BaskinRobbins31冰淇淋),新北市,新莊區,新北市新莊區新北大道四段3號7樓,巧克力冰淇林,114/5/1,食品微生物,合格,,,
23589,日商比亞留三一冰淇淋股份有限公司(BaskinRobbins31冰淇淋),新北市,新莊區,新北市新莊區新北大道4段3號7樓,冰淇淋奶昔(香橙雪寶),114/5/1,食品微生物,合格,,,
23590,慕韻甜品,新北市,板橋區,新北市板橋區大觀路二段97號,客惟您香草冰淇淋,114/5/2,食品微生物,合格,,,
23591,慕韻甜品,新北市,板橋區,新北市板橋區大觀路二段97號,黑糖剉冰,114/5/2,食品微生物,合格,,,
23592,酷聖石冰淇淋股份有限公司(COLDSTONE酷聖石永和門市),新北市,永和區,新北市永和區中山路一段238號B1樓,莓力四射,114/5/5,食品微生物,合格,,,
23593,國臻小吃店(保平52),新北市,永和區,新北市永和區保平路52號,黑糖米苔目粉粿冰,114/5/5,食品微生物,合格,,,
23594,傳統集美店(傳統集美三色布丁甜點店),新北市,三重區,新北市三重區集美街161號,黑糖剉冰,114/5/6,食品微生物,合格,,,
23595,我想做愛玉商行(我想做愛玉),新北市,三重區,新北市三重區重安街57號1樓,粉圓冰,114/5/6,食品微生物,合格,,,
23596,我想做愛玉商行(我想做愛玉),新北市,三重區,新北市三重區重安街57號1樓,粉圓,114/5/6,食品微生物,合格,,,
23770,一家好茶商行(再睡五分鐘),新北市,板橋區,新北市板橋區陽明街38號,,114/3/17,標示,合格,,,
23771,弘稷有限公司(五桐號),新北市,板橋區,新北市板橋區中正路201號,,114/3/7,標示,合格,,,
23772,安心食品服務股份有限公司(摩斯漢堡),新北市,永和區,新北市永和區中和路463號1樓,,114/3/11,標示,合格,,,
23773,金甸商行(老賴茶棧),新北市,土城區,新北市土城區學府路一段193號,,114/3/4,標示,合格,,,
23774,品心茶行(CoCo都可水碓店),新北市,淡水區,新北市淡水區中山北路一段156之4號,,114/3/10,標示,合格,,,
23775,悠旅生活事業股份有限公司(星巴克),新北市,新莊區,新北市新莊區中正路702號,,114/3/5,標示,合格,,,
23776,淘淘湯鋪(回憶小時候),新北市,三重區,新北市三重區三陽路15號1樓,,114/3/26,標示,合格,,,
23777,統一超商股份有限公司(7-ELEVEN),新北市,新莊區,新北市新莊區中港一街10、10-1號,,114/3/4,標示,合格,,,
23778,陳記冷飲店(紅茶洋行),新北市,三重區,新北市三重區永福街175之1號,,114/3/10,標示,合格,,,
23779,翰林國際企業股份有限公司(翰林茶棧-林口三井店),新北市,林口區,新北市林口區文化二路一段123號3樓,,114/3/3,標示,合格,,,
23987,一家好茶商行(再睡五分鐘),新北市,板橋區,新北市板橋區陽明街38號,,114/3/17,GHP,合格,,,
23988,弘稷有限公司(五桐號),新北市,板橋區,新北市板橋區中正路201號,,114/3/7,GHP,合格,,,
23989,安心食品股份有限公司永和永安分公司(摩斯漢堡),新北市,永和區,新北市永和區中和路463號1樓,,114/3/11,GHP,合格,,,
23990,艸園水果專賣店(艸園水果專賣店),新北市,永和區,新北市永和區得和路3號,,114/3/10,GHP,合格,,,
23991,金甸商行(老賴茶棧),新北市,土城區,新北市土城區學府路一段193號,,114/3/4,GHP,合格,,,
23992,品心茶行(CoCo都可水碓店),新北市,淡水區,新北市淡水區中山北路一段156之4號,,114/3/10,GHP,合格,,,
23993,茶88,新北市,板橋區,新北市板橋區新生街32號,,114/3/7,GHP,合格,,,
23994,悠旅生活事業股份有限公司新莊雙鳳門市(星巴克),新北市,新莊區,新北市新莊區中正路702號,,114/3/5,GHP,合格,,,
23995,淘淘湯鋪(回憶小時候),新北市,三重區,新北市三重區三陽路15號1樓,,114/3/26,GHP,合格,,,
23996,統一超商股份有限公司(7-ELEVEN),新北市,新莊區,新北市新莊區中港一街10、10-1號,,114/3/4,GHP,合格,,,
23997,陳記冷飲店(紅茶洋行),新北市,三重區,新北市三重區永福街175之1號,,114/3/10,GHP,合格,,,
23998,順進食品行(樹林果都飲料),新北市,樹林區,新北市樹林區博愛一街1號,,114/3/7,GHP,合格,,,
23999,翰林國際企業股份有限公司(翰林茶棧-林口三井店),新北市,林口區,新北市林口區文化二路一段123號3樓,,114/3/3,GHP,合格,,,
24219,呷冰站冰品店(呷冰站(台灣鮮果手工冰)),新北市,三峽區,新北市三峽區國際一街82號,,114/4/30,GHP,合格,,,
24220,日商比亞留三一冰淇淋股份有限公司(BaskinRobbins31冰淇淋),新北市,新莊區,新北市新莊區新北大道四段3號7樓,,114/5/1,GHP,合格,,,
24221,慕韻甜品,新北市,板橋區,新北市板橋區大觀路二段97號,,114/5/2,GHP,合格,,,
24222,酷聖石冰淇淋股份有限公司(COLDSTONE酷聖石永和門市),新北市,永和區,新北市永和區中山路一段238號B1樓,,114/5/5,GHP,合格,,,
24223,國臻小吃店(保平52),新北市,永和區,新北市永和區保平路52號,,114/5/5,GHP,合格,,,
24224,傳統集美店(傳統集美三色布丁甜點店),新北市,三重區,新北市三重區集美街161號,,114/5/6,GHP,合格,,,
24225,我想做愛玉商行(我想做愛玉),新北市,三重區,新北市三重區重安街57號1樓,,114/5/6,GHP,合格,,,
24382,弘稷有限公司(五桐號),新北市,板橋區,新北市板橋區中正路201號,五桐奶茶,114/3/7,食品微生物,合格,,,
24383,弘稷有限公司(五桐號),新北市,板橋區,新北市板橋區中正路201號,冰塊,114/3/7,食品微生物,合格,,,
24384,安心食品服務股份有限公司(摩斯漢堡),新北市,永和區,新北市永和區中和路463號1樓,蒟蒻晶球,114/3/11,食品微生物,合格,,,
24385,安心食品服務股份有限公司(摩斯漢堡),新北市,永和區,新北市永和區中和路463號1樓,冰紅茶,114/3/11,食品微生物,合格,,,
24386,艸園水果專賣店(艸園水果專賣店),新北市,永和區,新北市永和區得和路3號,香蕉汁,114/3/10,食品微生物,合格,,,
24387,金甸商行(老賴茶棧),新北市,土城區,新北市土城區學府路一段193號,熬煮冬瓜茶,114/3/4,食品微生物,合格,,,
24388,品心茶行(CoCo都可水碓店),新北市,淡水區,新北市淡水區中山北路一段156之4號,珍珠,114/3/10,食品微生物,合格,,,
24389,品心茶行(CoCo都可水碓店),新北市,淡水區,新北市淡水區中山北路1段156之4號,奶茶,114/3/10,食品微生物,合格,,,
24390,茶88,新北市,板橋區,新北市板橋區新生街32號,洛神花茶,114/3/7,食品微生物,合格,,,
24391,統一超商股份有限公司(7-ELEVEN),新北市,新莊區,新北市新莊區中港一街10、10-1號,HERSHEY'S好時經典可可,114/3/4,食品微生物,合格,,,
24392,陳記冷飲店(紅茶洋行),新北市,三重區,新北市三重區永福街175之1號,紅茶,114/3/10,食品微生物,合格,,,
24393,順進食品行(樹林果都飲料),新北市,樹林區,新北市樹林區博愛一街1號,可可,114/3/7,食品微生物,合格,,,
24394,翰林國際企業股份有限公司(翰林茶棧-林口三井店),新北市,林口區,新北市林口區文化二路一段123號3樓,香檳紅茶,114/3/3,食品微生物,合格,,,
24480,久翔食品股份有限公司,新北市,樹林區,新北市樹林區武林街16號之1(1~2樓)，16之2號1樓,-,114/1/7,GHP,合格,,,
24481,久翔食品股份有限公司,新北市,樹林區,新北市樹林區武林街16號之1(1~2樓)，16之2號1樓,-,114/2/6,GHP,合格,,,
24482,久翔食品股份有限公司,新北市,樹林區,新北市樹林區武林街16號之1(1~2樓)，16之2號1樓,-,114/4/17,GHP,合格,,,
24483,久翔食品股份有限公司,新北市,樹林區,新北市樹林區武林街16號之1(1~2樓)，16之2號1樓,-,114/4/17,GHP,合格,,,
24484,久翔食品股份有限公司,新北市,樹林區,新北市樹林區武林街16號之1(1~2樓)，16之2號1樓,-,114/5/8,GHP,合格,,,
24485,久翔食品股份有限公司,新北市,樹林區,新北市樹林區武林街16號之1(1~2樓)，16之2號1樓,-,114/6/11,GHP,合格,,,
24486,統鮮美食股份有限公司,新北市,三重區,新北市三重區中興北街136巷18弄18號(1、2樓),-,114/1/7,GHP,合格,,,
24487,統鮮美食股份有限公司,新北市,三重區,新北市三重區中興北街136巷18弄18號(1、2樓),-,114/2/5,GHP,合格,,,
24488,統鮮美食股份有限公司,新北市,三重區,新北市三重區中興北街136巷18弄18號(1、2樓),-,114/3/18,GHP,合格,,,
24489,統鮮美食股份有限公司,新北市,三重區,新北市三重區中興北街136巷18弄18號(1、2樓),-,114/4/16,GHP,合格,,,
24490,統鮮美食股份有限公司,新北市,三重區,新北市三重區中興北街136巷18弄18號(1、2樓),-,114/5/15,GHP,合格,,,
24491,統鮮美食股份有限公司,新北市,三重區,新北市三重區中興北街136巷18弄18號(1、2樓),-,114/6/23,GHP,合格,,,
24492,愛欣食品有限公司,新北市,淡水區,新北市淡水區八勢一街1號,-,114/1/7,GHP,合格,,,
24493,愛欣食品有限公司,新北市,淡水區,新北市淡水區八勢一街1號,-,114/2/5,GHP,合格,,,
24494,愛欣食品有限公司,新北市,淡水區,新北市淡水區八勢一街1號,-,114/3/13,GHP,合格,,,
24495,愛欣食品有限公司,新北市,淡水區,新北市淡水區八勢一街1號,-,114/4/24,GHP,合格,,,
24496,愛欣食品有限公司,新北市,淡水區,新北市淡水區八勢一街1號,-,114/5/9,GHP,合格,,,
24497,愛欣食品有限公司,新北市,淡水區,新北市淡水區八勢一街1號,-,114/6/9,GHP,合格,,,
24498,新北食品股份有限公司,新北市,三重區,新北市三重區國道路1段59號,-,114/1/6,GHP,合格,,,
24499,新北食品股份有限公司,新北市,三重區,新北市三重區國道路1段59號,-,114/2/10,GHP,合格,,,
24500,新北食品股份有限公司,新北市,三重區,新北市三重區國道路1段59號,-,114/3/14,GHP,合格,,,
24501,新北食品股份有限公司,新北市,三重區,新北市三重區國道路1段59號,-,114/4/17,GHP,合格,,,
24502,新北食品股份有限公司,新北市,三重區,新北市三重區國道路1段59號,-,114/5/12,GHP,合格,,,
24503,新北食品股份有限公司,新北市,三重區,新北市三重區國道路1段59號,-,114/6/13,GHP,合格,,,
24504,上將食品有限公司,新北市,新莊區,新北市新莊區幸福東路86號1、2、3樓、90號、92號,-,114/1/6,GHP,合格,,,
24505,上將食品有限公司,新北市,新莊區,新北市新莊區幸福東路86號1、2、3樓、90號、92號,-,114/2/7,GHP,合格,,,
24506,上將食品有限公司,新北市,新莊區,新北市新莊區幸福東路86號1、2、3樓、90號、92號,-,114/3/18,GHP,合格,,,
24507,上將食品有限公司,新北市,新莊區,新北市新莊區幸福東路86號1、2、3樓、90號、92號,-,114/4/14,GHP,合格,,,
24508,上將食品有限公司,新北市,新莊區,新北市新莊區幸福東路86號1、2、3樓、90號、92號,-,114/5/6,GHP,合格,,,
24509,上將食品有限公司,新北市,新莊區,新北市新莊區幸福東路86號1、2、3樓、90號、92號,-,114/6/16,GHP,合格,,,
24510,全盛美食有限公司,新北市,樹林區,新北市樹林區保安街三段1巷1號,-,114/1/6,GHP,合格,,,
24511,全盛美食有限公司,新北市,樹林區,新北市樹林區保安街三段1巷1號,-,114/2/7,GHP,合格,,,
24512,全盛美食有限公司,新北市,樹林區,新北市樹林區保安街三段1巷1號,-,114/3/11,GHP,合格,,,
24513,全盛美食有限公司,新北市,樹林區,新北市樹林區保安街三段1巷1號,-,114/4/14,GHP,合格,,,
24514,全盛美食有限公司,新北市,樹林區,新北市樹林區保安街三段1巷1號,-,114/5/12,GHP,合格,,,
24515,全盛美食有限公司,新北市,樹林區,新北市樹林區保安街三段1巷1號,-,114/6/13,GHP,合格,,,
24516,宏遠國際餐飲股份有限公司,新北市,五股區,新北市五股區五權路54號,-,114/1/6,GHP,合格,,,
24517,宏遠國際餐飲股份有限公司,新北市,五股區,新北市五股區五權路54號,-,114/2/10,GHP,合格,,,
24518,宏遠國際餐飲股份有限公司,新北市,五股區,新北市五股區五權路54號,-,114/3/13,GHP,合格,,,
24519,宏遠國際餐飲股份有限公司,新北市,五股區,新北市五股區五權路54號,-,114/4/17,GHP,合格,,,
24520,宏遠國際餐飲股份有限公司,新北市,五股區,新北市五股區五權路54號,-,114/5/13,GHP,合格,,,
24521,宏遠國際餐飲股份有限公司,新北市,五股區,新北市五股區五權路54號,-,114/6/11,GHP,合格,,,
24522,味味美食有限公司,新北市,五股區,新北市五股區中興路一段95巷4弄3、5號,-,114/1/21,GHP,不合格,違反食安法第8條第1項規定，依同法第44條第1項第1款規定裁處。,6,
24523,味味美食有限公司,新北市,五股區,新北市五股區中興路一段95巷4弄3、5號,-,114/2/19,GHP,合格,,,
24524,味味美食有限公司,新北市,五股區,新北市五股區中興路一段95巷4弄3、5號,-,114/4/10,GHP,不合格,違反食安法第8條第1項規定，依同法第44條第1項第1款規定裁處。,8,
24525,味味美食有限公司,新北市,五股區,新北市五股區中興路一段95巷4弄3、5號,-,114/5/9,GHP,合格,,,
24526,味味美食有限公司,新北市,五股區,新北市五股區中興路一段95巷4弄3、5號,-,114/5/28,GHP,合格,,,
24527,味味美食有限公司,新北市,五股區,新北市五股區中興路一段95巷4弄3、5號,-,114/6/26,GHP,合格,,,
24528,雙翼食品有限公司,新北市,樹林區,新北市樹林區忠愛街1號(1樓)及3號(1、2樓),-,114/1/6,GHP,合格,,,
24529,雙翼食品有限公司,新北市,樹林區,新北市樹林區忠愛街1號(1樓)及3號(1、2樓),-,114/2/5,GHP,合格,,,
24530,雙翼食品有限公司,新北市,樹林區,新北市樹林區忠愛街1號(1樓)及3號(1、2樓),-,114/3/11,GHP,合格,,,
24531,雙翼食品有限公司,新北市,樹林區,新北市樹林區忠愛街1號(1樓)及3號(1、2樓),-,114/4/14,GHP,合格,,,
24532,雙翼食品有限公司,新北市,樹林區,新北市樹林區忠愛街1號(1樓)及3號(1、2樓),-,114/5/7,GHP,合格,,,
24533,雙翼食品有限公司,新北市,樹林區,新北市樹林區忠愛街1號(1樓)及3號(1、2樓),-,114/6/12,GHP,合格,,,
24534,食家安飲食文化股份有限公司,新北市,汐止區,新北市汐止區福德一路328巷1號(1樓),-,114/1/8,GHP,合格,,,
24535,食家安飲食文化股份有限公司,新北市,汐止區,新北市汐止區福德一路328巷1號(1樓),-,114/2/6,GHP,合格,,,
24536,食家安飲食文化股份有限公司,新北市,汐止區,新北市汐止區福德一路328巷1號(1樓),-,114/3/19,GHP,合格,,,
24537,食家安飲食文化股份有限公司,新北市,汐止區,新北市汐止區福德一路328巷1號(1樓),-,114/4/25,GHP,合格,,,
24538,食家安飲食文化股份有限公司,新北市,汐止區,新北市汐止區福德一路328巷1號(1樓),-,114/5/12,GHP,合格,,,
24539,食家安飲食文化股份有限公司,新北市,汐止區,新北市汐止區福德一路328巷1號(1樓),-,114/6/10,GHP,合格,,,
24540,珍品軒食品有限公司,新北市,中和區,新北市中和區中原里立德街112號地下一樓,-,114/2/19,GHP,合格,,,
24541,珍品軒食品有限公司,新北市,中和區,新北市中和區中原里立德街112號地下一樓,-,114/3/11,GHP,合格,,,
24542,珍品軒食品有限公司,新北市,中和區,新北市中和區中原里立德街112號地下一樓,-,114/5/6,GHP,合格,,,
24543,百原食品有限公司,新北市,五股區,新北市五股區興珍里中興路1段61號、59號(1樓),-,114/2/10,GHP,合格,,,
24544,百原食品有限公司,新北市,五股區,新北市五股區興珍里中興路1段61號、59號(1樓),-,114/3/17,GHP,合格,,,
24545,百原食品有限公司,新北市,五股區,新北市五股區興珍里中興路1段61號、59號(1樓),-,114/5/15,GHP,合格,,,
24546,寬大食品有限公司,新北市,新店區,新北市新店區民生路29號,-,114/2/6,GHP,合格,,,
24547,寬大食品有限公司,新北市,新店區,新北市新店區民生路29號,-,114/3/14,GHP,合格,,,
24548,寬大食品有限公司,新北市,新店區,新北市新店區民生路29號,-,114/5/7,GHP,合格,,,
24549,久翔食品股份有限公司,新北市,樹林區,新北市樹林區武林街16號之1(1~2樓)，16之2號1樓,桶餐,114/1/7,食品中微生物,合格,,,
24550,久翔食品股份有限公司,新北市,樹林區,新北市樹林區武林街16號之1(1~2樓)，16之2號1樓,桶餐,114/1/8,食品中微生物,合格,,,
24551,久翔食品股份有限公司,新北市,樹林區,新北市樹林區武林街16號之1(1~2樓)，16之2號1樓,桶餐,114/2/18,食品中微生物,合格,,,
24552,久翔食品股份有限公司,新北市,樹林區,新北市樹林區武林街16號之1(1~2樓)，16之2號1樓,桶餐,114/3/7,食品中微生物,合格,,,
24553,久翔食品股份有限公司,新北市,樹林區,新北市樹林區武林街16號之1(1~2樓)，16之2號1樓,桶餐,114/4/1,食品中微生物,合格,,,
24554,久翔食品股份有限公司,新北市,樹林區,新北市樹林區武林街16號之1(1~2樓)，16之2號1樓,桶餐,114/5/5,食品中微生物,合格,,,
24555,久翔食品股份有限公司,新北市,樹林區,新北市樹林區武林街16號之1(1~2樓)，16之2號1樓,桶餐,114/6/2,食品中微生物,合格,,,
24556,久翔食品股份有限公司,新北市,樹林區,新北市樹林區武林街16號之1(1~2樓)，16之2號1樓,桶餐,114/6/6,食品中微生物,合格,,,
24557,統鮮美食股份有限公司,新北市,三重區,新北市三重區中興北街136巷18弄18號(1、2樓),桶餐,114/1/2,食品中微生物,合格,,,
24558,統鮮美食股份有限公司,新北市,三重區,新北市三重區中興北街136巷18弄18號(1、2樓),桶餐,114/1/2,食品中微生物,合格,,,
24559,統鮮美食股份有限公司,新北市,三重區,新北市三重區中興北街136巷18弄18號(1、2樓),桶餐,114/1/3,食品中微生物,合格,,,
24560,統鮮美食股份有限公司,新北市,三重區,新北市三重區中興北街136巷18弄18號(1、2樓),桶餐,114/1/3,食品中微生物,合格,,,
24561,統鮮美食股份有限公司,新北市,三重區,新北市三重區中興北街136巷18弄18號(1、2樓),桶餐,114/2/17,食品中微生物,合格,,,
24562,統鮮美食股份有限公司,新北市,三重區,新北市三重區中興北街136巷18弄18號(1、2樓),桶餐,114/3/3,食品中微生物,合格,,,
24563,統鮮美食股份有限公司,新北市,三重區,新北市三重區中興北街136巷18弄18號(1、2樓),桶餐,114/3/4,食品中微生物,合格,,,
24564,統鮮美食股份有限公司,新北市,三重區,新北市三重區中興北街136巷18弄18號(1、2樓),桶餐,114/3/6,食品中微生物,合格,,,
24565,統鮮美食股份有限公司,新北市,三重區,新北市三重區中興北街136巷18弄18號(1、2樓),桶餐,114/4/2,食品中微生物,合格,,,
24566,統鮮美食股份有限公司,新北市,三重區,新北市三重區中興北街136巷18弄18號(1、2樓),桶餐,114/4/2,食品中微生物,合格,,,
24567,統鮮美食股份有限公司,新北市,三重區,新北市三重區中興北街136巷18弄18號(1、2樓),桶餐,114/4/9,食品中微生物,合格,,,
24568,統鮮美食股份有限公司,新北市,三重區,新北市三重區中興北街136巷18弄18號(1、2樓),桶餐,114/4/10,食品中微生物,合格,,,
24569,統鮮美食股份有限公司,新北市,三重區,新北市三重區中興北街136巷18弄18號(1、2樓),桶餐,114/5/2,食品中微生物,合格,,,
24570,統鮮美食股份有限公司,新北市,三重區,新北市三重區中興北街136巷18弄18號(1、2樓),桶餐,114/5/2,食品中微生物,合格,,,
24571,統鮮美食股份有限公司,新北市,三重區,新北市三重區中興北街136巷18弄18號(1、2樓),桶餐,114/5/9,食品中微生物,合格,,,
24572,統鮮美食股份有限公司,新北市,三重區,新北市三重區中興北街136巷18弄18號(1、2樓),桶餐,114/6/2,食品中微生物,合格,,,
24573,統鮮美食股份有限公司,新北市,三重區,新北市三重區中興北街136巷18弄18號(1、2樓),桶餐,114/6/2,食品中微生物,合格,,,
24574,統鮮美食股份有限公司,新北市,三重區,新北市三重區中興北街136巷18弄18號(1、2樓),桶餐,114/6/2,食品中微生物,合格,,,
24575,統鮮美食股份有限公司,新北市,三重區,新北市三重區中興北街136巷18弄18號(1、2樓),桶餐,114/6/10,食品中微生物,合格,,,
24576,愛欣食品有限公司,新北市,淡水區,新北市淡水區八勢一街1號,桶餐,114/3/5,食品中微生物,合格,,,
24577,愛欣食品有限公司,新北市,淡水區,新北市淡水區八勢一街1號,桶餐,114/4/9,食品中微生物,合格,,,
24578,愛欣食品有限公司,新北市,淡水區,新北市淡水區八勢一街1號,桶餐,114/5/8,食品中微生物,合格,,,
24579,愛欣食品有限公司,新北市,淡水區,新北市淡水區八勢一街1號,桶餐,114/6/5,食品中微生物,合格,,,
24580,愛欣食品有限公司,新北市,淡水區,新北市淡水區八勢一街1號,桶餐,114/6/5,食品中微生物,合格,,,
24581,新北食品股份有限公司,新北市,三重區,新北市三重區國道路1段59號,桶餐,114/1/3,食品中微生物,合格,,,
24582,新北食品股份有限公司,新北市,三重區,新北市三重區國道路1段59號,桶餐,114/2/11,食品中微生物,合格,,,
24583,新北食品股份有限公司,新北市,三重區,新北市三重區國道路1段59號,桶餐,114/3/5,食品中微生物,合格,,,
24584,新北食品股份有限公司,新北市,三重區,新北市三重區國道路1段59號,桶餐,114/3/5,食品中微生物,合格,,,
24585,新北食品股份有限公司,新北市,三重區,新北市三重區國道路1段59號,桶餐,114/3/6,食品中微生物,合格,,,
24586,新北食品股份有限公司,新北市,三重區,新北市三重區國道路1段59號,桶餐,114/4/1,食品中微生物,合格,,,
24587,新北食品股份有限公司,新北市,三重區,新北市三重區國道路1段59號,桶餐,114/4/9,食品中微生物,合格,,,
24588,新北食品股份有限公司,新北市,三重區,新北市三重區國道路1段59號,桶餐,114/5/1,食品中微生物,合格,,,
24589,新北食品股份有限公司,新北市,三重區,新北市三重區國道路1段59號,桶餐,114/6/2,食品中微生物,合格,,,
24590,新北食品股份有限公司,新北市,三重區,新北市三重區國道路1段59號,桶餐,114/6/5,食品中微生物,合格,,,
24591,上將食品有限公司,新北市,新莊區,新北市新莊區幸福東路86號1、2、3樓、90號、92號,桶餐,114/1/2,食品中微生物,合格,,,
24592,上將食品有限公司,新北市,新莊區,新北市新莊區幸福東路86號1、2、3樓、90號、92號,桶餐,114/1/2,食品中微生物,合格,,,
24593,上將食品有限公司,新北市,新莊區,新北市新莊區幸福東路86號1、2、3樓、90號、92號,桶餐,114/1/2,食品中微生物,合格,,,
24594,上將食品有限公司,新北市,新莊區,新北市新莊區幸福東路86號1、2、3樓、90號、92號,桶餐,114/1/7,食品中微生物,合格,,,
24595,上將食品有限公司,新北市,新莊區,新北市新莊區幸福東路86號1、2、3樓、90號、92號,桶餐,114/1/8,食品中微生物,合格,,,
24596,上將食品有限公司,新北市,新莊區,新北市新莊區幸福東路86號1、2、3樓、90號、92號,桶餐,114/2/11,食品中微生物,合格,,,
24597,上將食品有限公司,新北市,新莊區,新北市新莊區幸福東路86號1、2、3樓、90號、92號,桶餐,114/2/12,食品中微生物,合格,,,
24598,上將食品有限公司,新北市,新莊區,新北市新莊區幸福東路86號1、2、3樓、90號、92號,桶餐,114/2/13,食品中微生物,合格,,,
24599,上將食品有限公司,新北市,新莊區,新北市新莊區幸福東路86號1、2、3樓、90號、92號,桶餐,114/2/14,食品中微生物,合格,,,
24600,上將食品有限公司,新北市,新莊區,新北市新莊區幸福東路86號1、2、3樓、90號、92號,桶餐,114/2/14,食品中微生物,合格,,,
24601,上將食品有限公司,新北市,新莊區,新北市新莊區幸福東路86號1、2、3樓、90號、92號,桶餐,114/2/17,食品中微生物,合格,,,
24602,上將食品有限公司,新北市,新莊區,新北市新莊區幸福東路86號1、2、3樓、90號、92號,桶餐,114/3/3,食品中微生物,合格,,,
24603,上將食品有限公司,新北市,新莊區,新北市新莊區幸福東路86號1、2、3樓、90號、92號,桶餐,114/3/3,食品中微生物,合格,,,
24604,上將食品有限公司,新北市,新莊區,新北市新莊區幸福東路86號1、2、3樓、90號、92號,桶餐,114/3/4,食品中微生物,合格,,,
24605,上將食品有限公司,新北市,新莊區,新北市新莊區幸福東路86號1、2、3樓、90號、92號,桶餐,114/3/6,食品中微生物,合格,,,
24606,上將食品有限公司,新北市,新莊區,新北市新莊區幸福東路86號1、2、3樓、90號、92號,桶餐,114/4/1,食品中微生物,合格,,,
24607,上將食品有限公司,新北市,新莊區,新北市新莊區幸福東路86號1、2、3樓、90號、92號,桶餐,114/4/2,食品中微生物,合格,,,
24608,上將食品有限公司,新北市,新莊區,新北市新莊區幸福東路86號1、2、3樓、90號、92號,桶餐,114/4/8,食品中微生物,合格,,,
24609,上將食品有限公司,新北市,新莊區,新北市新莊區幸福東路86號1、2、3樓、90號、92號,桶餐,114/4/8,食品中微生物,合格,,,
24610,上將食品有限公司,新北市,新莊區,新北市新莊區幸福東路86號1、2、3樓、90號、92號,桶餐,114/4/8,食品中微生物,合格,,,
24611,上將食品有限公司,新北市,新莊區,新北市新莊區幸福東路86號1、2、3樓、90號、92號,桶餐,114/4/10,食品中微生物,合格,,,
24612,上將食品有限公司,新北市,新莊區,新北市新莊區幸福東路86號1、2、3樓、90號、92號,桶餐,114/4/14,食品中微生物,合格,,,
24613,上將食品有限公司,新北市,新莊區,新北市新莊區幸福東路86號1、2、3樓、90號、92號,桶餐,114/5/1,食品中微生物,合格,,,
24614,上將食品有限公司,新北市,新莊區,新北市新莊區幸福東路86號1、2、3樓、90號、92號,桶餐,114/5/2,食品中微生物,合格,,,
24615,上將食品有限公司,新北市,新莊區,新北市新莊區幸福東路86號1、2、3樓、90號、92號,桶餐,114/5/2,食品中微生物,合格,,,
24616,上將食品有限公司,新北市,新莊區,新北市新莊區幸福東路86號1、2、3樓、90號、92號,桶餐,114/5/5,食品中微生物,合格,,,
24617,上將食品有限公司,新北市,新莊區,新北市新莊區幸福東路86號1、2、3樓、90號、92號,桶餐,114/5/6,食品中微生物,合格,,,
24618,上將食品有限公司,新北市,新莊區,新北市新莊區幸福東路86號1、2、3樓、90號、92號,桶餐,114/5/6,食品中微生物,合格,,,
24619,上將食品有限公司,新北市,新莊區,新北市新莊區幸福東路86號1、2、3樓、90號、92號,桶餐,114/5/6,食品中微生物,合格,,,
24620,上將食品有限公司,新北市,新莊區,新北市新莊區幸福東路86號1、2、3樓、90號、92號,桶餐,114/5/8,食品中微生物,合格,,,
24621,上將食品有限公司,新北市,新莊區,新北市新莊區幸福東路86號1、2、3樓、90號、92號,桶餐,114/5/8,食品中微生物,合格,,,
24622,上將食品有限公司,新北市,新莊區,新北市新莊區幸福東路86號1、2、3樓、90號、92號,桶餐,114/5/9,食品中微生物,合格,,,
24623,上將食品有限公司,新北市,新莊區,新北市新莊區幸福東路86號1、2、3樓、90號、92號,桶餐,114/6/2,食品中微生物,合格,,,
24624,上將食品有限公司,新北市,新莊區,新北市新莊區幸福東路86號1、2、3樓、90號、92號,桶餐,114/6/2,食品中微生物,合格,,,
24625,上將食品有限公司,新北市,新莊區,新北市新莊區幸福東路86號1、2、3樓、90號、92號,桶餐,114/6/3,食品中微生物,合格,,,
24626,上將食品有限公司,新北市,新莊區,新北市新莊區幸福東路86號1、2、3樓、90號、92號,桶餐,114/6/4,食品中微生物,合格,,,
24627,上將食品有限公司,新北市,新莊區,新北市新莊區幸福東路86號1、2、3樓、90號、92號,桶餐,114/6/5,食品中微生物,合格,,,
24628,上將食品有限公司,新北市,新莊區,新北市新莊區幸福東路86號1、2、3樓、90號、92號,桶餐,114/6/5,食品中微生物,合格,,,
24629,全盛美食有限公司,新北市,樹林區,新北市樹林區保安街三段1巷1號,桶餐,114/1/2,食品中微生物,合格,,,
24630,全盛美食有限公司,新北市,樹林區,新北市樹林區保安街三段1巷1號,桶餐,114/2/11,食品中微生物,合格,,,
24631,全盛美食有限公司,新北市,樹林區,新北市樹林區保安街三段1巷1號,桶餐,114/2/13,食品中微生物,合格,,,
24632,全盛美食有限公司,新北市,樹林區,新北市樹林區保安街三段1巷1號,桶餐,114/2/14,食品中微生物,合格,,,
24633,全盛美食有限公司,新北市,樹林區,新北市樹林區保安街三段1巷1號,桶餐,114/3/3,食品中微生物,合格,,,
24634,全盛美食有限公司,新北市,樹林區,新北市樹林區保安街三段1巷1號,桶餐,114/3/5,食品中微生物,合格,,,
24635,全盛美食有限公司,新北市,樹林區,新北市樹林區保安街三段1巷1號,桶餐,114/3/7,食品中微生物,合格,,,
24636,全盛美食有限公司,新北市,樹林區,新北市樹林區保安街三段1巷1號,桶餐,114/4/1,食品中微生物,合格,,,
24637,全盛美食有限公司,新北市,樹林區,新北市樹林區保安街三段1巷1號,桶餐,114/4/2,食品中微生物,合格,,,
24638,全盛美食有限公司,新北市,樹林區,新北市樹林區保安街三段1巷1號,桶餐,114/4/8,食品中微生物,合格,,,
24639,全盛美食有限公司,新北市,樹林區,新北市樹林區保安街三段1巷1號,桶餐,114/4/8,食品中微生物,合格,,,
24640,全盛美食有限公司,新北市,樹林區,新北市樹林區保安街三段1巷1號,桶餐,114/5/2,食品中微生物,合格,,,
24641,全盛美食有限公司,新北市,樹林區,新北市樹林區保安街三段1巷1號,桶餐,114/6/2,食品中微生物,合格,,,
24642,宏遠國際餐飲股份有限公司,新北市,五股區,新北市五股區五權路54號,桶餐,114/1/3,食品中微生物,合格,,,
24643,宏遠國際餐飲股份有限公司,新北市,五股區,新北市五股區五權路54號,桶餐,114/2/12,食品中微生物,合格,,,
24644,宏遠國際餐飲股份有限公司,新北市,五股區,新北市五股區五權路54號,桶餐,114/2/12,食品中微生物,合格,,,
24645,宏遠國際餐飲股份有限公司,新北市,五股區,新北市五股區五權路54號,桶餐,114/2/14,食品中微生物,合格,,,
24646,宏遠國際餐飲股份有限公司,新北市,五股區,新北市五股區五權路54號,桶餐,114/2/14,食品中微生物,合格,,,
24647,宏遠國際餐飲股份有限公司,新北市,五股區,新北市五股區五權路54號,桶餐,114/3/3,食品中微生物,合格,,,
24648,宏遠國際餐飲股份有限公司,新北市,五股區,新北市五股區五權路54號,桶餐,114/3/6,食品中微生物,合格,,,
24649,宏遠國際餐飲股份有限公司,新北市,五股區,新北市五股區五權路54號,桶餐,114/4/1,食品中微生物,合格,,,
24650,宏遠國際餐飲股份有限公司,新北市,五股區,新北市五股區五權路54號,桶餐,114/5/8,食品中微生物,合格,,,
24651,宏遠國際餐飲股份有限公司,新北市,五股區,新北市五股區五權路54號,桶餐,114/6/9,食品中微生物,合格,,,
24652,雙翼食品有限公司,新北市,樹林區,新北市樹林區忠愛街1號(1樓)及3號(1、2樓),桶餐,114/1/2,食品中微生物,合格,,,
24653,雙翼食品有限公司,新北市,樹林區,新北市樹林區忠愛街1號(1樓)及3號(1、2樓),桶餐,114/1/2,食品中微生物,合格,,,
24654,雙翼食品有限公司,新北市,樹林區,新北市樹林區忠愛街1號(1樓)及3號(1、2樓),桶餐,114/1/3,食品中微生物,合格,,,
24655,雙翼食品有限公司,新北市,樹林區,新北市樹林區忠愛街1號(1樓)及3號(1、2樓),桶餐,114/1/8,食品中微生物,合格,,,
24656,雙翼食品有限公司,新北市,樹林區,新北市樹林區忠愛街1號(1樓)及3號(1、2樓),桶餐,114/2/12,食品中微生物,合格,,,
24657,雙翼食品有限公司,新北市,樹林區,新北市樹林區忠愛街1號(1樓)及3號(1、2樓),桶餐,114/2/13,食品中微生物,合格,,,
24658,雙翼食品有限公司,新北市,樹林區,新北市樹林區忠愛街1號(1樓)及3號(1、2樓),桶餐,114/2/14,食品中微生物,合格,,,
24659,雙翼食品有限公司,新北市,樹林區,新北市樹林區忠愛街1號(1樓)及3號(1、2樓),桶餐,114/2/18,食品中微生物,合格,,,
24660,雙翼食品有限公司,新北市,樹林區,新北市樹林區忠愛街1號(1樓)及3號(1、2樓),桶餐,114/3/6,食品中微生物,合格,,,
24661,雙翼食品有限公司,新北市,樹林區,新北市樹林區忠愛街1號(1樓)及3號(1、2樓),桶餐,114/3/6,食品中微生物,合格,,,
24662,雙翼食品有限公司,新北市,樹林區,新北市樹林區忠愛街1號(1樓)及3號(1、2樓),桶餐,114/3/7,食品中微生物,合格,,,
24663,雙翼食品有限公司,新北市,樹林區,新北市樹林區忠愛街1號(1樓)及3號(1、2樓),桶餐,114/4/1,食品中微生物,合格,,,
24664,雙翼食品有限公司,新北市,樹林區,新北市樹林區忠愛街1號(1樓)及3號(1、2樓),桶餐,114/4/8,食品中微生物,合格,,,
24665,雙翼食品有限公司,新北市,樹林區,新北市樹林區忠愛街1號(1樓)及3號(1、2樓),桶餐,114/4/11,食品中微生物,合格,,,
24666,雙翼食品有限公司,新北市,樹林區,新北市樹林區忠愛街1號(1樓)及3號(1、2樓),桶餐,114/4/14,食品中微生物,合格,,,
24667,雙翼食品有限公司,新北市,樹林區,新北市樹林區忠愛街1號(1樓)及3號(1、2樓),桶餐,114/5/5,食品中微生物,合格,,,
24668,雙翼食品有限公司,新北市,樹林區,新北市樹林區忠愛街1號(1樓)及3號(1、2樓),桶餐,114/5/6,食品中微生物,合格,,,
24669,雙翼食品有限公司,新北市,樹林區,新北市樹林區忠愛街1號(1樓)及3號(1、2樓),桶餐,114/5/6,食品中微生物,合格,,,
24670,雙翼食品有限公司,新北市,樹林區,新北市樹林區忠愛街1號(1樓)及3號(1、2樓),桶餐,114/5/6,食品中微生物,合格,,,
24671,雙翼食品有限公司,新北市,樹林區,新北市樹林區忠愛街1號(1樓)及3號(1、2樓),桶餐,114/5/8,食品中微生物,合格,,,
24672,雙翼食品有限公司,新北市,樹林區,新北市樹林區忠愛街1號(1樓)及3號(1、2樓),桶餐,114/5/8,食品中微生物,合格,,,
24673,雙翼食品有限公司,新北市,樹林區,新北市樹林區忠愛街1號(1樓)及3號(1、2樓),桶餐,114/6/2,食品中微生物,合格,,,
24674,雙翼食品有限公司,新北市,樹林區,新北市樹林區忠愛街1號(1樓)及3號(1、2樓),桶餐,114/6/2,食品中微生物,合格,,,
24675,雙翼食品有限公司,新北市,樹林區,新北市樹林區忠愛街1號(1樓)及3號(1、2樓),桶餐,114/6/9,食品中微生物,合格,,,
24676,食家安飲食文化股份有限公司,新北市,汐止區,新北市汐止區福德一路328巷1號(1樓),桶餐,114/2/12,食品中微生物,合格,,,
24677,食家安飲食文化股份有限公司,新北市,汐止區,新北市汐止區福德一路328巷1號(1樓),桶餐,114/2/14,食品中微生物,合格,,,
24678,食家安飲食文化股份有限公司,新北市,汐止區,新北市汐止區福德一路328巷1號(1樓),桶餐,114/3/10,食品中微生物,合格,,,
24679,食家安飲食文化股份有限公司,新北市,汐止區,新北市汐止區福德一路328巷1號(1樓),桶餐,114/3/10,食品中微生物,合格,,,
24680,食家安飲食文化股份有限公司,新北市,汐止區,新北市汐止區福德一路328巷1號(1樓),桶餐,114/4/10,食品中微生物,合格,,,
24681,食家安飲食文化股份有限公司,新北市,汐止區,新北市汐止區福德一路328巷1號(1樓),桶餐,114/5/8,食品中微生物,合格,,,
24682,珍品軒食品有限公司,新北市,中和區,新北市中和區中原里立德街112號地下一樓,桶餐,114/3/5,食品中微生物,合格,,,
24683,珍品軒食品有限公司,新北市,中和區,新北市中和區中原里立德街112號地下一樓,桶餐,114/3/7,食品中微生物,合格,,,
24684,珍品軒食品有限公司,新北市,中和區,新北市中和區中原里立德街112號地下一樓,桶餐,114/3/11,食品中微生物,合格,,,
24685,珍品軒食品有限公司,新北市,中和區,新北市中和區中原里立德街112號地下一樓,桶餐,114/5/5,食品中微生物,合格,,,
24686,珍品軒食品有限公司,新北市,中和區,新北市中和區中原里立德街112號地下一樓,桶餐,114/5/15,食品中微生物,合格,,,
24687,百原食品有限公司,新北市,五股區,新北市五股區興珍里中興路1段61號、59號(1樓),桶餐,114/3/7,食品中微生物,合格,,,
24688,百原食品有限公司,新北市,五股區,新北市五股區興珍里中興路1段61號、59號(1樓),桶餐,114/3/17,食品中微生物,合格,,,
24689,百原食品有限公司,新北市,五股區,新北市五股區興珍里中興路1段61號、59號(1樓),桶餐,114/5/15,食品中微生物,合格,,,
24690,寬大食品有限公司,新北市,新店區,新北市新店區民生路29號,桶餐,114/3/7,食品中微生物,合格,,,
24691,寬大食品有限公司,新北市,新店區,新北市新店區民生路29號,桶餐,114/3/18,食品中微生物,合格,,,
24692,寬大食品有限公司,新北市,新店區,新北市新店區民生路29號,桶餐,114/4/8,食品中微生物,合格,,,
24693,寬大食品有限公司,新北市,新店區,新北市新店區民生路29號,桶餐,114/5/1,食品中微生物,合格,,,
24694,寬大食品有限公司,新北市,新店區,新北市新店區民生路29號,桶餐,114/5/7,食品中微生物,合格,,,
24695,久翔食品股份有限公司,新北市,樹林區,新北市樹林區武林街16號之1(1~2樓)，16之2號1樓,瘦肉絞肉0.8cm(台灣豬),114/3/11,動物用藥殘留,合格,,,
24696,統鮮美食股份有限公司,新北市,三重區,新北市三重區中興北街136巷18弄18號(1、2樓),CAS腿肉角(台灣豬),114/3/20,動物用藥殘留,合格,,,
24697,愛欣食品有限公司,新北市,淡水區,新北市淡水區八勢一街1號,豬肉片(台灣豬),114/3/19,動物用藥殘留,合格,,,
24698,新北食品股份有限公司,新北市,三重區,新北市三重區國道路1段59號,肉角(台灣豬),114/3/14,動物用藥殘留,合格,,,
24699,上將食品有限公司,新北市,新莊區,新北市新莊區幸福東路86號1、2、3樓、90號、92號,肉角(豬原產地:台灣),114/3/18,動物用藥殘留,合格,,,
24700,全盛美食有限公司,新北市,樹林區,新北市樹林區保安街三段1巷1號,腿肉絲(台灣豬),114/3/13,動物用藥殘留,合格,,,
24701,宏遠國際餐飲股份有限公司,新北市,五股區,新北市五股區五權路54號,肉片(台灣豬),114/3/13,動物用藥殘留,合格,,,
24702,味味美食有限公司,新北市,五股區,新北市五股區中興路一段95巷4弄3、5號,前腿肉片(豬原產地:臺灣),114/3/17,動物用藥殘留,合格,,,
24703,雙翼食品有限公司,新北市,樹林區,新北市樹林區忠愛街1號(1樓)及3號(1、2樓),津谷豬肉肉片(台灣豬),114/3/11,動物用藥殘留,合格,,,
24704,食家安飲食文化股份有限公司,新北市,汐止區,新北市汐止區福德一路328巷1號(1樓),前足長塊3.5x3.5(3kg)(台灣豬),114/3/19,動物用藥殘留,合格,,,
24705,珍品軒食品有限公司,新北市,中和區,新北市中和區中原里立德街112號地下一樓,豬肉柳(台灣),114/3/11,動物用藥殘留,合格,,,
24706,百原食品有限公司,新北市,五股區,新北市五股區興珍里中興路1段61號、59號(1樓),肉角(豬原產地:台灣),114/3/17,動物用藥殘留,合格,,,
24707,寬大食品有限公司,新北市,新店區,新北市新店區民生路29號,肉片(台灣豬),114/3/14,動物用藥殘留,合格,,,
24708,久翔食品股份有限公司,新北市,樹林區,新北市樹林區武林街16號之1(1~2樓)，16之2號1樓,CAS腿肉絲,114/1/7,豬肉原產地標示,合格,,,
24709,久翔食品股份有限公司,新北市,樹林區,新北市樹林區武林街16號之1(1~2樓)，16之2號1樓,腿肉絲,114/2/6,豬肉原產地標示,合格,,,
24710,久翔食品股份有限公司,新北市,樹林區,新北市樹林區武林街16號之1(1~2樓)，16之2號1樓,肉片,114/2/6,豬肉原產地標示,合格,,,
24711,久翔食品股份有限公司,新北市,樹林區,新北市樹林區武林街16號之1(1~2樓)，16之2號1樓,瘦肉絞肉0.8cm,114/3/11,豬肉原產地標示,合格,,,
24712,久翔食品股份有限公司,新北市,樹林區,新北市樹林區武林街16號之1(1~2樓)，16之2號1樓,豬肉,114/5/8,豬肉原產地標示,合格,,,
24713,久翔食品股份有限公司,新北市,樹林區,新北市樹林區武林街16號之1(1~2樓)，16之2號1樓,CAS腿肉片,114/6/11,豬肉原產地標示,合格,,,
24714,統鮮美食股份有限公司,新北市,三重區,新北市三重區中興北街136巷18弄18號(1、2樓),豬肉,114/3/18,豬肉原產地標示,合格,,,
24715,統鮮美食股份有限公司,新北市,三重區,新北市三重區中興北街136巷18弄18號(1、2樓),黑胡椒豬排,114/4/16,豬肉原產地標示,合格,,,
24716,統鮮美食股份有限公司,新北市,三重區,新北市三重區中興北街136巷18弄18號(1、2樓),豬肉,114/5/15,豬肉原產地標示,合格,,,
24717,愛欣食品有限公司,新北市,淡水區,新北市淡水區八勢一街1號,肉角萬偉CAS,114/1/7,豬肉原產地標示,合格,,,
24718,愛欣食品有限公司,新北市,淡水區,新北市淡水區八勢一街1號,肉角,114/2/5,豬肉原產地標示,合格,,,
24719,愛欣食品有限公司,新北市,淡水區,新北市淡水區八勢一街1號,鮮肉包,114/3/13,豬肉原產地標示,合格,,,
24720,愛欣食品有限公司,新北市,淡水區,新北市淡水區八勢一街1號,肉絲,114/3/13,豬肉原產地標示,合格,,,
24721,愛欣食品有限公司,新北市,淡水區,新北市淡水區八勢一街1號,生鮮大排,114/4/15,豬肉原產地標示,合格,,,
24722,愛欣食品有限公司,新北市,淡水區,新北市淡水區八勢一街1號,絞肉,114/4/15,豬肉原產地標示,合格,,,
24723,愛欣食品有限公司,新北市,淡水區,新北市淡水區八勢一街1號,豬肉,114/5/9,豬肉原產地標示,合格,,,
24724,愛欣食品有限公司,新北市,淡水區,新北市淡水區八勢一街1號,豬肉,114/6/9,豬肉原產地標示,合格,,,
24725,新北食品股份有限公司,新北市,三重區,新北市三重區國道路1段59號,肉角,114/3/14,豬肉原產地標示,合格,,,
24726,新北食品股份有限公司,新北市,三重區,新北市三重區國道路1段59號,肉角,114/3/14,豬肉原產地標示,合格,,,
24727,新北食品股份有限公司,新北市,三重區,新北市三重區國道路1段59號,肉角,114/4/17,豬肉原產地標示,合格,,,
24728,新北食品股份有限公司,新北市,三重區,新北市三重區國道路1段59號,腿肉角(紅),114/5/12,豬肉原產地標示,合格,,,
24729,新北食品股份有限公司,新北市,三重區,新北市三重區國道路1段59號,腿肉片,114/6/13,豬肉原產地標示,合格,,,
24730,上將食品有限公司,新北市,新莊區,新北市新莊區幸福東路86號1、2、3樓、90號、92號,小肉片,114/1/6,豬肉原產地標示,合格,,,
24731,上將食品有限公司,新北市,新莊區,新北市新莊區幸福東路86號1、2、3樓、90號、92號,腿肉絲,114/4/14,豬肉原產地標示,合格,,,
24732,上將食品有限公司,新北市,新莊區,新北市新莊區幸福東路86號1、2、3樓、90號、92號,小肉片,114/4/14,豬肉原產地標示,合格,,,
24733,上將食品有限公司,新北市,新莊區,新北市新莊區幸福東路86號1、2、3樓、90號、92號,腿肉絲(台灣豬),114/5/6,豬肉原產地標示,合格,,,
24734,全盛美食有限公司,新北市,樹林區,新北市樹林區保安街三段1巷1號,腿肉絲,114/3/13,豬肉原產地標示,合格,,,
24735,全盛美食有限公司,新北市,樹林區,新北市樹林區保安街三段1巷1號,腿肉條,114/4/14,豬肉原產地標示,合格,,,
24736,全盛美食有限公司,新北市,樹林區,新北市樹林區保安街三段1巷1號,肉丁,114/6/13,豬肉原產地標示,合格,,,
24737,宏遠國際餐飲股份有限公司,新北市,五股區,新北市五股區五權路54號,赤肉片,114/1/6,豬肉原產地標示,合格,,,
24738,宏遠國際餐飲股份有限公司,新北市,五股區,新北市五股區五權路54號,肉絲,114/1/6,豬肉原產地標示,合格,,,
24739,宏遠國際餐飲股份有限公司,新北市,五股區,新北市五股區五權路54號,絞肉,114/2/10,豬肉原產地標示,合格,,,
24740,宏遠國際餐飲股份有限公司,新北市,五股區,新北市五股區五權路54號,肉條,114/4/16,豬肉原產地標示,合格,,,
24741,宏遠國際餐飲股份有限公司,新北市,五股區,新北市五股區五權路54號,腿肉絲,114/5/13,豬肉原產地標示,合格,,,
24742,宏遠國際餐飲股份有限公司,新北市,五股區,新北市五股區五權路54號,肉條,114/6/11,豬肉原產地標示,合格,,,
24743,宏遠國際餐飲股份有限公司,新北市,五股區,新北市五股區五權路54號,絞肉,114/6/11,豬肉原產地標示,合格,,,
24744,味味美食有限公司,新北市,五股區,新北市五股區中興路一段95巷4弄3、5號,粗絞肉,114/1/7,豬肉原產地標示,合格,,,
24745,味味美食有限公司,新北市,五股區,新北市五股區中興路一段95巷4弄3、5號,肉角,114/2/7,豬肉原產地標示,合格,,,
24746,味味美食有限公司,新北市,五股區,新北市五股區中興路一段95巷4弄3、5號,肉絲,114/2/7,豬肉原產地標示,合格,,,
24747,味味美食有限公司,新北市,五股區,新北市五股區中興路一段95巷4弄3、5號,豬肉,114/3/24,豬肉原產地標示,合格,,,
24748,味味美食有限公司,新北市,五股區,新北市五股區中興路一段95巷4弄3、5號,前腿肉片,114/3/24,豬肉原產地標示,合格,,,
24749,味味美食有限公司,新北市,五股區,新北市五股區中興路一段95巷4弄3、5號,豬肉,114/5/20,豬肉原產地標示,合格,,,
24750,雙翼食品有限公司,新北市,樹林區,新北市樹林區忠愛街1號(1樓)及3號(1、2樓),豬肉角,114/1/6,豬肉原產地標示,合格,,,
24751,雙翼食品有限公司,新北市,樹林區,新北市樹林區忠愛街1號(1樓)及3號(1、2樓),京醬燒肉,114/3/11,豬肉原產地標示,合格,,,
24752,雙翼食品有限公司,新北市,樹林區,新北市樹林區忠愛街1號(1樓)及3號(1、2樓),豪家豬排,114/4/14,豬肉原產地標示,合格,,,
24753,雙翼食品有限公司,新北市,樹林區,新北市樹林區忠愛街1號(1樓)及3號(1、2樓),津谷豬肉肉角,114/4/14,豬肉原產地標示,合格,,,
24754,雙翼食品有限公司,新北市,樹林區,新北市樹林區忠愛街1號(1樓)及3號(1、2樓),津谷豬肉肉絲,114/5/7,豬肉原產地標示,合格,,,
24755,雙翼食品有限公司,新北市,樹林區,新北市樹林區忠愛街1號(1樓)及3號(1、2樓),前腿豬肉片,114/6/12,豬肉原產地標示,合格,,,
24756,食家安飲食文化股份有限公司,新北市,汐止區,新北市汐止區福德一路328巷1號(1樓),前足長塊,114/4/16,豬肉原產地標示,合格,,,
24757,食家安飲食文化股份有限公司,新北市,汐止區,新北市汐止區福德一路328巷1號(1樓),去皮五花底-2MM,114/5/12,豬肉原產地標示,合格,,,
24758,食家安飲食文化股份有限公司,新北市,汐止區,新北市汐止區福德一路328巷1號(1樓),豬肉,114/6/11,豬肉原產地標示,合格,,,
24759,珍品軒食品有限公司,新北市,中和區,新北市中和區中原里立德街112號地下一樓,豬肉(台灣絞肉),114/2/7,豬肉原產地標示,合格,,,
24760,珍品軒食品有限公司,新北市,中和區,新北市中和區中原里立德街112號地下一樓,豬肉,114/3/11,豬肉原產地標示,合格,,,
24761,珍品軒食品有限公司,新北市,中和區,新北市中和區中原里立德街112號地下一樓,豬肉片,114/5/6,豬肉原產地標示,合格,,,
24762,百原食品有限公司,新北市,五股區,新北市五股區興珍里中興路1段61號、59號(1樓),幹片肉絲,114/2/10,豬肉原產地標示,合格,,,
24763,百原食品有限公司,新北市,五股區,新北市五股區興珍里中興路1段61號、59號(1樓),毛豆豬肉粟米,114/2/10,豬肉原產地標示,合格,,,
24764,百原食品有限公司,新北市,五股區,新北市五股區興珍里中興路1段61號、59號(1樓),豬肉,114/3/17,豬肉原產地標示,合格,,,
24765,寬大食品有限公司,新北市,新店區,新北市新店區民生路29號,絞肉,114/2/6,豬肉原產地標示,合格,,,
24766,寬大食品有限公司,新北市,新店區,新北市新店區民生路29號,香腸切片,114/3/14,豬肉原產地標示,合格,,,
24767,寬大食品有限公司,新北市,新店區,新北市新店區民生路29號,炸豬排,114/5/7,豬肉原產地標示,合格,,,
25500,能富餐飲食品有限公司,新北市,泰山區,新北市泰山區泰林路2段292巷20號4樓,美式豬肋排,114/2/10,標示,合格,,,
25501,維昌食品有限公司,新北市,土城區,新北市土城區日新街33巷7號(1、3樓),-,114/2/4,GHP,合格,,,
25502,能富餐飲食品有限公司,新北市,泰山區,新北市泰山區泰林路2段292巷20號4樓,壽喜豚肉燒,114/2/10,標示,合格,,,
25503,大洪興業有限公司,新北市,樹林區,新北市樹林區三龍里俊興街273號1、2樓,-,114/1/23,GHP,合格,,,
25504,能富餐飲食品有限公司,新北市,泰山區,新北市泰山區泰林路2段292巷20號4樓,日式牛肉丼,114/2/10,標示,不合格,違反食安法第22條第1項，依同法47條第8款裁處,30000,
25505,四季生鮮肉品有限公司,新北市,五股區,新北市五股區五福里成泰路2段147巷5號之2,-,114/4/17,GHP,不合格,違反食安法第8條第1項，依同法第44條第1項第1款裁處,60000,
25506,鼎昌實業有限公司,新北市,中和區,新北市中和區建八路139巷2號1、2樓,肉干肉T,114/2/25,標示,合格,,,
25507,特耀餐飲服務股份有限公司,新北市,五股區,新北市五股區興珍里五工一路101號,-,114/2/20,GHP,合格,,,
25508,鼎昌實業有限公司,新北市,中和區,新北市中和區建八路139巷2號1、2樓,中肉A,114/2/25,標示,合格,,,
25509,華僑仁發有限公司,新北市,深坑區,新北市深坑區萬福里北深路3段254號1樓,-,114/3/4,GHP,合格,,,
25510,鼎昌實業有限公司,新北市,中和區,新北市中和區建八路139巷2號1、2樓,排骨,114/2/25,標示,合格,,,
25511,嘉一香食品股份有限公司樹林廠,新北市,樹林區,新北市樹林區圳生里俊安街43號,-,114/2/21,GHP,合格,,,
25513,穩晴國際有限公司,新北市,樹林區,新北市樹林區俊英街116巷1號(1樓),-,114/2/24,GHP,合格,,,
25515,景富食品有限公司,新北市,汐止區,新北市汐止區八連路1段111號,-,114/3/5,GHP,合格,,,
25517,鮮湧企業股份有限公司,新北市,三重區,新北市三重區頂崁里中興北街136巷18弄18號(3、4樓),-,114/2/19,GHP,合格,,,
25519,橘焱胡同國際股份有限公司新店廠,新北市,新店區,新北市新店區復興里中正路四維巷2弄8號5樓及8弄4號5樓,-,114/2/17,GHP,合格,,,
25521,大得利家畜肉食品加工廠有限公司,新北市,新莊區,新北市新莊區西盛里環漢路3段525號,-,114/4/17,GHP,合格,,,
25523,世紀冷凍食品有限公司,新北市,土城區,新北市土城區金城路3段202之1號,-,114/2/24,GHP,合格,,,
25525,百傑國際食品有限公司新莊廠,新北市,新莊區,新北市新莊區民安西路482、482-1號1、2樓,-,114/4/9,GHP,不合格,違反食安法第8條第1項，依同法第44條第1項第1款裁處,60000,
25527,亞多夢股份有限公司五股廠,新北市,五股區,新北市五股區五權七路77號,-,114/4/16,GHP,合格,,,
25529,東瀛企業有限公司,新北市,三重區,新北市三重區中正北路530巷29號1樓,-,114/4/2,GHP,合格,,,
25531,青商有限公司樹林廠,新北市,樹林區,新北市樹林區忠信街3號1樓,-,114/4/28,GHP,合格,,,
25533,恆茂盛實業有限公司,新北市,中和區,新北市中和區中山路2段327巷11弄11、13號5樓,-,114/3/13,GHP,合格,,,
25535,洪師父實業有限公司,新北市,中和區,新北市中和區連城路222巷2弄5號5樓,-,114/3/20,GHP,合格,,,
25537,統賀冷凍食品有限公司,新北市,三重區,新北市三重區中正北路530巷18號1樓,-,114/4/2,GHP,合格,,,
25539,野人舒食有限公司,新北市,新店區,新北市新店區寶中路123巷5號2、3樓,-,114/4/7,GHP,合格,,,
25541,喬元手創食品有限公司主廠,新北市,樹林區,新北市樹林區忠愛街3號6樓,-,114/1/22,GHP,合格,,,
25543,能富餐飲食品有限公司,新北市,泰山區,新北市泰山區泰林路2段292巷20號4樓,-,114/3/11,GHP,不合格,違反食安法第8條第1項，依同法第44條第1項第1款裁處,60000,
25545,鼎昌實業有限公司,新北市,中和區,新北市中和區建八路139巷2號1、2樓,-,114/3/28,GHP,不合格,違反食安法第8條第1項，依同法第44條第1項第1款裁處,60000,
25743,維昌食品有限公司,新北市,土城區,新北市土城區日新街33巷7號(1、3樓),頭皮(豬)(台灣),114/1/13,動物用藥殘留,合格,,,
25745,維昌食品有限公司,新北市,土城區,新北市土城區日新街33巷7號(1、3樓),煙燻豬頭皮絲,114/1/13,衛生標準,合格,,,
25747,維昌食品有限公司,新北市,土城區,新北市土城區日新街33巷7號(1、3樓),煙燻豬頭皮,114/2/4,多環芳香族碳氫化合物,合格,,,
25749,大洪興業有限公司,新北市,樹林區,新北市樹林區三龍里俊興街273號1、2樓,澳後腱(牛肉)(澳洲),114/1/17,動物用藥殘留,合格,,,
25751,大洪興業有限公司,新北市,樹林區,新北市樹林區三龍里俊興街273號1、2樓,羊炒片07(羊肉)(澳洲),114/1/17,動物性成分,合格,,,
25753,四季生鮮肉品有限公司,新北市,五股區,新北市五股區五福里成泰路2段147巷5號之2,骨腿T10,114/1/14,動物用藥殘留,合格,,,
25755,特耀餐飲服務股份有限公司,新北市,五股區,新北市五股區興珍里五工一路101號,胸腹肉NR#245C(美國牛),114/1/13,動物用藥殘留,合格,,,
25757,特耀餐飲服務股份有限公司,新北市,五股區,新北市五股區興珍里五工一路101號,豬梅花肉#320(丹麥),114/1/13,動物用藥殘留,合格,,,
25759,特耀餐飲服務股份有限公司,新北市,五股區,新北市五股區興珍里五工一路101號,標準羊肉片0.15cm,114/1/13,衛生標準,合格,,,
25761,華僑仁發有限公司,新北市,深坑區,新北市深坑區萬福里北深路3段254號1樓,牛肉(巴拉圭),114/2/3,動物用藥殘留,合格,,,
25763,華僑仁發有限公司,新北市,深坑區,新北市深坑區萬福里北深路3段254號1樓,羊肉片(澳洲),114/2/3,動物性成分,合格,,,
25765,嘉一香食品股份有限公司樹林廠,新北市,樹林區,新北市樹林區圳生里俊安街43號,前腿肉絲(台灣豬),114/1/20,動物用藥殘留,合格,,,
25767,嘉一香食品股份有限公司樹林廠,新北市,樹林區,新北市樹林區圳生里俊安街43號,中式原味香腸,114/1/20,保色劑,合格,,,
25769,穩晴國際有限公司,新北市,樹林區,新北市樹林區俊英街116巷1號(1樓),豬88%前腿-P16(巴拉圭豬),114/1/21,動物用藥殘留,合格,,,
25771,穩晴國際有限公司,新北市,樹林區,新北市樹林區俊英街116巷1號(1樓),羊肩排,114/1/21,動物性成分,合格,,,
25773,景富食品有限公司,新北市,汐止區,新北市汐止區八連路1段111號,小里肌(台灣豬),114/3/5,動物用藥殘留,合格,,,
25775,景富食品有限公司,新北市,汐止區,新北市汐止區八連路1段111號,腰內肉排(台灣豬),114/1/17,保色劑,合格,,,
25777,鮮湧企業股份有限公司,新北市,三重區,新北市三重區頂崁里中興北街136巷18弄18號(3、4樓),帶骨里肌豬排(台灣),114/2/19,動物用藥殘留,合格,,,
25779,橘焱胡同國際股份有限公司新店廠,新北市,新店區,新北市新店區復興里中正路四維巷2弄8號5樓及8弄4號5樓,羊排,114/1/14,動物性成分,合格,,,
25781,橘焱胡同國際股份有限公司新店廠,新北市,新店區,新北市新店區復興里中正路四維巷2弄8號5樓及8弄4號5樓,美國條肉(美國牛),114/1/14,動物用藥殘留,合格,,,
25783,橘焱胡同國際股份有限公司新店廠,新北市,新店區,新北市新店區復興里中正路四維巷2弄8號5樓及8弄4號5樓,松阪豬肉(台灣豬),114/1/14,動物用藥殘留,合格,,,
25785,橘焱胡同國際股份有限公司新店廠,新北市,新店區,新北市新店區復興里中正路四維巷2弄8號5樓及8弄4號5樓,［焱的燒肉］日本A5和牛漢堡排-松露,114/1/14,衛生標準,合格,,,
25787,大得利家畜肉食品加工廠有限公司,新北市,新莊區,新北市新莊區西盛里環漢路3段525號,豬里肌火鍋片(台灣豬),114/3/5,動物用藥殘留,合格,,,
25789,世紀冷凍食品有限公司,新北市,土城區,新北市土城區金城路3段202之1號,PY-背肩卷-6顆(牛肉)(巴拉圭),114/2/10,動物用藥殘留,合格,,,
25791,百傑國際食品有限公司新莊廠,新北市,新莊區,新北市新莊區民安西路482、482-1號1、2樓,後腿肉(台灣豬),114/2/18,動物用藥殘留,合格,,,
25793,百傑國際食品有限公司新莊廠,新北市,新莊區,新北市新莊區民安西路482、482-1號1、2樓,黑胡椒豬排,114/2/18,保色劑,合格,,,
25795,亞多夢股份有限公司五股廠,新北市,五股區,新北市五股區五權七路77號,五花肉3mm(台灣豬),114/3/11,動物用藥殘留,合格,,,
25797,亞多夢股份有限公司五股廠,新北市,五股區,新北市五股區五權七路77號,炸漢堡排牛45g,114/3/11,衛生標準,合格,,,
25799,東瀛企業有限公司,新北市,三重區,新北市三重區中正北路530巷29號1樓,大排(台灣豬),114/2/11,動物用藥殘留,合格,,,
25801,東瀛企業有限公司,新北市,三重區,新北市三重區中正北路530巷29號1樓,調理排(台灣豬),114/2/11,防腐劑、保色劑,合格,,,
25803,青商有限公司樹林廠,新北市,樹林區,新北市樹林區忠信街3號1樓,鹹水雞,114/3/31,衛生標準,合格,,,
25805,恆茂盛實業有限公司,新北市,中和區,新北市中和區中山路2段327巷11弄11、13號5樓,絞肉(原料、台灣豬),114/2/11,動物用藥殘留,合格,,,
25807,恆茂盛實業有限公司,新北市,中和區,新北市中和區中山路2段327巷11弄11、13號5樓,鮮肉餡(成品),114/2/12,衛生標準,合格,,,
25809,洪師父實業有限公司,新北市,中和區,新北市中和區連城路222巷2弄5號5樓,辣味牛肉乾,114/2/19,衛生標準,合格,,,
25811,洪師父實業有限公司,新北市,中和區,新北市中和區連城路222巷2弄5號5樓,AU-黃瓜條-COW-IW(澳洲牛),114/2/19,動物用藥殘留,合格,,,
25813,統賀冷凍食品有限公司,新北市,三重區,新北市三重區中正北路530巷18號1樓,冷凍豬梅花肉(巴拉圭豬),114/2/21,動物用藥殘留,合格,,,
25815,統賀冷凍食品有限公司,新北市,三重區,新北市三重區中正北路530巷18號1樓,鹽味修清羔羊丁骨,114/2/21,防腐劑,合格,,,
25817,野人舒食有限公司,新北市,新店區,新北市新店區寶中路123巷5號2、3樓,清胸肉,114/3/5,動物用藥殘留,合格,,,
25819,野人舒食有限公司,新北市,新店區,新北市新店區寶中路123巷5號2、3樓,舒雞胸(巴蜀),114/3/5,衛生標準,合格,,,
25821,喬元手創食品有限公司主廠,新北市,樹林區,新北市樹林區忠愛街3號6樓,帶皮腿肉,114/2/5,動物用藥殘留,合格,,,
25823,喬元手創食品有限公司主廠,新北市,樹林區,新北市樹林區忠愛街3號6樓,西西里番茄雞腿排,114/2/5,保色劑,合格,,,
25825,能富餐飲食品有限公司,新北市,泰山區,新北市泰山區泰林路2段292巷20號4樓,廣式叉燒肉,114/2/10,衛生標準,合格,,,
25827,鼎昌實業有限公司,新北市,中和區,新北市中和區建八路139巷2號1、2樓,肉干肉T(台灣豬),114/2/25,動物用藥殘留,合格,,,
25829,鼎昌實業有限公司,新北市,中和區,新北市中和區建八路139巷2號1、2樓,中肉A(台灣豬),114/2/25,動物用藥殘留,合格,,,
26092,維昌食品有限公司,新北市,土城區,新北市土城區日新街33巷7號(1、3樓),煙燻豬頭皮絲,114/1/13,標示,合格,,,
26093,大洪興業有限公司,新北市,樹林區,新北市樹林區三龍里俊興街273號1、2樓,牛片07,114/1/17,標示,合格,,,
26094,特耀餐飲服務股份有限公司,新北市,五股區,新北市五股區興珍里五工一路101號,丹麥豬前腿肉片,114/1/13,標示,合格,,,
26095,特耀餐飲服務股份有限公司,新北市,五股區,新北市五股區興珍里五工一路101號,伊比利肋間肉,114/1/13,標示,合格,,,
26096,特耀餐飲服務股份有限公司,新北市,五股區,新北市五股區興珍里五工一路101號,冷凍牛-花腱,114/1/13,標示,合格,,,
26097,特耀餐飲服務股份有限公司,新北市,五股區,新北市五股區興珍里五工一路101號,南美肩胛肉片0.2CM,114/1/13,標示,合格,,,
26098,特耀餐飲服務股份有限公司,新北市,五股區,新北市五股區興珍里五工一路101號,美國胸腹肉片,114/1/13,標示,合格,,,
26099,特耀餐飲服務股份有限公司,新北市,五股區,新北市五股區興珍里五工一路101號,帶皮雞火片0.2CM,114/1/13,標示,合格,,,
26100,特耀餐飲服務股份有限公司,新北市,五股區,新北市五股區興珍里五工一路101號,標準羊肉片,114/1/13,標示,合格,,,
26101,華僑仁發有限公司,新北市,深坑區,新北市深坑區萬福里北深路3段254號1樓,豬肉片(梅花),114/2/3,標示,合格,,,
26102,華僑仁發有限公司,新北市,深坑區,新北市深坑區萬福里北深路3段254號1樓,豬肉火鍋片,114/2/3,標示,合格,,,
26103,華僑仁發有限公司,新北市,深坑區,新北市深坑區萬福里北深路3段254號1樓,豬肉片(梅花),114/2/3,標示,合格,,,
26104,華僑仁發有限公司,新北市,深坑區,新北市深坑區萬福里北深路3段254號1樓,澳洲和牛牛舌(肉塊),114/2/3,標示,合格,,,
26105,華僑仁發有限公司,新北市,深坑區,新北市深坑區萬福里北深路3段254號1樓,澳洲和牛牛舌(中段),114/2/3,標示,合格,,,
26106,華僑仁發有限公司,新北市,深坑區,新北市深坑區萬福里北深路3段254號1樓,SSFPY,114/2/3,標示,合格,,,
26107,嘉一香食品股份有限公司樹林廠,新北市,樹林區,新北市樹林區圳生里俊安街43號,前腿肉絲,114/1/20,標示,合格,,,
26108,嘉一香食品股份有限公司樹林廠,新北市,樹林區,新北市樹林區圳生里俊安街43號,正筋,114/1/20,標示,合格,,,
26109,嘉一香食品股份有限公司樹林廠,新北市,樹林區,新北市樹林區圳生里俊安街43號,活菌附皮五花肉A,114/1/20,標示,合格,,,
26110,穩晴國際有限公司,新北市,樹林區,新北市樹林區俊英街116巷1號(1樓),牛肉火鍋片,114/1/21,標示,合格,,,
26111,穩晴國際有限公司,新北市,樹林區,新北市樹林區俊英街116巷1號(1樓),豬肉火鍋片,114/1/21,標示,合格,,,
26112,穩晴國際有限公司,新北市,樹林區,新北市樹林區俊英街116巷1號(1樓),羊肉火鍋片,114/1/21,標示,合格,,,
26113,穩晴國際有限公司,新北市,樹林區,新北市樹林區俊英街116巷1號(1樓),豬88%前腿-P16,114/1/21,標示,合格,,,
26114,穩晴國際有限公司,新北市,樹林區,新北市樹林區俊英街116巷1號(1樓),PY-去皮豬五花,114/1/21,標示,合格,,,
26115,景富食品有限公司,新北市,汐止區,新北市汐止區八連路1段111號,腰內肉排,114/1/17,標示,合格,,,
26116,景富食品有限公司,新北市,汐止區,新北市汐止區八連路1段111號,里肌肉,114/1/17,標示,合格,,,
26117,景富食品有限公司,新北市,汐止區,新北市汐止區八連路1段111號,小里肌,114/1/17,標示,合格,,,
26118,鮮湧企業股份有限公司,新北市,三重區,新北市三重區頂崁里中興北街136巷18弄18號(3、4樓),漢堡排100g,114/2/4,標示,合格,,,
26119,鮮湧企業股份有限公司,新北市,三重區,新北市三重區頂崁里中興北街136巷18弄18號(3、4樓),漢堡排,114/2/4,標示,合格,,,
26120,橘焱胡同國際股份有限公司新店廠,新北市,新店區,新北市新店區復興里中正路四維巷2弄8號5樓及8弄4號5樓,豬肋條,114/1/14,標示,合格,,,
26121,橘焱胡同國際股份有限公司新店廠,新北市,新店區,新北市新店區復興里中正路四維巷2弄8號5樓及8弄4號5樓,松阪豬,114/1/14,標示,合格,,,
26122,橘焱胡同國際股份有限公司新店廠,新北市,新店區,新北市新店區復興里中正路四維巷2弄8號5樓及8弄4號5樓,豬五花燒烤片,114/1/14,標示,合格,,,
26123,橘焱胡同國際股份有限公司新店廠,新北市,新店區,新北市新店區復興里中正路四維巷2弄8號5樓及8弄4號5樓,澳洲和牛牛小排(份),114/1/14,標示,合格,,,
26124,橘焱胡同國際股份有限公司新店廠,新北市,新店區,新北市新店區復興里中正路四維巷2弄8號5樓及8弄4號5樓,牛肋條,114/1/14,標示,合格,,,
26125,橘焱胡同國際股份有限公司新店廠,新北市,新店區,新北市新店區復興里中正路四維巷2弄8號5樓及8弄4號5樓,澳洲和牛內橫膈膜,114/1/14,標示,合格,,,
26126,大得利家畜肉食品加工廠有限公司,新北市,新莊區,新北市新莊區西盛里環漢路3段525號,小里肌,114/3/5,標示,合格,,,
26127,大得利家畜肉食品加工廠有限公司,新北市,新莊區,新北市新莊區西盛里環漢路3段525號,松板,114/3/5,標示,合格,,,
26128,大得利家畜肉食品加工廠有限公司,新北市,新莊區,新北市新莊區西盛里環漢路3段525號,去軟骨中肉,114/3/5,標示,合格,,,
26129,世紀冷凍食品有限公司,新北市,土城區,新北市土城區金城路3段202之1號,原味調理豬排,114/2/10,標示,合格,,,
26130,世紀冷凍食品有限公司,新北市,土城區,新北市土城區金城路3段202之1號,包裝原味調理朗牛肉,114/2/10,標示,合格,,,
26131,世紀冷凍食品有限公司,新北市,土城區,新北市土城區金城路3段202之1號,豬梅肉1.2公司,114/2/10,標示,合格,,,
26132,世紀冷凍食品有限公司,新北市,土城區,新北市土城區金城路3段202之1號,包裝原味調理豬肉片,114/2/10,標示,合格,,,
26133,世紀冷凍食品有限公司,新北市,土城區,新北市土城區金城路3段202之1號,箱裝原料調理無骨牛小排1.2CM,114/2/10,標示,合格,,,
26134,世紀冷凍食品有限公司,新北市,土城區,新北市土城區金城路3段202之1號,包裝原味調理牛肉片,114/2/10,標示,合格,,,
26135,百傑國際食品有限公司新莊廠,新北市,新莊區,新北市新莊區民安西路482、482-1號1、2樓,後腿肉,114/2/18,標示,合格,,,
26136,百傑國際食品有限公司新莊廠,新北市,新莊區,新北市新莊區民安西路482、482-1號1、2樓,黑胡椒豬排,114/2/18,標示,合格,,,
26137,百傑國際食品有限公司新莊廠,新北市,新莊區,新北市新莊區民安西路482、482-1號1、2樓,牛肉卷,114/2/18,標示,合格,,,
26138,亞多夢股份有限公司五股廠,新北市,五股區,新北市五股區五權七路77號,豬梅花切片2.5mm500g,114/3/11,標示,合格,,,
26139,亞多夢股份有限公司五股廠,新北市,五股區,新北市五股區五權七路77號,豬五花燒肉,114/3/11,標示,合格,,,
26140,亞多夢股份有限公司五股廠,新北市,五股區,新北市五股區五權七路77號,炸豬排90g,114/3/11,標示,合格,,,
26141,亞多夢股份有限公司五股廠,新北市,五股區,新北市五股區五權七路77號,牛胸腹切片6mm切目,114/3/11,標示,合格,,,
26142,亞多夢股份有限公司五股廠,新北市,五股區,新北市五股區五權七路77號,和州牛背肩燒肉4mm,114/3/11,標示,合格,,,
26143,亞多夢股份有限公司五股廠,新北市,五股區,新北市五股區五權七路77號,牛大腸切片,114/3/11,標示,合格,,,
26144,東瀛企業有限公司,新北市,三重區,新北市三重區中正北路530巷29號1樓,小排骨,114/2/11,標示,合格,,,
26145,東瀛企業有限公司,新北市,三重區,新北市三重區中正北路530巷29號1樓,調理大排,114/2/11,標示,合格,,,
26146,恆茂盛實業有限公司,新北市,中和區,新北市中和區中山路2段327巷11弄11、13號5樓,鮮肉餡,114/2/11,標示,合格,,,
26147,洪師父實業有限公司,新北市,中和區,新北市中和區連城路222巷2弄5號5樓,AU黃瓜條,114/2/19,標示,合格,,,
26148,洪師父實業有限公司,新北市,中和區,新北市中和區連城路222巷2弄5號5樓,PY-腱子心-CP,114/2/19,標示,合格,,,
26149,洪師父實業有限公司,新北市,中和區,新北市中和區連城路222巷2弄5號5樓,花腱,114/2/19,標示,合格,,,
26150,統賀冷凍食品有限公司,新北市,三重區,新北市三重區中正北路530巷18號1樓,冷凍豬梅花肉,114/2/21,標示,合格,,,
26151,統賀冷凍食品有限公司,新北市,三重區,新北市三重區中正北路530巷18號1樓,特優牛小排(A+),114/2/21,標示,合格,,,
26152,野人舒食有限公司,新北市,新店區,新北市新店區寶中路123巷5號2、3樓,舒肥三吱老鼠肉(豬中里肌肉),114/3/5,標示,合格,,,
26153,野人舒食有限公司,新北市,新店區,新北市新店區寶中路123巷5號2、3樓,梅花豬排(台南),114/3/5,標示,合格,,,
26154,野人舒食有限公司,新北市,新店區,新北市新店區寶中路123巷5號2、3樓,梅花豬排(香草),114/3/5,標示,合格,,,
26155,野人舒食有限公司,新北市,新店區,新北市新店區寶中路123巷5號2、3樓,舒肥經典牛肉丁,114/3/5,標示,合格,,,
26156,野人舒食有限公司,新北市,新店區,新北市新店區寶中路123巷5號2、3樓,蒜香牛排,114/3/5,標示,合格,,,
26157,野人舒食有限公司,新北市,新店區,新北市新店區寶中路123巷5號2、3樓,經典牛排,114/3/5,標示,合格,,,
26158,喬元手創食品有限公司主廠,新北市,樹林區,新北市樹林區忠愛街3號6樓,果木五花肉條,114/1/22,標示,合格,,,
26159,喬元手創食品有限公司主廠,新北市,樹林區,新北市樹林區忠愛街3號6樓,果木後腿肉條,114/1/22,標示,合格,,,
26160,能富餐飲食品有限公司,新北市,泰山區,新北市泰山區泰林路2段292巷20號4樓,美式路易士肋排,114/2/10,標示,合格,,,
26162,金美國小,新北市,金山區,新北市金山區忠孝一路111號,雅勝前腿肉絲CAS011002,114/3/3,豬肉原產地標示,合格,,,
26164,中角國小,新北市,金山區,新北市金山區海興路49號,豬肉水餃,114/4/11,豬肉原產地標示,合格,,,
26166,烏來國中小,新北市,烏來區,新北市烏來區啦卡路5號,豬肉,114/3/7,豬肉原產地標示,合格,,,
26168,德拉楠民族實驗國小,新北市,烏來區,新北市烏來區福山里李茂岸56號,雅勝軟排塊,114/3/13,豬肉原產地標示,合格,,,
26170,和美國小,新北市,貢寮區,新北市貢寮區和美里龍洞街1之9號,冷凍前腿肉片,114/5/13,豬肉原產地標示,合格,,,
26172,澳底國小,新北市,貢寮區,新北市貢寮區延平街10號,冷凍肉片,114/2/24,豬肉原產地標示,合格,,,
26174,福隆國小,新北市,貢寮區,新北市貢寮區東興街35號,豬絞肉,114/2/24,豬肉原產地標示,合格,,,
26176,豐珠中學,新北市,貢寮區,新北市貢寮區美豐里雞母嶺街6-6號,冷凍小里肌肉條,114/5/19,豬肉原產地標示,合格,,,
26178,貢寮國小,新北市,貢寮區,新北市貢寮區雙玉里學苑街7號,冷凍前腿肉片,114/2/24,豬肉原產地標示,合格,,,
26180,新市國小,新北市,淡水區,新北市淡水區中山北路2段200號,CAS低脂絞肉,114/2/14,豬肉原產地標示,合格,,,
26182,新市國小,新北市,淡水區,新北市淡水區中山北路2段200號,CAS龍骨丁,114/2/14,豬肉原產地標示,合格,,,
26184,忠山實驗國小,新北市,淡水區,新北市淡水區行忠路899號,和榮意龍骨段,114/2/25,豬肉原產地標示,合格,,,
26186,忠山實驗國小,新北市,淡水區,新北市淡水區行忠路899號,立大前腿肉絲,114/2/25,豬肉原產地標示,合格,,,
26188,淡海國小,新北市,淡水區,新北市淡水區新市二路二段81號,肉絲,114/2/21,豬肉原產地標示,合格,,,
26190,鄧公國小,新北市,淡水區,新北市淡水區學府路99號,前腿肉丁,114/2/24,豬肉原產地標示,合格,,,
26192,深坑國小,新北市,深坑區,新北市深坑區文化街45號,豬肉片,114/2/25,豬肉原產地標示,合格,,,
26194,崇光高中,新北市,新店區,新北市新店區三民路18號,獅子頭,114/3/17,豬肉原產地標示,合格,,,
26196,中正國小,新北市,新店區,新北市新店區三民路36號,絞肉,114/2/26,豬肉原產地標示,合格,,,
26198,青潭國小,新北市,新店區,新北市新店區北宜路二段80號,立大絞肉,114/5/19,豬肉原產地標示,合格,,,
26200,雙峰國小,新北市,新店區,新北市新店區北宜路三段66號,豬里肌,114/5/16,豬肉原產地標示,合格,,,
26202,雙峰國小,新北市,新店區,新北市新店區北宜路三段66號,糖醋豬肉,114/5/16,豬肉原產地標示,合格,,,
26204,安坑國小,新北市,新店區,新北市新店區安忠路36號,培根,114/3/10,豬肉原產地標示,合格,,,
26206,雙城國小,新北市,新店區,新北市新店區安康路3段322號,貢丸,114/2/19,豬肉原產地標示,合格,,,
26208,屈尺國小,新北市,新店區,新北市新店區屈尺路55號,梅花肉,114/5/9,豬肉原產地標示,合格,,,
26210,屈尺國小,新北市,新店區,新北市新店區屈尺路55號,絞肉,114/5/9,豬肉原產地標示,合格,,,
26212,直潭國小,新北市,新店區,新北市新店區直潭路92號,腿肉絲,114/5/13,豬肉原產地標示,合格,,,
26214,康橋高中青山校區,新北市,新店區,新北市新店區頂城五街80號,絞肉,114/6/5,豬肉原產地標示,合格,,,
26216,康橋高中青山校區,新北市,新店區,新北市新店區頂城五街80號,龍骨丁,114/6/5,豬肉原產地標示,合格,,,
26218,康橋高中,新北市,新店區,新北市新店區華城路800號,粗絞肉,114/2/17,豬肉原產地標示,合格,,,
26220,龜山國小,新北市,新店區,新北市新店區新烏路三段99巷10號,香菇貢丸,114/3/3,豬肉原產地標示,合格,,,
26222,龜山國小,新北市,新店區,新北市新店區新烏路三段99巷10號,絞肉,114/3/3,豬肉原產地標示,合格,,,
26224,恆毅高中,新北市,新莊區,新北市新莊區中正路108號,豬肉,114/2/24,豬肉原產地標示,合格,,,
26226,恆毅高中,新北市,新莊區,新北市新莊區中正路108號,絞肉,114/4/22,豬肉原產地標示,合格,,,
26228,國泰國小,新北市,新莊區,新北市新莊區中正路386號,豬肉,114/2/18,豬肉原產地標示,合格,,,
26230,中港國小,新北市,新莊區,新北市新莊區中港一街142號,豬肉,114/2/24,豬肉原產地標示,合格,,,
26232,興化國小,新北市,新莊區,新北市新莊區五工二路50巷2號,豬肉,114/2/21,豬肉原產地標示,合格,,,
26234,新泰國小,新北市,新莊區,新北市新莊區公園一路91號,立大前腿肉絲,114/4/18,豬肉原產地標示,合格,,,
26236,豐年國小,新北市,新莊區,新北市新莊區瓊泰路116號,豬肉片,114/4/11,豬肉原產地標示,合格,,,
26238,吉慶國小,新北市,瑞芳區,新北市瑞芳區大埔路95號,肉骨茶湯,114/2/20,豬肉原產地標示,合格,,,
26240,瑞芳國小,新北市,瑞芳區,新北市瑞芳區中山路2號,培根,114/5/1,豬肉原產地標示,合格,,,
26242,瑞亭國小,新北市,瑞芳區,新北市瑞芳區四腳亭埔路23號,後大骨切,114/2/20,豬肉原產地標示,合格,,,
26244,九份國小,新北市,瑞芳區,新北市瑞芳區永慶里崙頂路145號,豬肉,114/6/26,豬肉原產地標示,合格,,,
26246,瓜山國小,新北市,瑞芳區,新北市瑞芳區石山里五號路306號,梅花丁,114/6/26,豬肉原產地標示,合格,,,
26248,欽賢國中鼻頭校區,新北市,瑞芳區,新北市瑞芳區南雅路87之1號,雅勝前腿肉絲,114/6/26,豬肉原產地標示,合格,,,
26250,時雨高中,新北市,瑞芳區,新北市瑞芳區祈堂路217號,5號肉絲,114/5/1,豬肉原產地標示,合格,,,
26252,時雨高中,新北市,瑞芳區,新北市瑞芳區祈堂路217號,肉丁,114/5/1,豬肉原產地標示,合格,,,
26254,義方國小,新北市,瑞芳區,新北市瑞芳區逢甲路360號,蒜泥白肉,114/5/1,豬肉原產地標示,合格,,,
26256,鼻頭國小,新北市,瑞芳區,新北市瑞芳區鼻頭路99號,豬肉,114/5/13,豬肉原產地標示,合格,,,
26258,野柳國小,新北市,萬里區,新北市萬里區野柳里港東路167號,豬肉,114/3/3,豬肉原產地標示,合格,,,
26260,萬里國中,新北市,萬里區,新北市萬里區獅頭24號,雅勝前腿肉絲CAS011002,114/3/3,豬肉原產地標示,合格,,,
26262,萬里國小,新北市,萬里區,新北市萬里區瑪鋉路18號,肉絲,114/2/24,豬肉原產地標示,合格,,,
26264,大同國小,新北市,樹林區,新北市樹林區大同街43號,南瓜大排,114/2/24,豬肉原產地標示,合格,,,
26266,山佳國小,新北市,樹林區,新北市樹林區中山路三段五號,芬芳後腿肉塊,114/2/21,豬肉原產地標示,合格,,,
26268,育德國小,新北市,樹林區,新北市樹林區佳園路一段34號,梅花肉絲,114/2/21,豬肉原產地標示,合格,,,
26270,彭福國小,新北市,樹林區,新北市樹林區忠孝街30號,豬肉片,114/2/24,豬肉原產地標示,合格,,,
26272,彭福國小,新北市,樹林區,新北市樹林區忠孝街30號,珍珠丸,114/2/24,豬肉原產地標示,合格,,,
26274,武林國小,新北市,樹林區,新北市樹林區保安街二段151號,肉絲,114/2/13,豬肉原產地標示,合格,,,
26276,柑園國小,新北市,樹林區,新北市樹林區柑園街一段353號,立大絞肉,114/2/12,豬肉原產地標示,合格,,,
26278,柑園國中,新北市,樹林區,新北市樹林區柑園街二段125號,雅勝軟排塊,114/5/8,豬肉原產地標示,合格,,,
26280,上林國小,新北市,雙溪區,新北市雙溪區上林里內平林60號,肉羹,114/5/19,豬肉原產地標示,合格,,,
26282,雙溪高中,新北市,雙溪區,新北市雙溪區梅竹蹊3號,排骨肉,114/5/19,豬肉原產地標示,合格,,,
26284,雙溪高中,新北市,雙溪區,新北市雙溪區梅竹蹊3號,肉絲,114/5/19,豬肉原產地標示,合格,,,
26286,蘆洲國小,新北市,蘆洲區,新北市蘆洲區中正路100號,豬大排,114/6/11,豬肉原產地標示,合格,,,
26288,成功國小,新北市,蘆洲區,新北市蘆洲區長安街311號,肉絲,114/6/12,豬肉原產地標示,合格,,,
26290,二橋國小,新北市,鶯歌區,新北市鶯歌區中正三路106號,排骨湯,114/4/30,豬肉原產地標示,合格,,,
26292,二橋國小,新北市,鶯歌區,新北市鶯歌區中正三路106號,豬小排,114/4/30,豬肉原產地標示,合格,,,
26294,鳳鳴國小,新北市,鶯歌區,新北市鶯歌區永和街120號,粗絞肉,114/2/25,豬肉原產地標示,合格,,,
26296,建國國小,新北市,鶯歌區,新北市鶯歌區育英街2號,蒜泥白肉,114/2/11,豬肉原產地標示,合格,,,
26463,八里國中,新北市,八里區,新北市八里區荖阡坑路15號,-,114/2/19,GHP,合格,,,
26467,聖心國小,新北市,八里區,新北市八里區龍米路一段261號,-,114/2/19,GHP,合格,,,
26471,三芝國小,新北市,三芝區,新北市三芝區育英街22號,-,114/2/24,GHP,合格,,,
26475,橫山國小,新北市,三芝區,新北市三芝區橫山里86號,-,114/2/24,GHP,合格,,,
26479,碧華國中,新北市,三重區,新北市三重區三信路166號,-,114/2/18,GHP,合格,,,
26483,重陽國小,新北市,三重區,新北市三重區中正北路113號,-,114/5/2,GHP,合格,,,
26487,碧華國小,新北市,三重區,新北市三重區五華街160號,-,114/2/18,GHP,合格,,,
26491,光榮國小,新北市,三重區,新北市三重區介壽路32號,-,114/5/2,GHP,合格,,,
26495,正義國小,新北市,三重區,新北市三重區信義西街31號,-,114/3/5,GHP,合格,,,
26499,明德高中,新北市,三峽區,新北市三峽區中正路二段399號,-,114/2/25,GHP,合格,,,
26503,五寮國小,新北市,三峽區,新北市三峽區五寮里69號,-,114/4/29,GHP,合格,,,
26507,民義國小,新北市,三峽區,新北市三峽區白雞路40號,-,114/3/6,GHP,合格,,,
26511,大成國小,新北市,三峽區,新北市三峽區成福路251巷2號,-,114/4/22,GHP,合格,,,
26515,有木國小,新北市,三峽區,新北市三峽區有木里131號,-,114/3/14,GHP,合格,,,
26519,建安國小,新北市,三峽區,新北市三峽區建安路67號,-,114/4/18,GHP,合格,,,
26523,北大國小,新北市,三峽區,新北市三峽區國光街100號,-,114/2/18,GHP,合格,,,
26527,三峽國中,新北市,三峽區,新北市三峽區復興路238號,-,114/2/18,GHP,合格,,,
26531,插角國小,新北市,三峽區,新北市三峽區插角里39號,-,114/5/27,GHP,合格,,,
26535,成福國小,新北市,三峽區,新北市三峽區溪東路213號,-,114/5/5,GHP,合格,,,
26539,辭修高中,新北市,三峽區,新北市三峽區溪東路251號,-,114/5/19,GHP,合格,,,
26543,頂埔國小,新北市,土城區,新北市土城區中央路四段205號,-,114/3/21,GHP,合格,,,
26547,裕德高中,新北市,土城區,新北市土城區擺接堡路1號,-,114/2/18,GHP,合格,,,
26551,漳和國中,新北市,中和區,新北市中和區廣福路39號,-,114/3/21,GHP,合格,,,
26555,更寮國小,新北市,五股區,新北市五股區四維路2號,-,114/3/27,GHP,合格,,,
26559,十分國小,新北市,平溪區,新北市平溪區十分街157號,-,114/4/17,GHP,合格,,,
26563,菁桐國小,新北市,平溪區,新北市平溪區菁桐街45號,-,114/4/17,GHP,合格,,,
26567,平溪國中,新北市,平溪區,新北市平溪區靜安路二段295號,-,114/4/17,GHP,合格,,,
26571,永平國小,新北市,永和區,新北市永和區保生路25號,-,114/2/21,GHP,合格,,,
26575,石門國小,新北市,石門區,新北市石門區中央路9號,-,114/6/16,GHP,合格,,,
26579,雲海國小,新北市,石碇區,新北市石碇區北宜路5段坑內巷1號,-,114/6/16,GHP,合格,,,
26583,石碇高中,新北市,石碇區,新北市石碇區隆盛里八分寮45號,-,114/6/16,GHP,合格,,,
26587,永定國小,新北市,石碇區,新北市石碇區靜安路一段245號,-,114/3/14,GHP,合格,,,
26591,汐止國中,新北市,汐止區,新北市汐止區大同路二段394號,-,114/2/21,GHP,合格,,,
26595,秀峰國小,新北市,汐止區,新北市汐止區仁愛路90號,-,114/2/11,GHP,合格,,,
26599,北港國小,新北市,汐止區,新北市汐止區汐萬路二段279號,-,114/2/21,GHP,合格,,,
26603,金龍國小,新北市,汐止區,新北市汐止區明峰街201號,-,114/2/11,GHP,合格,,,
26607,崇德國小,新北市,汐止區,新北市汐止區茄苳路158號,-,114/2/21,GHP,合格,,,
26611,坪林國小,新北市,坪林區,新北市坪林區坪林街114號,-,114/5/21,GHP,合格,,,
26615,中山國小,新北市,板橋區,新北市板橋區大觀路2段59巷31號,-,114/5/2,GHP,合格,,,
26619,大觀國小,新北市,板橋區,新北市板橋區大觀路一段30號,-,114/2/21,GHP,合格,,,
26623,華僑高中,新北市,板橋區,新北市板橋區大觀路一段32號,-,114/2/21,GHP,合格,,,
26627,光仁高中,新北市,板橋區,新北市板橋區中山路二段255巷18號,-,114/4/30,GHP,合格,,,
26631,江翠國中,新北市,板橋區,新北市板橋區松江街63號,-,114/4/30,GHP,合格,,,
26635,溪洲國小,新北市,板橋區,新北市板橋區金門街289號,-,114/2/26,GHP,合格,,,
26639,忠孝國中,新北市,板橋區,新北市板橋區重慶路168號,-,114/2/24,GHP,合格,,,
26643,新埔國小,新北市,板橋區,新北市板橋區陽明街206號,-,114/2/14,GHP,合格,,,
26647,興福國小,新北市,林口區,新北市林口區下福里20鄰10-1號,-,114/2/21,GHP,合格,,,
26651,新北特教學校,新北市,林口區,新北市林口區文化北路一段425號,-,114/3/28,GHP,合格,,,
26655,瑞平國小,新北市,林口區,新北市林口區後坑34-1號,-,114/4/24,GHP,合格,,,
26659,康橋國際高中,新北市,林口區,新北市林口區興林路55號,-,114/4/21,GHP,合格,,,
26663,金山國小,新北市,金山區,新北市金山區中山路234號,-,114/2/20,GHP,合格,,,
26667,金山高中,新北市,金山區,新北市金山區文化二路二號,-,114/2/20,GHP,合格,,,
26671,金美國小,新北市,金山區,新北市金山區忠孝一路111號,-,114/3/3,GHP,合格,,,
26675,中角國小,新北市,金山區,新北市金山區海興路49號,-,114/4/11,GHP,合格,,,
26679,烏來國中小,新北市,烏來區,新北市烏來區啦卡路5號,-,114/3/7,GHP,合格,,,
26683,德拉楠民族實驗國小,新北市,烏來區,新北市烏來區福山里李茂岸56號,-,114/3/13,GHP,合格,,,
26687,和美國小,新北市,貢寮區,新北市貢寮區和美里龍洞街1之9號,-,114/5/13,GHP,合格,,,
26691,澳底國小,新北市,貢寮區,新北市貢寮區延平街10號,-,114/2/24,GHP,合格,,,
26695,福隆國小,新北市,貢寮區,新北市貢寮區東興街35號,-,114/2/24,GHP,合格,,,
26699,豐珠中學,新北市,貢寮區,新北市貢寮區美豐里雞母嶺街6-6號,-,114/5/19,GHP,合格,,,
26703,貢寮國小,新北市,貢寮區,新北市貢寮區雙玉里學苑街7號,-,114/2/24,GHP,合格,,,
26707,新市國小,新北市,淡水區,新北市淡水區中山北路2段200號,-,114/2/14,GHP,合格,,,
26711,忠山實驗國小,新北市,淡水區,新北市淡水區行忠路899號,-,114/2/25,GHP,合格,,,
26715,淡海國小,新北市,淡水區,新北市淡水區新市二路二段81號,-,114/2/21,GHP,合格,,,
26719,鄧公國小,新北市,淡水區,新北市淡水區學府路99號,-,114/2/24,GHP,合格,,,
26723,深坑國小,新北市,深坑區,新北市深坑區文化街45號,-,114/2/25,GHP,合格,,,
26727,崇光高中,新北市,新店區,新北市新店區三民路18號,-,114/3/17,GHP,合格,,,
26731,中正國小,新北市,新店區,新北市新店區三民路36號,-,114/2/26,GHP,合格,,,
26735,青潭國小,新北市,新店區,新北市新店區北宜路二段80號,-,114/5/19,GHP,合格,,,
26739,雙峰國小,新北市,新店區,新北市新店區北宜路三段66號,-,114/5/16,GHP,合格,,,
26743,安坑國小,新北市,新店區,新北市新店區安忠路36號,-,114/3/10,GHP,合格,,,
26747,雙城國小,新北市,新店區,新北市新店區安康路3段322號,-,114/2/19,GHP,合格,,,
26751,屈尺國小,新北市,新店區,新北市新店區屈尺路55號,-,114/5/9,GHP,合格,,,
26755,直潭國小,新北市,新店區,新北市新店區直潭路92號,-,114/5/13,GHP,合格,,,
26759,康橋高中青山校區,新北市,新店區,新北市新店區頂城五街80號,-,114/6/5,GHP,合格,,,
26763,康橋高中,新北市,新店區,新北市新店區華城路800號,-,114/2/17,GHP,合格,,,
26767,龜山國小,新北市,新店區,新北市新店區新烏路三段99巷10號,-,114/3/3,GHP,合格,,,
26771,恆毅高中,新北市,新莊區,新北市新莊區中正路108號,-,114/2/24,GHP,合格,,,
26775,恆毅高中,新北市,新莊區,新北市新莊區中正路108號,-,114/4/22,GHP,合格,,,
26779,國泰國小,新北市,新莊區,新北市新莊區中正路386號,-,114/2/18,GHP,合格,,,
26783,中港國小,新北市,新莊區,新北市新莊區中港一街142號,-,114/2/24,GHP,合格,,,
26787,興化國小,新北市,新莊區,新北市新莊區五工二路50巷2號,-,114/2/21,GHP,合格,,,
26791,新泰國小,新北市,新莊區,新北市新莊區公園一路91號,-,114/4/18,GHP,合格,,,
26795,豐年國小,新北市,新莊區,新北市新莊區瓊泰路116號,-,114/4/11,GHP,合格,,,
26799,吉慶國小,新北市,瑞芳區,新北市瑞芳區大埔路95號,-,114/2/20,GHP,合格,,,
26803,瑞芳國小,新北市,瑞芳區,新北市瑞芳區中山路2號,-,114/5/1,GHP,合格,,,
26807,瑞亭國小,新北市,瑞芳區,新北市瑞芳區四腳亭埔路23號,-,114/2/20,GHP,合格,,,
26811,九份國小,新北市,瑞芳區,新北市瑞芳區永慶里崙頂路145號,-,114/6/26,GHP,合格,,,
26815,瓜山國小,新北市,瑞芳區,新北市瑞芳區石山里五號路306號,-,114/6/26,GHP,合格,,,
26819,欽賢國中鼻頭校區,新北市,瑞芳區,新北市瑞芳區南雅路87之1號,-,114/6/26,GHP,合格,,,
26823,時雨高中,新北市,瑞芳區,新北市瑞芳區祈堂路217號,-,114/5/1,GHP,合格,,,
26827,義方國小,新北市,瑞芳區,新北市瑞芳區逢甲路360號,-,114/5/1,GHP,合格,,,
26831,鼻頭國小,新北市,瑞芳區,新北市瑞芳區鼻頭路99號,-,114/5/13,GHP,合格,,,
26835,野柳國小,新北市,萬里區,新北市萬里區野柳里港東路167號,-,114/3/3,GHP,合格,,,
26839,萬里國中,新北市,萬里區,新北市萬里區獅頭24號,-,114/3/3,GHP,合格,,,
26843,萬里國小,新北市,萬里區,新北市萬里區瑪鋉路18號,-,114/2/24,GHP,合格,,,
26847,大同國小,新北市,樹林區,新北市樹林區大同街43號,-,114/2/24,GHP,合格,,,
26851,山佳國小,新北市,樹林區,新北市樹林區中山路三段五號,-,114/2/21,GHP,合格,,,
26855,育德國小,新北市,樹林區,新北市樹林區佳園路一段34號,-,114/2/21,GHP,合格,,,
26859,彭福國小,新北市,樹林區,新北市樹林區忠孝街30號,-,114/2/24,GHP,合格,,,
26863,武林國小,新北市,樹林區,新北市樹林區保安街二段151號,-,114/2/13,GHP,合格,,,
26867,柑園國小,新北市,樹林區,新北市樹林區柑園街一段353號,-,114/2/12,GHP,合格,,,
26871,柑園國中,新北市,樹林區,新北市樹林區柑園街二段125號,-,114/5/8,GHP,合格,,,
26875,上林國小,新北市,雙溪區,新北市雙溪區上林里內平林60號,-,114/5/19,GHP,合格,,,
26879,雙溪高中,新北市,雙溪區,新北市雙溪區梅竹蹊3號,-,114/5/19,GHP,合格,,,
26883,蘆洲國小,新北市,蘆洲區,新北市蘆洲區中正路100號,-,114/6/20,GHP,合格,,,
26887,成功國小,新北市,蘆洲區,新北市蘆洲區長安街311號,-,114/6/12,GHP,合格,,,
26891,二橋國小,新北市,鶯歌區,新北市鶯歌區中正三路106號,-,114/4/30,GHP,合格,,,
26895,鳳鳴國小,新北市,鶯歌區,新北市鶯歌區永和街120號,-,114/2/25,GHP,合格,,,
26899,建國國小,新北市,鶯歌區,新北市鶯歌區育英街2號,-,114/2/11,GHP,合格,,,
27749,八里國中,新北市,八里區,新北市八里區荖阡坑路15號,自立午餐,114/2/19,食品微生物,合格,,,
27753,聖心國小,新北市,八里區,新北市八里區龍米路一段261號,自立午餐,114/2/19,食品微生物,合格,,,
27757,三芝國小,新北市,三芝區,新北市三芝區育英街22號,自立午餐,114/2/24,食品微生物,合格,,,
27761,橫山國小,新北市,三芝區,新北市三芝區橫山里86號,自立午餐,114/2/24,食品微生物,合格,,,
27765,碧華國中,新北市,三重區,新北市三重區三信路166號,自立午餐,114/2/18,食品微生物,合格,,,
27769,重陽國小,新北市,三重區,新北市三重區中正北路113號,自立午餐,114/5/2,食品微生物,合格,,,
27773,碧華國小,新北市,三重區,新北市三重區五華街160號,自立午餐,114/2/18,食品微生物,合格,,,
27777,光榮國小,新北市,三重區,新北市三重區介壽路32號,自立午餐,114/5/2,食品微生物,合格,,,
27781,正義國小,新北市,三重區,新北市三重區信義西街31號,自立午餐,114/2/17,食品微生物,合格,,,
27785,明德高中,新北市,三峽區,新北市三峽區中正路二段399號,自立午餐,114/2/25,食品微生物,合格,,,
27789,五寮國小,新北市,三峽區,新北市三峽區五寮里69號,自立午餐,114/4/29,食品微生物,合格,,,
27793,民義國小,新北市,三峽區,新北市三峽區白雞路40號,自立午餐,114/3/6,食品微生物,合格,,,
27797,大成國小,新北市,三峽區,新北市三峽區成福路251巷2號,自立午餐,114/4/22,食品微生物,合格,,,
27801,有木國小,新北市,三峽區,新北市三峽區有木里131號,自立午餐,114/3/14,食品微生物,合格,,,
27805,建安國小,新北市,三峽區,新北市三峽區建安路67號,自立午餐,114/4/18,食品微生物,合格,,,
27809,北大國小,新北市,三峽區,新北市三峽區國光街100號,自立午餐,114/2/18,食品微生物,合格,,,
27813,三峽國中,新北市,三峽區,新北市三峽區復興路238號,自立午餐,114/2/18,食品微生物,合格,,,
27817,插角國小,新北市,三峽區,新北市三峽區插角里39號,自立午餐,114/5/27,食品微生物,合格,,,
27821,成福國小,新北市,三峽區,新北市三峽區溪東路213號,自立午餐,114/5/5,食品微生物,合格,,,
27825,辭修高中,新北市,三峽區,新北市三峽區溪東路251號,自立午餐,114/5/19,食品微生物,合格,,,
27829,頂埔國小,新北市,土城區,新北市土城區中央路四段205號,自立午餐,114/2/12,食品微生物,合格,,,
27833,裕德高中,新北市,土城區,新北市土城區擺接堡路1號,自立午餐,114/2/18,食品微生物,合格,,,
27837,漳和國中,新北市,中和區,新北市中和區廣福路39號,自立午餐,114/3/21,食品微生物,合格,,,
27841,更寮國小,新北市,五股區,新北市五股區四維路2號,自立午餐,114/4/10,食品微生物,合格,,,
27845,十分國小,新北市,平溪區,新北市平溪區十分街157號,自立午餐,114/4/17,食品微生物,合格,,,
27849,菁桐國小,新北市,平溪區,新北市平溪區菁桐街45號,自立午餐,114/4/17,食品微生物,合格,,,
27853,平溪國中,新北市,平溪區,新北市平溪區靜安路二段295號,自立午餐,114/4/17,食品微生物,合格,,,
27857,永平國小,新北市,永和區,新北市永和區保生路25號,自立午餐,114/2/21,食品微生物,合格,,,
27861,石門國小,新北市,石門區,新北市石門區中央路9號,自立午餐,114/6/26,食品微生物,合格,,,
27865,雲海國小,新北市,石碇區,新北市石碇區北宜路5段坑內巷1號,自立午餐,114/6/16,食品微生物,合格,,,
27869,石碇高中,新北市,石碇區,新北市石碇區隆盛里八分寮45號,自立午餐,114/6/16,食品微生物,合格,,,
27873,永定國小,新北市,石碇區,新北市石碇區靜安路一段245號,自立午餐,114/3/14,食品微生物,合格,,,
27877,汐止國中,新北市,汐止區,新北市汐止區大同路二段394號,自立午餐,114/2/21,食品微生物,合格,,,
27881,秀峰國小,新北市,汐止區,新北市汐止區仁愛路90號,自立午餐,114/2/11,食品微生物,合格,,,
27885,北港國小,新北市,汐止區,新北市汐止區汐萬路二段279號,自立午餐,114/2/21,食品微生物,合格,,,
27889,金龍國小,新北市,汐止區,新北市汐止區明峰街201號,自立午餐,114/2/11,食品微生物,合格,,,
27893,崇德國小,新北市,汐止區,新北市汐止區茄苳路158號,自立午餐,114/2/21,食品微生物,合格,,,
27897,坪林國小,新北市,坪林區,新北市坪林區坪林街114號,自立午餐,114/5/21,食品微生物,合格,,,
27901,中山國小,新北市,板橋區,新北市板橋區大觀路2段59巷31號,自立午餐,114/5/2,食品微生物,合格,,,
27905,大觀國小,新北市,板橋區,新北市板橋區大觀路一段30號,自立午餐,114/2/21,食品微生物,合格,,,
27909,華僑高中,新北市,板橋區,新北市板橋區大觀路一段32號,自立午餐,114/2/21,食品微生物,合格,,,
27913,光仁高中,新北市,板橋區,新北市板橋區中山路二段255巷18號,自立午餐,114/4/30,食品微生物,合格,,,
27917,江翠國中,新北市,板橋區,新北市板橋區松江街63號,自立午餐,114/4/30,食品微生物,合格,,,
27921,溪洲國小,新北市,板橋區,新北市板橋區金門街289號,自立午餐,114/2/26,食品微生物,合格,,,
27925,忠孝國中,新北市,板橋區,新北市板橋區重慶路168號,自立午餐,114/2/24,食品微生物,合格,,,
27929,新埔國小,新北市,板橋區,新北市板橋區陽明街206號,自立午餐,114/2/14,食品微生物,合格,,,
27933,興福國小,新北市,林口區,新北市林口區下福里20鄰10-1號,自立午餐,114/2/21,食品微生物,合格,,,
27937,新北特教學校,新北市,林口區,新北市林口區文化北路一段425號,自立午餐,114/3/28,食品微生物,合格,,,
27941,瑞平國小,新北市,林口區,新北市林口區後坑34-1號,自立午餐,114/4/24,食品微生物,合格,,,
27945,康橋國際高中,新北市,林口區,新北市林口區興林路55號,自立午餐,114/4/21,食品微生物,合格,,,
27949,金山國小,新北市,金山區,新北市金山區中山路234號,自立午餐,114/5/28,食品微生物,合格,,,
27953,金山高中,新北市,金山區,新北市金山區文化二路二號,自立午餐,114/5/21,食品微生物,合格,,,
27957,金美國小,新北市,金山區,新北市金山區忠孝一路111號,自立午餐,114/6/13,食品微生物,合格,,,
27961,中角國小,新北市,金山區,新北市金山區海興路49號,自立午餐,114/5/21,食品微生物,合格,,,
27965,烏來國中小,新北市,烏來區,新北市烏來區啦卡路5號,自立午餐,114/3/7,食品微生物,合格,,,
27969,德拉楠民族實驗國小,新北市,烏來區,新北市烏來區福山里李茂岸56號,自立午餐,114/3/13,食品微生物,合格,,,
27973,和美國小,新北市,貢寮區,新北市貢寮區和美里龍洞街1之9號,自立午餐,114/5/13,食品微生物,合格,,,
27977,澳底國小,新北市,貢寮區,新北市貢寮區延平街10號,自立午餐,114/2/24,食品微生物,合格,,,
27981,福隆國小,新北市,貢寮區,新北市貢寮區東興街35號,自立午餐,114/2/24,食品微生物,合格,,,
27985,豐珠中學,新北市,貢寮區,新北市貢寮區美豐里雞母嶺街6-6號,自立午餐,114/5/19,食品微生物,合格,,,
27989,貢寮國小,新北市,貢寮區,新北市貢寮區雙玉里學苑街7號,自立午餐,114/2/24,食品微生物,合格,,,
27993,新市國小,新北市,淡水區,新北市淡水區中山北路2段200號,自立午餐,114/2/14,食品微生物,合格,,,
27997,忠山實驗國小,新北市,淡水區,新北市淡水區行忠路899號,自立午餐,114/3/13,食品微生物,合格,,,
28001,淡海國小,新北市,淡水區,新北市淡水區新市二路二段81號,自立午餐,114/2/21,食品微生物,合格,,,
28005,鄧公國小,新北市,淡水區,新北市淡水區學府路99號,自立午餐,114/2/24,食品微生物,合格,,,
28009,深坑國小,新北市,深坑區,新北市深坑區文化街45號,自立午餐,114/2/25,食品微生物,合格,,,
28013,崇光高中,新北市,新店區,新北市新店區三民路18號,自立午餐,114/3/17,食品微生物,合格,,,
28017,中正國小,新北市,新店區,新北市新店區三民路36號,自立午餐,114/2/26,食品微生物,合格,,,
28021,青潭國小,新北市,新店區,新北市新店區北宜路二段80號,自立午餐,114/5/19,食品微生物,合格,,,
28025,雙峰國小,新北市,新店區,新北市新店區北宜路三段66號,自立午餐,114/5/16,食品微生物,合格,,,
28029,安坑國小,新北市,新店區,新北市新店區安忠路36號,自立午餐,114/3/10,食品微生物,合格,,,
28033,雙城國小,新北市,新店區,新北市新店區安康路3段322號,自立午餐,114/2/19,食品微生物,合格,,,
28037,屈尺國小,新北市,新店區,新北市新店區屈尺路55號,自立午餐,114/5/9,食品微生物,合格,,,
28041,直潭國小,新北市,新店區,新北市新店區直潭路92號,自立午餐,114/5/13,食品微生物,合格,,,
28045,康橋高中青山校區,新北市,新店區,新北市新店區頂城五街80號,自立午餐,114/6/5,食品微生物,合格,,,
28049,康橋高中,新北市,新店區,新北市新店區華城路800號,自立午餐,114/2/17,食品微生物,合格,,,
28053,龜山國小,新北市,新店區,新北市新店區新烏路三段99巷10號,自立午餐,114/3/3,食品微生物,合格,,,
28057,恆毅高中,新北市,新莊區,新北市新莊區中正路108號,自立午餐,114/2/24,食品微生物,合格,,,
28061,恆毅高中,新北市,新莊區,新北市新莊區中正路108號,自立午餐,114/4/22,食品微生物,合格,,,
28065,國泰國小,新北市,新莊區,新北市新莊區中正路386號,自立午餐,114/2/18,食品微生物,合格,,,
28069,中港國小,新北市,新莊區,新北市新莊區中港一街142號,自立午餐,114/2/24,食品微生物,合格,,,
28073,興化國小,新北市,新莊區,新北市新莊區五工二路50巷2號,自立午餐,114/2/21,食品微生物,合格,,,
28077,新泰國小,新北市,新莊區,新北市新莊區公園一路91號,自立午餐,114/4/18,食品微生物,合格,,,
28081,豐年國小,新北市,新莊區,新北市新莊區瓊泰路116號,自立午餐,114/4/11,食品微生物,合格,,,
28085,吉慶國小,新北市,瑞芳區,新北市瑞芳區大埔路95號,自立午餐,114/2/20,食品微生物,合格,,,
28089,瑞芳國小,新北市,瑞芳區,新北市瑞芳區中山路2號,自立午餐,114/5/1,食品微生物,合格,,,
28093,瑞亭國小,新北市,瑞芳區,新北市瑞芳區四腳亭埔路23號,自立午餐,114/2/20,食品微生物,合格,,,
28097,九份國小,新北市,瑞芳區,新北市瑞芳區永慶里崙頂路145號,自立午餐,114/6/26,食品微生物,合格,,,
28101,瓜山國小,新北市,瑞芳區,新北市瑞芳區石山里五號路306號,自立午餐,114/6/26,食品微生物,合格,,,
28105,時雨高中,新北市,瑞芳區,新北市瑞芳區祈堂路217號,自立午餐,114/5/1,食品微生物,合格,,,
28109,欽賢國中,新北市,瑞芳區,新北市瑞芳區崙頂路3之1號,自立午餐,114/6/26,食品微生物,合格,,,
28113,義方國小,新北市,瑞芳區,新北市瑞芳區逢甲路360號,自立午餐,114/5/1,食品微生物,合格,,,
28117,鼻頭國小,新北市,瑞芳區,新北市瑞芳區鼻頭路99號,自立午餐,114/5/13,食品微生物,合格,,,
28121,野柳國小,新北市,萬里區,新北市萬里區野柳里港東路167號,自立午餐,114/5/21,食品微生物,合格,,,
28125,萬里國中,新北市,萬里區,新北市萬里區獅頭24號,自立午餐,114/6/13,食品微生物,合格,,,
28129,萬里國小,新北市,萬里區,新北市萬里區瑪鋉路18號,自立午餐,114/5/28,食品微生物,合格,,,
28133,大同國小,新北市,樹林區,新北市樹林區大同街43號,自立午餐,114/2/24,食品微生物,合格,,,
28137,山佳國小,新北市,樹林區,新北市樹林區中山路三段五號,自立午餐,114/2/21,食品微生物,合格,,,
28141,育德國小,新北市,樹林區,新北市樹林區佳園路一段34號,自立午餐,114/2/21,食品微生物,合格,,,
28145,彭福國小,新北市,樹林區,新北市樹林區忠孝街30號,自立午餐,114/2/24,食品微生物,合格,,,
28149,武林國小,新北市,樹林區,新北市樹林區保安街二段151號,自立午餐,114/2/13,食品微生物,合格,,,
28153,柑園國小,新北市,樹林區,新北市樹林區柑園街一段353號,自立午餐,114/2/12,食品微生物,合格,,,
28157,柑園國中,新北市,樹林區,新北市樹林區柑園街二段125號,自立午餐,114/5/8,食品微生物,合格,,,
28161,上林國小,新北市,雙溪區,新北市雙溪區上林里內平林60號,自立午餐,114/5/19,食品微生物,合格,,,
28165,雙溪高中,新北市,雙溪區,新北市雙溪區梅竹蹊3號,自立午餐,114/5/19,食品微生物,合格,,,
28169,蘆洲國小,新北市,蘆洲區,新北市蘆洲區中正路100號,自立午餐,114/6/11,食品微生物,合格,,,
28173,成功國小,新北市,蘆洲區,新北市蘆洲區長安街311號,自立午餐,114/6/12,食品微生物,合格,,,
28177,二橋國小,新北市,鶯歌區,新北市鶯歌區中正三路106號,自立午餐,114/4/30,食品微生物,合格,,,
28181,鳳鳴國小,新北市,鶯歌區,新北市鶯歌區永和街120號,自立午餐,114/2/25,食品微生物,合格,,,
28185,建國國小,新北市,鶯歌區,新北市鶯歌區育英街2號,自立午餐,114/2/11,食品微生物,合格,,,
30767,聖心國小,新北市,八里區,新北市八里區龍米路一段261號,斜管,114/2/19,防腐劑,合格,,,
30768,大成國小,新北市,三峽區,新北市三峽區成福路251巷2號,冷凍肉羹,114/4/22,防腐劑,合格,,,
30769,裕德高中,新北市,土城區,新北市土城區擺接堡路1號,大漢傳統板豆腐,114/2/18,防腐劑,合格,,,
30770,永平國小,新北市,永和區,新北市永和區保生路25號,角螺,114/2/21,防腐劑,合格,,,
30771,康橋高中,新北市,新店區,新北市新店區華城路800號,非基改薄豆腐盤(舖袋),114/2/17,防腐劑,合格,,,
30772,恆毅高中,新北市,新莊區,新北市新莊區中正路108號,非基改-豆干片,114/4/22,防腐劑,合格,,,
31035,八里國中,新北市,八里區,新北市八里區荖阡坑路15號,肉片萬偉CAS,114/2/19,豬肉原產地標示,合格,,,
31036,聖心國小,新北市,八里區,新北市八里區龍米路一段261號,豬肉,114/2/19,豬肉原產地標示,合格,,,
31037,三芝國小,新北市,三芝區,新北市三芝區育英街22號,豬肉角,114/2/24,豬肉原產地標示,合格,,,
31038,橫山國小,新北市,三芝區,新北市三芝區橫山里86號,豬肉,114/2/24,豬肉原產地標示,合格,,,
31039,碧華國中,新北市,三重區,新北市三重區三信路166號,豬肉,114/2/18,豬肉原產地標示,合格,,,
31040,重陽國小,新北市,三重區,新北市三重區中正北路113號,豬肉,114/5/2,豬肉原產地標示,合格,,,
31041,碧華國小,新北市,三重區,新北市三重區五華街160號,豬肉絲,114/2/18,豬肉原產地標示,合格,,,
31042,光榮國小,新北市,三重區,新北市三重區介壽路32號,豬肉,114/5/2,豬肉原產地標示,合格,,,
31043,正義國小,新北市,三重區,新北市三重區信義西街31號,南瓜咖哩豬,114/2/17,豬肉原產地標示,合格,,,
31044,正義國小,新北市,三重區,新北市三重區信義西街31號,肉末四季,114/2/17,豬肉原產地標示,合格,,,
31045,明德高中,新北市,三峽區,新北市三峽區中正路二段399號,糖醋肉角,114/2/25,豬肉原產地標示,合格,,,
31046,五寮國小,新北市,三峽區,新北市三峽區五寮里69號,冷凍五花肉丁,114/4/29,豬肉原產地標示,合格,,,
31047,民義國小,新北市,三峽區,新北市三峽區白雞路40號,豬肉片,114/3/6,豬肉原產地標示,合格,,,
31048,大成國小,新北市,三峽區,新北市三峽區成福路251巷2號,肉羹,114/4/22,豬肉原產地標示,合格,,,
31049,有木國小,新北市,三峽區,新北市三峽區有木里131號,珍Q香腸,114/3/14,豬肉原產地標示,合格,,,
31050,建安國小,新北市,三峽區,新北市三峽區建安路67號,信功前腿肉塊,114/4/18,豬肉原產地標示,合格,,,
31051,北大國小,新北市,三峽區,新北市三峽區國光街100號,田園花椰,114/2/18,豬肉原產地標示,合格,,,
31052,三峽國中,新北市,三峽區,新北市三峽區復興路238號,梅花肉排,114/2/18,豬肉原產地標示,合格,,,
31053,插角國小,新北市,三峽區,新北市三峽區插角里39號,絞肉,114/5/27,豬肉原產地標示,合格,,,
31054,插角國小,新北市,三峽區,新北市三峽區插角里39號,津谷大貢丸,114/5/27,豬肉原產地標示,合格,,,
31055,成福國小,新北市,三峽區,新北市三峽區溪東路213號,絞肉,114/5/5,豬肉原產地標示,合格,,,
31056,辭修高中,新北市,三峽區,新北市三峽區溪東路251號,橙汁排骨,114/5/19,豬肉原產地標示,合格,,,
31057,頂埔國小,新北市,土城區,新北市土城區中央路四段205號,絞肉,114/2/12,豬肉原產地標示,合格,,,
31058,裕德高中,新北市,土城區,新北市土城區擺接堡路1號,火鍋肉片(裕德),114/2/18,豬肉原產地標示,合格,,,
31059,漳和國中,新北市,中和區,新北市中和區廣福路39號,雅勝低脂絞肉1:9(10MM),114/3/21,豬肉原產地標示,合格,,,
31060,更寮國小,新北市,五股區,新北市五股區四維路2號,豬肉,114/3/27,豬肉原產地標示,合格,,,
31061,更寮國小,新北市,五股區,新北市五股區四維路2號,前腿肉片,114/4/10,豬肉原產地標示,合格,,,
31062,十分國小,新北市,平溪區,新北市平溪區十分街157號,冷凍後腿肉丁,114/4/17,豬肉原產地標示,合格,,,
31063,菁桐國小,新北市,平溪區,新北市平溪區菁桐街45號,豬絞肉,114/4/17,豬肉原產地標示,合格,,,
31064,平溪國中,新北市,平溪區,新北市平溪區靜安路二段295號,背骨(切)(豬),114/4/17,豬肉原產地標示,合格,,,
31065,永平國小,新北市,永和區,新北市永和區保生路25號,豬肉,114/2/21,豬肉原產地標示,合格,,,
31066,石門國小,新北市,石門區,新北市石門區中央路9號,豬肉,114/6/16,豬肉原產地標示,合格,,,
31067,雲海國小,新北市,石碇區,新北市石碇區北宜路5段坑內巷1號,立大梅花豬,114/6/16,豬肉原產地標示,合格,,,
31068,雲海國小,新北市,石碇區,新北市石碇區北宜路5段坑內巷1號,嘉一香龍骨段,114/6/16,豬肉原產地標示,合格,,,
31069,石碇高中,新北市,石碇區,新北市石碇區隆盛里八分寮45號,豬肉,114/6/16,豬肉原產地標示,合格,,,
31070,永定國小,新北市,石碇區,新北市石碇區靜安路一段245號,細絞肉2:8,114/3/14,豬肉原產地標示,合格,,,
31071,汐止國中,新北市,汐止區,新北市汐止區大同路二段394號,冷凍肉絲,114/2/11,豬肉原產地標示,合格,,,
31072,秀峰國小,新北市,汐止區,新北市汐止區仁愛路90號,卜蜂去骨腿肉丁,114/2/11,豬肉原產地標示,合格,,,
31073,北港國小,新北市,汐止區,新北市汐止區汐萬路二段279號,冷凍梅花肉片,114/2/21,豬肉原產地標示,合格,,,
31074,金龍國小,新北市,汐止區,新北市汐止區明峰街201號,CAS大骨,114/2/11,豬肉原產地標示,合格,,,
31075,金龍國小,新北市,汐止區,新北市汐止區明峰街201號,前腿肉絲,114/2/11,豬肉原產地標示,合格,,,
31076,崇德國小,新北市,汐止區,新北市汐止區茄苳路158號,壽喜燒肉片,114/2/21,豬肉原產地標示,合格,,,
31077,坪林國小,新北市,坪林區,新北市坪林區坪林街114號,絞肉,114/5/21,豬肉原產地標示,合格,,,
31078,中山國小,新北市,板橋區,新北市板橋區大觀路2段59巷31號,絞肉,114/5/2,豬肉原產地標示,合格,,,
31079,大觀國小,新北市,板橋區,新北市板橋區大觀路一段30號,CAS腿肉角,114/2/21,豬肉原產地標示,合格,,,
31080,華僑高中,新北市,板橋區,新北市板橋區大觀路一段32號,豬肉角,114/2/21,豬肉原產地標示,合格,,,
31081,華僑高中,新北市,板橋區,新北市板橋區大觀路一段32號,豬肉,114/2/21,豬肉原產地標示,合格,,,
31082,光仁高中,新北市,板橋區,新北市板橋區中山路二段255巷18號,絞肉,114/4/30,豬肉原產地標示,合格,,,
31083,光仁高中,新北市,板橋區,新北市板橋區中山路二段255巷18號,上肉絲,114/4/30,豬肉原產地標示,合格,,,
31084,江翠國中,新北市,板橋區,新北市板橋區松江街63號,豬肉,114/4/30,豬肉原產地標示,合格,,,
31085,溪洲國小,新北市,板橋區,新北市板橋區金門街289號,立大前腿肉絲,114/2/26,豬肉原產地標示,合格,,,
31086,溪洲國小,新北市,板橋區,新北市板橋區金門街289號,立大大骨段,114/2/26,豬肉原產地標示,合格,,,
31087,忠孝國中,新北市,板橋區,新北市板橋區重慶路168號,津谷豬肉肉絲,114/2/24,豬肉原產地標示,合格,,,
31088,忠孝國中,新北市,板橋區,新北市板橋區重慶路168號,津谷豬肉肉角,114/2/24,豬肉原產地標示,合格,,,
31089,新埔國小,新北市,板橋區,新北市板橋區陽明街206號,豬絞肉,114/2/14,豬肉原產地標示,合格,,,
31090,興福國小,新北市,林口區,新北市林口區下福里20鄰10-1號,豬肉,114/2/21,豬肉原產地標示,合格,,,
31091,新北特教學校,新北市,林口區,新北市林口區文化北路一段425號,豬肉,114/3/28,豬肉原產地標示,合格,,,
31092,瑞平國小,新北市,林口區,新北市林口區後坑34-1號,粗絞肉,114/4/24,豬肉原產地標示,合格,,,
31093,康橋國際高中,新北市,林口區,新北市林口區興林路55號,肉絲(豬後腿),114/4/21,豬肉原產地標示,合格,,,
31094,金山國小,新北市,金山區,新北市金山區中山路234號,津谷中式香腸,114/2/20,豬肉原產地標示,合格,,,
31095,金山高中,新北市,金山區,新北市金山區文化二路二號,豬肉,114/2/20,豬肉原產地標示,合格,,,
31101,三商家購股份有限公司樹林文化分公司,新北市,樹林區,新北市樹林區文化街19號,心樸x泰安去骨雞腿排(原味),114/4/21,動物用藥殘留,合格,,,
31103,全聯實業股份有限公司板橋區運分公司,新北市,板橋區,新北市板橋區區運路22號B1,福福氣冷雞冷凍雞胸切片,114/4/21,動物用藥殘留,合格,,,
31105,全聯實業股份有限公司中和南勢角分公司,新北市,中和區,新北市中和區捷運路29號1樓,福福氣冷雞冷凍去骨腿丁,114/4/21,動物用藥殘留,合格,,,
31107,甕大旺有限公司,新北市,萬里區,新北市萬里區加投路21之2號,雞,114/4/22,動物用藥殘留,合格,,,
31109,家樂福股份有限公司台北板橋分公司,新北市,板橋區,新北市板橋區三民路2段31號B1,櫻桃鴨胸,114/5/20,動物用藥殘留,合格,,,
31186,三商家購股份有限公司樹林文化分公司,新北市,樹林區,新北市樹林區文化街19號,巴沙魚片3入,114/4/21,動物用藥殘留,合格,,,
31188,饗饗新莊店,新北市,新莊區,新北市新莊區思源路555號39樓,宜蘭香魚,114/4/22,動物用藥殘留,合格,,,
31190,家福股份有限公司台北樹林分公司,新北市,樹林區,新北市樹林區大安路118號,冷凍草蝦(HOSO)(泰國),114/5/20,動物用藥殘留,合格,,,
31192,家福股份有限公司淡新分公司,新北市,淡水區,新北市淡水區中山北路2段383號,香魚,114/5/26,動物用藥殘留,合格,,,
31389,棉花田生機園地股份有限公司福和門市,新北市,永和區,新北市永和區福和路162號1樓,羊舍鮮羊乳,114/4/21,動物用藥殘留,合格,,,
31391,蘇O右攤商,新北市,板橋區,新北市板橋區中興路37號,豬粉腸(台灣),114/4/23,動物用藥殘留,合格,,,
31393,新鮮黑豬肉,新北市,蘆洲區,新北市蘆洲區中華街6巷58號,豬小腸(台灣),114/4/25,動物用藥殘留,合格,,,
31395,雙翼食品有限公司,新北市,樹林區,新北市樹林區忠愛街1號,津谷豬肉肉絲(台灣),114/5/7,動物用藥殘留,合格,,,
31397,寬大食品有限公司,新北市,新店區,新北市新店區民生路29號,肉片(豬肉)(台灣),114/5/7,動物用藥殘留,合格,,,
31399,上將食品有限公司,新北市,新莊區,新北市新莊區幸福東路86號,腿肉絲(台灣豬),114/5/6,動物用藥殘留,合格,,,
31401,久翔食品股份有限公司,新北市,樹林區,新北市樹林區武林街16號之1,前腿肉絲(台灣豬),114/5/8,動物用藥殘留,合格,,,
31403,食家安飲食文化股份有限公司,新北市,汐止區,新北市汐止區福德一路328巷1號1樓,去皮五花底(台灣豬),114/5/12,動物用藥殘留,合格,,,
31405,全盛美食有限公司,新北市,樹林區,新北市樹林區保安街3段1巷1號,腿肉條(台灣豬),114/5/12,動物用藥殘留,合格,,,
31407,新北食品股份有限公司,新北市,三重區,新北市三重區國道路1段59號,腿肉角(台灣豬),114/5/12,動物用藥殘留,合格,,,
31409,愛欣食品有限公司,新北市,淡水區,新北市淡水區八勢一街一號,肉片(台灣豬),114/5/12,動物用藥殘留,合格,,,
31411,尚汶肉攤,新北市,樹林區,新北市樹林區保安街1段14巷49號,豬肉(台灣),114/5/13,動物用藥殘留,合格,,,
31413,泓霖食品有限公司,新北市,土城區,新北市土城區承天路71巷4弄21號1樓,(台灣)(豬肉)腿肉角(紅),114/5/13,動物用藥殘留,合格,,,
31415,威宏肉品店,新北市,樹林區,新北市樹林區保安街1段14巷49號,豬肉(台灣),114/5/13,動物用藥殘留,合格,,,
31416,三商家購股份有限公司樹林文化分公司,新北市,樹林區,新北市樹林區文化街19號,心樸x泰安去骨雞腿排(原味),114/4/21,農藥殘留,合格,,,
31417,宏遠國際餐飲股份有限公司,新北市,五股區,新北市五股區五權路54號,腿肉絲(台灣豬),114/5/13,動物用藥殘留,合格,,,
31418,全聯實業股份有限公司板橋區運分公司,新北市,板橋區,新北市板橋區區運路22號B1,福福氣冷雞冷凍雞胸切片,114/4/21,農藥殘留,合格,,,
31419,全聯實業股份有限公司中和南勢角分公司,新北市,中和區,新北市中和區捷運路29號1樓,豬五花火鍋肉片(台灣豬),114/5/13,動物用藥殘留,合格,,,
31420,全聯實業股份有限公司中和南勢角分公司,新北市,中和區,新北市中和區捷運路29號1樓,福福氣冷雞冷凍去骨腿丁,114/4/21,農藥殘留,合格,,,
31421,全聯實業股份有限公司新莊豐年分公司,新北市,新莊區,新北市新莊區豐年街21號1樓,精緻絞肉(臺灣豬),114/5/13,動物用藥殘留,合格,,,
31422,甕大旺有限公司,新北市,萬里區,新北市萬里區加投路21之2號,雞,114/4/22,農藥殘留,合格,,,
31423,全聯實業股份有限公司新莊豐年分公司,新北市,新莊區,新北市新莊區豐年街21號1樓,後腿肉絲(臺灣豬),114/5/13,動物用藥殘留,合格,,,
31425,群品餐飲股份有限公司石二鍋中和景平店,新北市,中和區,新北市中和區景平路258號1樓,去皮去骨胛心肉(梅花)(巴拉圭豬),114/5/13,動物用藥殘留,合格,,,
31427,群品餐飲股份有限公司石二鍋中和景平店,新北市,中和區,新北市中和區景平路258號1樓,橄欖豬梅花西班牙豬,114/5/13,動物用藥殘留,合格,,,
31429,茗江食品有限公司,新北市,新莊區,新北市新莊區公園路130號1樓,丹麥梅花豬肉片,114/5/13,動物用藥殘留,合格,,,
31431,茗江食品有限公司,新北市,新莊區,新北市新莊區公園路130號1樓,丹麥豬絞肉,114/5/13,動物用藥殘留,合格,,,
31433,錢曆涮涮鍋店,新北市,土城區,新北市土城區立德路76號1樓,梅花豬肉(丹麥),114/5/13,動物用藥殘留,合格,,,
31435,真大旺小吃店,新北市,土城區,新北市土城區金城路3段228號,白肉片(台灣豬),114/5/13,動物用藥殘留,合格,,,
31437,鐵皮屋鐵板燒,新北市,新店區,新北市新店區大豐路28號1樓,梅花肉0.2CM(豬肉)(西班牙),114/5/14,動物用藥殘留,合格,,,
31439,珍品軒食品有限公司,新北市,中和區,新北市中和區立德街112號地下1樓,豬肉片(台灣),114/5/14,動物用藥殘留,合格,,,
31441,海宴日式和風涮涮屋,新北市,三峽區,新北市三峽區中正路1段75之1號,豬梅肉(豬肉)(巴拉圭),114/5/14,動物用藥殘留,合格,,,
31443,百原食品有限公司,新北市,五股區,新北市五股區中興路1段61號,肉絲(台灣豬),114/5/15,動物用藥殘留,合格,,,
31445,統鮮美食股份有限公司,新北市,三重區,新北市三重區中興北街136巷18弄18號1樓,後腿肉條(台灣豬),114/5/15,動物用藥殘留,合格,,,
31447,水剌韓式料理新店旗鑑店,新北市,新店區,新北市新店區中興路3段70號6樓,梅花肉(豬肉)(丹麥),114/5/15,動物用藥殘留,合格,,,
31449,特耀餐飲服務股份有限公司,新北市,五股區,新北市五股區五工一路101號1樓,豬梅花(巴拉圭豬),114/5/16,動物用藥殘留,合格,,,
31451,特耀餐飲服務股份有限公司,新北市,五股區,新北市五股區五工一路101號1樓,去皮豬五花肉(丹麥豬),114/5/16,動物用藥殘留,合格,,,
31453,力太國際有限公司工廠,新北市,新莊區,新北市新莊區化成路195巷10號,帶皮五花肉(荷蘭豬),114/5/16,動物用藥殘留,合格,,,
31455,力太國際有限公司工廠,新北市,新莊區,新北市新莊區化成路195巷10號,冷凍豬梅花肉(丹麥),114/5/16,動物用藥殘留,合格,,,
31457,阿禧鮮魚行,新北市,板橋區,新北市板橋區干城路20巷8號,豬梅花捲(丹麥豬),114/5/16,動物用藥殘留,合格,,,
31459,鼎軒有限公司,新北市,板橋區,新北市板橋區重慶路60號1樓,西班牙伊比利豬五花火鍋肉片(西班牙),114/5/16,動物用藥殘留,合格,,,
31461,鼎軒有限公司,新北市,板橋區,新北市板橋區重慶路60號1樓,西班牙伊比利豬五花燒烤肉片(西班牙),114/5/16,動物用藥殘留,合格,,,
31463,美新企業有限公司,新北市,板橋區,新北市板橋區板城路267號,西班牙嚴選松阪豬250g(西班牙豬),114/5/16,動物用藥殘留,合格,,,
31465,美新企業有限公司,新北市,板橋區,新北市板橋區板城路267號,頂級伊比利豬梅花燒烤片200g(西班牙豬),114/5/16,動物用藥殘留,合格,,,
31467,三商家購股份有限公司永和福和分公司,新北市,永和區,新北市永和區福和路57巷9號,肉絲(台灣豬),114/5/19,動物用藥殘留,合格,,,
31469,三商家購股份有限公司永和福和分公司,新北市,永和區,新北市永和區福和路57巷9號,心樸台灣豬五花肉片(台灣豬),114/5/19,動物用藥殘留,合格,,,
31471,廣源商貿有限公司,新北市,新莊區,新北市新莊區新莊路1號之5,澳洲穀飼橫膈(馬辣)(澳洲牛),114/5/20,動物用藥殘留,合格,,,
31473,統康生活事業股份有限公司永和分公司,新北市,永和區,新北市永和區保福路2段74號B1,冷藏澳洲穀飼牛肋條(澳洲牛),114/5/22,動物用藥殘留,合格,,,
31518,廣源商貿有限公司,新北市,新莊區,新北市新莊區新莊路1號之5,澳洲穀飼橫膈(馬辣)(澳洲牛),114/5/20,農藥殘留,合格,,,
31520,統康生活事業股份有限公司永和分公司,新北市,永和區,新北市永和區保福路2段74號B1,冷藏澳洲穀飼牛肋條(澳洲牛),114/5/22,農藥殘留,合格,,,
31771,久翔食品股份有限公司,新北市,樹林區,新北市樹林區金寮里武林街16號之1(1~2樓)，16之2號1樓,-,114/4/17,GHP,合格,,,
31772,統皓食品股份有限公司五股廠,新北市,五股區,新北市五股區五權路49號3、4樓,-,114/4/23,GHP,不合格,違反食安法第8條，依同法第47條裁處,60000,
31773,昱品食品有限公司,新北市,樹林區,新北市樹林區三福里忠愛街二號一樓,-,114/4/2,GHP,合格,,,
31774,東坤國際實業有限公司,新北市,三重區,新北市三重區頂崁里光復路2段188號1、2樓,-,114/4/14,GHP,合格,,,
31775,松村實業有限公司,新北市,新莊區,新北市新莊區西盛里民安路420巷1號之8,-,114/4/24,GHP,合格,,,
31776,膳安國際股份有限公司,新北市,五股區,新北市五股區興珍里五權二路21號(1、2樓),-,114/4/23,GHP,合格,,,
31777,津安食品有限公司,新北市,新莊區,新北市新莊區中正路81巷1號1樓,-,114/4/21,GHP,合格,,,
31851,久翔食品股份有限公司,新北市,樹林區,新北市樹林區金寮里武林街16號之1(1~2樓)，16之2號1樓,桶餐,114/3/11,食品微生物,合格,,,
31852,久翔食品股份有限公司,新北市,樹林區,新北市樹林區金寮里武林街16號之1(1~2樓)，16之2號1樓,義大利麵,114/3/11,防腐劑、殺菌劑,合格,,,
31853,久翔食品股份有限公司,新北市,樹林區,新北市樹林區金寮里武林街16號之1(1~2樓)，16之2號1樓,瘦肉絞肉0.8cm(台灣豬),114/3/11,動物用藥殘留,合格,,,
31854,統皓食品股份有限公司五股廠,新北市,五股區,新北市五股區五權路49號3、4樓,全聯美味堂排骨便當(晚餐),114/3/13,食品微生物,合格,,,
31855,統皓食品股份有限公司五股廠,新北市,五股區,新北市五股區五權路49號3、4樓,非基改小豆干,114/3/13,殺菌劑,合格,,,
31857,統皓食品股份有限公司五股廠,新北市,五股區,新北市五股區五權路49號3、4樓,肉柳0.8(豬原產地:台灣),114/3/13,動物用藥殘留,合格,,,
31858,昱品食品有限公司,新北市,樹林區,新北市樹林區三福里忠愛街二號一樓,桶餐,114/3/14,食品微生物,合格,,,
31859,昱品食品有限公司,新北市,樹林區,新北市樹林區三福里忠愛街二號一樓,油麵,114/3/14,防腐劑、殺菌劑,合格,,,
31860,昱品食品有限公司,新北市,樹林區,新北市樹林區三福里忠愛街二號一樓,前腿肉絲(台灣豬),114/3/14,動物用藥殘留,合格,,,
31861,東坤國際實業有限公司,新北市,三重區,新北市三重區頂崁里光復路2段188號1、2樓,便當,114/3/18,食品微生物,合格,,,
31862,東坤國際實業有限公司,新北市,三重區,新北市三重區頂崁里光復路2段188號1、2樓,麵腸切,114/3/18,防腐劑、殺菌劑,合格,,,
31863,東坤國際實業有限公司,新北市,三重區,新北市三重區頂崁里光復路2段188號1、2樓,肉排(台灣豬),114/4/25,動物用藥殘留,合格,,,
31864,松村實業有限公司,新北市,新莊區,新北市新莊區西盛里民安路420巷1號之8,豆皮壽司,114/3/18,食品微生物,合格,,,
31865,松村實業有限公司,新北市,新莊區,新北市新莊區西盛里民安路420巷1號之8,鴻運三角壽司豆皮80片(6*6),114/3/11,防腐劑、殺菌劑,合格,,,
31866,膳安國際股份有限公司,新北市,五股區,新北市五股區興珍里五權二路21號(1、2樓),月子餐,114/3/17,食品微生物,合格,,,
31867,膳安國際股份有限公司,新北市,五股區,新北市五股區興珍里五權二路21號(1、2樓),中華板豆腐,114/3/17,防腐劑、殺菌劑,合格,,,
31868,膳安國際股份有限公司,新北市,五股區,新北市五股區興珍里五權二路21號(1、2樓),前腿肉片(台灣豬),114/3/17,動物用藥殘留,合格,,,
31869,津安食品有限公司,新北市,新莊區,新北市新莊區中正路81巷1號1樓,月子餐,114/3/12,食品微生物,合格,,,
31870,津安食品有限公司,新北市,新莊區,新北市新莊區中正路81巷1號1樓,中華非基因改造黃豆超嫩豆腐,114/3/12,防腐劑、殺菌劑,合格,,,
31871,津安食品有限公司,新北市,新莊區,新北市新莊區中正路81巷1號1樓,肉絲(台灣豬),114/3/12,動物用藥殘留,合格,,,
32051,佳香醬園,新北市,板橋區,新北市板橋區和平路63巷6號B1樓,-,114/4/16,GHP,合格,,,
32052,典韓實業有限公司,新北市,三重區,新北市三重區光復路2段39巷2之1號,-,114/5/8,GHP,合格,,,
32053,高麗國有限公司,新北市,林口區,新北市林口區工七路4號1樓,-,114/4/18,GHP,合格,,,
32054,雷媽手作坊,新北市,新店區,新北市新店區永平街83巷3號3樓,-,114/4/9,GHP,合格,,,
32055,誼光食品有限公司,新北市,新莊區,新北市新莊區化成路293巷11號,-,114/5/1,GHP,合格,,,
32056,醄醴股份有限公司,新北市,新莊區,新北市新莊區福興里五權二路24號6樓之4,-,114/5/2,GHP,合格,,,
32057,韓蜜食品有限公司,新北市,鶯歌區,新北市鶯歌區二甲里二甲路中心巷13弄2號,-,114/4/30,GHP,合格,,,
32123,典韓實業有限公司,新北市,三重區,新北市三重區光復路2段39巷2之1號,泡菜,114/4/10,標示,合格,,,
32124,高麗國有限公司,新北市,林口區,新北市林口區工七路4號1樓,韓式泡菜,114/3/26,標示,合格,,,
32125,高麗國有限公司,新北市,林口區,新北市林口區工七路4號1樓,黃金泡菜,114/3/26,標示,合格,,,
32126,高麗國有限公司,新北市,林口區,新北市林口區工七路4號1樓,韓式蘿蔔乾,114/3/26,標示,合格,,,
32127,誼光食品有限公司,新北市,新莊區,新北市新莊區化成路293巷11號,老陳廚房黃金泡菜,114/4/9,標示,合格,,,
32128,誼光食品有限公司,新北市,新莊區,新北市新莊區化成路293巷11號,老陳廚房韓式泡菜,114/4/9,標示,合格,,,
32129,醄醴股份有限公司,新北市,新莊區,新北市新莊區福興里五權二路24號6樓之4,翠玉白菜,114/4/21,標示,合格,,,
32130,醄醴股份有限公司,新北市,新莊區,新北市新莊區福興里五權二路24號6樓之4,切片白菜,114/4/21,標示,合格,,,
32131,醄醴股份有限公司,新北市,新莊區,新北市新莊區福興里五權二路24號6樓之4,柚香大根,114/4/21,標示,合格,,,
32132,韓蜜食品有限公司,新北市,鶯歌區,新北市鶯歌區二甲里二甲路中心巷13弄2號,韓式泡菜(切),114/4/9,標示,合格,,,
32218,佳香醬園,新北市,板橋區,新北市板橋區和平路63巷6號B1樓,醃蘿蔔,114/4/1,防腐劑、漂白劑,合格,,,
32219,典韓實業有限公司,新北市,三重區,新北市三重區光復路2段39巷2之1號,泡菜,114/4/10,防腐劑、漂白劑,合格,,,
32220,高麗國有限公司,新北市,林口區,新北市林口區工七路4號1樓,韓式泡菜,114/3/26,防腐劑、漂白劑,合格,,,
32221,雷媽手作坊,新北市,新店區,新北市新店區永平街83巷3號3樓,韓式泡菜,114/4/1,防腐劑、漂白劑,合格,,,
32222,誼光食品有限公司,新北市,新莊區,新北市新莊區化成路293巷11號,老陳廚房韓式泡菜,114/4/9,防腐劑、漂白劑,合格,,,
32223,醄醴股份有限公司,新北市,新莊區,新北市新莊區福興里五權二路24號6樓之4,翠玉白菜,114/4/21,防腐劑、漂白劑,合格,,,
32224,韓蜜食品有限公司,新北市,鶯歌區,新北市鶯歌區二甲里二甲路中心巷13弄2號,韓式泡菜(切)(大白菜),114/4/9,防腐劑、漂白劑,合格,,,
32301,佳香醬園,新北市,板橋區,新北市板橋區和平路63巷6號B1樓,醃蘿蔔,114/4/1,食品中微生物,合格,,,
32302,典韓實業有限公司,新北市,三重區,新北市三重區光復路2段39巷2之1號,泡菜,114/4/10,食品中微生物,合格,,,
32303,高麗國有限公司,新北市,林口區,新北市林口區工七路4號1樓,韓式泡菜,114/3/26,食品中微生物,合格,,,
32304,雷媽手作坊,新北市,新店區,新北市新店區永平街83巷3號3樓,韓式泡菜,114/4/1,食品中微生物,合格,,,
32305,誼光食品有限公司,新北市,新莊區,新北市新莊區化成路293巷11號,老陳廚房韓式泡菜,114/4/9,食品中微生物,合格,,,
32306,醄醴股份有限公司,新北市,新莊區,新北市新莊區福興里五權二路24號6樓之4,翠玉白菜,114/4/21,食品中微生物,合格,,,
32307,韓蜜食品有限公司,新北市,鶯歌區,新北市鶯歌區二甲里二甲路中心巷13弄2號,韓式泡菜(切)(大白菜),114/4/9,食品中微生物,合格,,,
32368,耆盛企業股份有限公司,新北市,樹林區,新北市樹林區八德街280號3樓,VV枸杞王(調理用),114/5/2,農藥(菲克利),不合格,依食安法第44條裁處,60000,
32394,顏○蓉即宇隆行,新北市,板橋區,新北市板橋區,蘿蔔,114/5/28,農藥(賽速安),不合格,依食安法第44條裁處,60000,
32427,全聯實業股份有限公司板橋三民分公司,新北市,板橋區,新北市板橋區三民路一段210號B1樓,大黃瓜,114/4/23,農藥殘留,合格,,,
32429,京鰲農產商行,新北市,新店區,新北市新店區建國路105號,大黃瓜,114/4/24,農藥殘留,合格,,,
32431,棉花田生機園地股份有限公司新莊新泰門市,新北市,新莊區,新北市新莊區新泰路97號1樓,有機瓠瓜,114/5/19,農藥殘留,合格,,,
32433,元鑫蔬果行,新北市,永和區,新北市永和區民族街180號,圓蒲,114/5/21,農藥殘留,合格,,,
32474,全聯實業股份有限公司永和福和分公司,新北市,永和區,新北市永和區福和路353號1樓,甘藍(高麗菜),114/5/20,農藥殘留,合格,,,
32476,好市多股份有限公司中和分公司,新北市,中和區,新北市中和區中山路二段347號,球芽甘藍,114/5/23,農藥殘留,合格,,,
32491,菓珍好水果行,新北市,中和區,新北市中和區連城路235號,四季豆,114/4/23,農藥殘留,合格,,,
32493,家福股份有限公司新莊中港分公司,新北市,新莊區,新北市新莊區中港路336號,履歷敏豆,114/4/29,農藥殘留,合格,,,
32495,百悅複合式餐飲店建國店,新北市,鶯歌區,新北市鶯歌區建國路108號2樓,四季豆,114/4/30,農藥殘留,合格,,,
32497,全聯實業股份有限公司三重仁愛分公司,新北市,三重區,新北市三重區仁愛街278號1樓,青菜豆,114/5/20,農藥殘留,合格,,,
32499,洪正和,新北市,板橋區,新北市板橋區中正路236巷45號,豇豆,114/5/22,農藥殘留,合格,,,
32511,奇麟企業有限公司(網購平台),新北市,林口區,新北市林口區文化二路一段277號,四季豆,114/4/29,農藥殘留,合格,,,
32540,根嶺網有限公司(網購平台),新北市,三重區,新北市三重區五華街93巷93號,孢子甘藍,114/4/30,農藥殘留,合格,,,
32543,優食台灣股份有限公司(網購平台),新北市,五股區,新北市五股區五權五路27號3樓,嚴選長豆,114/4/29,農藥殘留,合格,,,
32616,康○勝,新北市,板橋區,新北市板橋區,芥藍,114/4/23,農藥殘留,合格,,,
32618,王品餐飲股份有限公司享鴨板橋縣民大道店,新北市,板橋區,新北市板橋區縣民大道二段1號1樓,水蓮,114/4/23,農藥殘留,合格,,,
32620,口福小吃店,新北市,三重區,新北市三重區集美街200號,紅鳳菜,114/4/24,農藥殘留,合格,,,
32622,全聯實業股份有限公司板橋公館分公司,新北市,板橋區,新北市板橋區文化路一段101巷13號B1樓,紅鳳菜,114/4/24,農藥殘留,合格,,,
32624,京鰲農產商行,新北市,新店區,新北市新店區建國路105號,水蓮,114/4/24,農藥殘留,合格,,,
32626,安定鮮菇蔬菜行,新北市,板橋區,新北市板橋區板城路1000號,水蓮,114/4/29,農藥殘留,合格,,,
32628,上林小識蔬菜行,新北市,板橋區,新北市板橋區板城路1000號,格藍芽,114/4/30,農藥殘留,合格,,,
32630,新北市金山區農會生鮮超市金山店,新北市,金山區,新北市金山區中山路232號,水蓮,114/4/30,農藥殘留,合格,,,
32632,施○榮,新北市,林口區,新北市林口區,皇宮菜小葉,114/5/20,農藥殘留,合格,,,
32634,方○強,新北市,林口區,新北市林口區,青江菜,114/5/20,農藥殘留,合格,,,
32636,家福股份有限公司臺北樹林分公司,新北市,樹林區,新北市樹林區大安路118號,有機青江菜,114/5/20,農藥殘留,合格,,,
32638,桂冠餐飲店(市招:麗媽四季鍋),新北市,板橋區,新北市板橋區新海路88號,青江菜,114/5/21,農藥殘留,合格,,,
32640,新北市樹林區農會農特產品直銷中心,新北市,樹林區,新北市樹林區鎮前街77號,有機皇宮菜,114/5/21,農藥殘留,合格,,,
32642,統健實業股份有限公司永安門市,新北市,中和區,新北市中和區中和路400巷12弄1號1樓,有機皇宮菜,114/5/23,農藥殘留,合格,,,
32687,全聯實業股份有限公司新莊丹鳳分公司,新北市,新莊區,新北市新莊區新北大道七段772號B1樓,金圓頭奇異果,114/4/23,農藥殘留,合格,,,
32689,統康生活事業股份有限公司中和環球門市,新北市,中和區,新北市中和區中山路三段122號B2樓,金圓頭奇異果,114/4/23,農藥殘留,合格,,,
32691,淡水青菓行,新北市,淡水區,新北市淡水區淡金路一段20號,黃金奇異果,114/4/24,農藥殘留,合格,,,
32720,奇麟企業有限公司(網購平台),新北市,林口區,新北市林口區文化二路一段277號,紅莧菜,114/4/29,農藥殘留,合格,,,
32722,奇麟企業有限公司(網購平台),新北市,林口區,新北市林口區文化二路一段277號,青江菜,114/4/29,農藥殘留,合格,,,
32829,家福股份有限公司臺北板橋分公司,新北市,板橋區,新北市板橋區三民路二段31號地下室及地下室之1,藍莓,114/4/23,農藥殘留,合格,,,
32831,家福股份有限公司新莊新泰分公司,新北市,新莊區,新北市新莊區新泰路85號B1樓,履歷子彈蓮霧,114/4/23,農藥殘留,合格,,,
32833,蜜世界蔬果專賣店,新北市,永和區,新北市永和區永和路一段7號,楊桃,114/4/25,農藥殘留,合格,,,
32835,遠百企業股份有限公司三重分公司,新北市,三重區,新北市三重區中正北路193巷45號,藍莓,114/4/25,農藥殘留,合格,,,
32837,泰和蔬果行,新北市,中和區,新北市中和區泰和街38巷1號,蓮霧,114/4/30,農藥殘留,合格,,,
32839,尚青水果大賣場,新北市,泰山區,新北市泰山區泰林路二段115號,楊桃,114/4/29,農藥殘留,合格,,,
32890,根嶺網有限公司(網購平台),新北市,三重區,新北市三重區五華街93巷93號,白莧菜,114/4/30,農藥殘留,合格,,,
32893,芯鮮果國際有限公司,新北市,板橋區,新北市板橋區芯鮮果國際有限公司,玉荷包荔枝,114/5/29,農藥殘留,合格,,,
32895,築地一番鮮有限公司,新北市,板橋區,新北市板橋區屏東縣屏東市厚生里延平一路294號2樓,玉荷包荔枝,114/6/2,農藥殘留,合格,,,
32897,統健實業股份有限公司,新北市,新店區,新北市新店區北新路一段267號1樓,玉荷包,114/6/3,農藥殘留,合格,,,
33005,大晉水果廣場,新北市,新莊區,新北市新莊區中華路二段26之1號,富士蘋果,114/5/19,農藥殘留,合格,,,
33007,正明水果行,新北市,板橋區,新北市板橋區板城路1000號,蘋果,114/6/3,農藥殘留,合格,,,
33015,奇麟企業有限公司(網購平台),新北市,林口區,新北市林口區文化二路一段277號,可口蘋果,114/4/29,農藥殘留,合格,,,
33077,奇麟企業有限公司(網購平台),新北市,林口區,新北市林口區文化二路一段277號,檸檬,114/4/29,農藥殘留,合格,,,
33094,統康生活事業股份有限公司中和環球門市,新北市,中和區,新北市中和區中山路三段122號B2樓,地瓜,114/4/23,農藥殘留,合格,,,
33096,家福股份有限公司重新分公司,新北市,三重區,新北市三重區重新路五段654號,地瓜,114/4/28,農藥殘留,合格,,,
33098,家福股份有限公司板橋店,新北市,板橋區,新北市板橋區三民路二段31號B1,蘆筍,114/5/20,農藥殘留,合格,,,
33100,家福股份有限公司蘆洲分公司,新北市,三重區,新北市三重區五華街282號,蘆筍,114/5/21,農藥殘留,合格,,,
33102,新北市五股區農會生鮮超級市場,新北市,五股區,新北市五股區民義路一段21號,綠竹筍,114/5/22,農藥殘留,合格,,,
33104,遠百企業股份有限公司三重分公司,新北市,三重區,新北市三重區中正北路193巷45號,烏殼綠竹筍,114/5/23,農藥殘留,合格,,,
33135,進豐蔘茸藥行,新北市,三重區,新北市三重區重陽路二段64號1樓,菊花,114/4/29,農藥殘留,合格,,,
33137,裕榮蔘藥行,新北市,永和區,新北市永和區成功路二段118號,生機菊花,114/4/30,農藥殘留,合格,,,
33139,新北市板橋區農會板農活力超市,新北市,板橋區,新北市板橋區府中路29號B1樓,杭菊,114/5/1,農藥殘留,合格,,,
33143,奇麟企業有限公司(網購平台),新北市,林口區,新北市林口區文化二路一段277號,香菜,114/4/29,農藥殘留,合格,,,
33150,根嶺網有限公司(網購平台),新北市,三重區,新北市三重區五華街93巷93號,白蘿蔔,114/4/30,農藥殘留,合格,,,
33207,統康生活事業股份有限公司學成分公司,新北市,樹林區,新北市樹林區學成路536號,履歷黃秋葵,114/4/24,農藥殘留,合格,,,
33208,王○蓁,新北市,新莊區,新北市新莊區,秋葵,114/4/25,農藥殘留,合格,,,
33209,宏昌雜糧行,新北市,泰山區,新北市泰山區中港西路169號之9,金針,114/5/19,農藥殘留,合格,,,
33210,忠孝排骨便當店,新北市,鶯歌區,新北市鶯歌區鶯桃路437號,金針(乾燥),114/5/20,農藥殘留,合格,,,
33223,奇麟企業有限公司(網購平台),新北市,林口區,新北市林口區文化二路一段277號,大辣椒,114/4/29,農藥殘留,合格,,,
33237,優食台灣股份有限公司(網購平台),新北市,五股區,新北市五股區五權五路27號3樓,朝天椒,114/4/29,農藥殘留,合格,,,
33242,擇食股份有限公司,新北市,新店區,新北市新店區民權路42巷59弄1號5樓(製造場所),-,114/4/16,GHP,合格,,,
33243,奕芃手作甜點店,新北市,板橋區,新北市板橋區民權路256號1樓,-,114/3/28,GHP,合格,,,
33244,巧櫻有限公司(七見櫻堂),新北市,中和區,新北市中和區員富里中正路1215號2樓(二廠),-,114/4/14,GHP,合格,,,
33245,黑方國際有限公司,新北市,樹林區,新北市樹林區俊英街5之2號,-,114/6/2,GHP,合格,,,
33318,奕芃手作甜點店,新北市,板橋區,新北市板橋區民權路256號1樓,榛果夾心巧克力,114/3/12,標示,合格,,,
33319,奕芃手作甜點店,新北市,板橋區,新北市板橋區民權路256號1樓,龍眼蜂蜜夾心巧克力,114/3/12,標示,合格,,,
33320,奕芃手作甜點店,新北市,板橋區,新北市板橋區民權路256號1樓,百香果夾心巧克力,114/3/12,標示,合格,,,
33321,奕芃手作甜點店,新北市,板橋區,新北市板橋區民權路256號1樓,麥香紅茶夾心巧克力,114/3/12,標示,合格,,,
33322,奕芃手作甜點店,新北市,板橋區,新北市板橋區民權路256號1樓,玄米夾心巧克力,114/3/12,標示,合格,,,
33323,奕芃手作甜點店,新北市,板橋區,新北市板橋區民權路256號1樓,伯爵夾心巧克力,114/3/12,標示,合格,,,
33324,奕芃手作甜點店,新北市,板橋區,新北市板橋區民權路256號1樓,紅桃黑醋栗夾心巧克力,114/3/12,標示,合格,,,
33325,奕芃手作甜點店,新北市,板橋區,新北市板橋區民權路256號1樓,芒果烏龍夾心巧克力(含餡),114/3/12,標示,合格,,,
33326,奕芃手作甜點店,新北市,板橋區,新北市板橋區民權路256號1樓,茉莉覆盆子夾心巧克力夾心,114/3/12,標示,合格,,,
33327,奕芃手作甜點店,新北市,板橋區,新北市板橋區民權路256號1樓,荔枝玫瑰紅茶夾心巧克力(含餡),114/3/12,標示,合格,,,
33328,奕芃手作甜點店,新北市,板橋區,新北市板橋區民權路256號1樓,青檸咖啡夾心巧克力(含餡),114/3/12,標示,合格,,,
33329,奕芃手作甜點店,新北市,板橋區,新北市板橋區民權路256號1樓,香草夾心巧克力(含餡),114/3/12,標示,合格,,,
33330,巧櫻有限公司(七見櫻堂),新北市,中和區,新北市中和區員富里中正路1215號2樓(二廠),御銘酒造台灣酒糖巧克力,114/3/11,標示,合格,,,
33331,黑方國際有限公司,新北市,樹林區,新北市樹林區俊英街5之2號,100%黑巧克力薄片,114/3/10,標示,合格,,,
33332,黑方國際有限公司,新北市,樹林區,新北市樹林區俊英街5之2號,70%東方美人巧克力,114/3/10,標示,合格,,,
33333,黑方國際有限公司,新北市,樹林區,新北市樹林區俊英街5之2號,抹茶生巧克力,114/3/10,標示,合格,,,
33463,擇食股份有限公司,新北市,新店區,新北市新店區民權路42巷59弄1號5樓(製造場所),喫紅烏龍鳳梨,114/4/16,環氧乙烷,合格,,,
33464,擇食股份有限公司,新北市,新店區,新北市新店區民權路42巷59弄1號5樓(製造場所),歌劇可可脂,114/4/16,苯(a)駢芘,合格,,,
33465,擇食股份有限公司,新北市,新店區,新北市新店區民權路42巷59弄1號5樓(製造場所),歌劇可可脂,114/4/16,總黃麴毒素,合格,,,
33466,奕芃手作甜點店,新北市,板橋區,新北市板橋區民權路256號1樓,歐可亞黑巧克力(鈕扣狀),114/3/12,苯(a)駢芘,合格,,,
33467,奕芃手作甜點店,新北市,板橋區,新北市板橋區民權路256號1樓,歐可亞黑巧克力(鈕扣狀),114/3/12,總黃麴毒素,合格,,,
33468,巧櫻有限公司(七見櫻堂),新北市,中和區,新北市中和區員富里中正路1215號2樓(二廠),金門高粱酒糖巧克力,114/3/11,環氧乙烷,合格,,,
33469,巧櫻有限公司(七見櫻堂),新北市,中和區,新北市中和區員富里中正路1215號2樓(二廠),花郜苦甜調溫巧克力70%(鈕扣),114/3/11,苯(a)駢芘,合格,,,
33470,巧櫻有限公司(七見櫻堂),新北市,中和區,新北市中和區員富里中正路1215號2樓(二廠),花郜苦甜調溫巧克力70%(鈕扣),114/3/11,總黃麴毒素,合格,,,
33471,黑方國際有限公司,新北市,樹林區,新北市樹林區俊英街5之2號,100%黑巧克力薄片,114/3/10,環氧乙烷,合格,,,
33472,黑方國際有限公司,新北市,樹林區,新北市樹林區俊英街5之2號,可可豆,114/3/10,農藥殘留,合格,,,
33473,黑方國際有限公司,新北市,樹林區,新北市樹林區俊英街5之2號,可可豆,114/3/10,磷化氫,合格,,,
33558,漢鼎物業有限公司(餃逐天下),新北市,石碇區,新北市石碇區文山路一段6號(石碇服務區),-,114/4/2,GHP,合格,,,
33559,貫慶有限公司(大井屋拉麵),新北市,石碇區,新北市石碇區文山路一段6號(石碇服務區),-,114/4/2,GHP,合格,,,
33560,路易莎咖啡股份有限公司(路易莎咖啡),新北市,石碇區,新北市石碇區文山路一段6號(石碇服務區),-,114/4/2,GHP,合格,,,
33561,全家便利商店股份有限公司(全家便利商店),新北市,石碇區,新北市石碇區文山路一段6號(石碇服務區),-,114/4/2,GHP,合格,,,
33562,食幸國際有限公司(金名號鹿野土雞肉飯),新北市,石碇區,新北市石碇區文山路一段6號(石碇服務區),-,114/4/2,GHP,合格,,,
33563,艾芝園食品行,新北市,石碇區,新北市石碇區文山路一段6號(石碇服務區),-,114/4/2,GHP,合格,,,
33763,漢鼎物業有限公司(餃逐天下),新北市,石碇區,新北市石碇區文山路一段6號(石碇服務區),-,114/4/2,標示,合格,,,
33764,貫慶有限公司(大井屋拉麵),新北市,石碇區,新北市石碇區文山路一段6號(石碇服務區),-,114/4/2,標示,合格,,,
33765,路易莎咖啡股份有限公司(路易莎咖啡),新北市,石碇區,新北市石碇區文山路一段6號(石碇服務區),-,114/4/2,標示,合格,,,
33766,全家便利商店股份有限公司(全家便利商店),新北市,石碇區,新北市石碇區文山路一段6號(石碇服務區),-,114/4/2,標示,合格,,,
33767,食幸國際有限公司(金名號鹿野土雞肉飯),新北市,石碇區,新北市石碇區文山路一段6號(石碇服務區),-,114/4/2,標示,合格,,,
33768,艾芝園食品行,新北市,石碇區,新北市石碇區文山路一段6號(石碇服務區),-,114/4/2,標示,合格,,,
33931,漢鼎物業有限公司(餃逐天下),新北市,石碇區,新北市石碇區文山路一段6號(石碇服務區),辣豆瓣,114/4/2,防腐劑,合格,,,
33932,貫慶有限公司(大井屋拉麵),新北市,石碇區,新北市石碇區文山路一段6號(石碇服務區),麵,114/4/2,邦克列酸,合格,,,
33933,路易莎咖啡股份有限公司(路易莎咖啡),新北市,石碇區,新北市石碇區文山路一段6號(石碇服務區),紅蜜鮮奶茶,114/4/2,食品中微生物衛生標準,合格,,,
34076,新北市板橋區農會板農活力超市,新北市,板橋區,新北市板橋區府中路29號B1樓,純手工花生糖,114/5/27,真菌毒素,合格,,,—
34077,鏗達實業有限公司,新北市,泰山區,新北市泰山區泰林路2段292巷3號,花生粉,114/5/26,真菌毒素,合格,,,—
34078,士平企業有限公司,新北市,新莊區,新北市新莊區新樹路67巷8號,花生粉,114/5/27,真菌毒素,合格,,,—
34079,家福股份有限公司淡新分公司,新北市,淡水區,新北市淡水區中山北路2段383號,顆粒花生醬,114/5/26,真菌毒素,合格,,,—
34080,里仁事業股份有限公司永和永貞分公司,新北市,永和區,新北市永和區永貞路229號,花生醬(無加糖),114/5/26,真菌毒素,合格,,,—
34081,全聯實業股份有限公司蘆洲長安分公司,新北市,蘆洲區,新北市蘆洲區長安街232號1樓,中華一番韓國年糕,114/5/26,真菌毒素,合格,,,—
34082,里仁事業股份有限公司永和永貞分公司,新北市,永和區,新北市永和區永貞路229號,有機黑糯糙米,114/5/26,真菌毒素,合格,,,—
34083,統康生活事業股份有限公司中信分公司,新北市,新莊區,新北市新莊區中信街68之1號1樓,牛頭牌特選玉米粒,114/5/23,真菌毒素,合格,,,—
34084,統康生活事業股份有限公司中信分公司,新北市,新莊區,新北市新莊區中信街68之1號1樓,家樂福蜜汁腰果,114/5/23,真菌毒素,合格,,,—
34085,全聯實業股份有限公司永和永平分公司,新北市,永和區,新北市永和區永平路26號1樓,萬歲牌烘焙腰果100%無添加無調味,114/5/26,真菌毒素,合格,,,—
34086,全聯實業股份有限公司板橋雨農分公司,新北市,板橋區,新北市板橋區雨農路27巷2號,蔓越莓乾,114/5/27,真菌毒素,合格,,,—
34087,家福股份有限公司淡新分公司,新北市,淡水區,新北市淡水區中山北路2段383號,西班牙ColaCao經典可可粉,114/5/26,真菌毒素,合格,,,—
34088,全聯實業股份有限公司永和永平分公司,新北市,永和區,新北市永和區永平路26號1樓,歐維氏100%醇黑巧克力,114/5/26,真菌毒素,合格,,,—
34089,家福股份有限公司新莊新泰分公司,新北市,新莊區,新北市新莊區新莊區新泰路85號B1樓,桂格有機米精,114/5/26,真菌毒素,合格,,,嬰幼兒食品
34090,豐沛生活館有限公司雨農門市,新北市,板橋區,新北市板橋區雨農路28號B1樓,特級白胡椒粉,114/5/27,真菌毒素,合格,,,—
34091,家福股份有限公司淡新分公司,新北市,淡水區,新北市淡水區中山北路2段383號,SANGIULIANO特級冷壓初榨橄欖油,114/5/26,真菌毒素,合格,,,—
34092,統康生活事業股份有限公司學成分公司,新北市,樹林區,新北市樹林區學成路536號,熟黑芝麻粒,114/5/26,真菌毒素,合格,,,—
34093,家福股份有限公司新莊新泰分公司,新北市,新莊區,新北市新莊區新莊區新泰路85號B1樓,黑芝麻粉,114/5/26,真菌毒素,合格,,,—
34094,三商家購股份有限公司新店北新分公司,新北市,新店區,新北市新店區北新路3段65巷13號,玉米粉,114/5/29,真菌毒素,合格,,,—
34095,家福股份有限公司板橋店,新北市,板橋區,新北市板橋區三民路2段31號B1,美國PBC無添加糖柔滑花生醬,114/5/27,真菌毒素,合格,,,—
34096,池上米行,新北市,新店區,新北市新店區如意街27號1樓,蔓越莓,114/5/26,真菌毒素,合格,,,—
34097,全聯實業股份有限公司中和華夏分公司,新北市,中和區,新北市中和區工專路28號1樓,得意的一天日本玄米油,114/5/28,真菌毒素,合格,,,—
34098,聖寶食品商行(食食富),新北市,板橋區,新北市板橋區中山路2段29號,紅麴粉,114/5/29,真菌毒素,合格,,,—
34099,大容富商行,新北市,新店區,新北市新店區大豐路71號,巧益貢糖酥,114/6/30,真菌毒素,合格,,,—
34100,示茶鮮果茶屋,新北市,淡水區,新北市淡水區英專路69號,台灣紅麴,114/6/3,真菌毒素,合格,,,—
34329,安永鮮物新埔門市,新北市,板橋區,新北市板橋區文化路1段319號1樓,有機白米,114/3/26,重金屬,合格,,,
34354,聖保生物科技股份有限公司,新北市,永和區,新北市永和區中山路1段127號,巴西蘑菇乾菇(子實體),114/3/28,重金屬,合格,,,
34355,伊斯美川式滷味,新北市,三峽區,新北市三峽區三樹路67號,海帶,114/3/28,重金屬,合格,,,
34357,有限責任台灣主婦聯盟生活消費合作社雙和站,新北市,永和區,新北市永和區民權路1巷4號,有機乾姬松茸,114/5/6,重金屬,合格,,,
34358,全聯實業股份有限公司蘆洲長安分公司,新北市,蘆洲區,新北市蘆洲區長安街232號1樓,美國酪梨,114/5/26,重金屬,合格,,,
34359,家福股份有限公司汐科分公司,新北市,汐止區,新北市汐止區新臺五路1段99號B1樓,泰國金枕頭榴槤,114/5/27,重金屬,合格,,,
34437,全家便利商店股份有限公司新北市一一O九分公司,新北市,淡水區,新北市淡水區沙崙路2段777號,嚴選野生柳葉魚,114/3/24,重金屬,合格,,,
34438,全聯實業股份有限公司中和景德分公司,新北市,中和區,新北市中和區景德街7號1樓,日本生干貝(日本北海道),114/3/24,重金屬,合格,,,
34439,安永鮮物新埔門市,新北市,板橋區,新北市板橋區文化路1段319號1樓,安永嚴選智利鮭魚輪切,114/3/26,重金屬,合格,,,
34440,大潤發流通事業股份有限公司新店分公司,新北市,新店區,新北市新店區環河路22號B1樓,廣島牡蠣,114/5/28,重金屬,合格,,,
34503,安永鮮物新埔門市,新北市,板橋區,新北市板橋區文化路1段319號1樓,安永鮮物100%鳳梨純汁,114/3/26,重金屬,合格,,,
34556,家福股份有限公司中平分公司,新北市,新莊區,新北市新莊區中平路108號B1樓,白肉雞(舒康雞里肌肉),114/3/24,重金屬,合格,,,
34557,艾麗而有限公司,新北市,樹林區,新北市樹林區東豐街49號,豬心(台灣),114/4/2,重金屬,合格,,,
34558,元榆企業股份有限公司板橋新埔店,新北市,板橋區,新北市板橋區民生路2段216號,黑羽生鮮雞肝,114/6/5,重金屬,合格,,,
34570,台灣卡多摩嬰童館股份有限公司永和中山分公司,新北市,永和區,新北市永和區中山路1段71號,亞培心美力早產兒出院後專用嬰兒配方,114/3/31,重金屬,合格,,,嬰幼兒食品
34571,台灣卡多摩嬰童館股份有限公司三重重陽分公司,新北市,三重區,新北市三重區重陽路2段9號1樓,啟賦PDF早產兒出院後專用配方,114/4/1,重金屬,合格,,,嬰幼兒食品
34572,台灣卡多摩嬰童館股份有限公司林口仁愛分公司,新北市,林口區,新北市林口區仁愛一路691號,啟賦PDF早產兒出院後專用配方,114/5/27,重金屬,合格,,,嬰幼兒食品
34613,全聯實業股份有限公司蘆洲長安分公司,新北市,蘆洲區,新北市蘆洲區長安街232號1樓,義大利ORO去皮切丁蕃茄,114/5/26,重金屬,合格,,,
34614,全聯實業股份有限公司中和華夏分公司,新北市,中和區,新北市中和區工專路28號1樓,愛之味鮮脆條瓜,114/5/28,重金屬,合格,,,
34618,中年大叔食品有限公司,新北市,三重區,新北市三重區自強路3段87巷8號3樓,白梗九層塔(羅勒),114/3/10,農藥(賽滅淨、達滅芬),不合格,依食安法第47條裁處,30000,與同業者抽驗產品(白梗九層塔)同案辦理
34619,阿柳水果廣場,新北市,土城區,新北市土城區延吉街263號1樓,甜柳丁,114/2/10,農藥殘留,合格,,,
34620,中年大叔食品有限公司,新北市,三重區,新北市三重區自強路3段87巷8號3樓,白梗九層塔,114/3/28,農藥(歐西比),不合格,依食安法第47條裁處,30000,與同業者抽驗產品(白梗九層塔(羅勒))同案辦理
34621,全聯實業股份有限公司三重集美分公司,新北市,三重區,新北市三重區集美街18之6、18之7、18之8號1樓,甜橙,114/2/12,農藥殘留,合格,,,
34623,金鑽牛有限公司,新北市,中和區,新北市中和區建一路92號1樓,桶柑,114/3/5,農藥殘留,合格,,,
34625,陳○男,新北市,新莊區,新北市新莊區,茂谷柑,114/3/6,農藥殘留,合格,,,
34636,信和股份有限公司,新北市,五股區,新北市五股區五權五路6號,白木耳,114/3/27,農藥(益達胺),不合格,依食安法第44條裁處,60000,
34640,中年大叔食品有限公司,新北市,三重區,新北市三重區自強路3段87巷8號3樓,菜豆,114/3/10,農藥(克福隆、芬化利),不合格,依食安法第47條裁處,30000,
34650,東和水果有限公司,新北市,板橋區,新北市板橋區大明街12號5樓,草莓,114/4/8,農藥(賜派滅),不合格,依食安法第44條裁處,120000,
34652,東和水果有限公司,新北市,板橋區,新北市板橋區大明街12號5樓,草莓,114/3/3,農藥(亞派占),不合格,依食安法第44條裁處,60000,
34681,露晴食品企業社,新北市,中和區,新北市中和區華新街51號,紅玫瑰花,114/3/5,農藥殘留,合格,,,
34683,遠東都會股份有限公司板橋店,新北市,板橋區,新北市板橋區新站路28號B1樓,香菜,114/3/5,農藥殘留,合格,,,
34685,陳○豪,新北市,土城區,新北市土城區,香菜,114/3/5,農藥殘留,合格,,,
34691,奇麟企業有限公司(網購平台),新北市,林口區,新北市林口區文化二路一段277號,香菜(芫荽),114/3/25,農藥殘留,合格,,,
34696,蘇○文,新北市,三峽區,新北市三峽區,娃娃菜,114/2/11,農藥殘留,合格,,,
34698,開飯川食堂中和環球店,新北市,中和區,新北市中和區中山路3段122號4樓,翠玉娃娃菜,114/2/12,農藥殘留,合格,,,
34700,全聯實業股份有限公司林口麗都分公司,新北市,林口區,新北市林口區文化二路1段106號,甘藍(高麗菜),114/3/3,農藥殘留,合格,,,
34702,蝦米蔬果行,新北市,深坑區,新北市深坑區北深路三段71號,大頭(結頭)菜,114/3/4,農藥殘留,合格,,,
34704,家福股份有限公司中平分公司,新北市,新莊區,新北市新莊區中平路108號B1,特級大頭菜,114/3/6,農藥殘留,合格,,,
34706,友國果菜行,新北市,板橋區,新北市板橋區板城路1000號,花椰菜,114/3/25,農藥殘留,合格,,,
34708,吳○丞,新北市,板橋區,新北市板橋區,白色花椰菜,114/3/25,農藥殘留,合格,,,
34721,根嶺網有限公司(網購平台),新北市,三重區,新北市三重區五華街93巷93號,香菜,114/2/25,農藥殘留,合格,,,
34791,家福股份有限公司臺北板橋分公司,新北市,板橋區,新北市板橋區三民路二段31號B1,茼蒿,114/2/10,農藥殘留,合格,,,
34792,小鳳蔬菜大賣場,新北市,新莊區,新北市新莊區四維路138號,韭菜,114/2/11,農藥殘留,合格,,,
34793,無市招,新北市,新莊區,新北市新莊區四維路117號,茼蒿,114/2/11,農藥殘留,合格,,,
34794,宏安蔬菜行,新北市,板橋區,新北市板橋區板城路1000號,茼蒿,114/2/13,農藥殘留,合格,,,
34795,政一蔬菜行,新北市,板橋區,新北市板橋區板城路1000號,韭菜花,114/2/13,農藥殘留,合格,,,
34796,統康生活事業股份有限公司安康分公司,新北市,新店區,新北市新店區安康路2段196號B1樓,菠菜,114/3/3,農藥殘留,合格,,,
34797,全聯實業股份有限公司林口麗都分公司,新北市,林口區,新北市林口區文化二路1段106號,履歷地瓜葉,114/3/3,農藥殘留,合格,,,
34798,大千素食,新北市,新店區,新北市新店區中華路48巷10號,有機肥栽培地瓜葉,114/3/5,農藥殘留,合格,,,
34799,好初水果股份有限公司新莊分公司,新北市,新莊區,新北市新莊區新北大道7段852號,土耕菠菜,114/3/5,農藥殘留,合格,,,
34800,柳姨蔬菜B36,新北市,樹林區,新北市樹林區保安街14巷,韭菜花,114/3/21,農藥殘留,合格,,,
34801,大潤發流通事業股份有限公司土城分公司,新北市,土城區,新北市土城區永安街25號1樓,九層塔,114/3/21,農藥殘留,合格,,,
34802,家福股份有限公司五華分公司,新北市,三重區,新北市三重區五華街282號,青蔥,114/3/24,農藥殘留,合格,,,
34803,永兆豐股份有限公司,新北市,新莊區,新北市新莊區五工路97巷2號1樓,小芥菜,114/3/25,農藥殘留,合格,,,
34804,綱綱好餐飲行,新北市,泰山區,新北市泰山區明志路2段71號,韭菜,114/3/25,農藥殘留,合格,,,
34805,丸龜製麵55號店環球中和店,新北市,中和區,新北市中和區中山路3段122號3樓,青蔥,114/3/26,農藥殘留,合格,,,
34953,根嶺網有限公司(網購平台),新北市,三重區,新北市三重區五華街93巷93號,韭菜,114/2/27,農藥殘留,合格,,,
34956,根嶺網有限公司(網購平台),新北市,三重區,新北市三重區五華街93巷93號,芥藍菜,114/3/4,農藥殘留,合格,,,
35070,小鳳蔬菜大賣場,新北市,新莊區,新北市新莊區四維路138號,甜菜根,114/2/11,農藥殘留,合格,,,
35071,棉花田生機園地股份有限公司中和興南門市,新北市,中和區,新北市中和區興南路1段63號1樓,有機甜菜根,114/2/14,農藥殘留,合格,,,
35072,家福股份有限公司北大分公司,新北市,樹林區,新北市樹林區大雅路288號B1樓之1,有機甜菜根,114/2/14,農藥殘留,合格,,,
35073,創興餐飲有限公司永和中正分公司,新北市,永和區,新北市永和區中正路77號,洋蔥,114/3/3,農藥殘留,合格,,,
35074,全聯實業股份有限公司蘆洲中華分公司,新北市,蘆洲區,新北市蘆洲區長安街96號1樓,洋蔥,114/3/3,農藥殘留,合格,,,
35075,聯禾蔬果行,新北市,板橋區,新北市板橋區板城路1000號,洋蔥,114/3/5,農藥殘留,合格,,,
35076,遠東都會股份有限公司板橋店,新北市,板橋區,新北市板橋區新站路28號B1樓,白皮馬鈴薯,114/3/24,農藥殘留,合格,,,
35077,和盟蔬果行,新北市,板橋區,新北市板橋區板城路1000號,白蘿蔔,114/3/25,農藥殘留,合格,,,
35078,全聯實業股份有限公司土城立仁分公司,新北市,土城區,新北市土城區立仁街38號1樓,馬鈴薯,114/3/27,農藥殘留,合格,,,
35132,元宏蔬果行,新北市,三峽區,新北市三峽區和平街36巷18號,杏鮑菇,114/2/11,農藥殘留,合格,,,
35133,愛耘廚股份有限公司,新北市,汐止區,新北市汐止區新台五路1段99號10樓之10,杏鮑菇,114/2/12,農藥殘留,合格,,,
35134,河南堂蔘藥行,新北市,板橋區,新北市板橋區中正路216巷24號,白木耳,114/3/21,農藥殘留,合格,,,
35135,家福股份有限公司五華分公司,新北市,三重區,新北市三重區五華街282號,白木耳,114/3/24,農藥殘留,合格,,,
35136,全聯實業股份有限公司中和景德分公司,新北市,中和區,新北市中和區景德街7號1樓,有機香菇,114/3/24,農藥殘留,合格,,,
35137,大自然蔬果行,新北市,蘆洲區,新北市蘆洲區中華街6巷56號1樓,香菇,114/3/26,農藥殘留,合格,,,
35168,旺生行,新北市,蘆洲區,新北市蘆洲區復興路410巷11號,彩色甜椒,114/2/13,農藥殘留,合格,,,
35169,陳○志,新北市,三重區,新北市三重區,玉女小蕃茄,114/3/7,農藥殘留,合格,,,
35230,瑋茹蔬果批發,新北市,中和區,新北市中和區興南路二段117巷29號,櫛瓜,114/3/4,農藥殘留,合格,,,
35231,市招:東沅行,新北市,蘆洲區,新北市蘆洲區復興路410巷11號,櫛瓜,114/3/5,農藥殘留,合格,,,
35232,顏○業,新北市,新莊區,新北市新莊區,櫛瓜,114/3/6,農藥殘留,合格,,,
35253,蝦米蔬果行,新北市,深坑區,新北市深坑區北深路三段71號,荷蘭豆,114/3/4,農藥殘留,合格,,,
35254,大潤發流通事業股份有限公司土城分公司,新北市,土城區,新北市土城區永安街25號1樓,甜豌豆,114/3/21,農藥殘留,合格,,,
35255,蔡○呈,新北市,新莊區,新北市新莊區,醜豆,114/3/27,農藥殘留,合格,,,
35287,根嶺網有限公司(網購平台),新北市,三重區,新北市三重區五華街93巷93號,甜豆,114/3/4,農藥殘留,合格,,,
35310,誠心菓舖,新北市,土城區,新北市土城區延吉街252號,洋香瓜,114/3/4,農藥殘留,合格,,,
35311,一路發水果行,新北市,板橋區,新北市板橋區中正路238號1樓,哈密瓜,114/3/6,農藥殘留,合格,,,
35312,欣昇行,新北市,三重區,新北市三重區中正北路111號,洋香瓜,114/3/7,農藥殘留,合格,,,
35353,新北市板橋區農會板農活力超市,新北市,板橋區,新北市板橋區府中路29之1號B1樓,草莓,114/3/3,農藥殘留,合格,,,
35354,誠心菓舖,新北市,土城區,新北市土城區延吉街252號,草莓,114/3/4,農藥殘留,合格,,,
35355,振德水果行,新北市,板橋區,新北市板橋區板城路1000號,草莓,114/3/5,農藥殘留,合格,,,
35380,旺城蔬果有限公司(網購平台),新北市,三重區,新北市三重區仁政街152之6號2樓,草莓,114/3/5,農藥殘留,合格,,,
35401,三商家購股份有限公司新店新烏分公司,新北市,新店區,新北市新店區新烏路2段376號,牛奶蜜棗,114/3/3,農藥殘留,合格,,,
35402,上上青平價鮮果廣場,新北市,新莊區,新北市新莊區自信街49號,蜜棗,114/3/5,農藥殘留,合格,,,
35403,甜蜜蜜水果行,新北市,林口區,新北市林口區文化一路一段133號1樓,枇杷,114/3/24,農藥殘留,合格,,,
35404,棉花田生機園地股份有限公司中平門市,新北市,新莊區,新北市新莊區中平路92巷4號1樓,有機枇杷,114/3/25,農藥殘留,合格,,,
35452,全聯實業股份有限公司林口麗都分公司,新北市,林口區,新北市林口區文化二路1段106號(106、108),紅牛聰勁即溶乳清蛋白-可可風味,114/3/3,標示,合格,,,
35453,全聯實業股份有限公司林口麗都分公司,新北市,林口區,新北市林口區文化二路1段106號(106、108),紅牛聰勁即溶乳清蛋白-可可風味,114/3/3,總黃麴毒素、金黃色葡萄球菌、沙門氏菌,合格,,,
35454,全聯實業股份有限公司林口麗都分公司,新北市,林口區,新北市林口區文化二路1段106號(106、108),紅牛聰勁即溶乳清蛋白-可可風味,114/3/3,粗蛋白含量,合格,,,
35455,永茂生技實業股份有限公司,新北市,汐止區,新北市汐止區新台五路1段94號25樓,BeRule乳清蛋白粉(鹽之花焦糖奶茶風味),114/3/4,標示,合格,,,
35456,永茂生技實業股份有限公司,新北市,汐止區,新北市汐止區新台五路1段94號25樓,BeRule乳清蛋白粉(鹽之花焦糖奶茶風味),114/3/4,總黃麴毒素、金黃色葡萄球菌、沙門氏菌,合格,,,
35457,永茂生技實業股份有限公司,新北市,汐止區,新北市汐止區新台五路1段94號25樓,BeRule乳清蛋白粉(鹽之花焦糖奶茶風味),114/3/4,粗蛋白含量,合格,,,
35458,炫煬生物科技股份有限公司,新北市,中和區,新北市中和區橋和路116號10樓之1,大豆胜肽高纖全營養沖泡粉,114/3/10,標示,不合格,違反食品安全衛生管理法第22條規定，依同法第47條第8款裁處,30000,
35459,炫煬生物科技股份有限公司,新北市,中和區,新北市中和區橋和路116號10樓之1,大豆胜肽高纖全營養沖泡粉,114/3/10,總黃麴毒素、金黃色葡萄球菌、沙門氏菌,合格,,,
35460,炫煬生物科技股份有限公司,新北市,中和區,新北市中和區橋和路116號10樓之1,大豆胜肽高纖全營養沖泡粉,114/3/10,粗蛋白含量,合格,,,
35521,雙河蛋行,新北市,中和區,新北市中和區板南路244號,鴨蛋,114/2/18,動物用藥殘留,合格,,,
35522,三重區農會生鮮超級市場,新北市,三重區,新北市三重區重新路2段1號B1,放牧養生鴨蛋,114/2/19,動物用藥殘留,合格,,,
35523,全聯實業股份有限公司土城裕民分公司,新北市,土城區,新北市土城區裕民路116號B1,福福氣冷雞冷凍雞胸切片,114/2/17,動物用藥殘留,合格,,,
35524,全聯實業股份有限公司汐止忠孝分公司,新北市,汐止區,新北市汐止區忠孝東路429號1樓,福福氣冷雞冷凍去骨腿丁,114/2/17,動物用藥殘留,合格,,,
35525,三重區農會生鮮超級市場,新北市,三重區,新北市三重區重新路2段1號,雞里肌(台灣),114/2/19,動物用藥殘留,合格,,,
35526,家福股份有限公司重新分公司,新北市,三重區,新北市三重區重陽路5段654號,去骨櫻桃鴨腿肉,114/3/10,動物用藥殘留,合格,,,
35527,家福股份有限公司重新分公司,新北市,三重區,新北市三重區重陽路5段654號,櫻桃鴨胸,114/3/10,動物用藥殘留,合格,,,
35528,好運通食材通路股份有限公司,新北市,林口區,新北市林口區工三路4號,三角鴨胸(台灣),114/3/10,動物用藥殘留,合格,,,
35529,家福股份有限公司臺北市中和分公司,新北市,中和區,新北市中和區中山路2段291號B2,櫻桃鴨菲力肉,114/3/11,動物用藥殘留,合格,,,
35530,好來便當店,新北市,板橋區,新北市板橋區四川路1段385號,鴨肉,114/3/11,動物用藥殘留,合格,,,
35531,勤邦生活有限公司新店三民店,新北市,新店區,新北市新店區三民路142號1樓,櫻桃鴨胸,114/3/12,動物用藥殘留,合格,,,
35532,正龍烤鴨店,新北市,永和區,新北市永和區得和路101號1樓,鴨肉,114/3/12,動物用藥殘留,合格,,,
35533,鼎軒有限公司新店中正店,新北市,新店區,新北市新店區中正路263號1樓,法式櫻桃鴨胸排(台灣),114/3/14,動物用藥殘留,合格,,,
35534,真正好烤鴨莊,新北市,板橋區,新北市板橋區四川路1段242號,鴨肉,114/3/14,動物用藥殘留,合格,,,
35717,全聯實業股份有限公司中和華新分公司,新北市,中和區,新北市中和區華新街26之1號1樓,火鍋牛肉片(巴拉圭牛),114/3/17,動物用藥殘留,合格,,,
35718,安永鮮物裕隆城門市,新北市,新店區,新北市新店區中興路3段70號B1,澳洲牛梅花火鍋肉片(牛肉)(澳洲),114/3/18,動物用藥殘留,合格,,,
35719,新村畜產國際有限公司,新北市,板橋區,新北市板橋區新站路28號B1,極上肩肉(日本鹿兒島縣牛),114/3/18,動物用藥殘留,合格,,,
35720,全聯實業股份有限公司三重中正北店,新北市,三重區,新北市三重區中正北路70號,澳洲穀飼牛梅花火鍋肉片,114/3/20,動物用藥殘留,合格,,,
35867,鼎鼎香涮涮屋,新北市,新莊區,新北市新莊區富國路101號之1,冷凍生蠔(熟食用),114/2/17,動物用藥殘留,合格,,,
35868,阿定新鮮海魚,新北市,永和區,新北市永和區仁愛路259號,黃魚,114/2/20,動物用藥殘留,合格,,,
35869,南樓企業社,新北市,泰山區,新北市泰山區泰林路3段22號,巴沙魚4P,114/3/17,動物用藥殘留,合格,,,
35955,雙河蛋行,新北市,中和區,新北市中和區板南路244號,鴨蛋,114/2/18,農藥殘留,合格,,,
35956,三重區農會生鮮超級市場,新北市,三重區,新北市三重區重新路2段1號B1,放牧養生鴨蛋,114/2/19,農藥殘留,合格,,,
35957,全聯實業股份有限公司土城裕民分公司,新北市,土城區,新北市土城區裕民路116號B1,福福氣冷雞冷凍雞胸切片,114/2/17,農藥殘留,合格,,,
35958,全聯實業股份有限公司汐止忠孝分公司,新北市,汐止區,新北市汐止區忠孝東路429號1樓,福福氣冷雞冷凍去骨腿丁,114/2/17,農藥殘留,合格,,,
35959,三重區農會生鮮超級市場,新北市,三重區,新北市三重區重新路2段1號,雞里肌(台灣),114/2/19,農藥殘留,合格,,,
36163,戴家粽粿粽物品,新北市,新莊區,新北市新莊區四維路95號,-,114/4/11,GHP,合格,,,
36165,家福股份有限公司中平分公司,新北市,新莊區,新北市新莊區中平路108號B1,-,114/3/24,GHP,合格,,,
36167,國豐商行有限公司,新北市,五股區,新北市五股區中興路二段37巷11弄25號,-,114/3/24,GHP,合格,,,
36169,遠百企業股份有限公司板橋南雅分公司,新北市,板橋區,新北市板橋區貴興路101號,-,114/3/24,GHP,合格,,,
36171,亨旺商行,新北市,八里區,新北市八里區中山路1段36號,-,114/4/9,GHP,合格,,,
36173,義美股份有限公司土城區分公司,新北市,土城區,新北市土城區學府路一段191號,-,114/3/25,GHP,合格,,,
36175,全聯實業股份有限公司新店北新分公司,新北市,新店區,新北市新店區北新路2段252號地下一層,-,114/3/24,GHP,合格,,,
36177,大潤發流通事業股份有限公司中和分公司,新北市,中和區,新北市中和區景平路182號B1,-,114/3/26,GHP,合格,,,
36179,統康生活事業股份有限公司中和二分公司,新北市,中和區,新北市中和區復興路268號1樓,-,114/3/25,GHP,合格,,,
36181,遠百企業股份有限公司三重分公司,新北市,三重區,新北市三重區中正北路193巷45號,-,114/4/8,GHP,合格,,,
36183,佳瑪百貨股份有限公司蘆洲分公司,新北市,蘆洲區,新北市蘆洲區長榮路8號1樓,-,114/4/30,GHP,合格,,,
36184,上海粽子店,新北市,永和區,新北市永和區民有街12號,湖洲肉粽,114/3/31,標示,合格,,,
36185,統康生活事業股份有限公司四維二分公司,新北市,板橋區,新北市板橋區四維路247，249，251，253號,-,114/3/28,GHP,合格,,,
36186,上海粽子店,新北市,永和區,新北市永和區民有街12號,赤豆粽,114/3/31,標示,合格,,,
36187,下港澎肉粽,新北市,板橋區,新北市板橋區新海路135巷9號,-,114/3/31,GHP,合格,,,
36188,上海粽子店,新北市,永和區,新北市永和區民有街12號,紅棗粽,114/3/31,標示,合格,,,
36189,深坑竹香小吃坊,新北市,深坑區,新北市深坑區北深路二段210號,-,114/3/28,GHP,合格,,,
36190,劉家肉粽股份有限公司富基分公司,新北市,石門區,新北市石門區崁子腳58之16號,十八王公劉家栗子小肉粽,114/4/1,標示,合格,,,
36191,金穀億商行,新北市,樹林區,新北市樹林區啟智街29號,-,114/3/25,GHP,合格,,,
36192,滿意油飯有限公司,新北市,新店區,新北市新店區寶興路60巷32號1樓,南部粽,114/4/8,標示,合格,,,
36193,北投高媽媽傳統米食,新北市,淡水區,新北市淡水區民族路31巷8號,-,114/4/29,GHP,合格,,,
36194,滿意油飯有限公司,新北市,新店區,新北市新店區寶興路60巷32號1樓,小鮮肉粽,114/4/8,標示,合格,,,
36196,天品素粽,新北市,中和區,新北市中和區立德街73號,無硼砂原味鹼粽,114/4/1,標示,合格,,,
36198,天品素粽,新北市,中和區,新北市中和區立德街73號,大紫米蓮子粽,114/4/1,標示,合格,,,
36200,天品素粽,新北市,中和區,新北市中和區立德街73號,無硼砂紅豆鹼粽,114/4/1,標示,合格,,,
36538,上海粽子店,新北市,永和區,新北市永和區民有街12號,湖洲肉粽,114/3/31,食品微生物,合格,,,
36540,上海粽子店,新北市,永和區,新北市永和區民有街12號,鹹蛋黃,114/3/31,防腐劑,合格,,,
36542,上海粽子店,新北市,永和區,新北市永和區民有街12號,小香菇(2-2.5cm),114/3/31,漂白劑,合格,,,
36544,劉家肉粽股份有限公司富基分公司,新北市,石門區,新北市石門區崁子腳58之16號,南部粽,114/4/1,防腐劑、食品微生物,合格,,,
36546,劉家肉粽股份有限公司富基分公司,新北市,石門區,新北市石門區崁子腳58之16號,菜脯,114/4/1,防腐劑、漂白劑,合格,,,
36548,劉家肉粽股份有限公司富基分公司,新北市,石門區,新北市石門區崁子腳58之16號,蝦皮,114/4/1,殺菌劑、漂白劑,合格,,,
36550,滿意油飯有限公司,新北市,新店區,新北市新店區寶興路60巷32號1樓,南部粽,114/4/8,防腐劑、食品微生物,合格,,,
36552,滿意油飯有限公司,新北市,新店區,新北市新店區寶興路60巷32號1樓,香菇酥,114/4/8,漂白劑,合格,,,
36554,滿意油飯有限公司,新北市,新店區,新北市新店區寶興路60巷32號1樓,油蔥酥,114/4/8,防腐劑、漂白劑,合格,,,
36556,天品素粽,新北市,中和區,新北市中和區立德街73號,無硼砂原味鹼粽,114/4/1,防腐劑、硼酸及其鹽類,合格,,,
36558,天品素粽,新北市,中和區,新北市中和區立德街73號,大紫米蓮子粽,114/4/1,防腐劑、食品微生物,合格,,,
36560,天品素粽,新北市,中和區,新北市中和區立德街73號,小菇,114/4/1,漂白劑,合格,,,
36562,王記府城肉粽有限公司汐止廠,新北市,汐止區,新北市汐止區大同路3段369巷36號1樓,五花肉角(台灣豬),114/4/22,乙型受體素,合格,,,
36564,王記府城肉粽有限公司汐止廠,新北市,汐止區,新北市汐止區大同路3段369巷36號1樓,東港蝦皮,114/4/22,殺菌劑、漂白劑,合格,,,
36566,王記府城肉粽有限公司汐止廠,新北市,汐止區,新北市汐止區大同路3段369巷36號1樓,新鮮塩蛋黃,114/4/22,防腐劑、蘇丹色素,合格,,,
36749,戴家粽粿粽物品,新北市,新莊區,新北市新莊區四維路95號,北部原味粽,114/3/24,標示,合格,,,
36751,戴家粽粿粽物品,新北市,新莊區,新北市新莊區四維路95號,南部原味粽,114/3/24,標示,合格,,,
36753,戴家粽粿粽物品,新北市,新莊區,新北市新莊區四維路95號,南部蛋黃粽,114/3/24,標示,合格,,,
36755,家福股份有限公司中平分公司,新北市,新莊區,新北市新莊區中平路108號B1,冷凍美國牛五花火鍋片,114/3/24,標示,合格,,,
36757,家福股份有限公司中平分公司,新北市,新莊區,新北市新莊區中平路108號B1,冷凍豬五花火鍋片,114/3/24,標示,合格,,,
36759,家福股份有限公司中平分公司,新北市,新莊區,新北市新莊區中平路108號B1,里肌肉,114/3/24,標示,合格,,,
36761,國豐商行有限公司,新北市,五股區,新北市五股區中興路二段37巷11弄25號,香蒜粉,114/3/24,標示,合格,,,
36763,國豐商行有限公司,新北市,五股區,新北市五股區中興路二段37巷11弄25號,愛之味甜味醬,114/3/24,標示,合格,,,
36765,國豐商行有限公司,新北市,五股區,新北市五股區中興路二段37巷11弄25號,開陽,114/3/24,標示,合格,,,
36767,遠百企業股份有限公司板橋南雅分公司,新北市,板橋區,新北市板橋區貴興路101號,東泉辣椒醬,114/3/24,標示,合格,,,
36769,遠百企業股份有限公司板橋南雅分公司,新北市,板橋區,新北市板橋區貴興路101號,美國冷凍牛五花肉片,114/3/24,標示,合格,,,
36771,遠百企業股份有限公司板橋南雅分公司,新北市,板橋區,新北市板橋區貴興路101號,特選蝦皮,114/3/24,標示,合格,,,
36773,亨旺商行,新北市,八里區,新北市八里區中山路1段36號,牛頭牌沙茶醬,114/3/25,標示,合格,,,
36775,亨旺商行,新北市,八里區,新北市八里區中山路1段36號,義美芒果冰棒,114/3/25,標示,合格,,,
36777,亨旺商行,新北市,八里區,新北市八里區中山路1段36號,雙葉-蘇打風味冰棒,114/3/25,標示,合格,,,
36779,義美股份有限公司土城區分公司,新北市,土城區,新北市土城區學府路一段191號,義美經典北部粽,114/3/25,標示,合格,,,
36781,義美股份有限公司土城區分公司,新北市,土城區,新北市土城區學府路一段191號,義美麻油雙菇素肉粽,114/3/25,標示,合格,,,
36783,義美股份有限公司土城區分公司,新北市,土城區,新北市土城區學府路一段191號,義美雞蛋豆腐,114/3/25,標示,合格,,,
36785,全聯實業股份有限公司新店北新分公司,新北市,新店區,新北市新店區北新路2段252號地下一層,火鍋牛肉片,114/3/24,標示,合格,,,
36787,全聯實業股份有限公司新店北新分公司,新北市,新店區,新北市新店區北新路2段252號地下一層,豬五花火鍋肉片,114/3/24,標示,合格,,,
36789,全聯實業股份有限公司新店北新分公司,新北市,新店區,新北市新店區北新路2段252號地下一層,蝦米乾,114/3/24,標示,合格,,,
36791,大潤發流通事業股份有限公司中和分公司,新北市,中和區,新北市中和區景平路182號B1,澳洲嫩肩里肌火鍋片,114/3/26,標示,合格,,,
36793,大潤發流通事業股份有限公司中和分公司,新北市,中和區,新北市中和區景平路182號B1,蒜味香腸,114/3/26,標示,合格,,,
36795,大潤發流通事業股份有限公司中和分公司,新北市,中和區,新北市中和區景平路182號B1,美國冷藏牛腱公斤,114/3/26,標示,合格,,,
36797,統康生活事業股份有限公司中和二分公司,新北市,中和區,新北市中和區復興路268號1樓,辣椒醬,114/3/25,標示,合格,,,
36799,統康生活事業股份有限公司中和二分公司,新北市,中和區,新北市中和區復興路268號1樓,冷凍台灣豬五花燒肉片150g貼體包裝,114/3/25,標示,合格,,,
36801,統康生活事業股份有限公司中和二分公司,新北市,中和區,新北市中和區復興路268號1樓,台灣豬後腿肉絲,114/3/25,標示,合格,,,
36803,遠百企業股份有限公司三重分公司,新北市,三重區,新北市三重區中正北路193巷45號,尚介香辣椒油,114/3/27,標示,合格,,,
36805,遠百企業股份有限公司三重分公司,新北市,三重區,新北市三重區中正北路193巷45號,十全麻油辣椒醬,114/3/27,標示,合格,,,
36807,遠百企業股份有限公司三重分公司,新北市,三重區,新北市三重區中正北路193巷45號,四季油膏,114/3/27,標示,合格,,,
36809,佳瑪百貨股份有限公司蘆洲分公司,新北市,蘆洲區,新北市蘆洲區長榮路8號1樓,高鈣黑芝麻粉,114/3/28,標示,合格,,,
36811,佳瑪百貨股份有限公司蘆洲分公司,新北市,蘆洲區,新北市蘆洲區長榮路8號1樓,Mag2芒果乾,114/3/28,標示,合格,,,
36813,佳瑪百貨股份有限公司蘆洲分公司,新北市,蘆洲區,新北市蘆洲區長榮路8號1樓,紅藜紫菜蘇打餅,114/3/28,標示,合格,,,
36815,統康生活事業股份有限公司四維二分公司,新北市,板橋區,新北市板橋區四維路247，249，251，253號,豚肋條,114/3/28,標示,合格,,,
36817,統康生活事業股份有限公司四維二分公司,新北市,板橋區,新北市板橋區四維路247，249，251，253號,美國迷你嫩肩牛排,114/3/28,標示,合格,,,
36819,統康生活事業股份有限公司四維二分公司,新北市,板橋區,新北市板橋區四維路247，249，251，253號,Bisco必思可乳酸菌夾心餅乾(牛奶口味)6入,114/3/28,標示,合格,,,
36821,下港澎肉粽,新北市,板橋區,新北市板橋區新海路135巷9號,長橋白米,114/3/31,標示,合格,,,
36823,下港澎肉粽,新北市,板橋區,新北市板橋區新海路135巷9號,萬家香甲等醬油濃色,114/3/31,標示,合格,,,
36825,下港澎肉粽,新北市,板橋區,新北市板橋區新海路135巷9號,珍友香豬油AA,114/3/31,標示,合格,,,
36827,深坑竹香小吃坊,新北市,深坑區,新北市深坑區北深路二段210號,北部粽,114/3/28,標示,合格,,,
36829,深坑竹香小吃坊,新北市,深坑區,新北市深坑區北深路二段210號,南部粽,114/3/28,標示,合格,,,
36831,深坑竹香小吃坊,新北市,深坑區,新北市深坑區北深路二段210號,北部蛋黃粽,114/3/28,標示,合格,,,
36833,金穀億商行,新北市,樹林區,新北市樹林區啟智街29號,富山麻油辣椒醬,114/3/25,標示,合格,,,
36835,金穀億商行,新北市,樹林區,新北市樹林區啟智街29號,甜酥花生,114/3/25,標示,合格,,,
36837,金穀億商行,新北市,樹林區,新北市樹林區啟智街29號,綜合堅果,114/3/25,標示,合格,,,
36839,北投高媽媽傳統米食,新北市,淡水區,新北市淡水區民族路31巷8號,芋粿巧,114/4/29,標示,合格,,,
36841,北投高媽媽傳統米食,新北市,淡水區,新北市淡水區民族路31巷8號,紅豆,114/4/29,標示,合格,,,
36843,北投高媽媽傳統米食,新北市,淡水區,新北市淡水區民族路31巷8號,鹹綠豆,114/4/29,標示,合格,,,
37615,戴家粽粿粽物品,新北市,新莊區,新北市新莊區四維路95號,北部原味粽,114/3/24,食品微生物,合格,,,
37616,戴家粽粿粽物品,新北市,新莊區,新北市新莊區四維路95號,南部原味粽,114/3/24,食品微生物,合格,,,
37617,家福股份有限公司中平分公司,新北市,新莊區,新北市新莊區中平路108號B1,冷凍美國牛五花火鍋片,114/3/24,乙型受體素類,合格,,,
37618,家福股份有限公司中平分公司,新北市,新莊區,新北市新莊區中平路108號B1,冷凍豬五花火鍋片,114/3/24,乙型受體素類,合格,,,
37619,國豐商行有限公司,新北市,五股區,新北市五股區中興路二段37巷11弄25號,愛之味甜辣醬,114/3/24,防腐劑、甜味劑,合格,,,
37620,國豐商行有限公司,新北市,五股區,新北市五股區中興路二段37巷11弄25號,開陽,114/3/24,漂白劑、螢光增白劑,合格,,,
37621,遠百企業股份有限公司板橋南雅分公司,新北市,板橋區,新北市板橋區貴興路101號,東泉辣椒醬,114/3/24,防腐劑、甜味劑,合格,,,
37622,遠百企業股份有限公司板橋南雅分公司,新北市,板橋區,新北市板橋區貴興路102號,特選蝦米(中國),114/3/24,漂白劑、螢光增白劑,合格,,,
37623,遠百企業股份有限公司板橋南雅分公司,新北市,板橋區,新北市板橋區貴興路103號,福源大花生肉粽(南),114/3/24,食品微生物,合格,,,
37624,遠百企業股份有限公司板橋南雅分公司,新北市,板橋區,新北市板橋區貴興路104號,美國冷凍牛五花肉片(牛胸腹部),114/3/24,乙型受體素類,合格,,,
37625,遠百企業股份有限公司板橋南雅分公司,新北市,板橋區,新北市板橋區貴興路105號,冷凍豬五花火鍋片(台灣豬)(豬五花肉),114/3/24,乙型受體素類,合格,,,
37626,亨旺商行,新北市,八里區,新北市八里區中山路1段36號,真好家辣椒醬,114/3/25,防腐劑、甜味劑,合格,,,
37627,亨旺商行,新北市,八里區,新北市八里區中山路1段36號,前腿豬肉火鍋片(台灣),114/3/25,乙型受體素類,合格,,,
37628,義美股份有限公司土城區分公司,新北市,土城區,新北市土城區學府路一段191號,義美麻油雙菇素肉粽,114/3/25,食品微生物,合格,,,
37629,義美股份有限公司土城區分公司,新北市,土城區,新北市土城區學府路一段191號,義美經典北部粽,114/3/25,食品微生物,合格,,,
37630,全聯實業股份有限公司新店北新分公司,新北市,新店區,新北市新店區北新路2段252號地下一層,蝦米乾,114/3/24,漂白劑、螢光增白劑,合格,,,
37631,全聯實業股份有限公司新店北新分公司,新北市,新店區,新北市新店區北新路2段252號地下一層,豬五花火鍋肉片(台灣豬),114/3/24,乙型受體素類,合格,,,
37632,全聯實業股份有限公司新店北新分公司,新北市,新店區,新北市新店區北新路2段252號地下一層,火鍋牛肉片(巴拉圭牛),114/3/24,乙型受體素類,合格,,,
37633,大潤發流通事業股份有限公司中和分公司,新北市,中和區,新北市中和區景平路182號B1,櫻花蝦,114/3/26,漂白劑、螢光增白劑,合格,,,
37634,統康生活事業股份有限公司中和二分公司,新北市,中和區,新北市中和區復興路268號1樓,辣椒醬,114/3/25,防腐劑、甜味劑,合格,,,
37635,統康生活事業股份有限公司中和二分公司,新北市,中和區,新北市中和區復興路268號1樓,台灣豬後腿肉絲(台灣豬),114/3/25,乙型受體素類,合格,,,
37636,統康生活事業股份有限公司中和二分公司,新北市,中和區,新北市中和區復興路268號1樓,冷凍台灣豬五花燒肉片150G貼體包裝(台灣豬),114/3/25,乙型受體素類,合格,,,
37637,遠百企業股份有限公司三重分公司,新北市,三重區,新北市三重區中正北路193巷45號,饗城南部家鄉水煮粽,114/3/27,食品微生物,合格,,,
37638,遠百企業股份有限公司三重分公司,新北市,三重區,新北市三重區中正北路193巷45號,五穀米肉粽,114/3/27,食品微生物,合格,,,
37639,佳瑪百貨股份有限公司蘆洲分公司,新北市,蘆洲區,新北市蘆洲區長榮路8號1樓,高鈣黑芝麻粉,114/3/28,環氧乙烷,合格,,,
37640,統康生活事業股份有限公司四維二分公司,新北市,板橋區,新北市板橋區四維路247，249，251，253號,豚肋條(台灣豬),114/3/28,乙型受體素類,合格,,,
37641,下港澎肉粽,新北市,板橋區,新北市板橋區新海路135巷9號,下港肉粽,114/3/31,食品微生物,合格,,,
37642,深坑竹香小吃坊,新北市,深坑區,新北市深坑區北深路二段210號,北部粽,114/3/28,食品微生物,合格,,,
37643,深坑竹香小吃坊,新北市,深坑區,新北市深坑區北深路二段210號,南部粽,114/3/28,食品微生物,合格,,,
37644,金穀億商行,新北市,樹林區,新北市樹林區啟智街29號,富山麻油辣椒醬,114/3/25,防腐劑、甜味劑,合格,,,
37645,北投高媽媽傳統米食,新北市,淡水區,新北市淡水區民族路31巷8號,鹼粽,114/4/29,防腐劑,合格,,,
38159,上海粽子店,新北市,永和區,新北市永和區民有街12號,–,114/5/2,GHP,合格,,,
38160,劉家肉粽股份有限公司富基分公司,新北市,石門區,新北市石門區崁子腳58之16號,–,114/4/1,GHP,合格,,,
38161,滿意油飯有限公司,新北市,新店區,新北市新店區寶興路60巷32號1樓,–,114/4/22,GHP,合格,,,
38162,天品素粽,新北市,中和區,新北市中和區立德街73號,–,114/4/17,GHP,合格,,,
38163,王記府城肉粽有限公司汐止廠,新北市,汐止區,新北市汐止區大同路3段369巷36號1樓,–,114/4/22,GHP,合格,,,
38233,東和水果有限公司,新北市,板橋區,新北市板橋區大明街12號5樓,草莓,114/1/6,農藥(阿納寧),不合格,依食安法第44條裁處,60000,
38235,千和水果有限公司,新北市,中和區,新北市中和區建八路152巷10號,草莓,114/1/3,農藥(賽果培、亞派占、Norflurazon、因得克),不合格,依食安法第44條裁處,240000,與同業者抽驗產品(草莓)同案辦理
38237,千和水果有限公司,新北市,中和區,新北市中和區建八路152巷10號,草莓,114/1/3,農藥(阿納寧),不合格,依食安法第44條裁處,240000,與同業者抽驗產品(草莓)同案辦理
38239,梅村水菓有限公司,新北市,中和區,新北市中和區連勝街126號,草莓,114/1/8,農藥(必芬蟎),不合格,依食安法第44條裁處,120000,
38241,商田實業有限公司,新北市,中和區,新北市中和區橋和路120號2樓之7,草莓,114/2/5,農藥(亞派占),不合格,依食安法第44條裁處,60000,
38295,雲品國際酒店股份有限公司新莊分公司,新北市,新莊區,新北市新莊區五工路66號,大芥菜,114/1/2,農藥殘留,合格,,,
38300,正明水果行,新北市,板橋區,新北市板橋區板城路1000號,草莓,114/1/7,農藥殘留,合格,,,
38302,翡翠綠鮮果店,新北市,蘆洲區,新北市蘆洲區中華街12號1樓,草莓,114/1/7,農藥殘留,合格,,,
38466,蕭○森,新北市,土城區,新北市土城區,帶葉金柑,114/2/4,農藥殘留,合格,,,
38470,佳利水果店,新北市,新莊區,新北市新莊區自強街8號,金棗,114/2/5,農藥殘留,合格,,,
38474,亨旺商行,新北市,八里區,新北市八里區中山路一段36號,金棗,114/2/6,農藥殘留,合格,,,
38476,沈○雄,新北市,板橋區,新北市板橋區,金桔,114/2/6,農藥殘留,合格,,,
38478,歐簿客科技股份有限公司,新北市,板橋區,新北市板橋區文承路26、28號8樓、26、28號9樓,有機金柑(金棗),114/2/7,農藥殘留,合格,,,
38626,安永生活事業股份有限公司,新北市,新店區,新北市新店區中興路三段70號B1樓,有機白蘿蔔,114/1/6,農藥殘留,合格,,,
38627,川德果菜行(攤號A153),新北市,泰山區,新北市泰山區全興路212號,白蘿蔔,114/1/7,農藥殘留,合格,,,
38976,亨旺商行,新北市,八里區,新北市八里區中山路1段36號,素香烤鱈排,114/2/3,動物性成分,合格,,,
38977,家福股份有限公司台北中和分公司,新北市,中和區,新北市中和區中山路2段295號,QQ小麥腸,114/2/3,動物性成分,合格,,,
38978,祖德素食有限公司,新北市,新莊區,新北市新莊區復興路3段54號,豐品糕餅素食三牲,114/2/3,動物性成分,合格,,,
38979,瑞彬商行,新北市,板橋區,新北市板橋區館前西路157號1樓,拿鐵焦糖布丁,114/2/3,防腐劑、甜味劑,合格,,,
38980,安坑阿昌意麵,新北市,新店區,新北市新店區安和路2段175號1樓,河粉,114/2/4,邦克列酸,合格,,,
38981,新北市板橋農會-板農活力超市,新北市,板橋區,新北市板橋區府中路29之1號B1樓,香菇燉雞,114/2/4,動物性成分,合格,,,
38982,全聯實業股份有限公司中和新生分公司,新北市,中和區,新北市中和區新生街255號1、2樓,有機綠豆芽,114/2/7,農藥殘留,合格,,,
38983,同心行,新北市,新莊區,新北市新莊區自重街48號,小豆角,114/2/7,防腐劑、殺菌劑、著色劑,合格,,,
38984,三和潤餅捲,新北市,泰山區,新北市泰山區台麗街10號,雄Q潤餅,114/2/10,食品微生物,合格,,,
38985,楊媽媽潤餅捲,新北市,板橋區,新北市板橋區新海路135巷23號,潤餅皮,114/2/10,防腐劑、漂白劑,合格,,,
38986,邢媽媽潤餅捲,新北市,三峽區,新北市三峽區愛國路32之9號,潤餅皮,114/2/10,防腐劑、漂白劑,合格,,,
38987,王師父食品有限公司,新北市,永和區,新北市永和區中山路1段283號,南棗核桃(奶素),114/2/11,防腐劑、著色劑,合格,,,
38988,匠香烤鴨,新北市,永和區,新北市永和區中正路74號,春捲皮,114/2/11,防腐劑、漂白劑,合格,,,
38989,百香潤餅,新北市,三重區,新北市三重區三民街316號,潤餅皮,114/2/11,防腐劑、漂白劑,合格,,,
38990,呷潤餅新莊店,新北市,新莊區,新北市新莊區民安路302號,潤餅(原味),114/2/11,食品微生物,合格,,,
39520,淡水區農會生鮮超級市場,新北市,淡水區,新北市淡水區水源街1段31號,生鮮放牧雞蛋,114/1/10,動物用藥殘留,合格,,,
39522,全聯實業股份有限公司新莊民安分公司,新北市,新莊區,新北市新莊區民安西路309號1樓,香草園洗選蛋,114/1/10,動物用藥殘留,合格,,,
39524,林大食品企業社,新北市,樹林區,新北市樹林區柑園街2段122巷2號9樓,冷凍雞肉,114/1/10,動物用藥殘留,合格,,,
39526,全家便利商店股分有限公司板橋新民分公司,新北市,板橋區,新北市板橋區文化路1段188巷42號1樓,和樂鮮蛋(雞蛋),114/1/13,動物用藥殘留,合格,,,
39528,聯賓五金百貨商行,新北市,三峽區,新北市三峽區長泰街75號,優選蛋,114/1/10,動物用藥殘留,合格,,,
39530,三商家購股份有限公司中和連勝分公司,新北市,中和區,新北市中和區連勝街137號1樓,SimpleLife洗選盒蛋,114/1/10,動物用藥殘留,合格,,,
39532,華漢冷凍食品工業股份有限公司,新北市,五股區,新北市五股區五工六路47號,冷凍雞腿(美國),114/1/15,動物用藥殘留,合格,,,
39534,晨品興業有限公司蘆洲分公司,新北市,蘆洲區,新北市蘆洲區信義路232號,鵝肉,114/1/21,動物用藥殘留,合格,,,
39536,天下第一鵝店,新北市,汐止區,新北市汐止區中興路150巷8之1號,鵝肉,114/1/23,動物用藥殘留,合格,,,
39571,新北市淡水區農會生鮮超級市場,新北市,淡水區,新北市淡水區水源街1段31號,生鮮放牧雞蛋,114/1/10,農藥殘留,合格,,,
39573,全聯實業股份有限公司新莊民安分公司,新北市,新莊區,新北市新莊區民安西路309號1樓,香草園洗選蛋,114/1/10,農藥殘留,合格,,,
39575,林大食品企業社,新北市,樹林區,新北市樹林區柑園街2段122巷2號9樓,冷凍雞肉,114/1/10,農藥殘留,合格,,,
39577,全家便利商店股分有限公司板橋新民分公司,新北市,板橋區,新北市板橋區文化路1段188巷42號1樓,和樂鮮蛋(雞蛋),114/1/13,農藥殘留,合格,,,
39579,聯賓五金百貨商行,新北市,三峽區,新北市三峽區長泰街75號,優選蛋,114/1/10,農藥殘留,合格,,,
39581,三商家購股份有限公司中和連勝分公司,新北市,中和區,新北市中和區連勝街137號1樓,SimpleLife洗選盒蛋,114/1/10,農藥殘留,合格,,,
39583,華漢冷凍食品工業股份有限公司,新北市,五股區,新北市五股區五工六路47號,冷凍雞腿(美國),114/1/15,農藥殘留,合格,,,
39840,全聯實業股份有限公司新店民權分公司,新北市,新店區,新北市新店區民權路85號B1,紐西蘭小羔羊梅花肉片,114/1/20,動物用藥殘留,合格,,,
39841,煦洋達明有限公司,新北市,板橋區,新北市板橋區四維路112巷22號,紐西蘭小羔羊嫩肩火鍋肉片,114/1/22,動物用藥殘留,合格,,,
39984,家樂福股份有限公司淡新分公司,新北市,淡水區,新北市淡水區中山北路2段383號,澳洲天鵝龍蝦,114/1/2,動物用藥殘留,合格,,,
39985,冠鮮極品水產,新北市,新莊區,新北市新莊區福營路236號,海鱺,114/1/2,動物用藥殘留,合格,,,
39986,遠東都會股份有限公司板橋店,新北市,板橋區,新北市板橋區新站路28號B1,特級(帶殼鮑魚),114/1/2,動物用藥殘留,合格,,,
39987,全聯實業股份有限公司中和宜安分公司,新北市,中和區,新北市中和區安平路109號1樓,龍虎斑,114/1/2,動物用藥殘留,合格,,,
39988,大潤發流通事業股份有限公司土城分公司,新北市,土城區,新北市土城區永安街25號1樓,鮑魚清肉,114/1/3,動物用藥殘留,合格,,,
39989,林王O花,新北市,泰山區,新北市泰山區,台灣蚵,114/1/7,動物用藥殘留,合格,,,
39990,增一力鱉肉店,新北市,三重區,新北市三重區平安街38號,甲魚,114/1/7,動物用藥殘留,合格,,,
39991,陳O玲,新北市,三重區,新北市三重區,烏魚,114/1/14,動物用藥殘留,合格,,,
39992,全聯實業股份有限公司五股成泰分公司,新北市,五股區,新北市五股區成泰路3段379號1樓,金目鱸魚排,114/1/20,動物用藥殘留,合格,,,
39993,金探吉事業有限公司景平分店,新北市,中和區,新北市中和區景平路182號B1,2/3鱸魚日,114/1/20,動物用藥殘留,合格,,,