機構名稱,地址,電話,x,y
南昌大藥局,臺北市中正區南昌路一段８６號一樓,(02)23510322,121.5173744,25.0308592
仁杏藥局,臺北市中正區汀州路一段３８４號,(02)23013621,121.5135504,25.02623632
永興藥局,臺北市中正區汀州路一段９２巷２８號,(02)23050986,121.5067622,25.02999357
華大藥局,臺北市中正區金門街８號,(02)23682425,121.5243315,25.02275147
怡誠藥局,臺北市中正區汀州路二段二一二號,(02)23625100,121.5237191,25.02236086
建祥武昌藥局,臺北市中正區武昌街1段29號1樓,(02)23314038,121.512123,25.04415718
日生大藥局,臺北市中正區汀州路一段５３號１樓,(02)23031393,121.5076476,25.03025745
三元藥局,臺北市中正區三元街１５８號,(02)23052839,121.5108721,25.02800107
大安藥局,臺北市中正區新生南路1段56巷2號(1樓),(02)23213186,121.5325212,25.0411213
上海聯合藥局,臺北市中正區衡陽路３２號１樓,(02)23714797,121.5126292,25.04220631
中心藥局,臺北市中正區汀州路三段１２１號,(02)23689889,121.5302985,25.01654511
楊藥局,臺北市中正區臨沂街２９巷１８號,(02)23414449,121.530796,25.03984849
和康大藥局,臺北市中正區忠孝東路一段７８號１樓,(02)23958181,121.5239625,25.04446127
古亭藥局,臺北市中正區汀州路三段１１７號,,121.5301226,25.01666815
新獻安藥局,臺北市中正區羅斯福路一段１５號,(02)23519891,121.5182188,25.03316149
國杏藥師示範藥局,臺北市中正區延平南路１７１巷３號,(02)23811322,121.5078466,25.0348694
東華藥局,臺北市中正區汀州路三段一一三號,(02)23640852,121.5300303,25.01673271
連雲藥局,臺北市中正區連雲街79號,(02)23410504,121.5301606,25.03436039
合泰大藥局,臺北市中正區衡陽路26號,(02)23899977,121.512863,25.04220736
吉星藥局,臺北市中正區襄陽路１９號１樓,(02)23117779,121.5153922,25.04349251
丞良藥局,臺北市中正區南昌路一段７８號地下一樓,(02)33938868,121.517267,25.030983
慶安藥局,臺北市中正區徐州路26號,(02)23582385,121.5234096,25.04061204
達昌藥局,臺北市中正區汀州路一段207號,(02)23390109,121.5116217,25.0269163
大愛生活藥局,臺北市中正區汀州路二段232號,(02)23661155,121.5242627,25.02189463
台醫藥局,臺北市中正區公園路30巷4號,(02)23141202,121.5165555,25.04416104
佑康大藥局,臺北市中正區汀州路2段115號1樓,(02)23683602,121.5189322,25.02520581
佳和藥局,臺北市中正區黎明里公園路30號,,121.5168566,25.0444824
正康藥局,臺北市中正區漢口街1段22號,(02)23712831,121.5142319,25.04507378
進達健保藥局,臺北市中正區中華路二段453號,(02)23039829,121.5096102,25.02490113
活力健康藥妝藥局,臺北市中正區中華路二段315巷1號,(02)23392625,121.5061962,25.02794934
信康藥局,臺北市中正區南昌路一段143號,(02)23961979,121.5185922,25.0295324
保德中華藥局,臺北市中正區中華路二段159號,(02)23027720,121.5042504,25.03101283
71恩典藥局,臺北市中正區信義路二段71號,(02)23223371,121.5263958,25.034666
豐仁藥局,臺北市中正區寧波西街161號,(02)23033908,121.5109466,25.02735594
立赫健保藥局,臺北市中正區新生南路一段16之2號,(02)33223231,121.5326126,25.04322641
宏越藥局,臺北市中正區中華路2段319號1樓,(02)23050880,121.506273,25.02782978
大盛藥局,臺北市中正區中華路一段21巷16號,(02)23316807,121.5105356,25.04645058
北車維康藥局,臺北市中正區青島西路11號,(02)23613509,121.5177666,25.04498758
和眾藥局,臺北市中正區忠孝西路一段6號,(02)23911393,121.5180284,25.04582575
躍獅南門藥局,臺北市中正區中華路二段39巷10號,(02)23141111,121.5073633,25.03483495
桐心藥局,臺北市中正區金華街18之6號1樓,(02)23581663,121.5202152,25.03175306
珍忻藥局,臺北市中正區南昌路一段65號,(02)23965115,121.517452,25.03106799
博昱連雲藥局,臺北市中正區連雲街72號、72之1號,(02)23581898,121.5299712,25.03454651
鈞安藥局,臺北市中正區中華路2段425號1樓,(02)23098282,121.5088598,25.02539709
躍獅東門藥局,臺北市中正區金山南路1段108之1號(1樓),(02)23920339,121.5198716,25.0421407
康呈安藥局,臺北市中正區汀州路2段187號1樓,(02)23672215,121.5219845,25.02403149
汀州藥局,臺北市中正區汀州路1段187、189、191號(1樓),(02)23090705,121.511146,25.0269395
中英大藥局,臺北市中正區永綏街6號1樓,(02)23615654,121.5111801,25.04299801
子榕藥局,臺北市中正區博愛路9號3樓,(02)23116993,121.5115032,25.04591542
愛國藥局,臺北市中正區延平南路210號(1樓),(02)23826211,121.5074698,25.0347608
中力藥局,臺北市中正區襄陽路13之5號1樓、15號(1樓),(02)23313768,121.5155382,25.04349556
專品公園藥局,臺北市中正區公園路32號1樓,(02)23142338,121.516754,25.04410123
日上藥局,臺北市中正區汀州路1段366號1樓、368號1樓,(02)23378096,121.5131885,25.02632858
博醫和平藥局,臺北市中正區中華路2段75巷1弄39號1樓,(02)23120053,121.506759,25.03496529
臨沂中西藥局,臺北市中正區忠孝東路2段134巷26號(1樓),,121.5268527,25.043762
躍獅南寧藥局,臺北市中正區南昌路1段81號1樓,(02)23967072,121.5178122,25.03057386
專品南昌藥局,臺北市中正區南昌路1段66號1樓,(02)23560069,121.5171172,25.03120561
利保肝博愛藥局,臺北市中正區博愛路9號1樓,(02)23123119,121.5115032,25.04591542
南昌春天藥局,臺北市中正區南昌路1段157號1樓,(02)23972886,121.5187816,25.0292682
健歆藥局,臺北市中正區金山南路1段139號1樓,(02)23912858,121.5275891,25.0351731
和平藥局,臺北市中正區中華路2段43號1樓,(02)23755303,121.5063729,25.03508199
立赫景福藥局,臺北市中正區公園路28號1樓,(02)23616162,121.516969,25.04485133
十二願禮藥局,臺北市中正區許昌街4號(1樓),(02)23143004,121.5170434,25.0454278
森詠藥局,臺北市中正區南昌路1段130號1樓,(02)23962120,121.5183291,25.0295693
華山原美學藥局,臺北市中正區金山南路1段58號6樓,(02)23940150,121.5289806,25.04071163
崇信藥局,臺北市中正區齊東街８８號,(02)23417557,121.5271509,25.04162388
民生藥局,臺北市中正區濟南路二段45之1號,(02)23416470,121.5305404,25.040599
新德星中西藥局,臺北市中正區信陽街３號１樓,(02)23614598,121.5168723,25.04469998
東鴻藥局,臺北市中正區臨沂街７１巷３號,(02)23218648,121.5283109,25.0353619
祥全藥局,臺北市中正區信義路二段７９巷１５號之８一樓,(02)23939339,121.5269142,25.035225
新介春藥局,臺北市大同區酒泉街１６６號,(02)25862265,121.5117089,25.07201415
惠眾藥局,臺北市大同區重慶北路三段三三五巷四十三號,(02)25981269,121.5136876,25.070191
柯藥局,臺北市大同區重慶北路三段３３５巷６號,(02)25948515,121.5143673,25.0745193
時春藥局,臺北市大同區赤峰街４號,(02)25597918,121.5191148,25.05355692
裕仁藥局,臺北市大同區迪化街二段270之1號,(02)25910064,121.5114585,25.07068401
健康藥局,臺北市大同區寧夏路２３號之４,(02)25551219,121.5151234,25.05512088
泰元藥局,臺北市大同區哈密街九十一號,(02)25914592,121.5146192,25.0730297
正中藥局,臺北市大同區民族西路二一三號,(02)25976937,121.5142206,25.0687427
保慶藥局,臺北市大同區保安街21號,(02)25538988,121.5129438,25.05925826
快安藥局,臺北市大同區南京西路282、284號,(02)25561925,121.514593,25.0534849
得意藥師藥局,臺北市大同區延平北路二段229號,(02)25534294,121.5114674,25.0602889
健康美藥局,臺北市大同區民族西路165號,(02)25976707,121.515522,25.06872156
宏泰藥師藥局,臺北市大同區酒泉街123號1樓,(02)25957025,121.5146752,25.07212952
儷安藥局,臺北市大同區錦西街53巷16號,(02)25578033,121.5158324,25.06065271
富康藥局,臺北市大同區延平北路二段126號,(02)25537782,121.5114593,25.05733357
佳禾藥局,臺北市大同區大龍街262號,(02)25953806,121.5158326,25.07060943
躍獅雙蓮藥局,臺北市大同區涼州街4號,(02)25537551,121.5146778,25.0607761
延平新聖安藥局,臺北市大同區延平北路三段35號,(02)25923399,121.5112006,25.06474679
旭豐藥局,臺北市大同區昌吉街96號,(02)25853880,121.5151208,25.06582371
中興聯合藥局,臺北市大同區鄭州路127號(實際營業地址：1樓),(02)25502952,121.5108035,25.050385
躍獅文昌藥局,臺北市大同區民生西路108號(實際營業:一層),(02)25586189,121.519676,25.05740036
新聖安藥局,臺北市大同區昌吉街130號,(02)25977877,121.5142818,25.06583938
大同民生藥局,臺北市大同區民生西路128號(1樓、2樓)及130號(1樓、2樓),(02)25558886,121.5191196,25.0573343
123宅藥局,臺北市大同區鄭州路123號(1樓),,121.510881,25.050355
慶福藥局,臺北市大同區南京西路 233巷2號(1樓),(02)25503628,121.5104049,25.0539876
延平藥局,臺北市大同區延平北路3段4號1樓,(02)25986800,121.5110505,25.06343661
立赫大龍藥局,臺北市大同區大龍街263號(1樓),(02)25953233,121.5159775,25.0716743
春鄰藥局,臺北市大同區華亭街1號(1樓),(02)25526289,121.5133706,25.0522164
德芳藥局,臺北市大同區民生西路91號1樓,(02)25576869,121.5193694,25.05761803
光年藥局,臺北市大同區民族西路258號1樓,,121.5121469,25.06853408
圓保藥局,臺北市大同區酒泉街131號(1樓),(02)25850045,121.5144821,25.0721497
慈仁藥局,臺北市大同區歸綏街２６１號１樓,(02)25572733,121.5101298,25.05832209
三省大藥局,臺北市大同區民族西路３０３巷１９號１樓,(02)25353540,121.510236,25.06926528
三銘大藥局,臺北市大同區迪化街一段80號,(02)25583392,121.509909,25.05580837
弘仁全民藥局,臺北市大同區重慶北路2段119號1樓,(02)225579235,121.5138797,25.05756886
建祥藥局,臺北市大同區寧夏路17號、17-1號,(02)25564339,121.5150437,25.05485023
華南藥局,臺北市大同區迪化街二段二一五號之一,(02)25921093,121.5116909,25.07036682
德葳藥局,臺北市大同區延平北路二段二一一號一樓,(02)25573474,121.5115042,25.05973935
酒泉春天藥局,臺北市大同區酒泉街94號1樓、2樓,(02)25977932,121.514555,25.07193436
弘元中西藥局,臺北市中山區長安東路2段64號1樓,(02)25185688,121.5335125,25.048345
錦西春天生活藥局,臺北市中山區錦西街10號1樓,(02)25312658,121.5215743,25.06024008
喜康中西藥局,臺北市中山區錦州街185號1樓,(02)25222488,121.5311529,25.06041838
沛久藥局,臺北市中山區林森北路291號(1樓),,121.5256357,25.0556793
艾禾藥局,臺北市中山區大直街63號1樓,,121.546436,25.08352992
中崙藥局,臺北市中山區八德路2段307號(1樓),(02)27114971,121.542655,25.047402
錦州藥局,臺北市中山區錦州街244號1樓,(02)25026650,121.5338696,25.06026262
農安藥局,臺北市中山區農安街18之1號1樓,(02)25959293,121.5247732,25.06483218
吉林藥局,臺北市中山區吉林路371號(1樓),(02)25865990,121.5304933,25.0650386
滿順藥局,臺北市中山區伊通街54號(1樓),(02)25075283,121.5346392,25.0514481
躍獅冠冠藥局,臺北市中山區中原街17號1樓,(02)25433431,121.5289329,25.05585818
永直藥局,臺北市中山區北安路595巷2弄6號1樓,(02)85098059,121.5482952,25.08192618
中山伊通藥局,臺北市中山區伊通街97之2號,,121.5348936,25.05317459
杏一龍錦藥局,臺北市中山區龍江路279號1樓,(02)25174618,121.5408299,25.05973159
十二願湛藥局,臺北市中山區樂群二路178號1樓,(02)85022178,121.5579856,25.07958071
明水藥局,臺北市中山區明水路651號1樓,(02)25331121,121.5508491,25.08301872
起點藥局,臺北市中山區雙城街3巷18號1樓,,121.5252291,25.06326224
吉林台安藥局,臺北市中山區吉林路399號1樓,(02)25969580,121.5305078,25.06587178
農安台安藥局,臺北市中山區農安街267號1樓,(02)25038205,121.5358091,25.06476458
美康正康藥局,臺北市中山區北安路616之1號(1樓) 、618號2樓之1,(02)25323077,121.5490517,25.0824259
易康藥局,臺北市中山區堤頂大道2段302號(1樓)、304號(1樓),(02)85029138,121.5643243,25.0783725
星安藥局,臺北市中山區龍江路278號1樓,(02)25168112,121.5406644,25.06084117
躍健康藥局,臺北市中山區八德路2段298號(1樓),(02)27772715,121.5421421,25.0469978
大信藥局,臺北市中山區林森北路159巷6號,(02)25719080,121.5255415,25.05169934
承恩藥局,臺北市中山區林森北路119巷55號1樓,(02)25625117,121.5269316,25.05036026
明美藥局,臺北市中山區長春路６９號１樓,(02)25365419,121.5265867,25.0550218
長生藥局,臺北市中山區松江路３６２巷５５號１樓,(02)25816210,121.5313135,25.06206744
能康藥局,臺北市中山區長春路４６號,(02)25429426,121.5256293,25.05481774
貢玄藥局,臺北市中山區錦州街２0７號,(02)25637847,121.5319628,25.06039407
建元藥局,臺北市中山區德惠街79巷8號,(02)25986171,121.5284529,25.0670582
榮昌藥局,臺北市中山區雙城街十七之三號,,121.5244152,25.06463068
華友藥局,臺北市中山區龍江路３５６巷２７號１樓,(02)25007159,121.5398617,25.06607623
惠友藥局,臺北市中山區一江街６０號一樓,(02)25712813,121.5314085,25.05444439
康仁藥局,臺北市中山區北安路578巷8弄3號,(02)25323739,121.548865,25.08063238
名章藥局,臺北市中山區興安街５１－５號１樓,(02)25034331,121.5412817,25.05620776
大直藥局,臺北市中山區北安路617號1樓,(02)25320522,121.5488379,25.08272832
慈海藥局,臺北市中山區中原街一四三號,(02)25940989,121.5291312,25.06427377
蓁榛健康生活藥局,臺北市中山區合江街100之2號1樓,(02)25097780,121.53911,25.05845421
中興藥局,臺北市中山區長安東路2段226號,(02)27774628,121.5427089,25.04818087
王中興藥局,臺北市中山區龍江路273號,(02)25034281,121.5408259,25.05955642
興耀生活藥局,臺北市中山區林森北路405號(1樓),(02)25818210,121.5256883,25.0593503
視美藥局,臺北市中山區民權東路三段６０巷８號１樓,(02)25019597,121.5423043,25.06160802
百源堂大藥局,臺北市中山區長安東路二段四十七之五號一樓,(02)25630711,121.5322474,25.04857182
名祥藥局,臺北市中山區龍江路１６６號,(02)25036265,121.5404011,25.05505954
順泰藥局,臺北市中山區錦州街266號1樓,(02)25038916,121.5347502,25.06025322
優豐藥局,臺北市中山區民生東路一段三十二號,(02)25602565,121.524223,25.05793492
泰興藥局,臺北市中山區新生北路二段６２巷３２號,(02)25371586,121.5263361,25.05613101
阿里藥局,臺北市中山區錦州街251號1樓,(02)25020638,121.5341938,25.06039343
良佑藥局,臺北市中山區撫順街６之２號１樓,(02)25916402,121.5214126,25.06365813
第一藥局,臺北市中山區合江街１７巷６號,(02)25030124,121.5394128,25.05510083
立大藥局,臺北市中山區吉林路144巷14號,(02)25313844,121.5295776,25.05598437
長青藥局,臺北市中山區興安街５５號１樓,(02)25053160,121.5418871,25.05620708
晏晟藥局,臺北市中山區林森北路６２５號,(02)25851445,121.5258586,25.0670343
美日藥局,臺北市中山區天津街六十六號一樓,(02)25631662,121.5232742,25.05136434
人人藥局,臺北市中山區吉林路二六七號一樓,(02)25630798,121.5303983,25.06208985
文德藥局,臺北市中山區龍江路356巷22號1樓,(02)25181178,121.5399659,25.065915
展佑藥局,臺北市中山區長春路一四六之一號,(02)25232803,121.5317112,25.05472764
祥泰藥局,臺北市中山區林森北路136號,(02)25614200,121.5250871,25.05141934
嘉恩藥局,臺北市中山區錦州街321號,(02)25181418,121.538508,25.06032598
樂活苑藥局,臺北市中山區北安路546號1樓,(02)25323296,121.547952,25.08014025
麗亞藥局,臺北市中山區雙城街32號,(02)25981065,121.5242361,25.06634085
大愛藥師藥局,臺北市中山區吉林路255號,(02)25424723,121.5303915,25.06164733
久大藥局,臺北市中山區林森北路480號,(02)25111594,121.5254776,25.06126938
專心藥局,臺北市中山區伊通街112之2號,(02)25155847,121.5347251,25.0542576
康林藥局,臺北市中山區興安街105號,(02)25171867,121.5437701,25.05616582
民生興安藥局,臺北市中山區民生東路3段90之1號,(02)25018310,121.543538,25.05745882
啟美藥師藥局,臺北市中山區錦州街282號,(02)25178032,121.5352375,25.06023864
龍江藥局,臺北市中山區龍江路356巷14號,(02)25023724,121.5402935,25.06591256
躍獅晴光藥局,臺北市中山區農安街23之2號,(02)25951393,121.5245403,25.06500749
德惠藥局,臺北市中山區德惠街122號,(02)25971131,121.5300424,25.06652212
金生藥局,臺北市中山區長安東路2段167之1號,(02)87729808,121.5406803,25.04842621
興康源藥局,臺北市中山區中山北路1段140巷8號,(02)25311248,121.5214016,25.05143389
富宥康藥局,臺北市中山區北安路608巷5弄22號,(02)25324769,121.5496274,25.08262868
淮濟藥師藥局,臺北市中山區北安路570號(實際營業地址:1樓及地下1樓),(02)85098636,121.548559,25.080761
逸帆藥局,臺北市中山區錦州街189號,,121.5312441,25.0604171
正傑健保藥局,臺北市中山區長安東路二段181號,(02)27310181,121.5425691,25.04838455
中山藥局,臺北市中山區林森北路128號,(02)25236979,121.5250397,25.05124953
保德明水藥局,臺北市中山區北安路608巷4弄1號,(02)85097769,121.5492907,25.08191229
廣福中西藥局,臺北市中山區錦州街406號,(02)25189489,121.5416596,25.06011408
大直健康藥局,臺北市中山區北安路591號,(02)25323310,121.5486435,25.08194407
娸淇藥局,臺北市中山區伊通街95號,(02)25082762,121.5348918,25.0530723
OK藥師藥局,臺北市中山區興安街95號,(02)25170068,121.5434646,25.05615461
昶青林森藥局,臺北市中山區林森北路119巷18號(1樓),(02)25639939,121.5258714,25.0504071
麗恩藥局,臺北市中山區林森北路575之5號,(02)25981982,121.5257983,25.06529877
建誠中西藥局,臺北市中山區龍江路385之1號,(02)25158608,121.5410461,25.06510644
誠意中西藥局,臺北市中山區林森北路613號,(02)25950951,121.5258246,25.06647284
長安藥局,臺北市中山區長安東路2段171之2號(1樓),(02)27772740,121.521914,25.049564
仁一藥局,臺北市中山區林森北路520號,(02)25711742,121.5255056,25.06232638
大直小太陽藥局,臺北市中山區北安路607-1號,(02)85093208,121.5487621,25.08240974
大直永安藥局,臺北市中山區北安路567之2號,(02)25332125,121.5481721,25.08072835
元宏藥局,臺北市中山區北安路458巷41弄49號,(02)25339728,121.5464584,25.07940104
聖晨藥局,臺北市中山區農安街140號,,121.5321651,25.06471241
錦州春天生活藥局,臺北市中山區錦州街213號、213號2樓,(02)25213586,121.532133,25.0604103
佳頤中西藥局,臺北市中山區長春路147之1號,(02)25641479,121.5323456,25.05495168
康銓藥局,臺北市中山區農安街174號,(02)25039393,121.5346414,25.06456845
禾全藥局,臺北市中山區龍江路332號,(02)25165721,121.5408713,25.06532285
十二願藥局,臺北市中山區林森北路309號,,121.5255679,25.05588048
禾康藥局,臺北市中山區植福路296號(實際營業地址:1層),,121.561177,25.0812457
大樹龍江藥局,臺北市中山區龍江路242號,(02)25035666,121.5406119,25.05888538
安悅藥局,臺北市中山區吉林路189號,(02)25419879,121.5303558,25.05970358
東東藥局,臺北市中山區長春路257之2號1樓,(02)25031730,121.5407535,25.05476915
誠果中西藥局,臺北市中山區吉林路101號1樓,(02)25238563,121.5302839,25.05618779
永育康暉藥局,臺北市中山區樂群二路210之2號1樓,(02)85012268,121.5593333,25.07951739
可康藥局,臺北市中山區林森北路373號(1樓),(02)25361078,121.5257301,25.0582221
專品龍江藥局,臺北市中山區龍江路311號1樓,(02)25178870,121.5408634,25.06127156
立赫民生藥局,臺北市松山區民生東路4段72號1樓,(02)27139200,121.5524163,25.0578685
康是美建華藥局,臺北市松山區南京東路5段1號1樓,(02)27607595,121.557434,25.0517706
富景藥局,臺北市松山區三民路145號1樓,(02)27455666,121.5630972,25.06078504
富凱延壽藥局,臺北市松山區延壽街95號1樓,(02)27455988,121.5664805,25.05720671
躍獅敦北藥局,臺北市松山區民生東路4段80巷5號(1樓),(02)27155691,121.555653,25.0580788
興宸藥局,臺北市松山區富錦街512號1樓,(02)27658970,121.5645186,25.06091416
躍獅京華藥局,臺北市松山區南京東路5段71號1樓,(02)27666508,121.5595616,25.05171475
榮星藥局,臺北市松山區南京東路四段１３３巷５弄１號,(02)27124696,121.5552348,25.05213652
東北藥局,臺北市松山區新東街３巷２號,(02)27612625,121.5659226,25.05754042
新光藥局,臺北市松山區八德路三段99巷4號,(02)25775672,121.5535281,25.04871727
健全藥局,臺北市松山區民權東路三段１０３巷２０號,(02)27128293,121.5449109,25.06326943
李得安藥局,臺北市松山區民生東路五段３６巷８弄１１號一樓,(02)87871655,121.5598565,25.05733299
瑞昌大藥局,臺北市松山區民權東路三段103巷10號,(02)27120030,121.5449185,25.06298433
德川中西藥局,臺北市松山區八德路4段96號,(02)27683399,121.5606599,25.0483598
德安藥局,臺北市松山區八德路3段195號2樓,(02)25782670,121.55619,25.04816251
禾宜藥局,臺北市松山區八德路3段12巷51弄16號1樓,(02)25780236,121.5511815,25.04608639
安世藥局,臺北市松山區南京東路四段１３３巷５弄９號,(02)27133405,121.5555618,25.05213981
明一藥局,臺北市松山區南京東路五段５９巷２８弄２５號１樓,(02)27691654,121.5581679,25.05270413
傑安藥局,臺北市松山區八德路二段４３７巷７弄８號１樓,(02)27524155,121.547337,25.04913916
仁弘藥局,臺北市松山區民生東路三段１１３巷２５弄６號１樓,(02)27136764,121.5465855,25.05948486
益華藥局,臺北市松山區民生東路五段１３８巷６號,(02)27624898,121.5615282,25.05842827
德靈藥局,臺北市松山區富錦街５４８號,(02)27646998,121.5666733,25.06177521
合生藥局,臺北市松山區南京東路五段１２３巷４５號１樓,(02)27602932,121.5607477,25.05363801
中崙五代全民藥局,臺北市松山區延吉街７之２號１樓,(02)25700079,121.5534991,25.04742353
上允藥局,臺北市松山區民生東路五段78號,(02)27696905,121.5590485,25.05836364
建東大藥局,臺北市松山區三民路９７號一樓,(02)27676237,121.5633976,25.05723452
延壽藥局,臺北市松山區延壽街３２７號,(02)27685159,121.5603628,25.05678588
萬泰藥局,臺北市松山區敦化北路222巷38號,(02)27135891,121.5471033,25.05994298
博荃藥局,臺北市松山區敦化北路4巷51號,(02)27316736,121.5447425,25.05006338
家音藥局,臺北市松山區民生東路五段73號,(02)37652080,121.5584887,25.05870895
中美藥局,臺北市松山區富錦街531號,(02)27627468,121.5654809,25.06128454
惠登藥局,臺北市松山區民生東路3段130巷34號,(02)25472432,121.546113,25.05619819
松田藥局,臺北市松山區延吉街9-6號,(02)25798005,121.55355,25.04700689
予志藥局,臺北市松山區富錦街521號,(02)27623522,121.5649443,25.06118636
婕登藥局,臺北市松山區八德路4段699號,(02)27482893,121.5766443,25.05020698
晨安藥局,臺北市松山區八德路三段155巷20弄2號,(02)25798460,121.5553264,25.0491374
銘德藥局,臺北市松山區八德路2段366巷28號,(02)27511833,121.545925,25.04724223
立康大藥局,臺北市松山區八德路四段2之1號,(02)27471749,121.5581109,25.04811673
躍獅松和藥局,臺北市松山區八德路四段666之1號,(02)27492569,121.5760924,25.04979019
京東藥局,臺北市松山區南京東路五段272號,(02)27679503,121.5669451,25.05113968
晨新藥局,臺北市松山區八德路四段91巷1之1號,,121.5607609,25.04894395
綠之家藥局,臺北市松山區延壽街428號,,121.5562168,25.05619701
康采藥局,臺北市松山區南京東路五段291巷17之2號,(02)22578649,121.5662534,25.0523635
唯康藥局,臺北市松山區八德路3段211號,(02)25775000,121.5566366,25.04819629
台北長庚維康藥局,臺北市松山區敦化北路199巷2弄5號1樓,(02)27199386,121.5500336,25.05563366
芝欣藥局,臺北市松山區八德路3段148號,(02)25706677,121.5548153,25.0479919
立赫敦北藥局,臺北市松山區敦化北路222巷20號,(02)27199277,121.547743,25.05944652
健康活力藥師藥局,臺北市松山區民生東路五段219號,(02)27455556,121.5669297,25.05931013
啄木鳥藥局,臺北市松山區八德路四段209號(一、二層)、211號(一、二層),(02)27422413,121.5639568,25.04893714
玖田藥局,臺北市松山區八德路四段655號,(02)27666578,121.5755287,25.05017841
澄馨藥局,臺北市松山區三民路37號,(02)27589614,121.5635238,25.05580069
一安正昇藥局,臺北市松山區南京東路五段309號,(02)27680993,121.5666661,25.05155363
杏一延吉藥局,臺北市松山區八德路3段74巷45弄1號1樓,(02)25798450,121.5527172,25.04624327
新德大藥局,臺北市松山區饒河街204號,(02)27474473,121.5770352,25.05074271
光點延新藥局,臺北市松山區延壽街101號,(02)27667795,121.5659705,25.05716171
杏一台北長庚藥局,臺北市松山區敦化北路199巷2弄3號,(02)25149463,121.5500378,25.05568488
安禾大藥局,臺北市松山區撫遠街382號,(02)27602952,121.5656249,25.06442948
巧心藥局,臺北市松山區八德路3段12巷57弄39之3號1樓,(02)25703728,121.5521399,25.04567413
慶昌藥局,臺北市松山區延吉街29號1樓,(02)25770820,121.5537055,25.04594889
順儷中崙藥局,臺北市松山區八德路3段74巷48號1樓,(02)25796900,121.5524496,25.04684933
家育藥局,臺北市松山區民生東路5段216號1樓,(02)27678639,121.5650468,25.0588484
佑翔藥局,臺北市松山區民生東路5段95號1樓,(02)87875070,121.5596903,25.05880508
杏一台北台安藥局,臺北市松山區八德路2段399號1樓,(02)87728295,121.5465282,25.04832767
全欣藥局,臺北市松山區復興北路73號2樓,(02)87729066,121.5442384,25.05105069
駿俏藥局,臺北市松山區八德路2段397號1樓,(02)87728085,121.5464705,25.04832788
佑全松山南京東藥局,臺北市松山區南京東路5段291巷7號1樓,(02)27687807,121.5662465,25.05200522
豐澤藥局,臺北市松山區南京東路3段269巷6之9號(1樓),(02)27169636,121.5453225,25.0520302
南京春天藥局,臺北市松山區南京東路4段139號(1樓),(02)27186155,121.550072,25.051152
美仁藥局,臺北市松山區健康路5之1號1樓,(02)27166112,121.5524947,25.0525084
誠康中西藥局,臺北市松山區南京東路5段59巷31弄43號1樓,(02)27619679,121.5607228,25.05345802
大樹松山藥局,臺北市松山區民生東路5段107號1樓,(02)27562226,121.5601395,25.05877584
康麗藥局,臺北市松山區南京東路3段303巷20號(1樓),(02)27174117,121.5466693,25.051984
達昌健康藥局,臺北市松山區健康路100號(1樓),(02)27125220,121.5549068,25.0533509
立健美中西藥局,臺北市松山區民權東路3段106巷1號1樓,(02)25473929,121.5449855,25.06176721
吉仁藥局,臺北市松山區延吉街44號1樓,(02)25776115,121.5535737,25.0455101
專品南京藥局,臺北市松山區南京東路4段73號1樓,(02)25147685,121.5531673,25.05184566
欣生藥局,臺北市松山區民生東路5段138巷1號(1樓),(02)27567611,121.5556082,25.05843439
新東藥局,臺北市松山區民生東路5段191號(1樓),(02)27656336,121.5556082,25.05843439
萬芯中西藥局,臺北市松山區八德路3段163號(1樓),(02)25770519,121.5553382,25.0481861
領悅藥局,臺北市松山區民生東路4段117之1號(1樓),(02)25679951,121.555653,25.0580788
奇異果大安藥局,臺北市大安區大安路1段190號,(02)23250891,121.5458879,25.03572592
康維健保藥局,臺北市大安區敦化南路1段329巷15號,(02)27000120,121.5500224,25.03424597
威康藥局,臺北市大安區和平東路2段297號,(02)27061149,121.5447391,25.0249461
專品六張犁藥局,臺北市大安區基隆路2段217號1樓,(02)87322226,121.5512826,25.02298927
早安藥局,臺北市大安區建國南路2段151巷42號1樓,(02)27002209,121.5395782,25.02864779
躍獅敦和藥局,臺北市大安區和平東路3段10號,(02)23785767,121.5469927,25.02452694
弘昌藥局,臺北市大安區通化街139號,(02)27321616,121.5539772,25.02901029
博醫仁愛藥局,臺北市大安區仁愛路4段8巷2號1樓,(02)27019107,121.5442928,25.03749754
鎮安中西安和藥局,臺北市大安區安和路1段123號1樓,(02)27015201,121.5526808,25.03488056
十二願永藥局,臺北市大安區永康街49號1樓,(02)33433553,121.52959,25.03008262
佳鄰藥局,臺北市大安區敦化南路1段191號地下之124至129,(02)27211259,121.5492632,25.04247291
信義欣辰藥局,臺北市大安區信義路4段265巷15號1樓,,121.554487,25.03408233
中力信義藥局,臺北市大安區信義路4段51號1樓,(02)23250266,121.5449973,25.03354393
伊生藥局,臺北市大安區安和路1段21巷26號1樓,(02)27755613,121.5516645,25.03939343
宏大藥師藥局,臺北市大安區大安路2段88號1樓,,121.5459549,25.03142561
康祥藥局,臺北市大安區忠孝東路4段216巷21號1樓、216巷19弄2號(1樓),(02)27817891,121.5334554,25.04200329
百立藥局,臺北市大安區和平東路3段228巷66號1樓,(02)27327211,121.5534066,25.02099519
吉成藥局,臺北市大安區泰順街7號（1樓）,(02)23636475,121.5316651,25.0256171
加佳藥局,臺北市大安區忠孝東路4段181巷7弄5號1樓,(02)27763759,121.5510403,25.04219107
昶青藥局,臺北市大安區濟南路3段22之1號(1樓),(02)27515678,121.5345834,25.040096
吾家藥局,臺北市大安區信義路4段265巷6之1號(1樓),(02)27066425,121.5542075,25.0337323
康是美巨富藥局,臺北市大安區光復南路238號1樓,(02)27790474,121.5574661,25.04081187
安東藥局,臺北市大安區安東街50之5號1樓,(02)27114175,121.5425603,25.04276758
頤品中西藥局,臺北市大安區浦城街24之2號(1樓),(02)23685656,121.526673,25.0229598
美心藥局,臺北市大安區忠孝東路3段248巷10號1樓,(02)27219900,121.5412038,25.04113613
博昱師大藥局,臺北市大安區羅斯福路3段189號1樓,(02)23696966,121.5280688,25.02109005
博興藥局,臺北市大安區四維路198巷28號(1樓),(02)23256668,121.5476513,25.0266168
國泰藥局,臺北市大安區仁愛路4段300巷17弄1號1樓,(02)27086221,121.5548779,25.03669773
敦南春天藥局,臺北市大安區敦化南路2段81巷63號(1樓),(02)27553266,121.5513408,25.030017
安森藥局,臺北市大安區信義路3段134巷100號1樓,(02)27076003,121.53893,25.02898304
康是美安居藥局,臺北市大安區安居街5號1樓、地下一層,(02)87325064,121.5553014,25.0212069
師大藥局,臺北市大安區師大路九十九號一樓,(02)23623479,121.528509,25.02270966
新廣生藥局,臺北市大安區仁愛路4段34號,(02)27071221,121.546722,25.03761956
徐榮三藥局,臺北市大安區通安街八九號一樓,(02)27383515,121.5532362,25.03014203
順天堂藥局,臺北市大安區龍泉街96號,(02)23627149,121.5292026,25.02256383
欣榮藥局,臺北市大安區瑞安街二七０號一樓,(02)27023710,121.5391987,25.02624458
寶康大藥局,臺北市大安區忠孝東路4段52號9樓,(02)27217177,121.5450594,25.04139165
青康藥局,臺北市大安區延吉街二四八號一樓,(02)27086623,121.5556806,25.03531617
太醫藥局,臺北市大安區師大路12號(1樓),(02)23685125,121.5283029,25.025735
宏恩藥局,臺北市大安區大安路一段一八一號一樓,(02)27000956,121.5461126,25.03618795
靜園藥局,臺北市大安區和平東路2段118巷57之1號,(02)27336390,121.5429214,25.02254142
延吉大藥局,臺北市大安區延吉街一五三號一樓,(02)27819227,121.5547915,25.04065739
北陸藥局,臺北市大安區和平東路三段二七八號一樓,(02)27323594,121.5558664,25.02099834
杏友藥局,臺北市大安區復興南路二段一五一巷二五號,(02)27079451,121.5435516,25.027216
燕福藥局,臺北市大安區羅斯福路三段283巷14弄14號之3,(02)23627307,121.5326827,25.0182474
龍護大藥局,臺北市大安區大安路一段二二四巷七號一樓,(02)23250686,121.5460635,25.0393976
寶德藥局,臺北市大安區樂利路一０五號一樓,(02)27364240,121.5523893,25.02512378
泰佑藥局,臺北市大安區安和路二段七二號一樓,(02)27056841,121.5517332,25.03010716
杏安堂藥局,臺北市大安區忠孝東路四段七七巷三０號一樓,(02)27517636,121.5539181,25.0414821
四維藥局,臺北市大安區復興南路二段一五一巷四三號一樓,(02)27094222,121.5427975,25.0226197
羅斯福藥局,臺北市大安區羅斯福路3段283巷9弄3號,(02)23699606,121.5312952,25.01903094
赫慶藥局,臺北市大安區瑞安街二０八巷一一弄五號一樓,(02)27063497,121.5391776,25.0251348
大興藥局,臺北市大安區通化街三九巷五０弄一五號一樓,(02)27053369,121.554072,25.029318
永誠藥局,臺北市大安區忠孝東路4段216巷25之1號,(02)27520273,121.5530635,25.0399669
正昌藥局,臺北市大安區通化街三八巷九號一樓,(02)27540070,121.554072,25.029318
建如藥局,臺北市大安區和平東路三段２２８巷１１號１樓,(02)27331456,121.5543423,25.02174207
台安藥局,臺北市大安區和平東路二段三五三號一樓,(02)27549099,121.546163,25.02486892
生光藥局,臺北市大安區忠孝東路三段二四八巷二號,(02)27780862,121.5381808,25.0417673
千福藥局,臺北市大安區忠孝東路四段四十五號地下二樓,(02)27403767,121.5540705,25.0413474
永康藥局,臺北市大安區麗水街6之2號,(02)23279362,121.5289946,25.03289118
祥瑞中西大藥局,臺北市大安區復興南路1段107巷49號,(02)27752551,121.5460607,25.0436955
世中欣藥局,臺北市大安區永康街2巷8號,(02)23938947,121.5294068,25.03315405
加豐藥局,臺北市大安區忠孝東路三段216巷3弄1號1樓,(02)27219678,121.540265,25.04125473
崇光藥局,臺北市大安區忠孝東路3段305號7樓之3,(02)27217958,121.5435422,25.0418867
大愛健康藥局,臺北市大安區敦化南路2段63巷65號,(02)27092156,121.5519842,25.0310315
千瑞藥局,臺北市大安區忠孝東路三段300號B3,(02)77450558,121.5430571,25.04121175
麗樺藥師藥局,臺北市大安區麗水街3號,(02)23952628,121.5290384,25.03224576
安和藥局,臺北市大安區安和路一段102巷3 號,(02)27092349,121.5519413,25.03433167
佑安藥局,臺北市大安區延吉街233巷9號,(02)27069339,121.5561296,25.03708261
弘昇藥局,臺北市大安區復興南路一段107巷32號,(02)27110061,121.5457872,25.04349353
長虹藥局,臺北市大安區忠孝東路4段216巷63號,(02)27210232,121.5530583,25.0382044
惠盈藥局,臺北市大安區辛亥路二段171巷31號,(02)87321366,121.5411931,25.02297057
聯合仁愛藥局,臺北市大安區大安路1段157巷3號,(02)27039269,121.5463195,25.03730778
一心藥局,臺北市大安區和平東路3段238號,(02)27321818,121.5548764,25.02190607
信安健康藥局,臺北市大安區仁愛路4段122巷58號,(02)27084858,121.5501167,25.0339228
新富川藥局,臺北市大安區大安路1段51巷4號,(02)27114758,121.5463924,25.04302908
聖英藥局,臺北市大安區仁愛路4段266巷15弄18號,(02)27055851,121.5539971,25.03654169
元氣生活健保藥局,臺北市大安區新生南路1段161巷6號,(02)27060580,121.5338278,25.03455197
康乃馨藥局,臺北市大安區建國南路1段327號,(02)23257097,121.5382105,25.03480596
世康藥局,臺北市大安區延吉街246號,(02)27015758,121.5556048,25.03549166
惠良藥局,臺北市大安區和平東路3段93之1號,(02)27387872,121.5507273,25.02461534
愛維康生活藥局,臺北市大安區四維路170巷21號,(02)27059791,121.5470335,25.02831743
古亭健康人生藥局,臺北市大安區羅斯福路二段83號,(02)23660895,121.5236912,25.02572337
杏一瑞安藥局,臺北市大安區瑞安街208巷11弄1號,(02)27096710,121.5406467,25.02866098
好安心藥局,臺北市大安區和平東路二段223號1樓,(02)23772166,121.5427315,25.02516843
中山樂方藥局,臺北市大安區仁愛路四段112巷12號,(02)27050622,121.5495794,25.03642174
誠心藥局,臺北市大安區忠孝東路3段199之1號,,121.5389314,25.04187632
安居藥局,臺北市大安區安居街19號,(02)23773537,121.5549354,25.02085624
躍獅新生藥局,臺北市大安區和平東路二段20號,(02)23623367,121.536221,25.02566385
博大藥局,臺北市大安區安和路2段65號,(02)27027858,121.5525685,25.03062665
博昱仁愛藥局,臺北市大安區仁愛路4段65號,(02)87739258,121.5468686,25.03819422
忠孝康承健保藥局,臺北市大安區復興南路1段107巷4號,(02)87733378,121.5443991,25.04356503
微笑藥師藥局,臺北市大安區信義路3段31巷4號,(02)27009655,121.5344583,25.03400663
明星大藥局,臺北市大安區光復南路430之1號,(02)27023747,121.5573747,25.03618432
國泰維康藥局,臺北市大安區仁愛路4段266巷15弄12號1樓、14號1樓,(02)27542185,121.5536198,25.03654728
奇威藥局,臺北市大安區雲和街93號,(02)23651110,121.5311519,25.02338582
百岳藥局,臺北市大安區和平東路二段311巷11號,(02)27551037,121.5452195,25.02511373
大安健康人生藥局,臺北市大安區信義路4段34號,(02)27025553,121.5447423,25.03315881
博昱大藥局,臺北市大安區樂業街148號、150號,(02)23776199,121.55295,25.01997791
仁華藥局,臺北市大安區臥龍街155號,(02)27336762,121.5510939,25.0183433
麗泰藥局,臺北市大安區復興南路2段151巷4號,(02)27079595,121.5439977,25.02831947
杏一樂業藥局,臺北市大安區樂業街162號,(02)27383194,121.5534591,25.01958538
杏一台北國泰藥局,臺北市大安區仁愛路4段266巷15弄4號,(02)27011785,121.5531849,25.03655373
長泰藥局,臺北市萬華區西園路二段２８０號,(02)23012869,121.494213,25.02752823
世欣藥局,臺北市萬華區東園街173號一樓,(02)23074263,121.497344,25.02418889
裕和藥局,臺北市萬華區萬大路１１５、１１７號,(02)23063219,121.5007014,25.0296786
秀全藥局,臺北市萬華區開封街二段66－３號,(02)23312192,121.5061473,25.04669321
大嘉藥局,臺北市萬華區梧州街46巷6號,(02)23363804,121.4973541,25.0363184
生活大藥局,臺北市萬華區貴陽街二段124號,(02)23618609,121.5025003,25.03994911
民鈺藥局,臺北市萬華區環河南路二段１３９號１樓,(02)23028466,121.4932563,25.03396192
皇祥藥局,臺北市萬華區萬青街１６５號１樓,(02)23375676,121.501626,25.02278961
安聖藥局,臺北市萬華區西園路二段２５６號一樓,(02)23037620,121.4946435,25.0279788
聯慶大藥局,臺北市萬華區萬大路306號,(02)23039850,121.5002582,25.02495334
信義藥局,臺北市萬華區青年路２８號,(02)23074599,121.5051628,25.02581277
益源藥局,臺北市萬華區大理街１６０巷２６弄２號,(02)23087321,121.4938512,25.03211666
欣安藥局,臺北市萬華區東園街190、192號,(02)2265758,121.4983487,25.0217366
新六福藥局,臺北市萬華區漢口街二段５５號一樓,(02)23315101,121.5061865,25.04594517
三源藥局,臺北市萬華區康定路197號,(02)23022111,121.5015153,25.03625733
照安藥局,臺北市萬華區東園街144號,(02)23039645,121.4975279,25.02344574
康之友藥局,臺北市萬華區青年路20號,(02)23011598,121.50552,25.02592097
仁仁藥局,臺北市萬華區康定路219號,,121.5014092,25.03566054
健誠大藥局,臺北市萬華區環河南路二段185號,(02)23042223,121.4919225,25.03246558
躍獅西園藥局,臺北市萬華區西園路二段260號,(02)23094063,121.4945818,25.02784307
吉安藥局,臺北市萬華區廣州街182號,(02)23085268,121.4986212,25.03664504
好視多藥局,臺北市萬華區萬大路285號,(02)23018100,121.5005627,25.02518754
專品藥局,臺北市萬華區長沙街二段71之1號,(02)23718892,121.5051287,25.04061736
偉安藥局,臺北市萬華區西藏路109號,(02)23037186,121.503312,25.02965672
萬華藥局,臺北市萬華區萬大路248號(實際營業地址:1樓、2樓),(02)23012221,121.5003148,25.0262573
萬華健業藥局,臺北市萬華區東園街68之3號,,121.4964988,25.02569571
華達藥局,臺北市萬華區環河南路二段171號,(02)23082785,121.492362,25.03295505
榮勝藥局,臺北市萬華區萬大路233號,(02)23331121,121.5005949,25.02649133
安誠貴陽藥局,臺北市萬華區貴陽街二段148號,(02)23812190,121.5015709,25.04017105
千誠北護藥局,臺北市萬華區內江街114號,(02)23123530,121.5034072,25.04152536
松本藥局,臺北市萬華區西昌街233號,(02)23029559,121.5006542,25.0372271
柏祥藥局,臺北市萬華區西藏路141號,(02)23018272,121.501673,25.02944337
正盛藥局,臺北市萬華區中華路2段434之1號,(02)23050386,121.5063996,25.02707678
啟仁藥局,臺北市萬華區環河南路2段177號,(02)23362771,121.4920393,25.03259286
恩達藥局,臺北市萬華區梧州街64號,(02)23024467,121.4974998,25.03569378
富安藥局,臺北市萬華區萬大路426號,(02)23377878,121.4981143,25.02095991
和德藥局,臺北市萬華區西園路2段292號1樓,(02)23331522,121.4935371,25.02698226
艾米力藥師藥局,臺北市萬華區西藏路107之2號(1樓),(02)23036583,121.5034385,25.0296298
企鵝藥局,臺北市萬華區西昌街175號(1樓),(02)23884691,121.5007326,25.038821
康是美長沙藥局,臺北市萬華區長沙街2段73號1樓、2樓,(02)23121661,121.5050305,25.04060139
五洞桃藥局,臺北市萬華區桂林路92號1樓,,121.5003694,25.03835242
康是美萬鑫藥局,臺北市萬華區萬大路425之1號1樓、夾層及地下1樓,(02)23058048,121.4987343,25.02140471
福澤萬大藥局,臺北市萬華區萬大路88號1樓,(02)23087468,121.5004014,25.03037794
日森人文藥局,臺北市萬華區和平西路3段149號1樓,(02)23082100,121.4987695,25.03542697
青年宏越藥局,臺北市萬華區青年路44號1樓,(02)23011037,121.5041637,25.02550376
西園宏越藥局,臺北市萬華區西園路2段213號1樓,(02)23097336,121.4942381,25.02713788
南機場中西藥局,臺北市萬華區國興路104號(1樓),(02)23035179,121.5054251,25.0274856
建和藥局,臺北市萬華區青年路１６８巷４４號,(02)23010838,121.5016116,25.01987352
厚元藥局,臺北市萬華區康定路２２７號,(02)23027883,121.5013757,25.03546577
老永茂大藥局,臺北市萬華區廣州街６４號１樓,(02)23064417,121.5031725,25.03648594
信昌藥局,臺北市萬華區長泰街３６號１樓,(02)23054898,121.5006934,25.02335967
民和藥局,臺北市萬華區民和街５號１樓,(02)23038134,121.4999621,25.02627681
您永安藥局,臺北市萬華區昆明街一六二號,(02)23317119,121.5045774,25.04216339
日昇藥局,臺北市萬華區廣州街１２４號,(02)23062975,121.5013164,25.036563
裕弘藥局,臺北市萬華區萬大路４８６巷７７號,(02)23032067,121.4954016,25.0206735
長愛藥局,臺北市萬華區萬大路３０４號３樓,(02)23052346,121.5002621,25.02498456
龍口藥局,臺北市萬華區艋舺大道一二○巷三十五號,(02)23365680,121.5020141,25.027345
立昌藥局,臺北市萬華區萬大路486巷59弄38號,,121.4953311,25.01974866
健華藥局,臺北市萬華區康定路３２８號,(02)23063083,121.501194,25.03564428
永康大藥局,臺北市萬華區桂林路49號,(02) 23317675,121.5041856,25.03806775
寶興大藥局,臺北市萬華區寶興街119號,(02)23013375,121.4947729,25.02529417
瑞生藥局,臺北市萬華區西園路二段252號,(02)23012159,121.4947709,25.02800367
光華藥局,臺北市萬華區華西街19之5號,(02)23613609,121.4985454,25.03891688
小太陽元氣藥局,臺北市萬華區萬大路433號1樓,(02)23090167,121.4986082,25.02120195
詠晴中西藥局,臺北市信義區松山路484之4號1樓(含夾層),(02)27266890,121.5778396,25.03890046
康楊藥局,臺北市信義區忠孝東路5段412之1號(1樓),,121.5652968,25.0406521
柏愛藥局,臺北市信義區基隆路2段131之20號1樓,(02)27325472,121.5563493,25.02751012
保順大藥局,臺北市信義區信義路6段93號1樓,(02)27270799,121.5775776,25.03597844
十二願玥藥局,臺北市信義區忠孝東路5段21號(1樓),(02)27563123,121.5652968,25.0406521
上禾藥師藥局,臺北市信義區林口街24巷4號,(02)27611133,121.57957,25.0373999
健生活國泰置地藥局,臺北市信義區忠孝東路5段68號24樓,(02)87862222,121.5666938,25.04064778
新資生北信義大藥局,臺北市信義區永吉路180巷67弄5號1樓,(02)77505125,121.5718249,25.04354912
合生光復藥局,臺北市信義區光復南路447號1樓,(02)27582932,121.5576928,25.03529704
呼嚕嚕藥局,臺北市信義區莊敬路391巷6號1樓,(02)27200003,121.5657863,25.02799173
松德台安藥局,臺北市信義區松德路40號(1樓),(02)87891622,121.576686,25.0389681
永樂藥局,臺北市信義區忠孝東路5段372巷27弄64號1樓,(02)86475177,121.5752404,25.03919527
天康文豐藥局,臺北市信義區松山路543之1號(1樓),(02)28200106,121.5783271,25.0375812
康怡健保藥局,臺北市信義區吳興街467巷2弄18號1樓,(02)27206193,121.5697489,25.02369281
必欣藥局,臺北市信義區松仁路２６４號,(02)27225060,121.569584,25.02425301
臺陽藥局,臺北市信義區大道路６１號,(02)27283403,121.5823358,25.04135926
松隆藥局,臺北市信義區虎林街65號,(02)27684033,121.5770735,25.04604214
杏康藥局,臺北市信義區忠孝東路五段３７２巷２７弄６８－２號１樓,(02)23457422,121.5752982,25.03975607
慧生藥局,臺北市信義區松山路３１０號,(02)27647138,121.5776571,25.04256147
鼎泰藥局,臺北市信義區基隆路一段１５５號１樓,(02)27620617,121.5653361,25.04221567
松山大藥局,臺北市信義區永吉路４３６號,(02)27600097,121.5781324,25.04526447
信隆藥局,臺北市信義區仁愛路四段496巷5號,(02)27296953,121.560471,25.03703621
力康藥局,臺北市信義區吳興街１６６－１號１樓,(02)27375368,121.5620058,25.02895804
吳興藥局,臺北市信義區吳興街二七九號一樓,(02)27208328,121.5641935,25.02658092
良美藥局,臺北市信義區福德街268巷37號,(02)27593659,121.5854369,25.04032985
福華藥局,臺北市信義區吳興街２８１巷３號１樓,(02)27208527,121.5643486,25.0265588
老上德藥局,臺北市信義區信義路六段１１８號,(02)27273864,121.5782134,25.03609127
光成藥局,臺北市信義區光復南路４５７號之３,(02)27587069,121.5577405,25.03448509
大順安藥局,臺北市信義區吳興街８４號,(02)27360639,121.5606311,25.03056223
立信藥局,臺北市信義區松山路４０３號１樓,(02)27687754,121.5779913,25.04144301
喜樂藥局,臺北市信義區松德路125號,(02)27275797,121.5752869,25.03751627
馨馨藥局,臺北市信義區虎林街82巷19號,,121.5763774,25.04336423
信義盛康藥局,臺北市信義區永吉路286號（1樓）,(02)23460521,121.5744261,25.0453699
新資生北醫大藥局,臺北市信義區吳興街284巷24弄1之1號1樓,(02)23777588,121.5635133,25.02442146
小熊藥局,臺北市信義區虎林街57之1號1樓,(02)27495833,121.5769301,25.04716841
松美藥局,臺北市信義區市民大道6段320號(1樓),(02)27651099,121.5797196,25.0487903
上好松山藥局,臺北市信義區松山路144號1樓,(02)27568012,121.5776119,25.047023
躍獅松仁藥局,臺北市信義區松仁路233號1樓,(02)27238626,121.5687687,25.02617413
杏仁藥局,臺北市信義區大道路１３５號,(02)27262541,121.5834462,25.03900907
佑華藥局,臺北市信義區忠孝東路五段五0八之四號一樓,(02)27595719,121.5787179,25.04075495
新和平藥局,臺北市信義區虎林街一九八號一樓,(02)23460951,121.5768828,25.03844073
華泰藥局,臺北市信義區虎林街八十二巷五號,(02)27601992,121.5794808,25.0483231
德康大藥局,臺北市信義區松山路五四一巷二十一號,(02)27272502,121.5783212,25.0492016
皇佳大藥局,臺北市信義區松山路541巷25號1樓、27號1樓,(02)27262555,121.579105,25.03796036
好康藥局,臺北市信義區莊敬路414號,(02)27232979,121.566199,25.0271568
麗中藥局,臺北市信義區福德街217號,(02)27594416,121.5847403,25.03840938
文興藥局,臺北市信義區福德街245號,(02)27590989,121.5858573,25.03873939
康杏藥局,臺北市信義區福德街306號1樓,(02)27591510,121.5873598,25.03930647
昆陽藥局,臺北市信義區林口街230號,(02)27274814,121.5813126,25.04247952
綠杏大藥局,臺北市信義區吳興街241號,(02)27582378,121.5634929,25.02745032
鴻濟藥局,臺北市信義區永吉路326巷2號1樓,(02)27645331,121.5753908,25.04506854
信桉藥局,臺北市信義區莊敬路236號,(02)87860005,121.5620883,25.02959805
安佑藥局,臺北市信義區吳興街247號1樓,(02)27222236,121.5635901,25.02733059
安心藥局,臺北市信義區永吉路30巷148弄4之1號,(02)27474992,121.5685441,25.04265751
九州藥局,臺北市信義區和平東路三段239號,(02)87323331,121.5543153,25.02293626
永吉藥局,臺北市信義區永吉路213號,(02)87874043,121.5738721,25.04571477
榮泰藥局,臺北市信義區光復南路419巷117號1樓,(02)77296777,121.5599212,25.0365281
皇昇大藥局,臺北市信義區松山路210號,(02)27663886,121.5776333,25.04508792
貴臨藥局,臺北市信義區永吉路326巷19號,(02)27493768,121.5755456,25.04457386
大鳥藥局,臺北市信義區莊敬路354號,(02)23455025,121.5643416,25.02771676
濟生中西藥局,臺北市信義區崇德街41號,(02)27358452,121.5541989,25.0243633
正和藥局,臺北市信義區吳興街225巷6號,(02)23455186,121.5634533,25.02783749
荐荃藥師藥局,臺北市信義區虎林街68之3號,(02)27492866,121.5770353,25.04447892
新永春藥局,臺北市信義區忠孝東路5段423巷1號,,121.5752643,25.04126297
大浲藥局,臺北市信義區忠孝東路5段372巷27弄18號,(02)87896835,121.5744502,25.03957979
新興健保藥局,臺北市信義區永吉路30巷113號,(02)27494892,121.5688674,25.0432416
富熙藥局,臺北市信義區松仁路260號1樓,(02)27587608,121.5695448,25.02431912
洪暘藥局,臺北市信義區富陽街86號,(02)27337099,121.5564304,25.02127393
專品光復藥局,臺北市信義區光復南路467之1號,(02)27586682,121.5576703,25.03383787
仁聖藥局,臺北市信義區信安街151號,(02)87324166,121.5554087,25.02289299
尚頤中西藥局,臺北市信義區虎林街145號,,121.5767206,25.03959377
北一健康人生藥局,臺北市信義區吳興街255號,(02)27583945,121.5637344,25.02715286
博亞藥局,臺北市信義區莊敬路462號,(02)27580506,121.567728,25.02671857
躍獅永吉藥局,臺北市信義區永吉路520號,(02)27059791,121.5803549,25.0452117
立赫北醫藥局,臺北市信義區吳興街118巷26弄17號,(02)27320100,121.559898,25.03006474
壹間藥師藥局,臺北市信義區虎林街120巷148號,(02)27672833,121.5741541,25.04213337
躍獅光復藥局,臺北市信義區光復南路417之8號,(02)87862307,121.5577258,25.03681858
上好藥師藥局,臺北市信義區永吉路30巷101弄48號,(02)27677088,121.5701025,25.04343133
北一忠孝藥局,臺北市信義區忠孝東路5段524巷1弄16號1樓,(02)23464572,121.5801512,25.04133527
富凱藥師藥局,臺北市信義區林口街18號1樓,(02)27282685,121.5793666,25.03718525
吳興春天藥局,臺北市信義區吳興街137號1樓,(02)27585617,121.561798,25.02947464
寶春藥局,臺北市信義區虎林街119之19號1樓,,121.5770952,25.04111935
日安藥局,臺北市信義區松仁路240巷13號1樓,(02)27203775,121.5690991,25.02453977
愛維喜藥局,臺北市信義區莊敬路278號,(02)27586989,121.5627071,25.02882297
市政藥局,臺北市信義區忠孝東路5段169號1樓、171號1樓,(02)27560050,121.5688097,25.04119897
杏一後山埤藥局,臺北市信義區忠孝東路5段778號1樓,(02)27274357,121.5815662,25.04340073
光點信義松仁藥局,臺北市信義區松仁路160號1樓,(02)27581850,121.5682102,25.02843911
躍獅興雅藥局,臺北市信義區松德路128號1樓,(02)87808429,121.5744817,25.03734142
宜家藥局,臺北市士林區前港街86號1樓,(02)28833677,121.5196328,25.08498315
家赫宇盛藥局,臺北市士林區中山北路6段222號1樓,(02)28328728,121.5254001,25.10860067
前港台安藥局,臺北市士林區前港街28號1樓,(02)28831079,121.5220506,25.08459299
向宇藥局,臺北市士林區德行東路217號1樓,(02)88661101,121.532763,25.10934708
天母藥局,臺北市士林區天母西路26號1樓,(02)28771202,121.5268437,25.11835063
大田大藥局,臺北市士林區德行東路133號1樓,(02)28326112,121.5292096,25.10808845
有為藥局,臺北市士林區文林路477號(1樓),(02)28366898,121.5241792,25.0960516
忠義台安藥局,臺北市士林區忠義街72號1樓,(02)28380685,121.5315264,25.10600093
芝山藥局,臺北市士林區忠誠路1段27號1樓及地下1層、29號1樓及地下1層,(02)28330353,121.5270814,25.10415332
富康活力通河藥局,臺北市士林區通河街141巷1號1樓,(02)28862866,121.5208017,25.08104434
通河藥局,臺北市士林區通河街147號1樓,(02)28861332,121.5205427,25.0811004
南風藥局,臺北市士林區美崙街45號1樓,(02)28320375,121.5225385,25.0970569
菁安藥局,臺北市士林區美崙街5號1樓,(02)28323951,121.5236314,25.09718206
景正藥師中西藥局,臺北市士林區福港街１５２號,(02)28838762,121.5178302,25.08753114
佳赫藥局,臺北市士林區文昌路62號,(02)28367202,121.5213792,25.09604928
士林三安藥局,臺北市士林區大南路１１號,(02)28812631,121.5260087,25.08898084
啓宏藥局,臺北市士林區大東路９０之１號,(02)28825811,121.5256281,25.09145851
太安藥局,臺北市士林區延平北路五段157號,(02)28111468,121.5101238,25.08255769
田倉藥局,臺北市士林區士東路122號1樓,(02)88662188,121.5300746,25.11218957
日康藥局,臺北市士林區士東路１２號１樓,(02)28358558,121.5267369,25.11167788
正陽藥局,臺北市士林區華齡街１１號１樓,(02)28815711,121.5194293,25.08266817
麗森藥局,臺北市士林區天母西路51號,(02)28714152,121.5269353,25.11854332
天母大和藥師藥局,臺北市士林區德行東路189之1號１樓,(02)28310142,121.5316648,25.10896733
陽明藥局,臺北市士林區菁山路十號一樓,(02)28612863,121.5468874,25.13797206
康鈺藥局,臺北市士林區忠誠路2段150號1樓,(02)28313915,121.532611,25.11489766
今欣藥局,臺北市士林區天母西路41巷9號1樓,(02)28713129,121.5273756,25.11931282
資生堂藥局,臺北市士林區承德路四段40巷17號1樓,(02)28857588,121.5220223,25.08107202
社子全民藥局,臺北市士林區延平北路五段120號,(02)28127412,121.5105655,25.0816936
康華藥局,臺北市士林區中山北路七段14巷二號二樓,(02)28743223,121.5310729,25.1186355
安泰藥師藥局,臺北市士林區延平北路六段83號(實際使用：1、2樓),(02)28166977,121.5087034,25.0884662
家赫藥局,臺北市士林區忠義街80號1樓,(02)28346453,121.5317167,25.10614065
得安藥局,臺北市士林區文林路195號1樓,(02)28836336,121.5269004,25.08977728
達揚藥局,臺北市士林區社正路36號1樓,(02)88115559,121.5099011,25.08877112
和樹藥局,臺北市士林區後港街45巷1號1樓,(02)28821188,121.5227724,25.08443801
博信藥局,臺北市士林區延平北路六段61號,(02)28128295,121.5087636,25.08787771
新興藥局,臺北市士林區德行西路１１７號,(02)28362643,121.5206205,25.10397683
杏城藥局,臺北市士林區天母東路２４號,(02)28725144,121.532249,25.11763699
文祥藥局,臺北市士林區光華路２６巷２弄２號,(02)28623487,121.5420468,25.13749085
建芳藥局,臺北市士林區德行東路１４８號,(02)28357172,121.5295563,25.10803806
博惠藥局,臺北市士林區華榮街１６號,(02)28320379,121.5236017,25.09548634
有德堂大藥局,臺北市士林區中山北路六段２２７號,(02)28318387,121.5251151,25.10888445
安寧藥局,臺北市士林區劍潭路91號,(02)28803319,121.5199092,25.0828459
博泰藥局,臺北市士林區社中街３６７號,(02)28128612,121.5038113,25.09222541
華倫藥局,臺北市士林區永平街８０巷１０號１樓,(02)28116545,121.5055151,25.09151994
詠恩藥局,臺北市士林區延平北路五段316號1樓,(02)28119479,121.5095752,25.08619268
仁大藥局,臺北市士林區社子街13號1樓,(02)88113793,121.5083331,25.08769049
三光藥局,臺北市士林區延平北路五段320號1樓,(02)28123786,121.5095485,25.08627942
社正藥局,臺北市士林區社正路12號1樓,(02)28118704,121.5092776,25.0885376
芳圓藥局,臺北市士林區社子街26之1號,(02)28168666,121.5079664,25.08749539
柏雅大藥局,臺北市士林區德行西路64號,(02)88664398,121.5226853,25.10505772
麗登藥局,臺北市士林區文林路261號,(02)28881414,121.5266532,25.09108108
信光藥局,臺北市士林區文昌路68號,(02)28366277,121.5213576,25.09619424
幸福藥局,臺北市士林區德行東路109巷8號,(02)28346650,121.5283942,25.10812067
天爵藥局,臺北市士林區中山北路6段450巷1號,(02)28733759,121.5276386,25.11424669
石川藥師藥局,臺北市士林區忠義街70號,,121.53142,25.1059435
誼安藥局,臺北市士林區通河街42號,,121.5214694,25.08044249
聖賢藥局,臺北市士林區士商路58號,(02)28833046,121.5200325,25.09056437
大東健保藥局,臺北市士林區大東路86之4號,(02)28834672,121.5256719,25.09131395
光榮藥局,臺北市士林區社中街118號,(02)28136060,121.5103454,25.08990134
天母康甯健保藥局,臺北市士林區克強路8號,(02)28366631,121.5245315,25.10890703
大南春天生活藥局,臺北市士林區大南路317、319號,(02)28882196,121.5180056,25.0888786
和謙藥局,臺北市士林區社中街362號,(02)28165678,121.5040515,25.09242095
躍獅忠誠藥局,臺北市士林區忠義街70號,(02)28387948,121.53142,25.1059435
祥新藥局,臺北市士林區社子街65號,(02)28110906,121.5067454,25.08751342
天母台安藥局,臺北市士林區天母西路34號,(02)28728017,121.5262169,25.11834825
華齡春天生活藥局,臺北市士林區華齡街36、38號,(02)28882156,121.5195045,25.0836715
德行春天生活藥局,臺北市士林區德行東路76號,(02)28380306,121.5274641,25.10730213
家安健保藥局,臺北市士林區德行東路109巷119號,(02)28322182,121.5287782,25.11156217
後港五代全民藥局,臺北市士林區和豐街6號,(02)28818914,121.5191837,25.08278827
康佑藥局,臺北市士林區延平北路五段176號,(02)28119981,121.5102874,25.08299467
愛佳藥局,臺北市士林區承德路四段222之1號,(02)28811199,121.5214727,25.08850168
安奕藥局,臺北市士林區葫蘆街30巷12號,(02)28133289,121.5099306,25.08033752
太和堂中西藥局,臺北市士林區大東路74號(實際使用:1樓),(02)28814122,121.5257822,25.0903464
佩佩藥局,臺北市士林區中山北路六段182號,(02)28382662,121.5252009,25.10758681
躍獅芝山藥局,臺北市士林區福華路154號(實際使用:1樓),(02)28365822,121.522764,25.1036122
三原藥局,臺北市士林區延平北路五段293號(實際使用:1樓),(02)28111888,121.5094168,25.085893
士東藥局,臺北市士林區士東路91巷3號,(02)28760588,121.5290591,25.11256439
杏一士林延平藥局,臺北市士林區延平北路5段250號(1樓)、252號1樓,(02)28112937,121.5100118,25.0847227
文昌大藥局,臺北市士林區文昌路72號1樓,(02)28376196,121.5212651,25.09634087
中山盛康藥局,臺北市士林區中山北路7段162號1樓,(02)28771887,121.53271,25.12416526
藥本家藥局,臺北市士林區中山北路7段14巷26號1樓,(02)28766682,121.5327738,25.11884507
誠泰中西藥局,臺北市士林區永平街13號1樓,(02)88112352,121.5050936,25.08995764
加赫藥局,臺北市士林區文昌路76號1樓,(02)28336362,121.5212148,25.09646283
美麗田藥局,臺北市士林區通河街78號1樓,(02)28855990,121.520436,25.08090076
慈航藥局,臺北市士林區文林路441號(1樓),(02)28813168,121.5245433,25.0948515
德行盛康藥局,臺北市士林區德行東路206之1號1樓,(02)28348756,121.531987,25.1088979
劍潭藥局,臺北市士林區劍潭路55巷22號1樓,(02)28826998,121.5214307,25.08456521
心晴藥局,臺北市士林區劍潭路28號1樓,(02)28856572,121.5225295,25.08365682
向謙未來藥局,臺北市士林區天母西路33號1樓,(02)28760058,121.5277355,25.1185034
沐光中西藥局,臺北市士林區天母東路29號1樓,(02)28761312,121.5319189,25.11819156
文昌春天藥局,臺北市士林區文昌路44號(1樓),(02)28838539,121.521552,25.095632
健揚藥局,臺北市士林區延平北路5段251號1樓,(02)28163698,121.509683,25.08482656
康是美士東藥局,臺北市士林區士東路91巷1號1樓及1之1號1樓,(02)28746085,121.5289417,25.11234071
社子藥局,臺北市士林區社子街4號1樓,(02)28166135,121.5086985,25.08758667
天養藥局,臺北市士林區中山北路6段262號(1樓),,121.5255863,25.1095898
士林泰安藥局,臺北市士林區大東路36號(1樓),(02)28813509,121.5253291,25.0893469
晨熙藥局,臺北市士林區士東路48號1樓,(02)28316333,121.5278368,25.1118739
千盛台安藥局,臺北市士林區天母東路8巷84號1樓,(02)28720208,121.5304328,25.11483515
躍獅福港藥局,臺北市士林區福港街162號1樓,(02)2883-6209,121.5176933,25.08706843
石牌有間藥局,臺北市北投區石牌路2段313號1樓,(02)28760111,121.5231461,25.1216861
致遠台安藥局,臺北市北投區致遠二路141號1樓,(02)28263580,121.5127873,25.11729753
關渡松藥局,臺北市北投區知行路247號1樓,(02)28584824,121.4670676,25.12073577
吉利春天生活藥局,臺北市北投區吉利街120號1樓,(02)28253256,121.5068156,25.11850949
赫爾振華藥局,臺北市北投區振華街34號1樓,(02)28233730,121.5185604,25.11584546
中北生活藥局,臺北市北投區中央北路1段113號1樓,,121.4992872,25.13485327
心樂藥局,臺北市北投區致遠一路2段105號1樓,(02)28210261,121.5128171,25.11306117
祐民藥局,臺北市北投區中央南路1段209號(1樓),(02)28975339,121.5130564,25.1131307
天蓮藥局,臺北市北投區石牌路一段１６６巷１１５號,(02)28211824,121.5155151,25.11191768
丸三大藥局,臺北市北投區自強街１０５號,(02)28230637,121.5152668,25.11085944
石牌藥局,臺北市北投區石牌路一段４９號,(02)28214986,121.5105831,25.11329731
進春藥局,臺北市北投區明德路１５１號,(02)28216938,121.5206425,25.11086327
石牌大眾藥局,臺北市北投區致遠一路二段７號,(02)28232565,121.5143913,25.11093276
德昇藥局,臺北市北投區裕民二路２０號,(02)28217565,121.5169424,25.11599154
福德大藥局,臺北市北投區中央北路二段１９號,(02)28920294,121.4959357,25.13651029
新祥藥局,臺北市北投區知行路２０８號之１,(02)28582551,121.4668199,25.11935203
啟春藥局,臺北市北投區崇仁路一段１０２號１樓,(02)28918244,121.5017015,25.12529909
東陽西藥局,臺北市北投區中央南路一段２０３號,(02)28914208,121.501323,25.12845753
世全藥局,臺北市北投區知行路２7３號,(02)28585378,121.4671484,25.12129881
名山藥局,臺北市北投區東陽街４７５號１樓,(02)28226101,121.5199112,25.11230786
正仁藥局,臺北市北投區建民路１６１之９號,(02)28212985,121.5194585,25.11123428
石牌日春藥局,臺北市北投區自強街５巷１０７號,(02)28270455,121.511331,25.11202629
聯合藥局,臺北市北投區石牌路一段二十三號,(02)28270306,121.5099133,25.11293027
玉山藥局,臺北市北投區光明路一四五號,(02)28917161,121.5052942,25.1362139
實踐藥局,臺北市北投區實踐街十三號,(02)28210435,121.5076995,25.11486057
妮妮藥局,臺北市北投區中央南路一段187號,,121.5013713,25.1288423
明正藥局,臺北市北投區永興路二段19號,(02)28949409,121.5014754,25.14002974
新資生北投中和大藥局,臺北市北投區中和街294號1樓,(02)77565117,121.5002149,25.14065697
川秀藥局,臺北市北投區石牌路二段九九巷九號一樓,(02)28212290,121.514563,25.1175365
建民藥局,臺北市北投區光明路200號(1樓),(02)28912339,121.5035939,25.1358781
昌源藥局,臺北市北投區中央北路四段４８５號,(02)28928695,121.4692331,25.12842617
益元藥局,臺北市北投區光明路１０６號,(02)28912675,121.5013167,25.13309349
九福藥局,臺北市北投區公館路２３６號,(02)28953009,121.508028,25.126094
弘安藥局,臺北市北投區懷德街３３號１樓,(02)28206390,121.5193377,25.11218841
黎明藥局,臺北市北投區尊賢街２５３之１號,(02)28223795,121.5065625,25.11817333
明華藥局,臺北市北投區清江路8號(實際使用:1樓),(02)28971056,121.5014574,25.1315735
美康藥局,臺北市北投區明德路９０號１樓,(02)28281176,121.5196068,25.10939934
良興藥局,臺北市北投區中和街286號,,121.5003904,25.14046594
康揚藥局,臺北市北投區中和街308號1樓,(02)28946520,121.4999972,25.14085774
嘉禾大藥局,臺北市北投區中和街二六四號,(02)28984758,121.5007619,25.14009979
祐鄰藥局,臺北市北投區尊賢街二五○號,,121.5072858,25.11707035
小明藥局,臺北市北投區中央南路一段六九號二樓,(02)28967136,121.5013678,25.1314467
上頤藥局,臺北市北投區中和街327號1樓,(02)28981210,121.4996709,25.14097008
國泰藥師藥局,臺北市北投區自強街139-1號,(02)28223995,121.5161219,25.11113558
長宜藥局,臺北市北投區自強街112號(1樓),(02)28216605,121.5154228,25.1107518
大家藥局,臺北市北投區光明路182號,(02)28959000,121.5032945,25.13566318
維康藥局,臺北市北投區石牌路2段191.193號,(02)28206343,121.5210654,25.1188824
杏嘉藥局,臺北市北投區清江路68號,(02)28982340,121.5017036,25.13044328
冠亞藥局,臺北市北投區東陽街403號(1樓),(02)28217099,121.5176331,25.1124743
鴻恩藥局,臺北市北投區中央南路一段129號,(02)28926410,121.5011948,25.13015116
昱仁藥局,臺北市北投區光明路102號2樓,(02)28979050,121.5012179,25.13309534
佳祈健保藥局,臺北市北投區明德路144號,(02)28232535,121.5207644,25.11046372
天禧大藥局,臺北市北投區實踐街35號,(02)28213558,121.508706,25.11520921
秝安藥局,臺北市北投區石牌路一段69之1號(實際使用:1樓),(02)28215399,121.5111381,25.1136388
萬信藥局,臺北市北投區知行路305號,(02)28583083,121.4671918,25.12214405
北投春天藥局,臺北市北投區中央南路一段76號,(02)28916668,121.501084,25.13140614
致遠春天藥局,臺北市北投區致遠一路一段132號1、2樓,(02)28253258,121.5148634,25.1105069
尊賢藥局,臺北市北投區尊賢街212號,(02)28270505,121.5080306,25.11550738
漢藥局,臺北市北投區中央南路1段115號1樓,(02)28236598,121.5012377,25.13044771
振生大藥局,臺北市北投區中央北路三段61號,(02)28977292,121.4847979,25.1378103
怡人藥局,臺北市北投區自強街141巷2之1號(1樓),(02)28211598,121.5168179,25.111248
全家藥粧藥局,臺北市北投區光明路166之2號,(02)28988685,121.5026935,25.13508442
生活藥局,臺北市北投區光明路213號,(02)28933312,121.5037609,25.1361901
理得藥局,臺北市北投區石牌路一段150號,(02)28289680,121.5131036,25.11425877
天康大藥局,臺北市北投區中央南路一段57號,(02)28930168,121.5014269,25.1319197
躍獅光明藥局,臺北市北投區光明路51號(實際使用:1樓)及53號(實際使用:1樓),(02)28915993,121.4997292,25.1328887
永欣中西藥局,臺北市北投區中和街501號,(02)28910307,121.4947023,25.1451972
陳藥師藥局,臺北市北投區光明路2巷13之2號(實際使用:1樓),(02)28921971,121.4997272,25.1313032
江南育仁大藥局,臺北市北投區育仁路55號1樓,(02)28981850,121.4980687,25.1336154
康賢藥局,臺北市北投區西安街1段359號1樓,(02)28219295,121.5153138,25.11428828
合宸藥局,臺北市北投區中央南路1段59號(1樓),(02)28913120,121.5130564,25.1131307
良哲藥局,臺北市北投區明德路157之4號(1樓),(02)28285516,121.5205735,25.1111579
康是美北投藥局,臺北市北投區中和街249號1樓、2樓及3樓,(02)28949542,121.500971,25.13963778
石牌春天藥局,臺北市北投區石牌路2段52號(1樓),(02)28250060,121.5159513,25.1159294
順欣藥局,臺北市內湖區星雲街73號,(02)27916562,121.592713,25.07908205
展恩藥局,臺北市內湖區民權東路六段136巷4號,(02)27953041,121.5876984,25.068664
大內湖藥局,臺北市內湖區成功路3段164號1樓,(02)27956286,121.5902646,25.08035315
健成藥局,臺北市內湖區內湖路1段323巷5弄1號1樓,(02)27986969,121.5680996,25.08291439
安康藥局,臺北市內湖區安康路482號1樓,(02)26327675,121.6157878,25.06785039
赫得藥局,臺北市內湖區康樂街七十二巷十七弄四號一樓,(02)26328642,121.6180575,25.0702934
富山藥局,臺北市內湖區麗山街３６４巷２號１樓,(02)27996446,121.5728334,25.08168028
新資生西湖大藥局,臺北市內湖區內湖路1段285巷65弄17號1樓,(02)77231850,121.5677784,25.08442727
江楠欣辰藥局,臺北市內湖區江南街37號1樓,(02)87510260,121.5781384,25.07785849
東湖藥局,臺北市內湖區東湖路43巷2號1樓,(02)26330112,121.6141484,25.06908763
瑞陽藥局,臺北市內湖區文德路102號1樓,(02)26581551,121.5828919,25.0783117
芳茂藥局,臺北市內湖區成功路四段151號,(02)27924711,121.5940049,25.08313056
泰成藥局,臺北市內湖區內湖路三段１３５號１樓,(02)27921231,121.5898508,25.08685341
富盛藥局,臺北市內湖區成功路四段６１巷２５弄１２號１樓,(02)27908667,121.5926347,25.08037514
永安藥局,臺北市內湖區文德路210巷30弄48號,(02)26586658,121.5851909,25.07722798
明湖藥局,臺北市內湖區東湖路７巷２７號１樓,(02)26313515,121.6124682,25.06970472
清白藥局,臺北市內湖區東湖路108號,(02)26305743,121.6156741,25.06827722
正心藥局,臺北市內湖區麗山街３６８號１樓,(02)27972771,121.5726944,25.08154382
宏光藥局,臺北市內湖區成功路二段２２１號１樓,(02)27919068,121.5908548,25.06737828
麗安藥局,臺北市內湖區港華街８１號１樓,(02)26580146,121.5746259,25.08328294
盧狄聯合藥局,臺北市內湖區康寧路三段一八九巷五十七號,(02)26308897,121.6113254,25.0671244
康信藥局,臺北市內湖區民權東路六段296巷29號,(02)26342088,121.606229,25.0720308
康健藥局,臺北市內湖區康樂街80號,(02)26305825,121.6188594,25.07014656
富康東湖藥局,臺北市內湖區東湖路119巷49弄16號,(02)26323222,121.6170025,25.06987934
高昱藥局,臺北市內湖區陽光街321巷26號2樓之15,(02)87519962,121.5786133,25.07236251
樂活藥師藥局,臺北市內湖區內湖路2段368號,(02)27968052,121.590978,25.08230202
樂康藥妝藥局,臺北市內湖區文德路117號,(02)26562110,121.584052,25.07870436
思恩藥局,臺北市內湖區成功路4段61巷26號,(02)27965808,121.5932258,25.0812065
早安元氣藥局,臺北市內湖區成功路4段53號1樓,(02)27923633,121.5920845,25.08166562
壹零捌藥局,臺北市內湖區成功路4段344號,(02)27910061,121.5996376,25.08487859
瑞光藥局,臺北市內湖區瑞光路212號,(02)87513365,121.5762695,25.07524933
昇龍藥局,臺北市內湖區東湖路151號,(02)26316783,121.6173049,25.06812176
桔子藥局,臺北市內湖區內湖路二段333號,(02)27930052,121.5916673,25.08318532
晟安藥局,臺北市內湖區金龍路135號,(02)87919320,121.590203,25.08593489
宜昇優良藥局,臺北市內湖區康寧路三段165巷10號,(02)26327817,121.6117906,25.07081493
躍獅寶湖藥局,臺北市內湖區民權東路六段123巷28號,(02)87928335,121.5928164,25.07009764
傑昇藥局,臺北市內湖區內湖路二段227號,(02)27925957,121.5890454,25.08180262
新安健保藥局,臺北市內湖區新明路402號,(02)27932289,121.5796932,25.05465735
仕德安藥局,臺北市內湖區新明路210號,(02)27961683,121.5846466,25.05711399
躍獅東湖藥局,臺北市內湖區金湖路378號,,121.6046726,25.0736172
樂齡藥師藥局,臺北市內湖區內湖路三段103號,(02)27919707,121.5909003,25.08640847
喜越藥局,臺北市內湖區內湖路一段285巷59弄7號,(02)26271955,121.5673304,25.08376702
江南大藥局,臺北市內湖區文德路22巷9弄56號,(02)26595430,121.5791186,25.07655418
躍獅大湖藥局,臺北市內湖區成功路四段329號,(02)27945376,121.5989758,25.08453684
澴山藥局,臺北市內湖區環山路一段四號,(02)87978793,121.5653911,25.08288233
瑞暉藥局,臺北市內湖區文德路105號,(02)26276828,121.5836889,25.07870207
晶龍藥局,臺北市內湖區成功路四段218號,(02)27956255,121.5961049,25.08456557
佑全內湖康寧藥局,臺北市內湖區康寧路三段39號、39號2樓、41號、43號,(02)26346578,121.60787,25.0726591
和康健保藥局,臺北市內湖區文德路66巷41號,(02)27997202,121.5817806,25.07720303
耀元藥局,臺北市內湖區康樂街150號,(02)26337369,121.6192412,25.07262737
西湖藥局,臺北市內湖區內湖路一段355號,,121.5692618,25.0822
維安藥局,臺北市內湖區成功路三段174巷23號,(02)27944520,121.5906365,25.08143424
富康文德藥局,臺北市內湖區文德路22巷27弄4號1樓,(02)26272000,121.5800004,25.07659464
博昱東福藥局,臺北市內湖區東湖路147號,(02)26308599,121.6171948,25.06814536
加一藥師藥局,臺北市內湖區星雲街24號1樓,(02)87912653,121.5907588,25.07804238
內湖藥局,臺北市內湖區康寧路1段116號1樓,(02)27940545,121.5934021,25.07948429
葫光藥局,臺北市內湖區康寧路3段54巷6號1樓,(02)26341000,121.6089927,25.07167879
禾馨民權藥局,臺北市內湖區民權東路6段42號1樓,(02)27910373,121.5816571,25.06774006
杏一港墘藥局,臺北市內湖區港墘路83號(1樓),(02)27997406,121.5780524,25.0808066
杏佳藥師藥局,臺北市內湖區康寧路1段51號1樓,(02)27949181,121.5919957,25.08033035
富田藥局,臺北市內湖區康寧路3段16巷31號1樓,(02)26338699,121.6075531,25.07206637
佑全內湖東湖藥局,臺北市內湖區東湖路122號1樓,(02)26337125,121.6162769,25.06811129
佳德健保藥局,臺北市內湖區康寧路3段151號1樓,(02)26315910,121.6115845,25.07060178
富康活力湖光藥局,臺北市內湖區康寧路1段25號1樓,(02)87927999,121.5913985,25.08061675
六本熊藥局,臺北市內湖區內湖路2段27號1樓,(02)26590017,121.5796375,25.07887841
原大藥局,臺北市內湖區內湖路1段737巷50弄5號1樓,(02)26596358,121.5788115,25.08057767
德威藥局,臺北市內湖區內湖路1段667巷1號1樓,(02)27975018,121.5760212,25.08017362
五分藥局,臺北市內湖區五分街64號1樓及66號1樓,(02)26336122,121.6159573,25.06719087
富康活力誠功藥局,臺北市內湖區成功路4段30巷20號1樓,(02)27960222,121.5916214,25.08235036
知壹藥局,臺北市內湖區港華街101之1號(1樓),(02)87519894,121.5735281,25.0835943
康是美麗湖藥局,臺北市內湖區內湖路1段737巷3之1號1樓、19弄1號1樓及19弄3號1樓,(02)26570408,121.5784893,25.0791626
安安藥局,臺北市內湖區康寧路1段4號1樓,(02)87912187,121.5911758,25.0805699
內湖春天藥局,臺北市內湖區內湖路1段737巷1號1樓及3號1、2樓,(02)87523085,121.5784164,25.07907931
躍獅麗湖藥局,臺北市內湖區內湖路1段401之1號(1樓),(02)26276160,121.5683655,25.0823089
成功啄木鳥藥局,臺北市內湖區成功路3段8號(1樓),(02)87927509,121.5898874,25.0755119
旭村藥局,臺北市南港區興華路１１２號,(02)27820948,121.6055424,25.05660779
麗康藥局,臺北市南港區同德路51號1樓,(02)26515236,121.5847535,25.04564134
健園藥局,臺北市南港區研究院路一段19號1樓,(02)27851567,121.6165702,25.05401416
可可藥局,臺北市南港區研究院路二段36號,(02)27886667,121.6152335,25.04688584
裕成藥局,臺北市南港區玉成街１６６巷１３號,(02)27851227,121.5834483,25.04433432
新錦安藥局,臺北市南港區南港路三段３４號,(02)27825218,121.5922164,25.05429245
仁泰藥局,臺北市南港區同德路２８號,(02)27855464,121.5840858,25.04510802
加欣藥局,臺北市南港區南港路二段26號,(02)27836222,121.6053979,25.05425119
祥安藥局,臺北市南港區中坡南路25號,(02)26547322,121.5831681,25.04328798
德鴻藥局,臺北市南港區玉成街１６８號１樓,(02)27893016,121.5841124,25.04465957
新東發藥局,臺北市南港區成福路１９８號,(02)27855190,121.5882673,25.04091936
富康活力藥局,臺北市南港區研究院路1段101巷8號1樓,(02)27828810,121.6165119,25.05180935
亞博藥師藥局,臺北市南港區興華路81號,(02)27838090,121.6060585,25.05544707
佳龍藥局,臺北市南港區研究院路2段80號,(02)27885951,121.6152004,25.04539707
湳港藥局,臺北市南港區研究院路1段101巷10號1樓,(02)27892200,121.616618,25.05177546
進慧藥局,臺北市南港區研究院路一段163號,,121.6157001,25.05030868
儀安健保藥局,臺北市南港區同德路74號,(02)27893839,121.5852902,25.04569787
泓安藥局,臺北市南港區興華路75號,(02)27861083,121.6061283,25.05516682
健涵藥局,臺北市南港區舊莊街一段147號,(02)27837285,121.6205027,25.03985358
南港藥局,臺北市南港區南港路一段166號,(02)27829137,121.6118829,25.0553586
順翔藥局,臺北市南港區研究院路二段170號,(02)27824332,121.616894,25.03784937
景星藥局,臺北市南港區南港路三段26號,(02)27838816,121.5923991,25.05434158
成恩藥局,臺北市南港區成福路23號,(02)27856602,121.586734,25.04472686
小藥師健保藥局,臺北市南港區福德街320之1號,,121.5879838,25.03948317
心亮藥局,臺北市南港區玉成街66之7號,(02)27881677,121.581777,25.04692213
勝安藥局,臺北市南港區舊莊街一段165號,,121.6211172,25.0394908
開欣藥局,臺北市南港區南港路二段38巷6之1號,(02)26532986,121.6048022,25.05470165
躍獅忠孝藥局,臺北市南港區成福路16號,(02)27862829,121.585978,25.04561188
心心藥局,臺北市南港區研究院路2段76號1樓,(02)27862586,121.615133,25.04551573
杏安藥局,臺北市南港區昆陽街140巷16號1樓,(02)27864119,121.5937912,25.04969297
民昇藥局,臺北市南港區南港路3段338號(1樓),(02)27835778,121.5808634,25.0516999
東明藥局,臺北市南港區東明街3號1樓,(02)26559663,121.6054746,25.05612818
成福大藥局,臺北市南港區成福路8號1樓,(02)27859221,121.58587,25.04577656
群悅藥局,臺北市南港區玉成街140巷7號(1樓),(02)26537635,121.583236,25.044788
上丞藥師藥局,臺北市南港區成福路10號1樓,(02)26535589,121.5858942,25.04573965
富凱昆陽藥局,臺北市南港區昆陽街140巷8號1樓,,121.5939938,25.04973903
日出藥局,臺北市南港區玉成街158號1樓,(02)27886005,121.5838874,25.04493705
富康活力眾坡藥局,臺北市南港區中坡南路15號1樓,(02)27822666,121.5829655,25.04345339
康是美港研藥局,臺北市南港區研究院路1段99號地下1層之1至3、之5至28,(02)27836804,121.6163716,25.05230491
志銘藥局,臺北市南港區研究院路一段１０１巷１１號,(02)27835216,121.6171386,25.05199936
合欣藥局,臺北市文山區辛亥路4段234號1樓,(02)29357567,121.5550771,25.00187876
健安藥局,臺北市文山區景興路165號(1樓),(02)29323757,121.5446382,24.9933198
躍獅景新藥局,臺北市文山區羅斯福路6段30號1樓,(02)29356221,121.5396453,24.99978391
康宜庭景文藥局,臺北市文山區景文街97號1樓,(02)29302280,121.541346,24.99093024
興隆藥局,臺北市文山區興隆路3段84號2樓,(02)29308099,121.5566845,24.99969513
景華台安藥局,臺北市文山區景華街69號1樓,(02)29310188,121.5450412,24.99524255
建興藥局,臺北市文山區木柵路二段８１號１樓,(02)29399993,121.5609698,24.98888882
健群藥局,臺北市文山區景興路４１號,(02)29328898,121.5448382,24.99717182
瑞安藥局,臺北市文山區溪口街６９之１號１樓,(02)29312888,121.539341,24.99511967
新陽藥局,臺北市文山區光輝路16號,(02)22341190,121.5550116,24.9875579
慈安藥局,臺北市文山區忠順街一段２６巷１８號,(02)29365629,121.5593449,24.98324528
京城藥局,臺北市文山區忠順街一段４２號１樓,(02)29371210,121.5599613,24.98416064
永明大藥局,臺北市文山區興隆路一段二九七號一樓,(02)29314428,121.544901,24.99874928
銘依藥局,臺北市文山區興隆路二段301巷4-1號,(02)29308538,121.5534302,25.00166147
巧康藥局,臺北市文山區木新路3段262、264號,(02)29372061,121.5585021,24.9812831
安誠藥局,臺北市文山區景華街124之1號,(02)29308542,121.5468254,24.99561119
景豐藥局,臺北市文山區興隆路2段54號1樓,(02)29330888,121.5476371,24.99945314
景美藥局,臺北市文山區景文街１２５號,(02)29335741,121.541192,24.99033056
錫東藥局,臺北市文山區萬隆街５６號,(02)29341550,121.5372983,25.00075085
日信專業藥局,臺北市文山區木柵路二段一三九號一樓,(02)86618322,121.5625274,24.98906005
逸仙藥師藥局,臺北市文山區興隆路二段２１８之１號１樓,(02)29312597,121.5524418,25.00148169
康宜庭生活藥局,臺北市文山區興隆路四段64號,(02)29385363,121.5613254,24.98514197
博揚藥局,臺北市文山區景興路一八一號,(02)89321707,121.5444236,24.99280187
東京晟藥局,臺北市文山區辛亥路四段97號,(02)29356354,121.5587023,25.00683841
仙瑩藥局,臺北市文山區景華街166號,(02)89321817,121.547879,24.99693269
舒博威藥局,臺北市文山區興隆路二段九十五巷三號,(02)29306805,121.5492175,25.0005901
佳醫景美藥局,臺北市文山區羅斯福路六段二九0號,(02)86636659,121.5398439,24.991001
慶豐好藥局,臺北市文山區興隆路四段135號1樓,(02)29384775,121.5615649,24.9853556
華君藥局,臺北市文山區興隆路二段60號,(02)29319510,121.5477628,24.99955373
永原大藥局,臺北市文山區興隆路三段166號,(02)22305729,121.5584276,24.9983535
皇興藥師藥局,臺北市文山區木柵路2段121號,(02)29365553,121.5620665,24.98900741
人人健保藥局,臺北市文山區保儀路39號,(02)86610761,121.568694,24.98785759
杏隆藥局,臺北市文山區羅斯福路5段261號,(02)29313151,121.5395045,25.00115071
永源大藥局,臺北市文山區興隆路3段302號,(02)22396166,121.5587971,24.99312436
康宜庭萬隆藥局,臺北市文山區羅斯福路五段202號,(02)29348662,121.5384483,25.00322085
美迦藥局,臺北市文山區保儀路23號,(02)29362815,121.5687107,24.98814733
振大藥局,臺北市文山區永安街22巷16號,(02)29393385,121.5696695,24.98682893
躍獅奕新藥局,臺北市文山區木新路2段275號,(02)22340378,121.5660167,24.98291979
宜康藥局,臺北市文山區保儀路7號,(02)86619862,121.5686398,24.98871911
欣安景美藥局,臺北市文山區景文街77號,(02)29350296,121.541429,24.99125915
北一藥師藥局,臺北市文山區木新路三段47號,(02)22348686,121.5641641,24.98235975
萬隆大藥局,臺北市文山區羅斯福路五段218巷15號,(02)29334580,121.5379591,25.0020275
杏一萬安藥局,臺北市文山區萬安街15號,(02)22302126,121.5706398,25.00139022
躍獅永健藥局,臺北市文山區木柵路1段144號(1樓),(02)22367821,121.568102,24.998585
大樹文山藥局,臺北市文山區興隆路三段13號(1、2、3樓),(02)29342226,121.555,25.000887
123健康藥局,臺北市文山區興隆路2段220巷31弄26號,(02)86632673,121.5528932,25.00020844
光明大藥局,臺北市文山區忠順街一段66號,(02)29390275,121.5606765,24.98425916
福興藥局,臺北市文山區福興路56號,,121.5504559,25.00345137
路加健康藥局,臺北市文山區興隆路二段220巷39號,(02)29302336,121.5521798,25.00021633
逸全生活藥局,臺北市文山區羅斯福路五段222號,(02)29326185,121.5387563,25.00197268
躍獅新芳藥局,臺北市文山區興隆路三段16號(實際營業地址:1樓),(02)29308172,121.5559184,25.0001532
綠杏萬芳藥局,臺北市文山區興隆路三段111號,(02)29349516,121.5583303,25.00030628
躍獅木柵藥局,臺北市文山區指南路一段28號,(02)86617752,121.5694887,24.98756013
光點文山景華藥局,臺北市文山區景興路109號1樓,(02)29335881,121.544818,24.99496272
富康活力睦新藥局,臺北市文山區木新路3段216號,(02)29393666,121.5595358,24.98153257
康宜庭興隆藥局,臺北市文山區興隆路3段200號1樓,(02)22304866,121.5590155,24.99778685
大愛幸福藥局,臺北市文山區木新路2段221號1樓,(02)29379977,121.5675237,24.98344322
晴天藥局,臺北市文山區萬壽路15號(1樓),(02)29363131,121.5759721,24.9880569
健康家藥局,臺北市文山區興隆路2段133號1樓,(02)29330858,121.5480562,25.00011325
大樹木柵藥局,臺北市文山區木柵路3段108號(1樓)及110號(1樓),(02)23331522,121.5675943,24.9886582
富康活力睦柵藥局,臺北市文山區指南路1段24號(1樓),(02)29397392,121.568102,24.998585
木新健康人生藥局,臺北市文山區木新路3段203號1樓,(02)86611465,121.5598336,24.98139664
健康人生藥局,臺北市文山區興隆路3段106號1樓,(02)29347813,121.5572612,24.99932132
大樹景美藥局,臺北市文山區羅斯福路6段234號(1樓)、234之1號1樓,(02)29322951,121.5404317,24.9924495
歆鈺藥局,臺北市文山區興隆路4段209號1樓,(02)29381181,121.5624804,24.98285038
杏一木柵藥局,臺北市文山區木柵路3段116號(1樓),(02)29371839,121.567794,24.988685
富康活力景驊藥局,臺北市文山區景華街73號1樓,(02)29335288,121.5452088,24.99526084
專品政大藥局,臺北市文山區指南路2段8號(1樓),(02)22343010,121.574218,24.9878369
柒品藥局,臺北市文山區木新路3段333號(1樓)、335號(1樓),(02)86610666,121.5562573,24.9804175
大心藥局,臺北市文山區興隆路2段215號1樓,,121.5501114,25.00110021
同盈藥師藥局,新北市板橋區溪北路30號1樓,02-86873400,121.426968,24.99021256
鶯歌藥局,新北市鶯歌區鶯桃路2段11號1樓,02-86778778,121.3258462,24.97204958
益嘉藥局,新北市汐止區忠孝東路245號1樓,02-86423527,121.6628739,25.06752916
明月藥局,新北市五股區工商路89號,02-82956028,121.4376946,25.08514542
源昇藥局,新北市五股區五股里成泰路2段61號2樓,02-82950772,121.4378897,25.08360523
東興藥局,新北市五股區成泰路2段69號2樓,02-82922718,121.437956,25.08372205
祐康藥師藥局,新北市五股區五福路36號1樓,02-82921335,121.4340009,25.08922898
捷元健保藥局,新北市三重區三賢街185號1樓,02-82877107,121.4863362,25.08731299
康荃優生保健藥局,新北市中和區福祥路66號1樓,02-66348688,121.4993752,25.00494076
幸福藥妝藥局,新北市三重區正義北路342號1樓,02-29896858,121.4943714,25.07083034
兒安藥局,新北市三重區中華路59號,02-29895851,121.4835773,25.06225308
聖美膚藥局,新北市三重區正義北路130號,02-29863456,121.4967132,25.06571273
天佑藥局,新北市三重區大同北路8號1樓、10號1樓,02-29857456,121.4953937,25.06207243
欽勝藥局,新北市三重區重陽路4段6號2樓,02-29857389,121.4906324,25.06893506
可安藥局,新北市板橋區南雅南路1段8-6號1樓,02-29650131,121.4560248,25.00662003
仁安藥局,新北市泰山區明志路3段174號,02-29015586,121.4242195,25.03905729
健群藥局,新北市蘆洲區中華街71號2樓,02-28483575,121.4622574,25.08063035
富康東科藥局,新北市汐止區新台五路1段96號C棟1樓C15號,02-26969222,121.6482098,25.06072019
佳恩藥局,新北市汐止區民族三街7-1號1樓,02-26950714,121.6307846,25.07042583
三峽文化藥局,新北市三峽區文化路212-2號,02-26710825,121.3686163,24.93607108
健康晨光藥局,新北市汐止區大同路2段516號1樓,02-26433111,121.6310239,25.05499128
國升藥局,新北市汐止區建成路59巷1號1樓,02-26419459,121.6617626,25.07319634
逸華藥局,新北市八里區中山路2段301號,02-26105093,121.4011492,25.14806299
茂晟藥局,新北市林口區文化三路2段328號1樓,02-26020593,121.3781874,25.08476199
長興堂藥局,新北市瑞芳區明燈路3段69號1樓,02-24972050,121.8054809,25.10818674
北海岸藥局,新北市萬里區瑪鍊路98號,02-24922022,121.6894795,25.17798241
陽光健保藥局,新北市五股區五福路54號1樓,02-22922400,121.4335404,25.08972728
杏軒藥局,新北市五股區貿商里自強路152號1樓,02-22921193,121.4320853,25.07031989
銘泰藥局,新北市三重區三和路4段153號2樓,02-22876452,121.4839391,25.07837729
廣英藥師藥局,新北市蘆洲區中正路6號1樓,02-22835713,121.4716713,25.08186467
永福藥局,新北市三重區永福街135巷40號1樓,02-22807023,121.4772195,25.0772241
福恩藥師大藥局,新北市汐止區福德二路171-1號1樓,9.88E+08,121.6307435,25.06507326
寶貝藥局,新北市三重區仁愛街302-1號,9.36E+08,121.4920909,25.0794404
大峰藥局,新北市板橋區莒光路168號1樓,9.32E+08,121.4740514,25.02314142
良安藥局,新北市中和區文元里連城路366號,9.12E+08,121.4818705,24.99548045
文安藥局,新北市新莊區褔壽街116號,02-29978477,121.4506145,25.03586013
武田藥局,新北市新莊區化成路212號,02-29944029,121.4656722,25.04649462
達生大藥局,新北市新莊區中港一街69號,02-29939360,121.4500409,25.04534535
祥好大藥局,新北市新莊區新泰路331號,02-29939051,121.4449073,25.04180475
再豐藥局,新北市新莊區新泰路150巷13號,02-29936092,121.4474624,25.03833871
楊氏武田藥局,新北市新莊區化成路373-5號,02-29930073,121.4656657,25.05734029
新民藥局,新北市新莊區自強街39號,02-29917773,121.4546441,25.04668249
慶昇藥局,新北市三重區光明路88號,02-29854256,121.4923419,25.05674461
和泰藥局,新北市五股區中興路1段133號,02-29850281,121.4655428,25.07335859
杜廣德藥師藥局,新北市三重區大智街53號,02-29843152,121.4927757,25.06774538
裕福藥局,新北市三重區長壽西街144號,02-29831769,121.4939425,25.06661072
建芳藥局,新北市三重區集美街174號,02-29763351,121.4904005,25.05321276
志雄藥局,新北市三重區三和路2段220號,02-29751803,121.4978088,25.06949549
利安藥局,新北市板橋區南雅東路108號,02-29696295,121.4534875,25.00814811
慶安藥局,新北市板橋區宮口街12號,02-29685178,121.4574257,25.00990562
啟暉藥局,新北市板橋區大智街3號,02-29669166,121.4561066,25.01471864
俊昌藥局,新北市板橋區三民路2段245巷12號,02-29642498,121.4797345,25.01250123
福勝堂藥局,新北市板橋區三民路2段153巷2弄2號,02-29582146,121.479531,25.01488446
惠德藥局,新北市中和區國光街111號,02-29573563,121.4699064,25.00052263
安祥藥局,新北市板橋區大明街7號,02-29554501,121.4591312,25.00244552
福恩藥局,新北市板橋區實踐路93巷36號,02-29529126,121.465395,25.00516744
賜您康大藥局,新北市板橋區國泰街50號,02-29513166,121.4679129,25.00667657
日發藥局,新北市中和區興南路2段52-4號,02-29424926,121.5065622,24.98510875
開發大藥局,新北市中和區興南路1段六號,02-29412279,121.5115484,24.991527
博健藥局,新北市中和區忠孝街37巷4號,02-29402107,121.511246,24.98367542
聖英藥局,新北市永和區褔和路55-1號,02-29293613,121.5204266,25.00915211
律安藥局,新北市永和區中和路321號,02-29287212,121.5071051,24.99979073
家宏藥局,新北市永和區成功路2段123號,02-29287212,121.5268019,24.99845427
全成藥局,新北市泰山區明志路1段83號,02-29096529,121.4335872,25.06434041
閎安藥局,新北市三重區重新路2段79號1樓,02-89942121,121.4963485,25.06183174
予康藥局,新北市三重區文化北路198號1樓,02-89858789,121.4979673,25.06794402
慈愛藥局,新北市三重區溪尾街173號1樓,02-89851330,121.4888525,25.08036495
康慈藥局,新北市三重區忠孝路2段40號1樓,02-89813529,121.4853664,25.07055573
景康藥局,新北市三重區集美街29號1樓,02-89731717,121.4878911,25.05583266
康希藥局,新北市三重區三和路2段83號1樓,02-89728298,121.4998663,25.06820413
愛立康藥局,新北市樹林區大雅路286號1樓,02-89706878,121.3799023,24.94748354
綠蘋果藥局,新北市樹林區學勤路597號1樓,02-89706050,121.3842279,24.94905344
廣泰藥師藥局,新北市板橋區館前西路150號1樓,02-89698381,121.4555916,25.00843751
葆康藥局,新北市板橋區四川路2段245巷3號1樓,02-89678373,121.4506561,24.99346435
德豐健保藥局,新北市板橋區四川路2段47巷3弄1號1樓,02-89675880,121.4542759,24.99478947
利安社區藥局,新北市板橋區德興街37巷14號1樓,02-89671550,121.4538519,24.99381951
亞季藥局,新北市板橋區南雅南路2段142巷11號1樓,02-89671131,121.4515407,24.99717001
久安藥局,新北市土城區廣明街70號1樓,02-89671097,121.4550482,24.99380206
愛美得藥局,新北市板橋區中山路2段34號1樓,02-89539190,121.4728543,25.01517113
和安藥局,新北市板橋區四川路1段171號1樓,02-89537548,121.4600701,25.00378828
柏愛藥局,新北市永和區竹林路57號1樓,02-89285609,121.5182619,25.01385971
日陽藥局,新北市永和區竹林路29號1樓,02-89252346,121.5175074,25.01464513
亞佐藥局,新北市永和區中山路1段128巷17號1樓,02-89219038,121.5097202,25.0102911
皇家藥師藥局,新北市永和區中正路720號1樓,02-89216867,121.5158281,25.01016693
崇恩藥局,新北市永和區成功路2段135號1樓,02-89214022,121.526737,24.99809675
北一藥師藥局,新北市新店區北新路2段160號1樓、2樓,02-89115686,121.5430686,24.97562554
微笑生活藥局,新北市新店區建國路85號1樓,02-89113397,121.5404141,24.9765659
廣誠藥師藥局,新北市汐止區建成路22號1樓,02-86916091,121.6647564,25.07267843
永康中西綜合藥局,新北市汐止區龍安路175號1樓,02-86915580,121.6536305,25.06303534
忠孝藥局,新北市汐止區忠孝東路321號1樓,02-86910788,121.6647692,25.06946892
保康藥局,新北市樹林區保安街1段364號,02-86875503,121.4176328,24.99856383
泰平藥師藥局,新北市樹林區彭福里太平路143號,02-86860038,121.4191052,24.98001363
小蜜蜂中西健保藥局,新北市樹林區東榮街118號1樓,02-86853677,121.4153573,24.98229631
樹林健業藥局,新北市樹林區東華街89號1樓,02-86851736,121.4158639,24.98047639
啄木鳥藥局,新北市樹林區中華路391號1-2樓,02-86851495,121.4114679,24.98037678
萊爾康健保藥局,新北市鶯歌區永明街17號1樓,02-86782232,121.3384687,24.95548137
華昇藥局,新北市鶯歌區鶯桃路567號,02-86777961,121.3298879,24.96834566
一大藥局,新北市三峽區橫溪路23號,02-86767777,121.3963507,24.93584307
欣美大藥局,新北市三峽區大同路52號,02-86712269,121.3769446,24.92861298
德莘藥局,新北市新店區中正路413號1樓,02-86655462,121.5341876,24.97775572
躍獅尚揚藥局,新北市汐止區忠孝東路399號1樓,02-86483158,121.6657257,25.07095853
文川藥局,新北市淡水區中山北路1段93號1樓,02-86319033,121.4422792,25.17630986
萊康健保藥局,新北市三重區溪尾街176號1樓,02-82871076,121.4885112,25.08059733
北聯藥局,新北市蘆洲區民族路361號1樓,02-82866873,121.471757,25.09161688
龍成藥局,新北市蘆洲區民族路53號,02-82857868,121.4785934,25.08553232
威仕康藥局,新北市蘆洲區民權路122號1樓,02-82853277,121.4734253,25.08867864
幸安藥局,新北市蘆洲區中山二路53號1樓,02-82835389,121.4737801,25.08221566
好美麗健康藥局,新北市蘆洲區光明路6號1樓,02-82826209,121.4605755,25.08642733
康得健藥局,新北市蘆洲區長安街260號1樓,02-82821862,121.4575022,25.08655692
宏祐藥局,新北市蘆洲區復興路202號1樓,02-82815252,121.4784573,25.08898797
名安藥局,新北市板橋區龍興街57號1樓,02-82751784,121.4431524,25.00114705
楓康藥局,新北市板橋區新海路119號1樓,02-82582246,121.4609823,25.02289913
欣安藥局,新北市板橋區懷德街109號1樓,02-82572535,121.4785444,25.03143816
麥田健保藥局,新北市板橋區雙十路2段120號2樓,02-82529223,121.4741886,25.02879164
宥康婦幼健保藥局,新北市板橋區仁化街30號1樓,02-82528162,121.4748111,25.03155206
快樂藥局漢生店,新北市板橋區漢生東路19號,02-82522637,121.4649427,25.01735137
溫莎藥局,新北市中和區員山路292號,02-82277275,121.4813752,25.00241329
西華藥局,新北市新莊區後港一路102號1樓,02-82012697,121.4280259,25.02684741
富祐藥局,新北市新莊區民安西路21號1樓,02-82012451,121.4270476,25.02135888
皇慶藥局,新北市板橋區南門街81、83號1、2、3樓及館前西路112巷7號1、2樓,02-77297988,121.4578386,25.00947419
懷恩藥局,新北市樹林區中正路614號,02-26893417,121.4103269,25.01589565
江藥局,新北市樹林區日新街102號1樓,02-26828001,121.4213441,24.98997184
永幸藥局,新北市板橋區金門街121巷2號,02-26827012,121.4332158,24.99171324
蔣示藥局,新北市樹林區太順街62巷3弄2號,02-26819460,121.4174768,24.97970652
戴安藥局,新北市板橋區溪北路54號,02-26818663,121.4276114,24.98982374
安立藥局,新北市三重區正義北路317號1樓,02-66252626,121.4941779,25.0713095
辰陽藥局,新北市板橋區三民路2段110號-2(1樓),02-66082888,121.4790684,25.01665599
致維藥局,新北市汐止區忠孝東路258巷5號1樓,02-26422993,121.6634673,25.06746042
松和大藥局,新北市淡水區英專路92號,02-26203369,121.4458627,25.17166694
盛立藥局,新北市樹林區大雅路285號1樓,02-35018218,121.3795371,24.9473531
里安藥局,新北市中和區員山路271-1號2樓,02-32347111,121.481168,24.99950958
北醫藥局,新北市新莊區思源路119號1樓,02-29983670,121.4596033,25.04226901
建嘉藥局,新北市新莊區中誠街42號1樓,02-29935301,121.4513173,25.04812203
天賜藥局,新北市三重區正義北路141號1樓,02-29856852,121.4966942,25.06674059
健康藥局,新北市三重區安樂街58號1樓,02-29841882,121.4952988,25.069425
穗元大藥局,新北市三重區力行路1段149號1樓、151號1樓,02-29827688,121.4855448,25.06874449
樂活處方箋藥局,新北市三重區中正北路99號1樓,02-29805182,121.4896807,25.06324576
陽光藥師藥局,新北市三重區三和路1段182號1樓,02-29788120,121.5020384,25.06615449
飛龍大藥局,新北市三重區龍濱路163號1樓,02-29773733,121.5025767,25.06967763
榮康藥局,新北市三重區成功路81號1樓,02-29772723,121.4886452,25.05130572
德榮藥局,新北市三重區中華路91號１樓,02-29717291,121.4836144,25.06301734
厚德藥局,新北市三重區大智街175號1樓、177號1樓,02-29717277,121.4897726,25.07264619
大樹三重藥局,新北市三重區正義北路66號,02-29713188,121.4971824,25.06415198
博愛藥局,新北市三重區三民街220號1樓,02-29711606,121.4802522,25.06711714
建祥三和藥局,新北市三重區三和路2段160號1樓,02-29703379,121.4992359,25.06852577
安佑藥局,新北市板橋區館前西路152-2號,02-29698651,121.4554241,25.00848814
僑一藥局,新北市板橋區僑中一街106號1樓,02-29696850,121.4465305,25.01181711
醫安藥局,新北市板橋區南雅南路1段11號1樓及2樓,02-29692588,121.4565163,25.00705795
僑中藥師藥局,新北市板橋區僑中1街102巷5弄15號1樓,02-29692547,121.4460712,25.01265179
福澤藥局,新北市板橋區南雅南路1段85號1樓,02-29690013,121.4556424,25.00542693
永欣藥師藥局,新北市板橋區龍興街46號1樓,02-29687120,121.4432565,25.00093653
合佳藥局,新北市板橋區龍興街47號1樓,02-29683486,121.4430515,25.00079382
元賀大藥局,新北市板橋區館前西路132號1樓,02-29680980,121.4565024,25.00790479
永富藥局,新北市板橋區中興路9號,02-29675598,121.4557783,25.00772786
日生大藥局,新北市板橋區中正路1巷16弄16號,02-29675261,121.4550599,25.01209404
常仁藥局,新北市板橋區中正路1巷4號,02-29674999,121.4555771,25.01197212
禾田藥局,新北市板橋區大觀路2段265巷12號1樓,02-29659899,121.4428091,24.99857995
杏澤藥局,新北市板橋區國光路55號,02-29657959,121.4584144,25.01799135
府中藥局,新北市板橋區府中路110號,02-29656731,121.4557195,25.00964213
微笑藥局,新北市板橋區中正路211號,02-29655811,121.4561296,25.01750268
迦佰麗藥局,新北市板橋區南雅南路2段11-24號1樓,02-29648498,121.4541316,25.00210365
品品藥局,新北市板橋區中山路2段402號1樓,02-29647917,121.4827501,25.02073435
活泉藥局,新北市板橋區四川路1段156號1樓、2樓,02-29647761,121.4599,25.00335598
晴光藥局,新北市板橋區中山路2段225號2樓,02-29646662,121.4769004,25.01738387
弘安藥局,新北市中和區德光路121-1號1樓,02-29646489,121.4678991,25.00300152
躍獅康銓藥局,新北市中和區莒光路146號1樓,02-29646452,121.4724755,25.00088253
利安中西藥局,新北市板橋區板新路143號,02-29644745,121.4701718,25.01544121
國慶藥局,新北市板橋區國慶路268號1樓,02-29641680,121.4634331,24.99846407
躍獅國慶藥局,新北市板橋區國慶路179號1樓,02-29641548,121.4625931,24.99636336
向康藥局,新北市板橋區實踐路147號1樓,02-29637248,121.464299,25.00436936
王林藥局,新北市板橋區忠孝路24巷15號1樓,02-29636775,121.4601894,25.00134741
喬治藥局,新北市板橋區國慶路155號1樓,02-29630787,121.4615835,24.99616903
賜安藥局,新北市板橋區信義路60號1樓,02-29617483,121.4570824,24.99372908
大福藥局,新北市板橋區三民路1段31巷15號,02-29610311,121.4799772,25.02326309
宜康藥局,新北市板橋區龍興街33號1樓,02-29603940,121.4428952,25.00033326
漢民藥局,新北市板橋區漢生東路346號1樓,02-29598168,121.4719766,25.00733894
軒源藥局,新北市板橋區信義路169號1樓,02-29583995,121.4589296,24.99215944
立安中西藥局,新北市板橋區後埔街83號1樓,02-29582241,121.4607228,25.00523024
湯明藥局,新北市板橋區中山路2段319號1樓,02-29571980,121.4790076,25.01866145
大楓藥師藥局,新北市板橋區懷仁街84號1樓,02-29560576,121.4773558,25.0181921
板橋大樹藥局,新北市板橋區忠孝路28號1樓,02-29555551,121.4602553,25.00177939
福安藥局,新北市板橋區國泰街76巷24、26號1樓,02-29540875,121.4671999,25.00705131
信安藥師藥局,新北市板橋區重慶路308-1號1樓,02-29540315,121.4638578,24.99809164
德一藥局,新北市板橋區中山路2段238號1樓,02-29535717,121.4784788,25.018072
正安健保藥局,新北市板橋區民族路224號1樓,02-29526813,121.4686755,25.00733047
信美藥局,新北市板橋區新民街7巷18號1樓,02-29526100,121.463795,25.01049513
樺新健保藥局,新北市板橋區華興街52號1樓,02-29525130,121.4580231,25.00481212
錦龍藥局,新北市板橋區長安街138巷1弄114號,02-29522290,121.4742625,25.01030293
廣和藥師藥局,新北市板橋區中山路2段150號1樓、2樓、3樓,02-29522070,121.4767064,25.01697349
民川藥局,新北市板橋區四川路1段97號1樓,02-29520090,121.4597942,25.00544409
康匯藥局,新北市板橋區實踐路201號1樓,02-29512610,121.4645586,25.00299265
順儷新板藥局,新北市板橋區漢生東路187號1樓,02-29512590,121.4697898,25.01181062
美佳大藥局,新北市中和區景安路185號,02-29496560,121.5049582,24.99307826
敦品民治藥局,新北市永和區民治街81號1樓,02-29494150,121.5175409,24.99805221
躍獅天晴藥局,新北市中和區和平街9號1樓,02-29491931,121.5095149,24.99024764
聖康藥師藥局,新北市中和區自立路39號1樓,02-29478002,121.5222143,24.99526898
永正健康人生藥局,新北市永和區中正路191號1樓、193號1樓、197號2樓、197號2樓-1,02-29467351,121.5169398,24.99916086
悠悅藥局,新北市中和區安樂路25號2樓,02-29463755,121.5116187,24.99231263
吉立藥局,新北市中和區自立路183號1樓,02-29400461,121.5235611,24.99186468
級立健保藥局,新北市永和區保平路139號1樓,02-29299995,121.5102222,25.00608038
永利藥局,新北市永和區永利路9、11號1樓,02-29291655,121.5176213,25.00610389
和欣泰藥局,新北市中和區永貞路223號1樓,02-29290867,121.5135571,25.00359367
廣惠藥局,新北市永和區中正路649號2樓,02-29290675,121.5151592,25.01006966
富士山藥局,新北市永和區秀朗路2段118號1樓,02-29289383,121.5244137,25.00152056
康宏安藥局,新北市永和區保福路2段78號1樓,02-29288118,121.5105681,25.01331039
弘光藥局,新北市永和區竹林路中興里66巷19號1樓,02-29282000,121.5176528,25.01306362
皇誼藥局,新北市永和區文化路33號,02-29278732,121.514725,25.01499417
保安藥局,新北市永和區保安路212號1樓,02-29277623,121.5075428,25.01392887
威成藥局,新北市永和區中和路429號1樓,02-29263191,121.5093928,25.0009271
偉凱藥局,新北市永和區永元路6號1樓,02-29242595,121.5220239,25.00006687
太乙大藥局,新北市中和區中和路418號1樓,02-29242169,121.5116784,25.00313674
永和大樹藥局,新北市永和區福和路143號1、2樓,02-29233377,121.5207363,25.00765615
九州藥局,新北市永和區自由街5號1樓,02-29226879,121.5150044,25.00699234
榮總藥局,新北市永和區信義路15號1樓,02-29216596,121.5143525,25.01200367
緣來藥師藥局,新北市永和區福和路250、252號1樓,02-29211798,121.5184708,25.00763227
詠悅藥局,新北市永和區中山路1段174號1樓,02-29205760,121.5091485,25.00908
康宜庭碧潭藥局,新北市新店區北宜路1段41號1樓,02-29186266,121.5383702,24.95726366
常安藥局,新北市五股區工商路71號,02-22917912,121.4384172,25.08483107
大河藥局,新北市新店區三民路140號1樓,02-29140910,121.5351308,24.97501906
東碩藥局,新北市新店區建國路168號1樓,02-29118281,121.5384084,24.97965429
新店家安藥局,新北市新店區三民路32-1號2樓,02-29117207,121.5367568,24.97127101
瑞安健保藥局,新北市新店區中正路142號1樓,02-29105252,121.5418843,24.97155916
徐匯藥局,新北市三重區仁愛街755號1樓,02-28572234,121.4812299,25.08034446
康泉藥師藥局,新北市蘆洲區集賢路224巷2號1樓,02-28476990,121.4823236,25.08677656
躍獅竹圍藥局,新北市淡水區民生路46號,02-28090565,121.4617344,25.13780748
淡海藥師藥局,新北市淡水區淡海路85號,02-28052668,121.4229641,25.18144297
民侑藥局,新北市板橋區大觀路2段37巷310號,02-22755938,121.4499849,25.002214
好醫生活藥局,新北市汐止區明峰街179-1號1樓,02-26958811,121.6286297,25.07012338
快樂藥局汐止店,新北市汐止區福德二路215號1樓,02-26931390,121.6279351,25.06455665
汐興藥局,新北市汐止區中興路113號1樓,02-26927733,121.6320299,25.06494383
長頸鹿藥局,新北市汐止區新台五路1段178號1樓,02-26917810,121.6547913,25.06255603
青山藥局,新北市汐止區莊敬街127號1樓,02-26907959,121.654778,25.06082997
蒲公英藥局,新北市汐止區連興街126號1樓,02-26907770,121.6537977,25.06187892
保安健保藥局,新北市樹林區保安街2段211號1樓,02-26898179,121.4132932,25.00399233
生光堂藥局,新北市樹林區龍興街36號1樓,02-26896504,121.4029546,25.01576827
仁一藥局,新北市樹林區中正路622號,02-26893915,121.4102512,25.01599861
澤安藥師藥局,新北市樹林區保安二街26號1樓,02-26872764,121.4247447,24.99464854
溪崑藥局,新北市板橋區溪崑二街97號2樓,02-26872464,121.4269893,24.9891552
誠新大藥局,新北市樹林區中山路1段24號1樓,02-26870204,121.4248652,24.99297908
振昌藥局,新北市板橋區溪崑二街14號1樓,02-26862119,121.4288211,24.99175368
旭全藥局,新北市板橋區金門街331號,02-26860526,121.4294313,24.98581712
祥聖藥局,新北市板橋區溪崑2街112巷35弄1號,02-26835677,121.42532,24.98921253
瑪諾藥局,新北市樹林區復興路20號,02-26830108,121.4225462,24.99462555
樹林藥師藥局,新北市樹林區鎮前街24號1樓,02-26823030,121.426047,24.99314897
信和藥局,新北市樹林區博愛街178號2樓,02-26821991,121.425701,24.99061188
樹新藥局,新北市樹林區樹新路30-3號1樓,02-26821080,121.4271037,24.99446536
活水藥局,新北市樹林區鎮前街21號1樓,02-26818928,121.425872,24.99254985
又怡藥師藥局,新北市樹林區中山路1段76巷2號1樓,02-26816886,121.4231765,24.99178058
合康藥局,新北市樹林區中山路1段151號-1,02-26816559,121.4221177,24.9890791
樹林大樹藥局,新北市樹林區育英街54號1-2樓,02-26815488,121.4213035,24.98928267
健康人生藥局,新北市樹林區博愛一街26號1樓,02-26814394,121.4255552,24.99091324
育生藥局,新北市樹林區保安街1段192號1樓,02-26814385,121.42163,24.99585445
三樹食在好藥局,新北市樹林區學成路600號1樓,02-26807101,121.3818152,24.94583895
祐心藥局,新北市樹林區學府路362號1樓,02-26803205,121.3796821,24.95028053
純安大藥局,新北市鶯歌區國慶街179號1樓,02-26791791,121.3514394,24.95270375
小樹藥師藥局,新北市鶯歌區光明街126號1樓,02-26785107,121.3454507,24.95591641
祐康藥局,新北市鶯歌區建國路36號,02-26771223,121.3559865,24.95595728
立欣藥局,新北市樹林區三福街166號,02-26764728,121.404718,25.01618939
浮洲藥局,新北市板橋區大觀路3段219巷8號1樓,02-26758610,121.4315855,24.99268087
家碩藥局,新北市板橋區金門街300號,02-26755715,121.4288912,24.98538748
大家好藥粧藥局,新北市三峽區大德路127號1樓,02-26747022,121.3758705,24.94452425
誠祐藥局,新北市三峽區光明路22號1樓,02-26746211,121.3733799,24.93084025
北大藥局,新北市三峽區大義路9號1、2樓,02-26738535,121.3787919,24.9437239
祥祐藥局,新北市三峽區文化路125號1樓,02-26738080,121.3699252,24.93598448
如音藥局,新北市三峽區文化路266-1號1樓,02-26732119,121.3661271,24.93585663
兆康藥局,新北市三峽區中華路22號1樓,02-26717977,121.3741805,24.93265275
汐止立欣藥局,新北市汐止區汐萬路2段249號1樓,02-26464546,121.6464075,25.08835263
翔云大藥局,新北市汐止區祥雲街2號-1(1樓),02-26463119,121.6457956,25.08955576
杏恩健保藥局,新北市汐止區仁愛路189號,02-26435728,121.6643791,25.06553393
杏光藥局,新北市汐止區建成路59巷19號1樓,02-26411340,121.6616657,25.07287237
富康輝藥局,新北市三芝區中正路1段86.88號1樓,02-26363836,121.5043269,25.2572061
四季寶健保藥局,新北市淡水區新市一路3段117-1號(含夾層),02-26283199,121.446784,25.18314328
池慶藥局,新北市淡水區中山北路2段176號1樓,02-26238852,121.4444943,25.18470831
聖天藥局,新北市淡水區重建街218號,02-26215677,121.4413063,25.17480242
杏家藥局,新北市八里區中華路2段256號1樓,02-26105369,121.4053205,25.14971251
信豐藥局,新北市土城區農豐街12號,02-22609764,121.442456,24.97386808
林口啄木鳥藥局,新北市林口區仁愛路2段80號,02-26027547,121.3840786,25.07551519
康旭藥局,新北市林口區麗園一街6巷9號1樓-3,02-26007807,121.3751693,25.07135589
宏達大藥局,新北市板橋區莒光路17號,02-22528993,121.4699769,25.02478014
安泰藥局,新北市汐止區連興街114號1樓,02-25158069,121.6536883,25.06284106
瑞中藥局,新北市瑞芳區明燈路3段5-1號1樓,02-24977879,121.8088461,25.10742736
宏和藥局,新北市瑞芳區三爪子坑路123號,02-24973126,121.8104333,25.10695742
瑞光藥局,新北市瑞芳區明燈路3段70號1樓,02-24972070,121.8065653,25.10813543
永展藥局,新北市瑞芳區民權街6巷1-1號1樓,02-24960500,121.8077255,25.1065781
慈光藥局,新北市中和區南山路117號,02-22493382,121.5021114,24.99736473
宜生藥局,新北市中和區莊敬路33巷3弄2號,02-22490159,121.4999545,25.00623289
上仁藥局,新北市中和區中山路2段131巷11-1號,02-22480074,121.5028619,25.00239613
健星藥局,新北市中和區景平路754號,02-22403437,121.4965087,25.00456509
苗園健保特約藥局,新北市泰山區全興路161號1樓,02-22970736,121.4341617,25.05619429
知達健保藥局,新北市蘆洲區長榮路502號1樓,02-22897753,121.4596386,25.08972846
中美永結藥局,新北市蘆洲區長安街185號1樓,02-22887676,121.4605211,25.08169378
微笑杏鄰藥局,新北市蘆洲區中正路15號1樓,02-22887076,121.4713801,25.08189458
信義萊康藥局,新北市蘆洲區信義路260號1樓,02-22885256,121.4782835,25.08678498
永恩健康藥局,新北市蘆洲區民族路414號1樓,02-22880379,121.4743929,25.09164546
忠民藥局,新北市三重區車路頭街162號1樓,02-22868489,121.4838027,25.07641592
力行德榮藥局,新北市三重區力行路2段170號1樓,02-22867170,121.4830339,25.07698813
慶明藥局,新北市蘆洲區中山二路46巷4號2樓,02-22855740,121.4745332,25.08220422
廷升藥局,新北市蘆洲區中正路122號1樓,02-22827670,121.4694285,25.0848487
愛佳健保藥局,新北市蘆洲區長榮路96號1樓,02-22825835,121.4621868,25.08389394
隆生藥局,新北市蘆洲區民族路52號1樓,02-22814653,121.477004,25.08447429
全家藥粧藥局,新北市蘆洲區光華路6號1樓,02-22811215,121.4698305,25.08362243
慈惠藥局,新北市三重區仁愛街516號1樓及2樓,02-22809009,121.4870841,25.08201135
聯合藥局,新北市新莊區新泰路194號2樓,02-22796464,121.4472472,25.0382868
正康健保藥局,新北市板橋區大觀路2段65號1樓,02-22756681,121.4466733,25.00246533
活力藥局,新北市土城區學府路1段158號1樓,02-22748877,121.454328,24.98685674
舒民藥局,新北市土城區明德路1段35號2樓,02-22748654,121.4652831,24.98538286
大康藥局,新北市土城區學府路1段72號2樓,02-22738004,121.456644,24.9882924
景好藥師藥局,新北市板橋區國光路182號1樓,02-22724728,121.4608694,25.01832654
民亨藥局,新北市土城區學成路172號,02-22701485,121.4479175,24.98898405
貓頭鷹藥妝藥局,新北市土城區中央路3段88號、90號1樓,02-22695659,121.4360876,24.96702138
家庭藥師連鎖藥局,新北市土城區裕生路23號1樓,02-22663601,121.4482332,24.98725915
德隆藥局,新北市土城區裕民路153號1樓,02-22656056,121.4522298,24.98595271
育佳藥局,新北市土城區金城路2段242巷7號1樓,02-22645692,121.457412,24.98302629
廣昇健保藥師藥局,新北市土城區明德路1段53號,02-22638300,121.4652874,24.98476351
健群藥局,新北市土城區裕民路80號2樓,02-22634747,121.4498882,24.98721325
埔銓藥局,新北市土城區裕民路164號1樓,02-22630230,121.4522218,24.98568584
吉城大藥局,新北市土城區學府路1段205號1樓,02-22626870,121.4517602,24.98458921
美康藥妝藥局,新北市土城區延吉街254號1樓,02-22616868,121.4663514,24.98464653
國安健保藥局,新北市土城區延和路109號1樓,02-22614933,121.4677721,24.99032786
正吉藥局,新北市板橋區莊敬路241號1樓,02-22595183,121.4730155,25.0215381
新進發大藥局,新北市板橋區大同街24號1樓,02-22593926,121.4777947,25.02707318
廣信健保藥局,新北市板橋區四維路304號1樓,02-22592918,121.4626688,25.02965368
正陽藥局,新北市板橋區雙十路2段116號1樓,02-22592667,121.4742539,25.02874127
濟安堂藥局,新北市板橋區民治街117號1樓,02-22587973,121.4783574,25.03105469
上嘉藥局,新北市板橋區四維路296號1樓,02-22582278,121.4628224,25.02935939
廣安健保藥師藥局,新北市板橋區四維路355號1樓,02-22580963,121.4621917,25.03008823
京躍藥局,新北市板橋區新海路86號1樓,02-22580669,121.4617394,25.02205203
莊敬健康人生藥局,新北市板橋區莊敬路87號1樓,02-22570028,121.4728298,25.02645089
躍獅莒光藥局,新北市板橋區莒光路58號1樓,02-22556743,121.4709002,25.02420871
廣欣藥師藥局,新北市板橋區雙十路3段52號1樓,02-22540613,121.4709839,25.03142713
詠濟藥局,新北市板橋區幸福路23號,02-22536951,121.4618321,25.02022592
廣明藥局,新北市板橋區莒光路93號1樓,02-22536325,121.4723108,25.02408056
裕苠藥局,新北市板橋區裕民街6號,02-22535227,121.4623711,25.02921405
金弘藥局,新北市板橋區莒光路29號1樓,02-22531918,121.4702412,25.02464554
幸福健保藥局,新北市板橋區四維路106號1樓,02-22530009,121.4656732,25.0245729
鶯歌宏達藥局,新北市鶯歌區國慶街138號1樓,02-22528993,121.350806,24.95346713
必生好藥局,新北市板橋區松柏街67號1樓,02-22511057,121.47631,25.03065389
嘉恩健保藥局,新北市板橋區陽明街40號2樓,02-22509566,121.4658933,25.02197223
佳聯藥局,新北市板橋區陽明街297號1樓,02-22506255,121.4617341,25.02658121
晴天藥局,新北市板橋區文化路1段116號2樓,02-22506165,121.4617595,25.01495331
力安藥局,新北市板橋區莒光路196巷8號1樓,02-22503349,121.4737686,25.02254872
新海藥局,新北市板橋區新海路122號1、2樓,02-22500190,121.4611947,25.02291843
一安藥妝藥局,新北市中和區中和路9號1、2樓,02-22483778,121.4997629,25.00221499
威宏藥局,新北市中和區復興路262號,02-22458558,121.5035319,24.99037876
冠品藥師藥局,新北市中和區連城路119號1樓,02-22452129,121.4962847,24.9993023
九崧藥局,新北市中和區南華路20號1樓,02-22451379,121.5029751,24.99576616
安和藥師藥局,新北市中和區錦和路410號1樓,02-22433708,121.4909479,24.98959812
維康藥局雙和店,新北市中和區圓通路252號1樓,02-22431962,121.4938367,24.99130428
澄品藥局,新北市永和區永利路96號1樓,02-22329871,121.5209386,25.00358985
永奕藥局,新北市永和區永平路286-1號1樓,02-22327709,121.5077274,25.01205599
欣安大藥局,新北市永和區福和路221號1樓,02-22326685,121.5188933,25.00746728
悅美保健藥局,新北市永和區保生路22巷21號1樓,02-22323515,121.5072924,25.00838885
星韻藥局,新北市永和區福和路88號,02-22319592,121.522596,25.00808122
台化藥局,新北市永和區勵行街119號1樓,02-22318686,121.5175178,25.01199985
鳳軒藥局,新北市永和區得和路239號1樓,02-22315937,121.5203441,25.00016711
榮記大藥局,新北市中和區員山路482號1樓,02-22239546,121.4798687,25.0068294
健暉藥局,新北市中和區連城路487號1樓,02-22231437,121.4828903,24.99552372
耕莘健康人生藥局,新北市新店區民族路186號1樓,02-22194743,121.53688,24.97621068
旭豐藥局,新北市中和區民享街４１號,02-22215393,121.4740986,25.00297521
庭安藥局,新北市新莊區西盛街172號1樓,02-22080528,121.4280942,25.01901177
豐年藥局,新北市新莊區中正路377巷16號,02-20711823,121.4462318,25.03395311
蘋果藥局,新北市新莊區八德街105號,02-22053933,121.4242476,25.02112204
三大藥局,新北市新莊區民安路197號,02-22030503,121.4262006,25.0225571
錄新藥局,新北市新莊區後港一路76巷10弄1號,02-22051849,121.4270373,25.02604048
冠仁藥局,新北市新莊區四維路126巷6號,02-22029415,121.4230282,25.02418251
七安大藥局,新北市新莊區民安西路55號1、2樓及57號1樓,02-22026066,121.4274861,25.02043907
佑家藥局,新北市鶯歌區中正三路151號1樓,02-16798282,121.3367226,24.94006767
均安藥局,新北市新店區民權路89號1樓,02-29127861,121.5377454,24.98276693
安欣藥局,新北市新店區北宜路2段26號1樓,02-22175450,121.5481723,24.9514687
唯客優藥局,新北市新店區安康路2段216號1樓,02-22126097,121.5098245,24.95943253
佑成藥局,新北市新店區民權路101號1樓,02-86673537,121.537014,24.9828105
康曜藥師藥局,新北市新店區安康路2段240號1樓,02-86669660,121.5092043,24.95915372
新康藥局,新北市新店區北新路1段281號1樓2樓、283號1樓2樓,02-29178179,121.5410297,24.9669087
康宜庭市公所藥局,新北市新店區北新路1段285號1樓,02-29151709,121.5410483,24.96696118
正升藥局,新北市新店區順安街61號1樓,02-29139493,121.5407122,24.9863742
欣美藥局,新北市新店區寶橋路6巷2號1樓,02-29137321,121.5433539,24.97336047
合康大藥局,新北市新店區中正路263-2號1樓,02-29109888,121.5386892,24.97356656
杏運草藥局,新北市新店區北新路1段19號1樓,02-24379209,121.5377778,24.9590227
仁心藥局,新北市新店區中正路402號1樓,02-22186322,121.5345875,24.97753033
陽光健康藥局,新北市新店區安民街214號,02-22123919,121.5174368,24.9722016
大和藥局,新北市三峽區民生街150號,02-26711010,121.3721617,24.93491321
協安大藥局,新北市樹林區鎮前街126號,02-26810386,121.4247561,24.99086631
華泰藥局,新北市新莊區昌明街80號1樓,02-89928500,121.4550269,25.05236108
晨星藥局,新北市三重區五華街123號1樓,02-89856533,121.4914358,25.08405495
益成藥局,新北市三重區正義北路154號3樓-1,02-89827261,121.4965058,25.06629865
吉康健保藥局,新北市三重區三民街279號1樓,02-89810122,121.4791289,25.06821221
光興藥局,新北市三重區正義南路60-4號1樓,02-89725780,121.498354,25.06060677
元力藥局,新北市三重區三和路2段37-1號1樓,02-89723551,121.5008126,25.06739265
好意藥局,新北市中和區景新街467巷3號1樓,02-89416598,121.5135955,24.98825194
德上藥局,新北市永和區中正路106號,02-89411077,121.5144652,24.9959038
三民藥局,新北市新店區三民路78號1樓-1,02-89146301,121.5348451,24.97257047
正新藥局,新北市新店區中正路57-1號1樓,02-89145930,121.5443738,24.97014189
欣康藥局,新北市新店區中正路293號1樓,02-89113189,121.5372276,24.97449077
蔚海藥局,新北市樹林區鎮前街17號1樓,02-86754203,121.4259195,24.99263097
昇育健康藥局,新北市新店區中央三街115號1樓,02-86679631,121.5247496,24.97646783
康宜庭民權藥局,新北市新店區民權路48-2號1樓,02-86655371,121.5397312,24.98306153
黎明藥師藥局,新北市三重區三和路4段227號1樓,02-82870958,121.4813099,25.07985828
長榮專業藥局,新北市蘆洲區長榮路250號2樓,02-82868163,121.4606501,25.08578968
萊康連鎖藥局,新北市蘆洲區中正路126號1樓,02-82867383,121.4693528,25.08493135
芯聯藥局,新北市蘆洲區民族路210號,02-82866873,121.4798181,25.08763027
躍獅蘆洲藥局,新北市蘆洲區長安街329號1樓,02-82824906,121.4572923,25.0865504
三鐵藥局,新北市蘆洲區信義路226號1樓,02-82822729,121.4789544,25.08540656
華粲藥局,新北市蘆洲區民族路90號2樓,02-82822026,121.4779315,25.08494489
安而健藥局,新北市蘆洲區樓厝里中興街54號1樓,02-82821862,121.4816703,25.08740449
璨鴻藥局,新北市土城區延和路191號,02-82622588,121.4692124,24.99035276
晨安藥局,新北市新店區北宜路2段261號1樓,02-82171911,121.5544608,24.95362891
薇妮藥妝藥局,新北市新莊區民安路148號1樓,02-82010817,121.4245601,25.02496442
大樹幸福藥局,新北市新莊區幸福路672號1樓,02-29981066,121.450919,25.04929657
新莊至誠藥局,新北市新莊區中平路29號2樓,02-29980345,121.4446729,25.04371331
詠康聯合藥局,新北市新莊區中榮街66巷1號1樓,02-29964436,121.4485653,25.05294523
新新藥局,新北市新莊區新泰路62號2樓,02-29945994,121.4492614,25.03484695
真美滿藥局,新北市新莊區幸福路729號2樓,02-29919473,121.4492061,25.04907267
和昌藥局,新北市新莊區中安街15號1樓,02-29900669,121.4530601,25.04584669
建興藥局,新北市三重區三民街105號,02-29888757,121.4852008,25.06355382
新迪化中西藥局,新北市三重區三陽路27號1樓,02-29884755,121.4855176,25.05892548
五華春天生活藥局,新北市三重區五華街73號1、2樓,02-29876838,121.4924841,25.0829117
宗安藥師藥局,新北市三重區頂崁街208號1樓,02-29874243,121.4771996,25.06732441
宏原藥局,新北市三重區中正北路183號1樓,02-29871515,121.4775839,25.06959207
康新藥局,新北市三重區正義北路185號2樓,02-29866582,121.4963859,25.06782501
信承藥局,新北市三重區信義西街44號1樓,02-29866476,121.4980425,25.06459265
利民藥局,新北市三重區自強路1段171號、173號1樓及2樓,02-29852826,121.4930577,25.06743869
陳藥局,新北市三重區三民街77號,02-29848601,121.4858251,25.06292714
佑全三重正義藥局,新北市三重區正義北路207號1、2樓、209號1、2樓,02-29815341,121.496192,25.06845875
中華健保藥局,新北市三重區中華路95號,02-29813155,121.483617,25.06310053
享生藥局,新北市三重區自強路1段207號1樓,02-29807539,121.4915137,25.06847669
仁華藥局,新北市三重區五華街73-1號1樓,02-29806161,121.4924841,25.0829117
吉盛健保藥局,新北市三重區頂崁街210巷46號1樓,02-29801666,121.4752556,25.06803338
臻曜藥局,新北市三重區重新路1段129號1樓,02-29786003,121.5001401,25.06316687
鴻泰健保藥局,新北市三重區重新路1段95號1樓,02-29769055,121.5008545,25.0634339
祐銘藥局,新北市三重區龍門路22號1樓,02-29769001,121.4953442,25.07199266
小林健保藥局,新北市三重區文化北路61-1號1樓,02-29763895,121.498704,25.06617705
臻燿藥局,新北市三重區集美街150號1樓,02-29724765,121.4897052,25.05310517
欣悅藥局,新北市三重區正義北路210號1樓,02-29711733,121.4962037,25.06752697
宏安藥局,新北市永和區中山路1段204號,02-29281261,121.5087329,25.00873745
寶輝藥局,新北市新店區光明街300號1樓,02-29118767,121.540653,24.96479661
正安藥局,新北市新店區明德路50號1樓,02-29115809,121.5417622,24.97853552
藥-道中西藥局,新北市新莊區龍安路24號1樓,02-29083318,121.4146432,25.02228469
輔大美康藥局,新北市新莊區中正路510號-1(1樓),02-29013056,121.434105,25.03293676
陽光幸福藥局,新北市蘆洲區重陽街88號1樓,02-28486566,121.4820851,25.08453754
健成藥局,新北市汐止區新興路20號1樓,02-26428989,121.6564017,25.06456388
蛋寶寶藥局,新北市林口區民有街158號1樓,02-26097371,121.3725132,25.0759521
大心藥局,新北市林口區公園路19號1樓,02-26089305,121.3666564,25.06762703
林康藥局,新北市林口區文化二路1段222號1樓,02-26088869,121.3695255,25.07225435
欣穎藥局,新北市林口區文化二路1段535號1樓,02-26069786,121.3739797,25.07648206
普生藥局,新北市林口區中山路188號1樓-1,02-26024105,121.3891956,25.07910569
榮昌藥局,新北市林口區仁愛路1段410號,02-26011312,121.3867303,25.07683312
家福健保藥局,新北市新莊區福壽街67號2樓,02-22942300,121.4581853,25.04942801
華安大藥局,新北市蘆洲區長安街48號1樓,02-22881168,121.463304,25.07972479
昌誠藥局,新北市三重區三和路4段161號1樓,02-22876338,121.483581,25.07858277
陽明藥師藥局,新北市三重區三和路4段163巷15號,02-22867848,121.4838982,25.07877881
宥安藥局,新北市蘆洲區長榮路381號2樓,02-22823556,121.4592458,25.08947399
仁愛健保藥局,新北市三重區力行路2段153號,02-22805160,121.4837472,25.07763912
巧心藥局,新北市新莊區建中街92號1樓,02-22778584,121.4468641,25.03675441
英謙藥局,新北市新莊區新泰路261號1樓,02-22774822,121.4459675,25.04007145
裕達藥局,新北市土城區延吉街171號,02-22739328,121.4696937,24.9857715
順儷藥師藥局,新北市土城區延和路16-3號1樓,02-22648655,121.4642012,24.98800058
佳霖藥局,新北市土城區學府路1段170號1樓,02-22641425,121.4538884,24.98661302
麗膚藥局,新北市土城區金城路3段33巷6-1號1樓,02-22640600,121.4655153,24.9868795
悅生藥局,新北市新莊區龍安路343-1號1樓,02-22081219,121.4227616,25.01926708
平安藥局,新北市新莊區民安西路60號2樓,02-22066608,121.4272656,25.02037282
向日葵健保藥局,新北市新莊區建福路50號1樓,02-22060377,121.4265469,25.0276406
天仁大藥局,新北市新莊區中正路397號1樓,02-22013625,121.4454241,25.03450589
大樹新莊藥局,新北市新莊區新泰路59號1、2樓,02-22010566,121.4494263,25.03405281
聯康藥局,新北市板橋區南雅南路2段136號1樓,02-89674888,121.4518215,24.99655526
晨晰藥局,新北市板橋區漢生東路344號1樓,02-89536273,121.4719532,25.00738678
利安藥師藥局,新北市板橋區南雅西路2段117號及119號1樓,02-29666951,121.4524371,25.01084717
台安藥局,新北市板橋區中正路204號1樓、2樓、3樓,02-29663600,121.4561304,25.01804225
明豐專業藥局,新北市板橋區貴興路74號1樓,02-29647542,121.4565555,25.00301659
埔全藥局,新北市板橋區忠孝路33號1樓,02-29567309,121.4608185,25.00206223
杏文藥局,新北市板橋區實踐路185號1樓,02-29565078,121.4644864,25.00332969
麗森藥師藥局連鎖麗寶藥局,新北市板橋區三民路2段133號1樓,02-29557141,121.4793146,25.0153537
大川藥局,新北市板橋區中山路2段86號1樓,02-29555011,121.4750822,25.01622266
光澤醫美藥局,新北市板橋區四川路1段21號1樓,02-29551215,121.4595363,25.00688599
金瑞藥局,新北市板橋區和平路161巷24號1樓,02-29533188,121.4634474,24.99671426
康橋藥局,新北市板橋區文化路1段273號,02-22532560,121.4646833,25.01853539
樂多藥局,新北市板橋區四維路108號1樓,02-22523530,121.4656341,25.02464707
元大藥局,新北市新莊區富國路204號1、2樓,9.88E+08,121.4248582,25.02426531
食在好健康藥局,新北市鶯歌區國慶街165號1樓,9.73E+08,121.3510955,24.95296803
大仁藥局,新北市新莊區公園一路32號1樓,9.55E+08,121.4434551,25.03530724
萬泰藥局,新北市板橋區信義路221-1號,9.54E+08,121.4596596,24.99148716
安康佑康健保藥局,新北市新店區安康路3段17號,9.40E+08,121.4935486,24.95338841
陽光藥局,新北市新莊區福壽街72號,9.38E+08,121.4583229,25.04940144
中和環球藥局,新北市中和區中山路3段121號1樓,9.37E+08,121.4744866,25.00596486
我家藥局,新北市汐止區中正路29號,9.29E+08,121.6623882,25.07023626
碇康藥局,新北市石碇區石崁24-1號,9.23E+08,121.6583071,24.99146521
維顥藥局,新北市新店區中興路1段279號1樓,9.22E+08,121.5451314,24.96830053
快樂藥局長榮店,新北市蘆洲區永樂街2號1樓,9.22E+08,121.4591616,25.08832945
雙合藥局,新北市中和區中正路291號1樓,9.21E+08,121.4940818,24.9937458
萬昌健保藥局,新北市土城區中央路4段160號,9.21E+08,121.4169926,24.95826631
久豐大藥局,新北市樹林區復興路286號1樓,9.20E+08,121.4177058,24.98784951
闔安藥局,新北市五股區成德里成泰路3段579號1樓,9.20E+08,121.4522402,25.10267234
常安中西藥局,新北市永和區保平路26號1樓,9.19E+08,121.512203,25.00748752
吉安藥局,新北市蘆洲區長安街285巷1號1樓,9.11E+08,121.4581327,25.08433098
躍獅五福藥局,新北市金山區中山路99號1樓,9.11E+08,121.6398114,25.21912049
賞安藥局,新北市新莊區中平路373號1樓,9.10E+08,121.4446154,25.05253303
信恆藥局,新北市五股區中興路1段74號1樓,02-89882077,121.4669838,25.07303697
大昌藥局,新北市板橋區北門街28號,02-89682579,121.457324,25.01090962
宥元藥局,新北市中和區德光路62號１樓,02-89535473,121.4696244,25.00398347
中和藥局,新北市中和區華新街59號1樓,02-89432922,121.507996,24.98432375
吉佑藥局,新北市中和區大勇街34號1樓,02-89416539,121.5173706,24.99344676
宜泰藥局,新北市永和區永貞路297號,02-89210657,121.5108405,25.00559809
廣元藥局,新北市中和區興南路2段27號1樓,02-86681906,121.5079119,24.98584657
昇旺藥局,新北市新店區建國路10-1號1樓,02-86659233,121.5400807,24.97358174
綠園藥局,新北市林口區仁愛路2段105號1樓,02-86012258,121.3842672,25.07506988
康群生活藥局,新北市蘆洲區中正路105號1樓,02-82835630,121.4697562,25.08409563
翰生藥局,新北市板橋區漢生西路77號1樓,02-82513666,121.4627908,25.01896528
安泰大藥局,新北市中和區南山路35號1樓,02-82459423,121.5021624,24.99882174
裕壬藥局,新北市中和區新生街206、208號1樓,02-32349358,121.4837071,24.99898132
朝安藥局,新北市中和區華新街192巷40號1樓,02-31511269,121.5061789,24.98368443
金翔藥局,新北市新莊區幸福路595號1樓,02-29988552,121.4534289,25.04919863
幸寧藥局,新北市新莊區福壽街84巷12號1樓,02-29971150,121.4587663,25.04985312
勝安藥局,新北市新莊區中正路334巷23號1樓,02-29963394,121.4456096,25.03584661
禮安藥師藥局,新北市新莊區自立街109號1樓,02-29942891,121.4555147,25.04550217
聯成藥局,新北市新莊區中正路332號,02-29941915,121.4458315,25.0348403
十安藥局,新北市新莊區中港路316號,02-29922859,121.4523611,25.04543916
明生藥局,新北市新莊區福樂街15號,02-29913260,121.4577778,25.04509562
北安藥局,新北市新莊區幸福路529號1樓,02-29906923,121.4554365,25.04927609
忠誠藥局,新北市三重區仁愛街377巷4號,02-29888321,121.4916327,25.08047074
上益藥局,新北市三重區忠孝路2段136號1樓,02-29879460,121.4826817,25.06833397
唯安藥局,新北市三重區五華街130號,02-29875750,121.4916491,25.08357568
華泰藥師藥局,新北市三重區五華街66號1樓,02-29866009,121.4935155,25.08175929
上豪藥局,新北市三重區中正北路220號1樓,02-29864336,121.482171,25.06757196
國星藥局,新北市三重區溪尾街109號,02-29859203,121.489775,25.0786746
容安藥局,新北市三重區正義北路237號2樓,02-29843399,121.4958903,25.0692973
新英藥師藥局,新北市三重區雙園街37號,02-29824840,121.4968665,25.06795724
五華藥局,新北市三重區仁愛街425巷91號2樓,02-29819948,121.4923038,25.08266821
欣欣藥局,新北市三重區正義北路233號1樓,02-29816955,121.4959605,25.06914897
宏安藥局,新北市三重區集美街158號1樓,02-29785866,121.4898387,25.05305944
周武仁藥局,新北市三重區成功路145巷34號,02-29774110,121.4875835,25.05326188
三山大藥局,新北市三重區中正南路84號,02-29772409,121.4944227,25.05884393
龍門藥局,新北市三重區龍門路186號,02-29756141,121.4994323,25.07344008
重德藥局,新北市三重區正義北路246號2樓,02-29719060,121.4959812,25.06827298
廷好藥局,新北市板橋區龍興街25號1樓,02-29691768,121.4428025,25.00005645
穎川藥局,新北市板橋區民權路202巷4弄1號,02-29660617,121.4596329,25.01422273
捷勝藥師藥局,新北市中和區華順街122號1樓,02-29646225,121.4650966,24.99645937
大竹藥局,新北市中和區和平路244號,02-29590964,121.4645841,24.99678644
中山大藥局,新北市板橋區中山路1段107號,02-29575029,121.4618084,25.01025408
合泰藥局,新北市板橋區忠孝路19號1樓,02-29572437,121.4603824,25.00200287
正成藥師藥局,新北市板橋區三民路2段154巷7號,02-29512760,121.4787484,25.01515104
全國藥局,新北市板橋區四川路1段231號,02-29511212,121.4600572,25.00296615
信昌藥局,新北市板橋區三民路2段202-9號,02-29510784,121.4791935,25.01369836
榮菖藥局,新北市中和區和平街15-1號1樓,02-29492620,121.5091748,24.99040288
藥聯藥師藥局,新北市中和區宜安路143號1樓,02-29481198,121.5092382,24.99858237
良泰大藥局,新北市中和區興南路2段117巷15號1樓,02-29477761,121.5059134,24.98412008
威康藥局,新北市永和區中正路153號,02-29461148,121.5163286,24.99840138
千大藥局,新北市中和區立人街13號1樓,02-29441567,121.5216036,24.9939445
薇妮藥妝藥局景安店,新北市中和區景安路27號1樓,02-29436001,121.5078831,24.99888022
康富力藥局,新北市中和區興南里仁愛街53號1樓,02-29429896,121.5113134,24.98803243
奕采藥局,新北市中和區宜安路77號1樓,02-29429770,121.5109173,24.99732963
順心藥局,新北市中和區景新街439號1樓,02-29429680,121.5130896,24.98888191
信毅藥局,新北市中和區捷運路56號1樓,02-29423663,121.5081359,24.99078384
新源林藥局,新北市中和區華新街24號,02-29421953,121.5075439,24.98485741
幸福連鎖藥局,新北市中和區忠孝街122號1樓,02-29410771,121.5122009,24.98581002
永成藥局,新北市中和區景平路156號1樓,02-29407619,121.5176492,24.99221933
原大藥局,新北市永和區永和路1段20號1樓,02-29272767,121.5130217,25.00471343
宜安健康人生藥局,新北市中和區宜安路162號1樓,02-29224648,121.5090929,24.99894595
貞心藥局,新北市中和區永貞路280-1號1樓,02-29203865,121.5132626,25.00400554
椿萱藥局,新北市新店區建國路69號,02-29188311,121.5404374,24.97590056
益生大藥局,新北市新店區建國路132號,02-29177728,121.5391167,24.97885327
威樺藥局,新北市新店區中正路263號1樓,02-29175888,121.5386892,24.97356656
匯信大藥局,新北市新店區光明街192號,02-29149009,121.5397146,24.96232532
世明藥局,新北市新店區北新路3段120號1樓,02-29122139,121.5417362,24.98174236
耀生中西藥局,新北市新店區文化路21巷6號,02-29118598,121.5431677,24.97977839
吉成藥局,新北市新店區中華路107號,02-29114426,121.5389054,24.96920429
再生藥局,新北市新店區北新路3段65巷9號,02-29113781,121.5412027,24.9810049
日泰藥局,新北市泰山區泰林路2段227號,02-29095989,121.4322753,25.06194053
德泰藥局,新北市五股區成泰路1段9號,02-29093927,121.4335831,25.06674123
得安藥師藥局,新北市泰山區仁愛路128號1樓,02-29000992,121.4339527,25.05573162
國榮藥局,新北市三重區碧華街50號,02-28578497,121.4835578,25.08136523
立雄藥局,新北市三重區仁愛街733號1樓,02-28573677,121.4818,25.08058029
長安藥局,新北市蘆洲區中華街67號1樓,02-28485560,121.4623496,25.08073755
慧安藥局,新北市蘆洲區長安街214號1樓,02-28477845,121.4584679,25.08436249
日弘藥師藥局,新北市樹林區復興路29號,02-26871919,121.4223373,24.99409586
溪北藥局,新北市板橋區溪北路78號1樓,02-26866528,121.4281214,24.98952607
暉民西藥局,新北市樹林區千歲街36號1樓,02-26835868,121.4257186,24.99660688
快安藥師藥局,新北市鶯歌區中正一路94、96號,02-26792356,121.3523758,24.95476417
安新藥局,新北市鶯歌區建國路180號,02-26777850,121.349661,24.95365582
佑荔藥局,新北市樹林區復興路227號1樓,02-26759988,121.4199807,24.9908042
杏華藥局,新北市板橋區溪北路170號1樓,02-26757024,121.4309076,24.9879209
康德藥局,新北市板橋區溪北路28號,02-26755151,121.4269313,24.99022939
羅群藥局,新北市樹林區東華街88號,02-26751966,121.4157268,24.9804425
全球藥師藥局,新北市三峽區文化路95號,02-26748128,121.3711404,24.93606554
康美藥局,新北市三峽區民生街79號2樓,02-26745526,121.3749025,24.93585477
致安藥師藥局,新北市三峽區中華路17號1樓,02-26743418,121.3731918,24.93153597
人來安藥局,新北市三峽區文化路266-5號,02-26721199,121.3661271,24.93585663
誠美藥局,新北市三峽區復興路106號1樓,02-26718131,121.3726659,24.93780274
民和藥局,新北市鶯歌區鶯桃路137號,02-26705858,121.3378371,24.95475902
邱藥局,新北市淡水區中山路27號,02-26614225,121.4439791,25.17006456
穎安中西大藥局,新北市汐止區樟樹一路135巷13號,02-26412348,121.6416358,25.06546151
醫有堂藥局,新北市石門區中山路32號-1,02-26382836,121.5661747,25.28998321
玉盛藥局,新北市三芝區中山路2段30號,02-26360697,121.5028803,25.25544971
千代田藥局,新北市淡水區學府路九號1樓,02-26210173,121.4473891,25.16809123
龍米藥師藥局,新北市八里區龍形一街5號1樓,02-26185812,121.4505847,25.13045435
榮新藥局,新北市林口區忠孝路383號1樓,02-26089789,121.3695865,25.07150551
龍點藥局,新北市林口區民族路67號1樓,02-26080636,121.3654948,25.07532131
安心藥局,新北市林口區文化二路1段577號1樓,02-26029090,121.3760418,25.0787131
家弘藥局,新北市林口區竹林路172號1樓,02-26024851,121.3890369,25.07977408
士昌藥局,新北市林口區工六路36號1樓,02-26018863,121.4013566,25.07659038
金宏仁藥局,新北市金山區中山路190巷2號,02-24982402,121.6381963,25.22173575
明生藥局,新北市瑞芳區明燈路3段37-36號,02-24978577,121.8069614,25.10766388
秀文藥局,新北市瑞芳區三爪子坑路218號,02-24976910,121.8058947,25.10547899
千泰藥局,新北市瑞芳區中正路63-1號,02-24966347,121.8063063,25.10735226
信芳藥局,新北市雙溪區中華路50號,02-24931301,121.8659916,25.03761074
萬里藥局,新北市萬里區瑪鋉路90號,02-24922235,121.6903656,25.17848069
泰林中西藥局,新北市泰山區泰林路2段206號,02-22978367,121.4333435,25.06143567
重成藥局,新北市板橋區民族路267號,02-22958969,121.4706526,25.00692869
全安藥局,新北市新店區建國路119號1樓,02-22926231,121.5397616,24.97776858
凌雲藥局,新北市五股區凌雲路1段73號2樓,02-22919463,121.4509967,25.10110789
宏安藥局,新北市五股區成泰路2段136號,02-22915932,121.4381659,25.08369055
永任藥局,新北市五股區水碓路9號1樓,02-22911093,121.4336145,25.07236016
弘大藥局,新北市蘆洲區信義路2號,02-22893949,121.4734205,25.07902861
理方藥局,新北市蘆洲區長安街67號,02-22893949,121.4627839,25.07986884
謚安中西藥局,新北市蘆洲區永平街6號,02-22893949,121.4595555,25.09054733
成安藥局,新北市蘆洲區長安街257號1樓,02-22892918,121.4588049,25.08351937
玉美藥局,新北市三重區力行路2段136巷49弄2號,02-22879836,121.4792905,25.07518759
仁安堂藥局,新北市三重區溪尾街220號,02-22870278,121.4878508,25.0815211
全民藥局,新北市蘆洲區中山一路201、203號,02-22837168,121.4742567,25.08099742
松伯藥局,新北市蘆洲區中山二路2號,02-22818160,121.4756754,25.0818542
威良藥局,新北市蘆洲區中正路185巷34號1樓,02-22817873,121.4676824,25.08511647
南雅藥局,新北市板橋區南雅南路1段5巷22號,02-22725358,121.456334,25.00531831
一和藥局,新北市土城區中央路1段67-3號,02-22634343,121.4478574,24.9898681
咸安藥局,新北市土城區明德路1段4號1樓,02-22627434,121.464699,24.98572882
恒生中西藥局,新北市土城區中央路2段170號,02-22603485,121.4418919,24.97636626
富盛藥局,新北市板橋區四維路291巷4弄24號1樓,02-22596016,121.4621912,25.02879181
力康藥局,新北市板橋區陽明街108號,02-22589353,121.4640444,25.02336465
佳和藥局,新北市板橋區文化路1段387巷5號1樓,02-22582034,121.4666764,25.02193514
全曜藥局,新北市板橋區民權路260巷62號,02-22575417,121.4602948,25.01494565
振民藥局,新北市板橋區四維路269巷92號,02-22572955,121.4596171,25.02666164
安聯藥局,新北市板橋區宏國路113號1樓,02-22569079,121.4704122,25.03206755
晨恩藥局,新北市板橋區文化路1段216號1樓,02-22567200,121.4665705,25.02026897
欣民藥局,新北市板橋區雙十路3段39號,02-22545938,121.4705746,25.03167768
進發大藥局,新北市板橋區民治街101號,02-22528361,121.4790276,25.031499
成合藥局,新北市中和區景平路429-2號1樓,02-22483605,121.5013896,24.99536946
三德和藥局,新北市中和區吉興里南山路289號1樓,02-22471028,121.5044142,24.99207414
三華藥局,新北市中和區中正路124號1樓,02-22470928,121.4997161,24.99385359
喬登藥局,新北市中和區景平路697號1樓,02-22470273,121.4964593,25.00336851
中和光田藥局,新北市中和區連城路48號,02-22459602,121.4981708,25.00195519
恩溢藥局,新北市中和區復興路79號1、2樓,02-22452450,121.5035062,24.99020228
祥田藥局,新北市中和區圓通路236號,02-22452293,121.4948154,24.99267801
真成大藥局,新北市中和區光華街38號,02-22447008,121.5048418,25.00388713
詠邑藥局,新北市中和區南華路43號1樓,02-22445630,121.5037705,24.99671179
以法蓮藥局,新北市中和區中興街154號1樓,02-22438983,121.4997843,24.99185581
群芳藥局,新北市中和區和興里中興街73號1樓,02-22433729,121.5003486,24.99323531
皇秦大藥局,新北市中和區中山路3段39-1號1樓,02-22269636,121.4776194,25.00531458
坤暉藥局,新北市中和區中山路3段94號2樓,02-22269381,121.4774819,25.00578725
聯邦藥局,新北市土城區立德路91號,02-22265907,121.4630413,24.98783744
心樂藥局,新北市中和區新生街46號2樓,02-22260962,121.4831671,25.00323511
銓家藥局,新北市中和區員山路319號1-2樓,02-22257728,121.4811525,25.00059649
杏元藥局,新北市中和區員山路172號1樓,02-22236868,121.4813846,24.99994243
詠安藥局,新北市中和區員山路150-8號1樓,02-22231606,121.4809959,24.99632936
立健藥局,新北市中和區連城路317號1樓,02-22230614,121.4892405,24.99607455
民樂健保藥局,新北市中和區員山路226巷3弄5號1樓,02-22228999,121.4816928,25.00101994
昌順藥局,新北市新店區安康路3段265號,02-22156798,121.4865139,24.95172653
瑞欣藥局,新北市新店區吉安街33號,02-22112723,121.5159431,24.96593671
祐全大藥局,新北市新莊區建安街88號1樓,02-22051220,121.4262428,25.02422904
民安藥局,新北市新莊區民安路232號,02-22038910,121.4261504,25.02232374
佑仁藥師藥局,新北市新莊區四維路137號,02-22026747,121.4228464,25.02239627
快樂藥局,新北市新莊區中正路243-1號1至2樓,02-93215664,121.4504549,25.03557524
日光藥局,新北市新莊區中港路404號1樓,02-89937296,121.4522708,25.05002969
力源藥局,新北市新莊區復興路2段133號1樓,02-89929919,121.4571647,25.04451586
家嘉藥局,新北市新莊區自立街103號1樓,02-89926488,121.4553128,25.04549323
福華藥局,新北市新莊區復興路2段109號,02-89917390,121.4563176,25.04448621
臻善美藥局,新北市新莊區幸福路786號1樓,02-89914303,121.4467268,25.04918896
成立藥局,新北市三重區正義北路310-1號2樓,02-89852355,121.4951282,25.07000038
聯鑫藥師藥局,新北市三重區正義北路269號,02-89829880,121.4954291,25.07004649
美滿藥局,新北市三重區中華路16號,02-89824272,121.4833531,25.06060366
正大藥局,新北市三重區五華街39號,02-89815931,121.4945434,25.08105838
烈委藥局,新北市三重區五華街132號,02-89812846,121.4916125,25.08360208
誠泰藥師藥局,新北市三重區重新路3段102號,02-89721125,121.4926601,25.06045466
良方藥局,新北市土城區廣明街23巷24號1樓,02-89661161,121.454739,24.99229025
泰泰健保藥局,新北市中和區德光路97號,02-89642049,121.4685372,25.00329333
人民藥局,新北市板橋區仁愛路59號,02-89533956,121.4604469,24.99965499
健全藥局,新北市板橋區實踐路125號1樓,02-89533330,121.4642013,25.00487846
民德藥局,新北市中和區民德路61-1號1樓,02-89514746,121.4689958,25.00162669
德和便利藥局,新北市永和區得和路192號,02-89431417,121.520114,24.99996929
億華藥局,新北市中和區景安路157號,02-89421993,121.505427,24.99474838
安安藥局,新北市永和區竹林路203號1樓,02-89263651,121.520749,25.00907618
立安藥局,新北市永和區永和路2段203號1樓,02-89211786,121.5153265,25.01366619
博輝藥局,新北市永和區中興街60號1樓,02-89211766,121.5170558,25.01161906
康宜庭北新藥局,新北市新店區北新路2段43號1樓,02-89147015,121.5427557,24.97285061
倍思特藥局,新北市新店區中興路2段239號2樓,02-89116159,121.5473044,24.9752762
池佑藥局,新北市淡水區民族路46號,02-88093531,121.4615538,25.13608623
福多藥局,新北市汐止區福德二路60號1樓,02-86933368,121.6337881,25.06702953
汐心藥局,新北市汐止區福德一路150號,02-86932859,121.6365546,25.06687373
康元中西綜合藥局,新北市汐止區大同路2段219號,02-86923648,121.6528629,25.06489874
唯新示範藥局,新北市鶯歌區建國路161號,02-86775363,121.3503233,24.95344668
康廷安藥局,新北市中和區大勇街16號1樓,02-86683599,121.5172524,24.99277117
順和藥局,新北市永和區中正路75號1樓,02-86680362,121.5149316,24.9968753
家得福藥局,新北市新店區安康路1段123號1樓,02-86660991,121.5282234,24.96174511
富康藥局,新北市汐止區忠孝東路459號1樓,02-86481302,121.6660068,25.07265369
再興藥局,新北市汐止區茄苳路37號,02-86478860,121.6655649,25.07099555
汐止仁德藥局,新北市汐止區仁愛路113巷22號1樓,02-86462139,121.6619125,25.06426413
滿益藥局,新北市汐止區仁愛路130號1樓,02-86421562,121.6632204,25.06396612
三芝藥師藥局,新北市三芝區中正路1段43號1樓,02-86353982,121.5031753,25.25815976
安禾藥局,新北市林口區中山路534號1樓,02-86012205,121.3784993,25.08369455
化成藥局,新北市新莊區化成路740號1樓,02-85219099,121.4656452,25.05747651
德心藥局,新北市三重區三和路4段324號,02-82878086,121.4837622,25.07811203
長榮大藥局,新北市蘆洲區長榮路51號,02-82863837,121.4625774,25.08306727
福您安中西藥局,新北市蘆洲區長安街246巷6號1樓,02-82858322,121.4579521,25.08615391
杏昌藥局,新北市蘆洲區民族路86號1樓,02-82831985,121.477829,25.08489745
達特藥局,新北市蘆洲區復興路62號,02-82825004,121.4746304,25.08628673
善淳藥師藥局,新北市土城區福仁街19號1樓、B1樓,02-82627371,121.4405519,24.97625626
富柏大藥局,新北市土城區水源街22號1樓,02-82626815,121.4411619,24.97534625
立新藥局,新北市土城區光明街5號1樓,02-82626111,121.4420909,24.97475427
宏奇藥局,新北市土城區延吉街126號1樓,02-82619585,121.4695124,24.98586399
宏林藥局,新北市土城區裕民路134號1樓,02-82615919,121.4514933,24.98621891
佳佳藥局,新北市土城區中央路2段223-9號2樓,02-82614558,121.4419119,24.97529626
正陽藥師藥局,新北市中和區連城路354號1樓,02-82287336,121.4821749,24.99556546
錦和藥局,新北市中和區錦和路164號1樓,02-82282296,121.4898316,24.99585262
家嘉藥局,新北市中和區員山路377號,02-82281368,121.4811427,25.00237065
橘子藥局,新北市永和區仁愛路298號1樓,02-32330390,121.5034816,25.00808459
宏福藥局,新北市新莊區自信街55號1樓,02-29985225,121.4549885,25.04831363
翔昱健保藥局,新北市新莊區中港路120號,02-29983056,121.4553632,25.04019677
朝陽藥局,新北市新莊區新泰路148號2樓,02-29983020,121.4478205,25.03731288
惠欣藥局,新北市新莊區建中街72-1號1樓,02-29978962,121.4475179,25.03701639
新莊大藥局,新北市新莊區福壽街134號,02-29978268,121.4577771,25.05171828
冠昌藥局,新北市新莊區中誠街140號,02-29975009,121.4488403,25.04759748
中信藥師藥局,新北市新莊區中信街80號1樓,02-29969811,121.4479873,25.05311133
詠祥藥局,新北市新莊區新泰路502巷52號,02-29965498,121.4442761,25.04642912
宏泰藥局,新北市新莊區自信街37號1樓,02-29964649,121.4543458,25.04863327
明亮藥局,新北市新莊區幸福路511號1樓,02-29962671,121.4558784,25.04929026
大重仁藥局,新北市三重區重新路5段592號1樓,02-29958283,121.4694126,25.0453916
新佑康健保藥局,新北市新莊區中華路1段46號1樓,02-29947490,121.4520994,25.03800131
聯盟藥局,新北市新莊區中港路267巷1號1樓,02-29941168,121.4534888,25.04339798
大方藥局,新北市新莊區中平路89號1樓,02-29938881,121.4446768,25.04602013
宏昌藥局,新北市新莊區新莊路120號,02-29934156,121.4559725,25.03607673
王藥局,新北市新莊區昌盛街38號,02-29922404,121.4543759,25.04987755
蘇藥局,新北市新莊區中平路6巷37號,02-29917818,121.4460253,25.04283499
二安藥局,新北市新莊區中港路65號,02-29914527,121.4553404,25.03862269
喜來樂中西藥局,新北市新莊區昌平街20號1樓,02-29912068,121.4548897,25.05279562
家安藥局,新北市新莊區昌明街38-1號,02-29911764,121.4564946,25.05237086
新川藥局,新北市新莊區幸福路90號及92號1樓,02-29910407,121.4562276,25.04947941
環球藥局,新北市新莊區中港路436號1、2樓,02-29901934,121.451994,25.05105409
微笑埔銓藥局,新北市新莊區中平路77號,02-29901680,121.4446891,25.04507178
樂寶兒藥局,新北市新莊區中正路82-2號1樓,02-29900185,121.457849,25.03777177
聖安藥局,新北市三重區自強路2段48號,02-29899576,121.4889562,25.06956243
聖泰藥局,新北市三重區仁義街229號,02-29899187,121.4965142,25.08228316
興安藥局,新北市三重區正義北路275-1號,02-29898140,121.4953091,25.07020216
合眾藥局,新北市三重區文化北路102巷39號,02-29897379,121.4972461,25.06597294
禮隆藥局,新北市三重區自強路4段6４號,02-29894735,121.4901302,25.07852945
向上藥局,新北市三重區正義北路191號2樓,02-29883398,121.4963181,25.06806868
開元藥局,新北市三重區正義北路324號2樓,02-29873976,121.4948622,25.07038823
禾華藥局,新北市三重區自強路5段8號1樓,02-29871888,121.4921718,25.08043711
德河藥局,新北市三重區自強路1段320號,02-29869850,121.4909963,25.06852867
匯豐藥局,新北市三重區大榮街50號,02-29862127,121.4990816,25.06363297
松泰藥師藥局,新北市三重區大同北路65號,02-29859593,121.4951545,25.06356637
優達藥局,新北市三重區大智街108號1樓,02-29859159,121.4931899,25.06667477
力健藥局,新北市三重區自強路3段38號,02-29856255,121.4867746,25.07266396
名成藥局,新北市三重區力行路1段182號,02-29847828,121.4819506,25.07160116
德林藥局,新北市三重區中正北路572號,02-29832019,121.4705142,25.07205255
三民藥師藥局,新北市三重區三民街134號,02-29829328,121.482829,25.065031
佑民藥局,新北市三重區頂崁街211號,02-29827022,121.4772853,25.06778276
江村藥局,新北市三重區重新路3段9號1樓,02-29821515,121.4952753,25.06164763
福昌大藥局,新北市三重區溪尾街205號,02-29814337,121.488595,25.08080569
祥順藥局,新北市三重區名源街20號1樓,02-29811571,121.4819466,25.06052845
久洲藥局,新北市三重區長元街51-9號,02-29791679,121.499886,25.06595345
承都藥局,新北市三重區中央南路44號1樓,02-29785989,121.5014413,25.06202142
文慶藥局,新北市三重區泉州街78號,02-29783154,121.4947579,25.05457487
東裕藥局,新北市三重區重新路4段122號,02-29773255,121.4870126,25.05652177
甜心健康生活藥局,新北市三重區福祉里集美街45號1樓,02-29762223,121.4880311,25.05542135
佳仁藥局,新北市三重區大同南路76號,02-29759141,121.4961672,25.05931645
久泰藥局,新北市三重區仁愛街36號,02-29751735,121.4963544,25.07192612
博安藥局,新北市三重區正義南路32號,02-29751590,121.4982257,25.06116966
豐安藥局,新北市三重區三和路2段154巷18號1樓,02-29746701,121.4984399,25.06819523
德慈藥局,新北市三重區重新路3段16號1樓,02-29736693,121.4951251,25.06137745
仁厚藥局,新北市三重區仁賢街34號,02-29736625,121.496516,25.07495808
吉本藥局,新北市三重區大同南路156號,02-29736043,121.4965872,25.05767156
忠信藥局,新北市三重區仁興街32號,02-29730020,121.4990712,25.07552358
義榮藥局,新北市三重區三和路2段142號1樓,02-29727598,121.4995403,25.06825423
鴻成藥局,新北市三重區同安街113號,02-29727025,121.4942653,25.05639902
吳廣隆藥局,新北市三重區長壽西街5-1號,02-29715020,121.498021,25.06765328
建宏藥局,新北市三重區名源街16號,02-29714533,121.4818989,25.0606509
國光藥師藥局,新北市板橋區國光路172號1樓,02-29698217,121.4604916,25.01824649
友虹藥師藥局,新北市板橋區國光路16號,02-29691181,121.4570044,25.01738776
快安藥局,新北市板橋區漢生西路31號1樓,02-29685792,121.4631568,25.01829374
長弘藥局,新北市板橋區龍泉街110號,02-29674640,121.4568208,25.02454227
一誠藥局,新北市板橋區府中路62號,02-29673956,121.456857,25.00964704
華傳綜合大藥局,新北市板橋區大智街40號,02-29670029,121.4550243,25.0151493
柏元藥局,新北市板橋區新生街25號,02-29665768,121.4562163,25.02127502
埔墘藥局,新北市板橋區中山路2段227號,02-29646705,121.4769634,25.01740994
欣祥藥局,新北市中和區民德路74-1號,02-29646442,121.4686894,25.00167662
萬壽藥局,新北市板橋區四川路1段251號,02-29617476,121.4598656,25.002564
文德藥局,新北市板橋區國光路43號B1,02-29603312,121.4576982,25.01783112
翰林藥局,新北市板橋區中正路240號,02-29602748,121.4556571,25.01906129
家家藥局,新北市中和區民德路43號,02-29590964,121.4689823,25.00219047
皇安藥局,新北市板橋區中山路2段241號,02-29590929,121.4772446,25.0175714
天立藥局,新北市中和區莒光路122號,02-29578831,121.4723804,25.00173322
眾安大藥局,新北市板橋區長安街331巷78號,02-29550742,121.4724302,25.01304669
瑞益藥局,新北市土城區廣明街63巷4號,02-29538598,121.4545844,24.99355741
盛宏藥局,新北市中和區華褔街54號,02-29513273,121.5007369,24.99852093
顧藥局,新北市中和區圓通路140號,02-29498215,121.498293,24.99583143
仙正藥局,新北市中和區福美路309號,02-29498215,121.4969182,25.00472376
梓芳大藥局,新北市中和區圓通路278號,02-29498215,121.4917928,24.99075568
建昌大藥局,新北市中和區華新街232巷17號,02-29471537,121.5057241,24.98205688
亮安藥局,新北市中和區宜安路2號,02-29469898,121.5135983,24.99555023
華新藥局,新北市中和區華新街73號,02-29448345,121.5082434,24.98391922
民康藥局,新北市中和區忠孝街122號-1,02-29434163,121.5122009,24.98581002
易安堂藥局,新北市永和區民光街22巷2號,02-29431932,121.515906,24.99569816
信隆大藥局,新北市中和區安樂路6號,02-29426196,121.5117759,24.9916767
慶華藥師藥局,新北市中和區華新街90號1樓,02-29420666,121.5084501,24.98319951
義豐西藥局,新北市中和區景新街383巷4號,02-29420169,121.5128765,24.99035375
劉永安藥局,新北市中和區景安路227號,02-29408588,121.5043033,24.99122653
上元藥局,新北市中和區景平路160號2樓,02-29408050,121.5173524,24.99224301
宏信藥局,新北市中和區永貞路262巷4號,02-29294976,121.5138965,25.00390542
成功藥局,新北市永和區成功路1段133號,02-29293622,121.5269284,25.00170616
友辰藥局,新北市永和區中正路380號1樓,02-29267131,121.5177152,25.00123074
華特健康藥局,新北市永和區永貞路362號1樓,02-29264391,121.5101761,25.0066708
台大藥局,新北市永和區保平路240號1樓,02-29242484,121.509104,25.00542041
仁愛藥局,新北市永和區文化路63號,02-29241687,121.514005,25.01505817
宗茂藥局,新北市永和區自由街35號,02-29241687,121.5140634,25.00623382
仲景藥局,新北市永和區竹林路213巷1號,02-29241687,121.5210287,25.0089271
御生藥局,新北市永和區中山路1段279號1樓,02-29235658,121.5071039,25.00706231
新昇大藥局,新北市永和區永亨路122號,02-29233161,121.5243365,25.00402985
林德興藥局,新北市中和區永貞路242巷9號,02-29228026,121.514125,25.00401212
承德藥局,新北市永和區竹林路113號,02-29216405,121.5199072,25.0117608
永達大藥局,新北市永和區大新街2號,02-29213326,121.5144743,25.00852454
佳民藥局,新北市永和區永貞路238號,02-29201678,121.5147625,25.0039679
維春藥局,新北市新店區民權路32號,02-29185213,121.5408973,24.98302863
禾宜藥局,新北市新店區北新路3段128號1樓,02-29150411,121.5416962,24.9818906
仁淵藥局,新北市新店區北宜路1段77號,02-29128204,121.5386112,24.95635568
活元藥局,新北市新店區民族路49號1樓,02-29125526,121.5403209,24.97854075
南和藥局,新北市新店區中正路58號,02-29124220,121.5443738,24.97014189
大誠藥局,新北市新店區明德里北新路3段41號,02-29113135,121.541833,24.98033396
華特藥局,新北市泰山區明志路1段260號,02-29095662,121.4320894,25.0605246
善耕藥局,新北市泰山區明志路2段362號,02-29086656,121.4256446,25.04515838
北安藥妝健康廣場佳康藥局,新北市新莊區雙鳳路27號1樓,02-29069899,121.416511,25.02702456
紅豆藥局,新北市新莊區龍安路78號1樓,02-29047700,121.4173533,25.02089262
富國藥局,新北市新莊區富國路31號,02-29039334,121.4188948,25.02644814
忠山藥局,新北市新莊區雙鳳路2號,02-29027588,121.4175349,25.02687614
旭生藥局,新北市新莊區裕民街42號1樓,02-29021289,121.4187951,25.02502025
晉成藥局,新北市新莊區中正路700-23號,02-29017469,121.4187029,25.02789239
睿康健保藥局,新北市新莊區龍安路49號1樓,02-29015579,121.4158171,25.02151028
建昌藥局,新北市新莊區中正路557號,02-29015422,121.4283029,25.03232152
三恩藥局,新北市三峽區復興路451號1樓,02-28670737,121.3624558,24.93840995
景安藥局,新北市中和區景德街141號1樓及景平路111巷60弄56號1樓,02-28668215,121.5172631,24.99156484
保成藥局,新北市蘆洲區中華街49號,02-28479802,121.4627181,25.0810732
上全藥局,新北市淡水區民族路36號,02-28098022,121.4613543,25.13621913
竹圍春天生活藥局,新北市淡水區民權路89號1、2樓,02-28082179,121.459943,25.13832138
品康藥局,新北市汐止區湖前街47號1樓,02-26957942,121.6319554,25.07004913
博昱明峰大藥局,新北市汐止區明峰街129號1樓,02-26955758,121.6305182,25.07067308
全家藥局,新北市汐止區明峰街143號1樓,02-26954990,121.6296736,25.070602
巧能藥局,新北市汐止區福德一路209號1樓,02-26942858,121.6350459,25.06540985
湖前中西藥局,新北市汐止區湖前街45號1樓,02-26925850,121.6319809,25.07000379
汐芷藥局,新北市汐止區福德一路255號,02-26924087,121.6334537,25.06446853
江北藥局,新北市汐止區汐萬路1段33號,02-26918870,121.6556839,25.06786274
明川藥師藥局,新北市樹林區三福街1號,02-26894728,121.4092688,25.01689953
惠林藥局,新北市板橋區篤行路3段90號,02-26878651,121.4262465,24.98490662
聖和藥局,新北市樹林區太元街50號,02-26836609,121.4183399,24.97966644
鴻真藥局,新北市樹林區保安街1段20巷6號,02-26828977,121.4276924,24.99363128
新欣藥局,新北市板橋區金門街128號,02-26828061,121.4327689,24.99117134
博生藥師藥局,新北市樹林區文化街34號,02-26825798,121.4189871,24.98819272
耀鴻藥局,新北市樹林區中山路3段76號1樓,02-26808989,121.3935953,24.9723936
正宜藥局,新北市樹林區佳園路1段39號,02-26805678,121.3930731,24.97085659
藥濟藥局,新北市鶯歌區國慶街１50號,02-26783377,121.3509111,24.95328033
林政德西藥局,新北市鶯歌區建國路256號1樓,02-26781412,121.3476674,24.95354031
文瑞藥局,新北市鶯歌區尖山路296號,02-26780589,121.340605,24.94436967
大慶藥局,新北市樹林區鎮前街42-1號,02-26759212,121.4258256,24.99276975
久青藥局,新北市樹林區東華街33號,02-26754326,121.4151017,24.98177198
盛加藥局,新北市三峽區民生街49號1樓,02-26739797,121.3755173,24.93620175
惠慈藥局,新北市三峽區復興路66號,02-26738688,121.3734365,24.93724236
勝全藥局,新北市三峽區大同路27-1號1樓,02-26736186,121.3769969,24.92839958
盛禾藥局,新北市三峽區中山路243號1樓,02-26735999,121.3625536,24.93719158
升威藥局,新北市三峽區文化路23號1樓,02-26731120,121.3730707,24.93585404
恆豐藥局,新北市三峽區信義街24號,02-26711325,121.3708077,24.93553718
進安大藥局,新北市三峽區民生街174號,02-26711125,121.3712627,24.93493008
信東深坑北深藥局,新北市深坑區北深路3段103號1樓,02-26648315,121.6055696,25.0017114
介新大藥局,新北市深坑區文化街94號,02-26648149,121.6172103,25.0019969
福康藥粧藥局,新北市深坑區北深路3段175號1樓,02-26646529,121.6016776,25.00351266
永源藥局,新北市深坑區北深路3段174號1樓,02-26643768,121.602284,25.00354001
怡恩藥局,新北市深坑區埔新街67號,02-26620285,121.6200682,25.00235999
裕和藥局,新北市汐止區宜興街4號1樓,02-26609119,121.621101,25.04125934
幸福藥局,新北市汐止區大同路2段332號1、2樓,02-26490127,121.6564612,25.06694279
向日葵藥局,新北市汐止區大同路2段368號1樓,02-26488877,121.6575835,25.06704969
麒豐藥局,新北市汐止區樟樹一路135巷2號,02-26434737,121.6421149,25.06560426
天祥藥局,新北市汐止區鄉友街31號,02-26433730,121.6685241,25.08137535
秀峰藥局,新北市汐止區秀峰路65號1樓,02-26433066,121.6599173,25.06457917
青苗藥局,新北市汐止區忠孝東路242號1樓,02-26425888,121.6627177,25.06710984
德昌藥局,新北市汐止區中興路4號,02-26423382,121.6374476,25.05919233
春德堂藥局,新北市汐止區新台五路1段220號,02-26422048,121.6561336,25.06310782
永瑞藥局,新北市汐止區汐萬路1段10號,02-26421863,121.6562198,25.06743214
躍獅大同藥局,新北市汐止區新興路7號1樓,02-26418399,121.6564631,25.06493261
必進藥局,新北市汐止區茄苳路33號,02-26416382,121.6654505,25.07092726
汐止中西大藥局,新北市汐止區中正路四號,02-26411746,121.6631594,25.07017205
吉安康健保藥師藥局,新北市汐止區宜興街11號1樓,02-26405881,121.6212721,25.04160271
日昇藥局,新北市三芝區中山路1段54,02-26362131,121.5024483,25.25587576
璉恩藥局,新北市淡水區北新路131、133號,02-26298454,121.4492286,25.17892066
貝比爾藥局,新北市淡水區中山北路1段171號1樓,02-26261577,121.4434248,25.17783872
淡水春天生活藥局,新北市淡水區中山北路1段49號,02-26257059,121.4416367,25.17551859
伯宇藥局,新北市淡水區新春街103號-8,02-26236006,121.440112,25.18229671
尚運藥局,新北市淡水區學府路51巷1弄20號,02-26225149,121.4473108,25.16891761
正明藥局,新北市淡水區長興街42號,02-26224025,121.4442425,25.17148464
昇運藥局,新北市淡水區中山路157-1號,02-26222083,121.4404744,25.17281444
匯民藥局,新北市淡水區中山北路1段101號2樓,02-26202620,121.4423937,25.17646247
寶格麗藥局,新北市八里區華峰一街16號1樓,02-26193008,121.3993381,25.1468729
小蘋果藥局,新北市八里區中山路1段229號,02-26108206,121.4109827,25.15759576
大愛嘉安藥局,新北市八里區中山路2段422號1樓,02-26107790,121.3998531,25.1476006
天康八里藥局,新北市八里區中山路2段367號,02-26101569,121.3988157,25.14700902
狀元葯師藥局,新北市林口區文化二路1段62號1樓-1,02-26096215,121.3654443,25.06825601
存明藥局,新北市林口區中山路91號,02-26035658,121.3897571,25.07868997
長康藥局,新北市林口區中山路166號1樓,02-26012661,121.3901729,25.07894322
宏宇藥局,新北市林口區中正路288號1樓,02-26011878,121.3887115,25.07776164
麗園藥局,新北市林口區東勢里麗園一街6巷1-4號1樓,02-26009405,121.3766058,25.07012159
旺林藥局,新北市林口區文化二路1段228號,02-26000186,121.3697081,25.0724017
仁又堂藥局,新北市金山區信義路17號,02-24982368,121.637324,25.22090807
崇德藥局,新北市瑞芳區明燈路3段39-11號1樓,02-24976051,121.8068048,25.10785126
瑞聯藥局,新北市瑞芳區明燈路3段11號,02-24975852,121.8086144,25.10742591
松南藥局,新北市雙溪區中華路29號,02-24931085,121.8660562,25.03718079
瑞慶藥局,新北市瑞芳區大埔路130號,02-24586386,121.7634994,25.10134115
中正藥局,新北市永和區中正路439號,02-23247318,121.5170952,25.00519237
健康藥師藥局,新北市泰山區明志路2段323號,02-22972121,121.4264302,25.04599962
北安藥妝藥局,新北市泰山區明志路2段61號,02-22967199,121.4291926,25.05260082
千家藥局,新北市泰山區明志路2段199號,02-22962319,121.4275679,25.04912996
立豪藥師藥局,新北市五股區工商路189號1樓,02-22952479,121.4337501,25.08700461
五股聯成藥局,新北市五股區成泰路2段118號,02-22942767,121.4379739,25.08338214
虹元藥局,新北市五股區自強路56號,02-22925067,121.4331031,25.07364522
成泰藥局,新北市五股區成泰路1段143號1樓,02-22924305,121.4353575,25.07307666
泰明藥局,新北市蘆洲區長榮路67號,02-22898655,121.4621958,25.08350867
上群藥師藥局,新北市蘆洲區民族路287號1樓,02-22898275,121.4754919,25.09096117
施藥局,新北市蘆洲區信義路230號,02-22898116,121.478752,25.08586142
華信藥局,新北市蘆洲區民族路154號1樓,02-22898116,121.4795946,25.08611155
群欣藥局,新北市蘆洲區長安街118號2樓,02-22894815,121.460722,25.08172346
華興藥師藥局,新北市蘆洲區中山一路184號1樓,02-22893899,121.4738682,25.08104304
百分百藥局,新北市蘆洲區中山二路48號2樓,02-22890237,121.473914,25.08224867
乙安藥局,新北市蘆洲區長安街179號1樓,02-22888277,121.4606518,25.08157632
松展多利日式連鎖藥粧藥局,新北市蘆洲區民族路161號,02-22882586,121.4793328,25.08816463
家福藥局,新北市三重區仁愛街682號,02-22877692,121.4817424,25.08026398
三興藥局,新北市三重區三和路4段390巷24號,02-22874139,121.4813408,25.07879822
義中藥局,新北市三重區大同北路107號,02-22874139,121.494201,25.06421011
合康健保藥局,新北市三重區三和路4段384號1樓,02-22869999,121.4823746,25.07889758
慈生藥局,新北市三重區車路頭街110號,02-22860619,121.4842286,25.0749549
周興隆藥局,新北市三重區三和路4段181巷48號,02-22860084,121.4835808,25.07935657
和泰藥師藥局,新北市蘆洲區復興路69號1樓,02-22859818,121.4760443,25.08732746
龍安藥局,新北市蘆洲區復興路67號1樓,02-22850310,121.4760049,25.08730847
全佑藥局,新北市蘆洲區三民路11號1樓,02-22833032,121.475695,25.08217065
天士藥局,新北市蘆洲區中正路36號,02-22818227,121.4712665,25.0823679
世全藥局,新北市蘆洲區民生街133號1樓,02-22817386,121.4725348,25.07918076
蘋果藥妝藥局,新北市蘆洲區光華路172號1樓,02-22812162,121.4652248,25.08221558
大政藥局,新北市蘆洲區中山二路75號１樓,02-22811126,121.4733037,25.0819003
欣泰藥局,新北市蘆洲區民族路407號,02-22810177,121.4690425,25.08979205
祥和藥局,新北市三重區三和路4段374號2樓,02-22807522,121.4826595,25.07874479
新莊健業藥局,新北市新莊區昌平街37號1樓至2樓,02-22798088,121.4546574,25.05221316
健業藥妝藥局,新北市新莊區中和街130號1樓,02-22796279,121.4475041,25.04808578
心安藥局,新北市新莊區新泰路193號2樓,02-22779773,121.4472093,25.03797161
陽光連鎖藥局,新北市新莊區中信街40號1樓,02-22774399,121.4497828,25.05089225
永安藥局,新北市新莊區中港路321號2樓,02-22765900,121.452436,25.04492603
仁耀藥局,新北市板橋區板橋大觀路2段19巷93號1樓,02-22755417,121.4590657,25.00961339
旭成藥局,新北市板橋區大觀路2段37巷36號,02-22755327,121.4485217,25.00265756
家泰藥局,新北市土城區青雲路181號1、2樓,02-22749490,121.4593058,24.98284865
小倉藥局,新北市土城區青雲路190號1樓,02-22744257,121.459072,24.98220628
元蒼藥局,新北市土城區學府路1段69號1樓,02-22733868,121.4571222,24.98825444
三豐藥局,新北市土城區永豐路135巷8號,02-22733766,121.4671968,24.98333447
瑞明藥局,新北市板橋區文化路1段17號,02-22728467,121.4577845,25.01023604
志仁藥局,新北市土城區學府路1段102號,02-22727222,121.4559097,24.98790499
凱一藥局,新北市土城區裕民路92巷21弄8號1樓,02-22707679,121.450139,24.98628822
成康藥局,新北市土城區學府路1段188號1樓,02-22706596,121.4532298,24.98613488
健業藥局,新北市土城區中央路2段223-10號,02-22704798,121.4419119,24.97529626
順儷學府藥局,新北市土城區學府路1段144巷2號1樓,02-22701979,121.4549493,24.98728152
振鑫中西藥局,新北市土城區中央路4段210號1樓,02-22686663,121.4157517,24.95741692
頂埔藥局,新北市土城區中央路4段170號,02-22682915,121.4167784,24.95812314
正仁藥局,新北市土城區中央路4段240號,02-22682516,121.4152823,24.95709305
全家健康藥局,新北市土城區中央路4段288號,02-22678143,121.4142609,24.95639334
誠安藥局,新北市土城區中央路4段36號1樓,02-22677737,121.4207001,24.9608811
景紀大藥局,新北市土城區學成路34號,02-22668550,121.4526738,24.98729725
盛安大藥局,新北市土城區中央路1段258號1樓,02-22668525,121.4442037,24.98435578
大眾藥局,新北市土城區明街6巷1號,02-22666057,121.4419917,24.9748628
誠恩藥局,新北市土城區金城路3段137號1樓,02-22665533,121.4681676,24.98818411
崇愛藥局,新北市土城區永豐路17號,02-22665506,121.462601,24.98824943
祥發藥局,新北市土城區青雲路255號,02-22655056,121.4591564,24.98089853
協成藥局,新北市土城區延吉街333號,02-22653212,121.4651543,24.9841136
大欣藥局,新北市土城區裕民路251號,02-22653208,121.4546421,24.9830509
尚安藥師藥局,新北市土城區中央路2段223-3號1樓,02-22647622,121.4419119,24.97529626
城安大藥局,新北市土城區金城路3段40號,02-22646561,121.4655853,24.98639052
裕民藥局,新北市土城區裕民路255-5號1樓,02-22645874,121.4547903,24.98289614
順儷明德藥局,新北市土城區明德路2段139、141號1樓,02-22644779,121.4486981,24.98271152
元崇藥局,新北市土城區金城路3段176-1號2樓,02-22643076,121.4677353,24.98755229
鄭家藥局,新北市土城區清水路127號1樓,02-22640005,121.457902,24.98169628
立康藥局,新北市土城區中央路2段238號2樓,02-22636123,121.4418619,24.97496625
土城金城藥局,新北市土城區裕民路280號1、2樓,02-22631616,121.455422,24.98200628
樂利藥局,新北市土城區裕民路77號1樓,02-22630092,121.4498194,24.98750626
祥安大藥局,新北市土城區立德路42-1號1樓,02-22629707,121.4635654,24.98730145
城康藥局,新北市土城區中央路2段2號1、2樓,02-22628171,121.4429119,24.98090628
大業藥局,新北市土城區青仁路41號1樓,02-22626791,121.4599391,24.9785384
裕生藥局,新北市土城區裕生路4號,02-22624919,121.4483589,24.98779804
博盛健保藥局,新北市土城區立德路66號2樓,02-22622331,121.4639995,24.98682003
順儷金城藥局,新北市土城區金城路3段147號1樓,02-22621590,121.468432,24.9883329
博惠藥局,新北市土城區中央路1段249巷20號,02-22618337,121.4462596,24.98538312
學府實和藥局,新北市土城區學府路1段121號,02-22612111,121.4553203,24.98727146
學安藥師藥局,新北市土城區學府路1段211號1樓,02-22610565,121.4516304,24.98446929
儷生藥局,新北市土城區金城路2段390號1樓,02-22609911,121.4636263,24.98557427
久達藥局,新北市土城區中央路3段47號,02-22606982,121.4390967,24.96976755
惠蒼藥局,新北市土城區中央路2段216號1樓,02-22606812,121.4419119,24.97548626
心中外藥局,新北市土城區中央路2段157號,02-22603023,121.4421126,24.97648612
宏吉藥局,新北市板橋區自由路54號,02-22570407,121.4657951,25.02357774
友祥藥局,新北市板橋區裕民街107號,02-22566497,121.459861,25.0277346
立昇藥局,新北市板橋區新海路72巷8號,02-22564539,121.4623604,25.02196888
義友藥局,新北市板橋區陽明街8號,02-22563455,121.4667411,25.02173428
新埔藥局,新北市板橋區自由路2號,02-22558878,121.4654479,25.02221608
宏周藥局,新北市板橋區文化路2段5號,02-22551438,121.4684662,25.02426212
優良藥局,新北市板橋區莊敬路93號,02-22550251,121.4726824,25.02628176
廣益藥局,新北市板橋區自由路21號,02-22547485,121.4654455,25.02296136
杏泰藥局,新北市板橋區雙十路2段4-7號,02-22511834,121.4772486,25.02552467
福雄藥局,新北市中和區景平路540號,02-22499894,121.5024858,24.99480943
大榮藥局,新北市中山路2段127號,02-22497965,121.4653487,25.01216836
惠民藥局,新北市中和區中興街153號1樓,02-22475303,121.5000239,24.99104749
悅聖藥局,新北市中和區圓通路149號1樓,02-22470133,121.4983526,24.9956688
宏恩藥局,新北市永和區中正路143號,02-22452450,121.5162074,24.99827185
安康藥局,新北市中和區圓通路309號,02-22450837,121.4932419,24.99074332
藥安藥局,新北市中和區廣福路16號1樓,02-22447066,121.5051562,25.00276747
建琳藥局,新北市中和區景安路202-1號,02-22427887,121.5040294,24.99122507
三越藥局,新北市中和區復興路277號1樓,02-22427215,121.5023828,24.99019646
安華藥局,新北市中和區圓通路293-2號2樓,02-22426010,121.494973,24.99249238
田邊藥局,新北市中和區泰和街43號1樓,02-22407725,121.4991094,24.99942241
新雙和藥師藥局,新北市中和區中正路281-8號1樓,02-22404276,121.4948614,24.99370739
上安藥局,新北市永和區仁愛路62號1樓,02-22328565,121.5133829,25.01344018
宏瑞藥局,新北市永和區文化路78號,02-22311663,121.5140848,25.01522784
瑞發藥局,新北市中和區民享街56-1號,02-22235319,121.4739812,25.00240237
欣大藥局,新北市中和區連城路372-3號3樓,02-22217036,121.4817026,24.99543561
國新藥局,新北市中和區員山路146-4號,02-22212322,121.4809931,24.99629115
吉順藥局,新北市新店區安康路2段225號,02-22119587,121.5086387,24.95871125
碧潭大藥局,新北市新店區碧潭路41號1樓,02-22112271,121.5341574,24.95641977
記安大藥局,新北市新莊區天祥街46號1樓,02-22095331,121.4167821,25.02893449
春元藥局,新北市新莊區龍安路278巷2號1樓,02-22085202,121.4221527,25.01918824
招安藥師藥局,新北市新莊區西盛街338號1樓,02-22085138,121.4279616,25.01436404
禾佳藥局,新北市新莊區民安西路154號1樓,02-22080189,121.4260643,25.01641614
鼎極藥局,新北市新莊區民安西路376號-1、-3,02-22073228,121.4275031,25.01061888
八德藥局,新北市新莊區八德街3號2樓,02-22071315,121.4255618,25.02269926
健安藥局,新北市新莊區民安西路209號1樓,02-22070391,121.4260604,25.01470225
立威藥局,新北市新莊區民安西路6號1樓,02-22068690,121.4264449,25.02180602
世鴻藥局,新北市新莊區民安路137巷2弄2號1樓,02-22066722,121.4254102,25.02423284
吉田藥局,新北市新莊區西盛街313號,02-22065185,121.4281333,25.01516344
福營藥局,新北市新莊區富國路107號2樓,02-22059697,121.4234339,25.02506562
躍獅新豐藥局,新北市新莊區豐年街16號1樓,02-22058055,121.4462881,25.03279187
日榮藥局,新北市新莊區龍安路461號1樓,02-22056955,121.4248361,25.01860061
康民藥局,新北市新莊區富國路110號1樓,02-22054439,121.4219851,25.02520235
瑞豐大藥局,新北市新莊區後港一路105號1樓,02-22049932,121.4283307,25.02716609
恩泰藥局,新北市新莊區民安西路265號-1,02-22049650,121.4262434,25.01289299
宏發藥局,新北市新莊區民安西路263號1樓,02-22048303,121.4261811,25.01306516
喜悅藥局,新北市新莊區後港一路55號1樓,02-22047442,121.4261859,25.02650627
紫竹藥師藥局,新北市新莊區龍安路323號1樓,02-22046595,121.4217617,25.01959105
大愛藥師藥局,新北市新莊區後港一路69號1樓,02-22042119,121.4266898,25.02666367
大林藥局,新北市新莊區後港一路31巷1弄1號,02-22040519,121.4251138,25.02640616
羽豐藥局,新北市新莊區新莊路382號1樓,02-22029812,121.449102,25.03355156
森活藥局,新北市新莊區民安路220-1號,02-22027927,121.4259809,25.02259176
真安綜合大藥局,新北市新莊區四維路205號1樓,02-22026188,121.4219227,25.02037486
德翰藥局,新北市新莊區四維路171巷1至3號,02-22025576,121.4226638,25.02147258
凱盛藥局,新北市新莊區西盛街199號,02-22024914,121.4282028,25.01706227
可樂藥局,新北市新莊區建安街45號1樓,02-22023885,121.4287306,25.02553855
海山藥局,新北市新莊區景德路425號,02-22019804,121.4446747,25.0333133
錦安藥局,新北市新莊區民安路201號1樓,02-22011242,121.4262619,25.02245899
新杏藥局,新北市新莊區新泰路99號1樓,02-22011012,121.4490285,25.03496829
雙十健保藥局,新北市板橋區雙十路2段138號2樓,02-82537713,121.4737964,25.02905804
樂心藥局,新北市板橋區中山路2段160號1樓,02-29636339,121.4768732,25.01705536
仁泰藥局,新北市板橋區四川路2段33號1樓,02-89672133,121.4543391,24.99536549
晉麟藥局,新北市板橋區懷德街78巷4號,02-22509069,121.4780476,25.03163614
長欣藥師藥局,新北市板橋區中山路2段505巷36號,02-29585308,121.4820988,25.02245633
谷全藥局,新北市板橋區裕民街49號,02-22561856,121.4613459,25.02850779
擎天藥局,新北市板橋區重慶路235號1樓,02-89525981,121.4631611,25.00089693
汐止健康人生藥局,新北市汐止區忠孝東路269號,02-86421820,121.6633132,25.06808563
建忠藥局,新北市汐止區建成路37巷11號1樓,02-26422101,121.6635275,25.07244647
健康小站藥局,新北市深坑區埔新里北深路2段75號,02-26629568,121.6183585,25.00373462
唱安藥局,新北市瑞芳區魚坑路43號,02-24977838,121.790434,25.10976703
麗安藥局,新北市瑞芳區明燈路3段56號,02-24970823,121.806939,25.10803995
伊達藥局,新北市瑞芳區明燈路3段36號,02-24969654,121.8077104,25.10787649
大埔藥局,新北市瑞芳區大埔路128-3號1樓,02-24587020,121.7620411,25.10095382
瑞芳東亞大藥局,新北市瑞芳區中正路84號,02-24961079,121.8054718,25.10773301
揚明藥局,新北市瑞芳區民族街2號1樓,02-24970925,121.8069356,25.10759883
本平藥局,新北市瑞芳區瑞芳街45號,02-24972167,121.8021457,25.11007427
金美藥局,新北市新店區北新路3段138號1樓,02-29146365,121.5416396,24.9821249
信龍大藥局,新北市新店區安康路2段五十六號,02-22115533,121.5150485,24.96385164
佳泰藥局,新北市新店區建國路224號1樓,02-89193422,121.5378035,24.9813828
玫瑰健保藥局,新北市新店區玫瑰路36號1樓,02-22140036,121.4954045,24.95002967
安和藥局,新北市新店區安和路3段137號1樓,02-86685309,121.5169768,24.98530209
康杏安藥局,新北市永和區保平路60號1樓,02-29298968,121.5110905,25.00691687
博昇藥局,新北市永和區仁愛路22號1樓,02-29267273,121.514771,25.01360678
宸安藥局,新北市永和區得和路385號1樓,02-22328274,121.525101,24.99942531
竹林藥局,新北市永和區竹林路181號2樓,02-89266818,121.5206485,25.00969048
德美藥局,新北市永和區中正路455號1樓,02-29274951,121.5169715,25.00569204
威安藥局,新北市中和區景新街328號1樓,02-29485117,121.5117736,24.99104693
杏安藥局,新北市中和區莊敬路35號1樓,02-22430281,121.5006862,25.00502643
璟福藥局,新北市中和區安平路76號1樓,02-29408669,121.5110397,24.99651825
健鼎藥局,新北市土城區學府路1段117號,02-22633469,121.4554358,24.98734773
學府松藥局,新北市土城區學府路1段38號1、2樓,02-82628665,121.4580272,24.98854426
陽光活力藥局,新北市土城區延和路103號1樓,02-22610590,121.4675423,24.99024037
優嘉藥師連鎖藥局,新北市土城區中央路2段117號1樓,02-82629788,121.4421602,24.97749867
佑安藥局,新北市土城區清水路334號2樓,02-22643960,121.4641405,24.98558047
大家好學成藥局,新北市三峽區大學路87號1樓,02-26747022,121.3758925,24.94170726
大新藥局,新北市三峽區大義路259號1樓,9.22E+08,121.3773983,24.94638519
盛台藥局,新北市三峽區大學路108號1、2樓,02-26722730,121.3749568,24.94380295
悅兒藥局,新北市三峽區學成路329號1樓,02-86741633,121.3770399,24.94491922
有新藥局,新北市三峽區學勤路18號1樓,02-26710769,121.3741564,24.94539925
三峽藥局,新北市三峽區介壽路1段27號1樓,02-26738868,121.375674,24.93321504
益銘藥師藥局,新北市三峽區大德路181號1樓,02-26723662,121.3753233,24.94573157
中園藥局,新北市三峽區弘園街37號1樓,02-26733237,121.3671974,24.92753179
三峽大昌藥局,新北市三峽區民生街56號,02-26711560,121.3751941,24.93637547
前回春藥局,新北市樹林區中山路1段56號,02-26812167,121.4236426,24.99205275
弘昌藥師藥局,新北市樹林區保安街1段65號1樓,02-26871276,121.4232366,24.99491225
琉璃水藥師藥局,新北市樹林區龍興街21號1樓,02-26764262,121.4029847,25.01613604
彰安藥局,新北市樹林區千歲街82號,02-26827341,121.4264369,24.99771613
嘉泰藥師藥局,新北市鶯歌區鶯桃路2段31號1樓,02-26709668,121.3253717,24.97248284
祐兒藥局,新北市鶯歌區南鶯里建國路171號1樓,02-86781907,121.3500346,24.95339499
安泰藥局,新北市三重區正義北路300-3號2樓,02-89815379,121.4953917,25.06966747
上好藥局,新北市三重區力行路2段134號,02-22865622,121.4822269,25.07557297
惠理藥局,新北市三重區重陽路1段152號,02-29856710,121.4866167,25.06110364
馥佑藥局,新北市三重區力行路1段89巷7號,02-89818716,121.4867891,25.06837614
迪化藥局,新北市三重區中華路77號,02-29834445,121.4836105,25.06267099
一安藥局,新北市新莊區新泰路268號,02-29941618,121.4460342,25.04028602
明仁健保藥局,新北市新莊區民安西路195號1樓,02-22085175,121.4260881,25.0153431
洋欣藥局,新北市新莊區中平路277號1樓,02-89927489,121.4446875,25.0501805
一心春天藥局,新北市新莊區中和街13號1樓、地下室,02-89929482,121.4482142,25.04340886
合康藥師藥局,新北市新莊區中平路306號,02-29924496,121.4448094,25.05192619
東京大藥局,新北市新莊區民安路176號1樓,02-22063806,121.4251439,25.02392109
富安藥局,新北市新莊區復興路1段25號-1(2樓),02-22767620,121.4461469,25.04193698
揚明藥師藥局,新北市新莊區中港路154號,02-29921473,121.4551671,25.0413123
蒲陽藥局,新北市新莊區中港路514號1樓,02-29930069,121.4517688,25.05187171
鶴田藥局,新北市新莊區自信街27號1樓,02-22796718,121.4540656,25.04834512
鍵豐藥局,新北市新莊區中和街158號1樓,02-29917452,121.4474464,25.04877868
天給藥局,新北市新莊區幸福路670巷2弄19號1樓,02-29921451,121.4518928,25.0495731
新莊大東藥局,新北市新莊區幸福路806號1樓,02-22766026,121.446045,25.04916713
泰安藥局,新北市泰山區明志路2段62號2樓,02-85313097,121.4290296,25.05269836
台灣藥局,新北市泰山區明志路1段282-286號,02-22971969,121.4319145,25.06002111
紅葉藥局,新北市泰山區楓江路8號2樓,02-22960328,121.4335082,25.06243841
旭晨藥局,新北市泰山區仁愛路90號1樓,02-22970013,121.4330837,25.05529815
喜樂藥師藥局,新北市林口區公園路15號1樓,02-26005566,121.3664687,25.06761675
安康藥局,新北市林口區仁愛路2段60號,02-26030356,121.3845897,25.07570175
家欣藥師藥局,新北市林口區文化二路1段567號1樓,02-26025388,121.3751323,25.07793842
蘆洲陳大藥局,新北市蘆洲區長安街95號,02-22836224,121.4618674,25.08050002
蓁美健康藥局,新北市蘆洲區九芎街90巷21號,02-22827527,121.4647249,25.08116129
常喜藥局,新北市蘆洲區中正路140號,02-82862976,121.4690956,25.0852445
陽光樂活藥局,新北市五股區成泰路2段101-2號1樓,02-22928799,121.4383297,25.08435713
三合藥局,新北市五股區中興路1段75號1樓,02-29846055,121.4674733,25.07266172
百成中西藥師藥局,新北市五股區五福里五福路20號1樓,02-22915531,121.4342813,25.08880867
三好連鎖藥師藥局,新北市五股區西雲路86號1樓,02-22952357,121.4438164,25.09231223
八里藥師藥局,新北市八里區中山路2段226號1樓,02-26101212,121.4051782,25.15150821
日揚藥局,新北市淡水區民族路30巷5號,02-26242059,121.4611863,25.13622814
伯聯藥局,新北市淡水區清水街9-10號1樓,02-26255847,121.4448975,25.17031976
聖元社區藥局,新北市淡水區北新路117-3號1樓,02-26263227,121.4484971,25.17867179
大忠聯合藥局,新北市淡水區大忠街113巷31號1樓,02-26200021,121.4476845,25.17755855
北新藥局,新北市淡水區北新路182巷63號,02-26293205,121.4477479,25.17733119
吉利安健保藥師藥局,新北市淡水區中山北路1段100號1樓,02-26295693,121.4425951,25.17639361
吳光祥藥局,新北市淡水區中山路104號,02-26213020,121.4423705,25.1706855
天文大藥局,新北市淡水區新春街136號,02-86312050,121.4414608,25.18166389
長佑藥局,新北市淡水區新市一路3段36號,02-26202022,121.4457652,25.18281929
護鄰藥局,新北市淡水區油車里淡海路47號,02-77498406,121.4230575,25.17983712
淡水健康人生藥局,新北市淡水區清水街9-2號1樓,02-26269679,121.4448975,25.17031976
優德仕藥局,新北市淡水區中山北路2段167號1樓,02-26236573,121.4441706,25.18438275
淡水聯合藥局,新北市淡水區英專路94號2樓,02-86317699,121.4458699,25.17171233